,geo_id,query,raw_result
0,cities_1,"agoura hills, CA","{'num_results': 1, 'error': None, 'data': {'results': [{'address_components': [{'long_name': 'Agoura Hills', 'short_name': 'Agoura Hills', 'types': ['locality', 'political']}, {'long_name': 'Los Angeles County', 'short_name': 'Los Angeles County', 'types': ['administrative_area_level_2', 'political']}, {'long_name': 'California', 'short_name': 'CA', 'types': ['administrative_area_level_1', 'political']}, {'long_name': 'United States', 'short_name': 'US', 'types': ['country', 'political']}, {'long_name': '91301', 'short_name': '91301', 'types': ['postal_code']}], 'formatted_address': 'Agoura Hills, CA 91301, USA', 'geometry': {'bounds': {'northeast': {'lat': 34.168214, 'lng': -118.719776}, 'southwest': {'lat': 34.125329, 'lng': -118.8004199}}, 'location': {'lat': 34.1533395, 'lng': -118.7616764}, 'location_type': 'APPROXIMATE', 'viewport': {'northeast': {'lat': 34.168214, 'lng': -118.719776}, 'southwest': {'lat': 34.125329, 'lng': -118.8004199}}}, 'place_id': 'ChIJlRyqIx4h6IAR1v3fLa72Dqw', 'types': ['locality', 'political']}], 'status': 'OK'}}"
1,cities_10,"carson, CA","{'num_results': 1, 'error': None, 'data': {'results': [{'address_components': [{'long_name': 'Carson', 'short_name': 'Carson', 'types': ['locality', 'political']}, {'long_name': 'Los Angeles County', 'short_name': 'Los Angeles County', 'types': ['administrative_area_level_2', 'political']}, {'long_name': 'California', 'short_name': 'CA', 'types': ['administrative_area_level_1', 'political']}, {'long_name': 'United States', 'short_name': 'US', 'types': ['country', 'political']}], 'formatted_address': 'Carson, CA, USA', 'geometry': {'bounds': {'northeast': {'lat': 33.8861879, 'lng': -118.205903}, 'southwest': {'lat': 33.792547, 'lng': -118.2888819}}, 'location': {'lat': 33.8316745, 'lng': -118.281693}, 'location_type': 'APPROXIMATE', 'viewport': {'northeast': {'lat': 33.8861879, 'lng': -118.205903}, 'southwest': {'lat': 33.792547, 'lng': -118.2888819}}}, 'place_id': 'ChIJfcS6fx7LwoARZYDiqXgXL6E', 'types': ['locality', 'political']}], 'status': 'OK'}}"
2,cities_100,"camarillo, CA","{'num_results': 1, 'error': None, 'data': {'results': [{'address_components': [{'long_name': 'Camarillo', 'short_name': 'Camarillo', 'types': ['locality', 'political']}, {'long_name': 'Ventura County', 'short_name': 'Ventura County', 'types': ['administrative_area_level_2', 'political']}, {'long_name': 'California', 'short_name': 'CA', 'types': ['administrative_area_level_1', 'political']}, {'long_name': 'United States', 'short_name': 'US', 'types': ['country', 'political']}], 'formatted_address': 'Camarillo, CA, USA', 'geometry': {'bounds': {'northeast': {'lat': 34.2526011, 'lng': -118.9578339}, 'southwest': {'lat': 34.191366, 'lng': -119.109465}}, 'location': {'lat': 34.2163937, 'lng': -119.0376023}, 'location_type': 'APPROXIMATE', 'viewport': {'northeast': {'lat': 34.2526011, 'lng': -118.9578339}, 'southwest': {'lat': 34.191366, 'lng': -119.109465}}}, 'place_id': 'ChIJu5REjxA26IAR52xlig9BWW4', 'types': ['locality', 'political']}], 'status': 'OK'}}"
3,cities_101,"fillmore, CA","{'num_results': 1, 'error': None, 'data': {'results': [{'address_components': [{'long_name': 'Fillmore', 'short_name': 'Fillmore', 'types': ['locality', 'political']}, {'long_name': 'Ventura County', 'short_name': 'Ventura County', 'types': ['administrative_area_level_2', 'political']}, {'long_name': 'California', 'short_name': 'CA', 'types': ['administrative_area_level_1', 'political']}, {'long_name': 'United States', 'short_name': 'US', 'types': ['country', 'political']}, {'long_name': '93015', 'short_name': '93015', 'types': ['postal_code']}], 'formatted_address': 'Fillmore, CA 93015, USA', 'geometry': {'bounds': {'northeast': {'lat': 34.4173339, 'lng': -118.889764}, 'southwest': {'lat': 34.38232, 'lng': -118.9420429}}, 'location': {'lat': 34.3991639, 'lng': -118.918154}, 'location_type': 'APPROXIMATE', 'viewport': {'northeast': {'lat': 34.4173339, 'lng': -118.889764}, 'southwest': {'lat': 34.38232, 'lng': -118.9420429}}}, 'place_id': 'ChIJ4Y_AB3vJ6YARa3-hHmvlV5o', 'types': ['locality', 'political']}], 'status': 'OK'}}"
4,cities_102,"moorpark, CA","{'num_results': 1, 'error': None, 'data': {'results': [{'address_components': [{'long_name': 'Moorpark', 'short_name': 'Moorpark', 'types': ['locality', 'political']}, {'long_name': 'Ventura County', 'short_name': 'Ventura County', 'types': ['administrative_area_level_2', 'political']}, {'long_name': 'California', 'short_name': 'CA', 'types': ['administrative_area_level_1', 'political']}, {'long_name': 'United States', 'short_name': 'US', 'types': ['country', 'political']}, {'long_name': '93021', 'short_name': '93021', 'types': ['postal_code']}], 'formatted_address': 'Moorpark, CA 93021, USA', 'geometry': {'bounds': {'northeast': {'lat': 34.3079099, 'lng': -118.819801}, 'southwest': {'lat': 34.26074699999999, 'lng': -118.920523}}, 'location': {'lat': 34.285558, 'lng': -118.8820414}, 'location_type': 'APPROXIMATE', 'viewport': {'northeast': {'lat': 34.3079099, 'lng': -118.819801}, 'southwest': {'lat': 34.26074699999999, 'lng': -118.920523}}}, 'place_id': 'ChIJ7X5H3AQy6IARI7lFDpnB_7A', 'types': ['locality', 'political']}], 'status': 'OK'}}"
5,cities_103,"ojai, CA","{'num_results': 1, 'error': None, 'data': {'results': [{'address_components': [{'long_name': 'Ojai', 'short_name': 'Ojai', 'types': ['locality', 'political']}, {'long_name': 'Ventura County', 'short_name': 'Ventura County', 'types': ['administrative_area_level_2', 'political']}, {'long_name': 'California', 'short_name': 'CA', 'types': ['administrative_area_level_1', 'political']}, {'long_name': 'United States', 'short_name': 'US', 'types': ['country', 'political']}, {'long_name': '93023', 'short_name': '93023', 'types': ['postal_code']}], 'formatted_address': 'Ojai, CA 93023, USA', 'geometry': {'bounds': {'northeast': {'lat': 34.470662, 'lng': -119.2204801}, 'southwest': {'lat': 34.429244, 'lng': -119.2745691}}, 'location': {'lat': 34.4480495, 'lng': -119.242889}, 'location_type': 'APPROXIMATE', 'viewport': {'northeast': {'lat': 34.470662, 'lng': -119.2204801}, 'southwest': {'lat': 34.429244, 'lng': -119.2745691}}}, 'place_id': 'ChIJe5jVXh646YARXyW-mTcvQWQ', 'types': ['locality', 'political']}], 'status': 'OK'}}"
6,cities_104,"santa paula, CA","{'num_results': 1, 'error': None, 'data': {'results': [{'address_components': [{'long_name': 'Santa Paula', 'short_name': 'Santa Paula', 'types': ['locality', 'political']}, {'long_name': 'Ventura County', 'short_name': 'Ventura County', 'types': ['administrative_area_level_2', 'political']}, {'long_name': 'California', 'short_name': 'CA', 'types': ['administrative_area_level_1', 'political']}, {'long_name': 'United States', 'short_name': 'US', 'types': ['country', 'political']}, {'long_name': '93060', 'short_name': '93060', 'types': ['postal_code']}], 'formatted_address': 'Santa Paula, CA 93060, USA', 'geometry': {'bounds': {'northeast': {'lat': 34.383637, 'lng': -119.0353829}, 'southwest': {'lat': 34.326905, 'lng': -119.0970829}}, 'location': {'lat': 34.3541659, 'lng': -119.0592705}, 'location_type': 'APPROXIMATE', 'viewport': {'northeast': {'lat': 34.383637, 'lng': -119.0353829}, 'southwest': {'lat': 34.326905, 'lng': -119.0970829}}}, 'place_id': 'ChIJm0pej9W16YARIq9ZUPI4O-E', 'types': ['locality', 'political']}], 'status': 'OK'}}"
7,cities_105,"simi valley, CA","{'num_results': 1, 'error': None, 'data': {'results': [{'address_components': [{'long_name': 'Simi Valley', 'short_name': 'Simi Valley', 'types': ['locality', 'political']}, {'long_name': 'Ventura County', 'short_name': 'Ventura County', 'types': ['administrative_area_level_2', 'political']}, {'long_name': 'California', 'short_name': 'CA', 'types': ['administrative_area_level_1', 'political']}, {'long_name': 'United States', 'short_name': 'US', 'types': ['country', 'political']}], 'formatted_address': 'Simi Valley, CA, USA', 'geometry': {'bounds': {'northeast': {'lat': 34.32265, 'lng': -118.632546}, 'southwest': {'lat': 34.208375, 'lng': -118.831115}}, 'location': {'lat': 34.2694474, 'lng': -118.781482}, 'location_type': 'APPROXIMATE', 'viewport': {'northeast': {'lat': 34.32265, 'lng': -118.632546}, 'southwest': {'lat': 34.208375, 'lng': -118.831115}}}, 'place_id': 'ChIJATNWW2wu6IARTUPTlI5Z4PQ', 'types': ['locality', 'political']}], 'status': 'OK'}}"
8,cities_106,"thousand oaks, CA","{'num_results': 1, 'error': None, 'data': {'results': [{'address_components': [{'long_name': 'Thousand Oaks', 'short_name': 'Thousand Oaks', 'types': ['locality', 'political']}, {'long_name': 'Ventura County', 'short_name': 'Ventura County', 'types': ['administrative_area_level_2', 'political']}, {'long_name': 'California', 'short_name': 'CA', 'types': ['administrative_area_level_1', 'political']}, {'long_name': 'United States', 'short_name': 'US', 'types': ['country', 'political']}], 'formatted_address': 'Thousand Oaks, CA, USA', 'geometry': {'bounds': {'northeast': {'lat': 34.250779, 'lng': -118.7764739}, 'southwest': {'lat': 34.1247771, 'lng': -119.0016561}}, 'location': {'lat': 34.1761133, 'lng': -118.8487793}, 'location_type': 'APPROXIMATE', 'viewport': {'northeast': {'lat': 34.250779, 'lng': -118.7764739}, 'southwest': {'lat': 34.1247771, 'lng': -119.0016561}}}, 'navigation_points': [{'location': {'latitude': 34.1694461, 'longitude': -118.8358803}}], 'place_id': 'ChIJkYgocFYl6IARJi7MRwF6Lo0', 'types': ['locality', 'political']}], 'status': 'OK'}}"
9,cities_107,"port hueneme, CA","{'num_results': 1, 'error': None, 'data': {'results': [{'address_components': [{'long_name': 'Port Hueneme', 'short_name': 'Port Hueneme', 'types': ['locality', 'political']}, {'long_name': 'Ventura County', 'short_name': 'Ventura County', 'types': ['administrative_area_level_2', 'political']}, {'long_name': 'California', 'short_name': 'CA', 'types': ['administrative_area_level_1', 'political']}, {'long_name': 'United States', 'short_name': 'US', 'types': ['country', 'political']}], 'formatted_address': 'Port Hueneme, CA, USA', 'geometry': {'bounds': {'northeast': {'lat': 34.1813119, 'lng': -119.186028}, 'southwest': {'lat': 34.137833, 'lng': -119.221454}}, 'location': {'lat': 34.1477829, 'lng': -119.1951074}, 'location_type': 'APPROXIMATE', 'viewport': {'northeast': {'lat': 34.1813119, 'lng': -119.186028}, 'southwest': {'lat': 34.137833, 'lng': -119.221454}}}, 'place_id': 'ChIJKcrafwBL6IARVHqFVcI6M0g', 'types': ['locality', 'political']}], 'status': 'OK'}}"
10,cities_108,"oxnard, CA","{'num_results': 1, 'error': None, 'data': {'results': [{'address_components': [{'long_name': 'Oxnard', 'short_name': 'Oxnard', 'types': ['locality', 'political']}, {'long_name': 'Ventura County', 'short_name': 'Ventura County', 'types': ['administrative_area_level_2', 'political']}, {'long_name': 'California', 'short_name': 'CA', 'types': ['administrative_area_level_1', 'political']}, {'long_name': 'United States', 'short_name': 'US', 'types': ['country', 'political']}], 'formatted_address': 'Oxnard, CA, USA', 'geometry': {'bounds': {'northeast': {'lat': 34.260996, 'lng': -119.1195839}, 'southwest': {'lat': 34.117931, 'lng': -119.335926}}, 'location': {'lat': 34.1976816, 'lng': -119.1774639}, 'location_type': 'APPROXIMATE', 'viewport': {'northeast': {'lat': 34.260996, 'lng': -119.1195839}, 'southwest': {'lat': 34.117931, 'lng': -119.335926}}}, 'place_id': 'ChIJn2clE-ZN6IARRbZe-sBJgFk', 'types': ['locality', 'political']}], 'status': 'OK'}}"
11,cities_109,"san buenaventura, CA","{'num_results': 1, 'error': None, 'data': {'results': [{'address_components': [{'long_name': 'Ventura', 'short_name': 'Ventura', 'types': ['locality', 'political']}, {'long_name': 'Ventura County', 'short_name': 'Ventura County', 'types': ['administrative_area_level_2', 'political']}, {'long_name': 'California', 'short_name': 'CA', 'types': ['administrative_area_level_1', 'political']}, {'long_name': 'United States', 'short_name': 'US', 'types': ['country', 'political']}], 'formatted_address': 'Ventura, CA, USA', 'geometry': {'bounds': {'northeast': {'lat': 34.3714891, 'lng': -119.1452641}, 'southwest': {'lat': 34.233969, 'lng': -119.348771}}, 'location': {'lat': 34.2808409, 'lng': -119.2931259}, 'location_type': 'APPROXIMATE', 'viewport': {'northeast': {'lat': 34.3714891, 'lng': -119.1452641}, 'southwest': {'lat': 34.233969, 'lng': -119.348771}}}, 'place_id': 'ChIJTTmXUBWt6YAR6Op6Nnz17yQ', 'types': ['locality', 'political']}], 'status': 'OK'}}"
12,cities_11,"cerritos, CA","{'num_results': 1, 'error': None, 'data': {'results': [{'address_components': [{'long_name': 'Cerritos', 'short_name': 'Cerritos', 'types': ['locality', 'political']}, {'long_name': 'Los Angeles County', 'short_name': 'Los Angeles County', 'types': ['administrative_area_level_2', 'political']}, {'long_name': 'California', 'short_name': 'CA', 'types': ['administrative_area_level_1', 'political']}, {'long_name': 'United States', 'short_name': 'US', 'types': ['country', 'political']}], 'formatted_address': 'Cerritos, CA, USA', 'geometry': {'bounds': {'northeast': {'lat': 33.8877751, 'lng': -118.028716}, 'southwest': {'lat': 33.845875, 'lng': -118.1085641}}, 'location': {'lat': 33.8659295, 'lng': -118.0638802}, 'location_type': 'APPROXIMATE', 'viewport': {'northeast': {'lat': 33.8877983, 'lng': -118.028716}, 'southwest': {'lat': 33.845875, 'lng': -118.1085641}}}, 'navigation_points': [{'location': {'latitude': 33.8583479, 'longitude': -118.0648134}}], 'place_id': 'ChIJSzhb9wAt3YARAT6T3UiVSQ4', 'types': ['locality', 'political']}], 'status': 'OK'}}"
13,cities_110,"adelanto, CA","{'num_results': 1, 'error': None, 'data': {'results': [{'address_components': [{'long_name': 'Adelanto', 'short_name': 'Adelanto', 'types': ['locality', 'political']}, {'long_name': 'San Bernardino County', 'short_name': 'San Bernardino County', 'types': ['administrative_area_level_2', 'political']}, {'long_name': 'California', 'short_name': 'CA', 'types': ['administrative_area_level_1', 'political']}, {'long_name': 'United States', 'short_name': 'US', 'types': ['country', 'political']}], 'formatted_address': 'Adelanto, CA, USA', 'geometry': {'bounds': {'northeast': {'lat': 34.6605679, 'lng': -117.3344271}, 'southwest': {'lat': 34.5064849, 'lng': -117.507388}}, 'location': {'lat': 34.5827699, 'lng': -117.409215}, 'location_type': 'APPROXIMATE', 'viewport': {'northeast': {'lat': 34.6605679, 'lng': -117.3344271}, 'southwest': {'lat': 34.5064849, 'lng': -117.507388}}}, 'place_id': 'ChIJO52bmEpjw4ARnMKlg5bPvhE', 'types': ['locality', 'political']}], 'status': 'OK'}}"
14,cities_111,"apple valley, CA","{'num_results': 1, 'error': None, 'data': {'results': [{'address_components': [{'long_name': 'Apple Valley', 'short_name': 'Apple Valley', 'types': ['locality', 'political']}, {'long_name': 'San Bernardino County', 'short_name': 'San Bernardino County', 'types': ['administrative_area_level_2', 'political']}, {'long_name': 'California', 'short_name': 'CA', 'types': ['administrative_area_level_1', 'political']}, {'long_name': 'United States', 'short_name': 'US', 'types': ['country', 'political']}], 'formatted_address': 'Apple Valley, CA, USA', 'geometry': {'bounds': {'northeast': {'lat': 34.647437, 'lng': -117.150004}, 'southwest': {'lat': 34.4280229, 'lng': -117.2874131}}, 'location': {'lat': 34.5008311, 'lng': -117.1858759}, 'location_type': 'APPROXIMATE', 'viewport': {'northeast': {'lat': 34.647437, 'lng': -117.150004}, 'southwest': {'lat': 34.4280229, 'lng': -117.2874131}}}, 'place_id': 'ChIJl0Ki0z5hw4ARen1rug7lBSk', 'types': ['locality', 'political']}], 'status': 'OK'}}"
15,cities_112,"barstow, CA","{'num_results': 1, 'error': None, 'data': {'results': [{'address_components': [{'long_name': 'Barstow', 'short_name': 'Barstow', 'types': ['locality', 'political']}, {'long_name': 'San Bernardino County', 'short_name': 'San Bernardino County', 'types': ['administrative_area_level_2', 'political']}, {'long_name': 'California', 'short_name': 'CA', 'types': ['administrative_area_level_1', 'political']}, {'long_name': 'United States', 'short_name': 'US', 'types': ['country', 'political']}], 'formatted_address': 'Barstow, CA, USA', 'geometry': {'bounds': {'northeast': {'lat': 34.918195, 'lng': -116.9090891}, 'southwest': {'lat': 34.8053581, 'lng': -117.15367}}, 'location': {'lat': 34.8957957, 'lng': -117.0172826}, 'location_type': 'APPROXIMATE', 'viewport': {'northeast': {'lat': 34.918195, 'lng': -116.9090891}, 'southwest': {'lat': 34.8053581, 'lng': -117.15367}}}, 'place_id': 'ChIJVZRUTENwxIARd-LvKjMsQRs', 'types': ['locality', 'political']}], 'status': 'OK'}}"
16,cities_113,"big bear lake, CA","{'num_results': 1, 'error': None, 'data': {'results': [{'address_components': [{'long_name': 'Big Bear Lake', 'short_name': 'Big Bear Lake', 'types': ['locality', 'political']}, {'long_name': 'San Bernardino County', 'short_name': 'San Bernardino County', 'types': ['administrative_area_level_2', 'political']}, {'long_name': 'California', 'short_name': 'CA', 'types': ['administrative_area_level_1', 'political']}, {'long_name': 'United States', 'short_name': 'US', 'types': ['country', 'political']}], 'formatted_address': 'Big Bear Lake, CA, USA', 'geometry': {'bounds': {'northeast': {'lat': 34.264819, 'lng': -116.842505}, 'southwest': {'lat': 34.2248401, 'lng': -116.9623}}, 'location': {'lat': 34.2438963, 'lng': -116.9114215}, 'location_type': 'APPROXIMATE', 'viewport': {'northeast': {'lat': 34.264819, 'lng': -116.842505}, 'southwest': {'lat': 34.2248401, 'lng': -116.9623}}}, 'place_id': 'ChIJZYdwAomzxIARv1O7X3ZFbfQ', 'types': ['locality', 'political']}], 'status': 'OK'}}"
17,cities_114,"chino, CA","{'num_results': 1, 'error': None, 'data': {'results': [{'address_components': [{'long_name': 'Chino', 'short_name': 'Chino', 'types': ['locality', 'political']}, {'long_name': 'San Bernardino County', 'short_name': 'San Bernardino County', 'types': ['administrative_area_level_2', 'political']}, {'long_name': 'California', 'short_name': 'CA', 'types': ['administrative_area_level_1', 'political']}, {'long_name': 'United States', 'short_name': 'US', 'types': ['country', 'political']}], 'formatted_address': 'Chino, CA, USA', 'geometry': {'bounds': {'northeast': {'lat': 34.0483599, 'lng': -117.5998021}, 'southwest': {'lat': 33.924343, 'lng': -117.7353439}}, 'location': {'lat': 34.0136813, 'lng': -117.6905621}, 'location_type': 'APPROXIMATE', 'viewport': {'northeast': {'lat': 34.0483599, 'lng': -117.5998021}, 'southwest': {'lat': 33.924343, 'lng': -117.7353439}}}, 'place_id': 'ChIJJ4l8PSkzw4ARhWfdoJje2j8', 'types': ['locality', 'political']}], 'status': 'OK'}}"
18,cities_115,"chino hills, CA","{'num_results': 1, 'error': None, 'data': {'results': [{'address_components': [{'long_name': 'Chino Hills', 'short_name': 'Chino Hills', 'types': ['locality', 'political']}, {'long_name': 'San Bernardino County', 'short_name': 'San Bernardino County', 'types': ['administrative_area_level_2', 'political']}, {'long_name': 'California', 'short_name': 'CA', 'types': ['administrative_area_level_1', 'political']}, {'long_name': 'United States', 'short_name': 'US', 'types': ['country', 'political']}], 'formatted_address': 'Chino Hills, CA, USA', 'geometry': {'bounds': {'northeast': {'lat': 34.0235091, 'lng': -117.6548851}, 'southwest': {'lat': 33.8708899, 'lng': -117.802539}}, 'location': {'lat': 33.9898188, 'lng': -117.7325848}, 'location_type': 'APPROXIMATE', 'viewport': {'northeast': {'lat': 34.0235091, 'lng': -117.6548851}, 'southwest': {'lat': 33.8708899, 'lng': -117.802539}}}, 'place_id': 'ChIJKRLZ1FE2w4ARbgC1lBaCozQ', 'types': ['locality', 'political']}], 'status': 'OK'}}"
19,cities_116,"colton, CA","{'num_results': 1, 'error': None, 'data': {'results': [{'address_components': [{'long_name': 'Colton', 'short_name': 'Colton', 'types': ['locality', 'political']}, {'long_name': 'San Bernardino County', 'short_name': 'San Bernardino County', 'types': ['administrative_area_level_2', 'political']}, {'long_name': 'California', 'short_name': 'CA', 'types': ['administrative_area_level_1', 'political']}, {'long_name': 'United States', 'short_name': 'US', 'types': ['country', 'political']}], 'formatted_address': 'Colton, CA, USA', 'geometry': {'bounds': {'northeast': {'lat': 34.0961131, 'lng': -117.2700659}, 'southwest': {'lat': 34.0182471, 'lng': -117.3716481}}, 'location': {'lat': 34.0739016, 'lng': -117.3136547}, 'location_type': 'APPROXIMATE', 'viewport': {'northeast': {'lat': 34.0961131, 'lng': -117.2700659}, 'southwest': {'lat': 34.0182471, 'lng': -117.3716481}}}, 'place_id': 'ChIJ7Yxx34WmxIARPx7pEHVWSmc', 'types': ['locality', 'political']}], 'status': 'OK'}}"
20,cities_117,"fontana, CA","{'num_results': 1, 'error': None, 'data': {'results': [{'address_components': [{'long_name': 'Fontana', 'short_name': 'Fontana', 'types': ['locality', 'political']}, {'long_name': 'San Bernardino County', 'short_name': 'San Bernardino County', 'types': ['administrative_area_level_2', 'political']}, {'long_name': 'California', 'short_name': 'CA', 'types': ['administrative_area_level_1', 'political']}, {'long_name': 'United States', 'short_name': 'US', 'types': ['country', 'political']}], 'formatted_address': 'Fontana, CA, USA', 'geometry': {'bounds': {'northeast': {'lat': 34.185918, 'lng': -117.4014629}, 'southwest': {'lat': 34.033454, 'lng': -117.524313}}, 'location': {'lat': 34.0922335, 'lng': -117.435048}, 'location_type': 'APPROXIMATE', 'viewport': {'northeast': {'lat': 34.185918, 'lng': -117.4014629}, 'southwest': {'lat': 34.033454, 'lng': -117.524313}}}, 'place_id': 'ChIJwwlEIo9Lw4ARm1QpGMHzy3g', 'types': ['locality', 'political']}], 'status': 'OK'}}"
21,cities_118,"grand terrace, CA","{'num_results': 1, 'error': None, 'data': {'results': [{'address_components': [{'long_name': 'Grand Terrace', 'short_name': 'Grand Terrace', 'types': ['locality', 'political']}, {'long_name': 'San Bernardino County', 'short_name': 'San Bernardino County', 'types': ['administrative_area_level_2', 'political']}, {'long_name': 'California', 'short_name': 'CA', 'types': ['administrative_area_level_1', 'political']}, {'long_name': 'United States', 'short_name': 'US', 'types': ['country', 'political']}], 'formatted_address': 'Grand Terrace, CA, USA', 'geometry': {'bounds': {'northeast': {'lat': 34.045226, 'lng': -117.29085}, 'southwest': {'lat': 34.018252, 'lng': -117.337527}}, 'location': {'lat': 34.0339031, 'lng': -117.3136544}, 'location_type': 'APPROXIMATE', 'viewport': {'northeast': {'lat': 34.045226, 'lng': -117.29085}, 'southwest': {'lat': 34.018252, 'lng': -117.337527}}}, 'place_id': 'ChIJP-LlAAis3IARnBKELHFdaOg', 'types': ['locality', 'political']}], 'status': 'OK'}}"
22,cities_119,"hesperia, CA","{'num_results': 1, 'error': None, 'data': {'results': [{'address_components': [{'long_name': 'Hesperia', 'short_name': 'Hesperia', 'types': ['locality', 'political']}, {'long_name': 'San Bernardino County', 'short_name': 'San Bernardino County', 'types': ['administrative_area_level_2', 'political']}, {'long_name': 'California', 'short_name': 'CA', 'types': ['administrative_area_level_1', 'political']}, {'long_name': 'United States', 'short_name': 'US', 'types': ['country', 'political']}], 'formatted_address': 'Hesperia, CA, USA', 'geometry': {'bounds': {'northeast': {'lat': 34.4713589, 'lng': -117.2377501}, 'southwest': {'lat': 34.3035739, 'lng': -117.4407089}}, 'location': {'lat': 34.4237122, 'lng': -117.315605}, 'location_type': 'APPROXIMATE', 'viewport': {'northeast': {'lat': 34.4713589, 'lng': -117.2377501}, 'southwest': {'lat': 34.3035739, 'lng': -117.4407089}}}, 'place_id': 'ChIJfxBHww5dw4ARIDpY-VrjAwc', 'types': ['locality', 'political']}], 'status': 'OK'}}"
23,cities_12,"claremont, CA","{'num_results': 1, 'error': None, 'data': {'results': [{'address_components': [{'long_name': 'Claremont', 'short_name': 'Claremont', 'types': ['locality', 'political']}, {'long_name': 'Los Angeles County', 'short_name': 'Los Angeles County', 'types': ['administrative_area_level_2', 'political']}, {'long_name': 'California', 'short_name': 'CA', 'types': ['administrative_area_level_1', 'political']}, {'long_name': 'United States', 'short_name': 'US', 'types': ['country', 'political']}], 'formatted_address': 'Claremont, CA, USA', 'geometry': {'bounds': {'northeast': {'lat': 34.165396, 'lng': -117.6777059}, 'southwest': {'lat': 34.079477, 'lng': -117.7507929}}, 'location': {'lat': 34.0966764, 'lng': -117.7197785}, 'location_type': 'APPROXIMATE', 'viewport': {'northeast': {'lat': 34.165396, 'lng': -117.6777059}, 'southwest': {'lat': 34.079477, 'lng': -117.7507929}}}, 'place_id': 'ChIJX_ane5Q6w4ARTTe8KondetU', 'types': ['locality', 'political']}], 'status': 'OK'}}"
24,cities_120,"highland, CA","{'num_results': 1, 'error': None, 'data': {'results': [{'address_components': [{'long_name': 'Highland', 'short_name': 'Highland', 'types': ['locality', 'political']}, {'long_name': 'San Bernardino County', 'short_name': 'San Bernardino County', 'types': ['administrative_area_level_2', 'political']}, {'long_name': 'California', 'short_name': 'CA', 'types': ['administrative_area_level_1', 'political']}, {'long_name': 'United States', 'short_name': 'US', 'types': ['country', 'political']}], 'formatted_address': 'Highland, CA, USA', 'geometry': {'bounds': {'northeast': {'lat': 34.1423, 'lng': -117.060211}, 'southwest': {'lat': 34.07680089999999, 'lng': -117.261057}}, 'location': {'lat': 34.1211873, 'lng': -117.2015791}, 'location_type': 'APPROXIMATE', 'viewport': {'northeast': {'lat': 34.1423, 'lng': -117.060211}, 'southwest': {'lat': 34.07680089999999, 'lng': -117.261057}}}, 'place_id': 'ChIJB-BI9J5M24ARDYYeQ0Bv1NY', 'types': ['locality', 'political']}], 'status': 'OK'}}"
25,cities_121,"loma linda, CA","{'num_results': 1, 'error': None, 'data': {'results': [{'address_components': [{'long_name': 'Loma Linda', 'short_name': 'Loma Linda', 'types': ['locality', 'political']}, {'long_name': 'San Bernardino County', 'short_name': 'San Bernardino County', 'types': ['administrative_area_level_2', 'political']}, {'long_name': 'California', 'short_name': 'CA', 'types': ['administrative_area_level_1', 'political']}, {'long_name': 'United States', 'short_name': 'US', 'types': ['country', 'political']}], 'formatted_address': 'Loma Linda, CA, USA', 'geometry': {'bounds': {'northeast': {'lat': 34.075944, 'lng': -117.219255}, 'southwest': {'lat': 34.0179661, 'lng': -117.27804}}, 'location': {'lat': 34.0483474, 'lng': -117.2611527}, 'location_type': 'APPROXIMATE', 'viewport': {'northeast': {'lat': 34.075944, 'lng': -117.219255}, 'southwest': {'lat': 34.0179661, 'lng': -117.27804}}}, 'place_id': 'ChIJc01uIJKr3IARhbLTjqxRH80', 'types': ['locality', 'political']}], 'status': 'OK'}}"
26,cities_122,"montclair, CA","{'num_results': 1, 'error': None, 'data': {'results': [{'address_components': [{'long_name': 'Montclair', 'short_name': 'Montclair', 'types': ['locality', 'political']}, {'long_name': 'San Bernardino County', 'short_name': 'San Bernardino County', 'types': ['administrative_area_level_2', 'political']}, {'long_name': 'California', 'short_name': 'CA', 'types': ['administrative_area_level_1', 'political']}, {'long_name': 'United States', 'short_name': 'US', 'types': ['country', 'political']}], 'formatted_address': 'Montclair, CA, USA', 'geometry': {'bounds': {'northeast': {'lat': 34.0967441, 'lng': -117.680811}, 'southwest': {'lat': 34.046672, 'lng': -117.7206981}}, 'location': {'lat': 34.0775104, 'lng': -117.6897776}, 'location_type': 'APPROXIMATE', 'viewport': {'northeast': {'lat': 34.0967441, 'lng': -117.680811}, 'southwest': {'lat': 34.046672, 'lng': -117.7206981}}}, 'navigation_points': [{'location': {'latitude': 34.0775379, 'longitude': -117.689778}}], 'place_id': 'ChIJ8RlonC4yw4AR2_SOX9D1JH4', 'types': ['locality', 'political']}], 'status': 'OK'}}"
27,cities_123,"needles, CA","{'num_results': 1, 'error': None, 'data': {'results': [{'address_components': [{'long_name': 'Needles', 'short_name': 'Needles', 'types': ['locality', 'political']}, {'long_name': 'San Bernardino County', 'short_name': 'San Bernardino County', 'types': ['administrative_area_level_2', 'political']}, {'long_name': 'California', 'short_name': 'CA', 'types': ['administrative_area_level_1', 'political']}, {'long_name': 'United States', 'short_name': 'US', 'types': ['country', 'political']}, {'long_name': '92363', 'short_name': '92363', 'types': ['postal_code']}], 'formatted_address': 'Needles, CA 92363, USA', 'geometry': {'bounds': {'northeast': {'lat': 34.9243311, 'lng': -114.5615421}, 'southwest': {'lat': 34.749265, 'lng': -114.662302}}, 'location': {'lat': 34.8480597, 'lng': -114.6141315}, 'location_type': 'APPROXIMATE', 'viewport': {'northeast': {'lat': 34.9243311, 'lng': -114.5615421}, 'southwest': {'lat': 34.749265, 'lng': -114.662302}}}, 'place_id': 'ChIJM4o14XIjzoAR85QN4ReoXyA', 'types': ['locality', 'political']}], 'status': 'OK'}}"
28,cities_124,"ontario, CA","{'num_results': 1, 'error': None, 'data': {'results': [{'address_components': [{'long_name': 'Ontario', 'short_name': 'Ontario', 'types': ['locality', 'political']}, {'long_name': 'San Bernardino County', 'short_name': 'San Bernardino County', 'types': ['administrative_area_level_2', 'political']}, {'long_name': 'California', 'short_name': 'CA', 'types': ['administrative_area_level_1', 'political']}, {'long_name': 'United States', 'short_name': 'US', 'types': ['country', 'political']}], 'formatted_address': 'Ontario, CA, USA', 'geometry': {'bounds': {'northeast': {'lat': 34.0932239, 'lng': -117.5240011}, 'southwest': {'lat': 33.975312, 'lng': -117.6829471}}, 'location': {'lat': 34.0645932, 'lng': -117.6483422}, 'location_type': 'APPROXIMATE', 'viewport': {'northeast': {'lat': 34.0932239, 'lng': -117.5240011}, 'southwest': {'lat': 33.975312, 'lng': -117.6829471}}}, 'place_id': 'ChIJe2Ld6ts0w4ARkDFY-VrjAwc', 'types': ['locality', 'political']}], 'status': 'OK'}}"
29,cities_125,"rancho cucamonga, CA","{'num_results': 1, 'error': None, 'data': {'results': [{'address_components': [{'long_name': 'Rancho Cucamonga', 'short_name': 'Rancho Cucamonga', 'types': ['locality', 'political']}, {'long_name': 'San Bernardino County', 'short_name': 'San Bernardino County', 'types': ['administrative_area_level_2', 'political']}, {'long_name': 'California', 'short_name': 'CA', 'types': ['administrative_area_level_1', 'political']}, {'long_name': 'United States', 'short_name': 'US', 'types': ['country', 'political']}], 'formatted_address': 'Rancho Cucamonga, CA, USA', 'geometry': {'bounds': {'northeast': {'lat': 34.1795659, 'lng': -117.478673}, 'southwest': {'lat': 34.07718, 'lng': -117.6378121}}, 'location': {'lat': 34.10639889999999, 'lng': -117.5931084}, 'location_type': 'APPROXIMATE', 'viewport': {'northeast': {'lat': 34.1795659, 'lng': -117.478673}, 'southwest': {'lat': 34.07718, 'lng': -117.6378121}}}, 'place_id': 'ChIJkScROPlbw4ARS_Pygq16aq0', 'types': ['locality', 'political']}], 'status': 'OK'}}"
30,cities_126,"redlands, CA","{'num_results': 1, 'error': None, 'data': {'results': [{'address_components': [{'long_name': 'Redlands', 'short_name': 'Redlands', 'types': ['locality', 'political']}, {'long_name': 'San Bernardino County', 'short_name': 'San Bernardino County', 'types': ['administrative_area_level_2', 'political']}, {'long_name': 'California', 'short_name': 'CA', 'types': ['administrative_area_level_1', 'political']}, {'long_name': 'United States', 'short_name': 'US', 'types': ['country', 'political']}], 'formatted_address': 'Redlands, CA, USA', 'geometry': {'bounds': {'northeast': {'lat': 34.1026311, 'lng': -117.0524051}, 'southwest': {'lat': 34.0034839, 'lng': -117.2490401}}, 'location': {'lat': 34.0555693, 'lng': -117.1825381}, 'location_type': 'APPROXIMATE', 'viewport': {'northeast': {'lat': 34.1026311, 'lng': -117.0524051}, 'southwest': {'lat': 34.0034839, 'lng': -117.2490401}}}, 'place_id': 'ChIJQ7GWQcZT24ARZ7rbO8rp2XU', 'types': ['locality', 'political']}], 'status': 'OK'}}"
31,cities_127,"rialto, CA","{'num_results': 1, 'error': None, 'data': {'results': [{'address_components': [{'long_name': 'Rialto', 'short_name': 'Rialto', 'types': ['locality', 'political']}, {'long_name': 'San Bernardino County', 'short_name': 'San Bernardino County', 'types': ['administrative_area_level_2', 'political']}, {'long_name': 'California', 'short_name': 'CA', 'types': ['administrative_area_level_1', 'political']}, {'long_name': 'United States', 'short_name': 'US', 'types': ['country', 'political']}], 'formatted_address': 'Rialto, CA, USA', 'geometry': {'bounds': {'northeast': {'lat': 34.187257, 'lng': -117.341099}, 'southwest': {'lat': 34.024555, 'lng': -117.436711}}, 'location': {'lat': 34.1064001, 'lng': -117.3703235}, 'location_type': 'APPROXIMATE', 'viewport': {'northeast': {'lat': 34.187257, 'lng': -117.341099}, 'southwest': {'lat': 34.024555, 'lng': -117.436711}}}, 'place_id': 'ChIJGddGpQ1Nw4ARoFqQJoSZD4g', 'types': ['locality', 'political']}], 'status': 'OK'}}"
32,cities_128,"san bernardino, CA","{'num_results': 1, 'error': None, 'data': {'results': [{'address_components': [{'long_name': 'San Bernardino', 'short_name': 'San Bernardino', 'types': ['locality', 'political']}, {'long_name': 'San Bernardino County', 'short_name': 'San Bernardino County', 'types': ['administrative_area_level_2', 'political']}, {'long_name': 'California', 'short_name': 'CA', 'types': ['administrative_area_level_1', 'political']}, {'long_name': 'United States', 'short_name': 'US', 'types': ['country', 'political']}], 'formatted_address': 'San Bernardino, CA, USA', 'geometry': {'bounds': {'northeast': {'lat': 34.2425741, 'lng': -117.1650681}, 'southwest': {'lat': 34.050505, 'lng': -117.443116}}, 'location': {'lat': 34.1045589, 'lng': -117.291869}, 'location_type': 'APPROXIMATE', 'viewport': {'northeast': {'lat': 34.2425741, 'lng': -117.1650681}, 'southwest': {'lat': 34.050505, 'lng': -117.443116}}}, 'place_id': 'ChIJ87j94n1Tw4ARjcKHjHjGZyg', 'types': ['locality', 'political']}], 'status': 'OK'}}"
33,cities_129,"twentynine palms, CA","{'num_results': 1, 'error': None, 'data': {'results': [{'address_components': [{'long_name': 'Twentynine Palms', 'short_name': 'Twentynine Palms', 'types': ['locality', 'political']}, {'long_name': 'San Bernardino County', 'short_name': 'San Bernardino County', 'types': ['administrative_area_level_2', 'political']}, {'long_name': 'California', 'short_name': 'CA', 'types': ['administrative_area_level_1', 'political']}, {'long_name': 'United States', 'short_name': 'US', 'types': ['country', 'political']}, {'long_name': '92277', 'short_name': '92277', 'types': ['postal_code']}], 'formatted_address': 'Twentynine Palms, CA 92277, USA', 'geometry': {'bounds': {'northeast': {'lat': 34.2518501, 'lng': -115.974274}, 'southwest': {'lat': 34.077862, 'lng': -116.194626}}, 'location': {'lat': 34.1355582, 'lng': -116.0541689}, 'location_type': 'APPROXIMATE', 'viewport': {'northeast': {'lat': 34.2518501, 'lng': -115.974274}, 'southwest': {'lat': 34.077862, 'lng': -116.194626}}}, 'place_id': 'ChIJz35ewibH2oAR_KNjyULrN-w', 'types': ['locality', 'political']}], 'status': 'OK'}}"
34,cities_13,"commerce, CA","{'num_results': 1, 'error': None, 'data': {'results': [{'address_components': [{'long_name': 'Commerce', 'short_name': 'Commerce', 'types': ['locality', 'political']}, {'long_name': 'Los Angeles County', 'short_name': 'Los Angeles County', 'types': ['administrative_area_level_2', 'political']}, {'long_name': 'California', 'short_name': 'CA', 'types': ['administrative_area_level_1', 'political']}, {'long_name': 'United States', 'short_name': 'US', 'types': ['country', 'political']}], 'formatted_address': 'Commerce, CA, USA', 'geometry': {'bounds': {'northeast': {'lat': 34.0196299, 'lng': -118.121284}, 'southwest': {'lat': 33.970965, 'lng': -118.193474}}, 'location': {'lat': 34.0005691, 'lng': -118.1597929}, 'location_type': 'APPROXIMATE', 'viewport': {'northeast': {'lat': 34.0196299, 'lng': -118.121284}, 'southwest': {'lat': 33.970965, 'lng': -118.193474}}}, 'place_id': 'ChIJJzP0XFjOwoARIDWu3A-zJwc', 'types': ['locality', 'political']}], 'status': 'OK'}}"
35,cities_130,"upland, CA","{'num_results': 1, 'error': None, 'data': {'results': [{'address_components': [{'long_name': 'Upland', 'short_name': 'Upland', 'types': ['locality', 'political']}, {'long_name': 'San Bernardino County', 'short_name': 'San Bernardino County', 'types': ['administrative_area_level_2', 'political']}, {'long_name': 'California', 'short_name': 'CA', 'types': ['administrative_area_level_1', 'political']}, {'long_name': 'United States', 'short_name': 'US', 'types': ['country', 'political']}], 'formatted_address': 'Upland, CA, USA', 'geometry': {'bounds': {'northeast': {'lat': 34.1523231, 'lng': -117.620054}, 'southwest': {'lat': 34.087012, 'lng': -117.704356}}, 'location': {'lat': 34.09751, 'lng': -117.6483876}, 'location_type': 'APPROXIMATE', 'viewport': {'northeast': {'lat': 34.1523231, 'lng': -117.620054}, 'southwest': {'lat': 34.087012, 'lng': -117.704356}}}, 'navigation_points': [{'location': {'latitude': 34.0997164, 'longitude': -117.6488959}}], 'place_id': 'ChIJzRiDRSMxw4ARF_BxDdhqqZg', 'types': ['locality', 'political']}], 'status': 'OK'}}"
36,cities_131,"victorville, CA","{'num_results': 1, 'error': None, 'data': {'results': [{'address_components': [{'long_name': 'Victorville', 'short_name': 'Victorville', 'types': ['locality', 'political']}, {'long_name': 'San Bernardino County', 'short_name': 'San Bernardino County', 'types': ['administrative_area_level_2', 'political']}, {'long_name': 'California', 'short_name': 'CA', 'types': ['administrative_area_level_1', 'political']}, {'long_name': 'United States', 'short_name': 'US', 'types': ['country', 'political']}], 'formatted_address': 'Victorville, CA, USA', 'geometry': {'bounds': {'northeast': {'lat': 34.645491, 'lng': -117.253512}, 'southwest': {'lat': 34.435586, 'lng': -117.468734}}, 'location': {'lat': 34.5362184, 'lng': -117.2927641}, 'location_type': 'APPROXIMATE', 'viewport': {'northeast': {'lat': 34.645491, 'lng': -117.253512}, 'southwest': {'lat': 34.435586, 'lng': -117.468734}}}, 'place_id': 'ChIJedLdY1pkw4ARdjT0JVkRlQ0', 'types': ['locality', 'political']}], 'status': 'OK'}}"
37,cities_132,"yucaipa, CA","{'num_results': 1, 'error': None, 'data': {'results': [{'address_components': [{'long_name': 'Yucaipa', 'short_name': 'Yucaipa', 'types': ['locality', 'political']}, {'long_name': 'San Bernardino County', 'short_name': 'San Bernardino County', 'types': ['administrative_area_level_2', 'political']}, {'long_name': 'California', 'short_name': 'CA', 'types': ['administrative_area_level_1', 'political']}, {'long_name': 'United States', 'short_name': 'US', 'types': ['country', 'political']}], 'formatted_address': 'Yucaipa, CA, USA', 'geometry': {'bounds': {'northeast': {'lat': 34.0775091, 'lng': -116.9628609}, 'southwest': {'lat': 34.00382, 'lng': -117.1262319}}, 'location': {'lat': 34.033625, 'lng': -117.0430865}, 'location_type': 'APPROXIMATE', 'viewport': {'northeast': {'lat': 34.0775091, 'lng': -116.9628609}, 'southwest': {'lat': 34.00382, 'lng': -117.1262319}}}, 'place_id': 'ChIJP7oo1BxR24AR_qisu9QeKXo', 'types': ['locality', 'political']}], 'status': 'OK'}}"
38,cities_133,"yucca valley, CA","{'num_results': 1, 'error': None, 'data': {'results': [{'address_components': [{'long_name': 'Yucca Valley', 'short_name': 'Yucca Valley', 'types': ['locality', 'political']}, {'long_name': 'San Bernardino County', 'short_name': 'San Bernardino County', 'types': ['administrative_area_level_2', 'political']}, {'long_name': 'California', 'short_name': 'CA', 'types': ['administrative_area_level_1', 'political']}, {'long_name': 'United States', 'short_name': 'US', 'types': ['country', 'political']}, {'long_name': '92284', 'short_name': '92284', 'types': ['postal_code']}], 'formatted_address': 'Yucca Valley, CA 92284, USA', 'geometry': {'bounds': {'northeast': {'lat': 34.1935009, 'lng': -116.3520491}, 'southwest': {'lat': 34.0758599, 'lng': -116.4928001}}, 'location': {'lat': 34.1141743, 'lng': -116.432235}, 'location_type': 'APPROXIMATE', 'viewport': {'northeast': {'lat': 34.1935009, 'lng': -116.3520491}, 'southwest': {'lat': 34.0758599, 'lng': -116.4928001}}}, 'place_id': 'ChIJGytMIY0n24ARxAeAypzOtGw', 'types': ['locality', 'political']}], 'status': 'OK'}}"
39,cities_134,"banning, CA","{'num_results': 1, 'error': None, 'data': {'results': [{'address_components': [{'long_name': 'Banning', 'short_name': 'Banning', 'types': ['locality', 'political']}, {'long_name': 'Riverside County', 'short_name': 'Riverside County', 'types': ['administrative_area_level_2', 'political']}, {'long_name': 'California', 'short_name': 'CA', 'types': ['administrative_area_level_1', 'political']}, {'long_name': 'United States', 'short_name': 'US', 'types': ['country', 'political']}], 'formatted_address': 'Banning, CA, USA', 'geometry': {'bounds': {'northeast': {'lat': 34.0340131, 'lng': -116.8244639}, 'southwest': {'lat': 33.903442, 'lng': -116.947006}}, 'location': {'lat': 33.9255713, 'lng': -116.8764103}, 'location_type': 'APPROXIMATE', 'viewport': {'northeast': {'lat': 34.0340131, 'lng': -116.8244639}, 'southwest': {'lat': 33.903442, 'lng': -116.947006}}}, 'place_id': 'ChIJxf-hqG1B24ARClmqiPYbHUc', 'types': ['locality', 'political']}], 'status': 'OK'}}"
40,cities_135,"beaumont, CA","{'num_results': 1, 'error': None, 'data': {'results': [{'address_components': [{'long_name': 'Beaumont', 'short_name': 'Beaumont', 'types': ['locality', 'political']}, {'long_name': 'Riverside County', 'short_name': 'Riverside County', 'types': ['administrative_area_level_2', 'political']}, {'long_name': 'California', 'short_name': 'CA', 'types': ['administrative_area_level_1', 'political']}, {'long_name': 'United States', 'short_name': 'US', 'types': ['country', 'political']}], 'formatted_address': 'Beaumont, CA, USA', 'geometry': {'bounds': {'northeast': {'lat': 33.9687381, 'lng': -116.911644}, 'southwest': {'lat': 33.831022, 'lng': -117.071477}}, 'location': {'lat': 33.9294606, 'lng': -116.977248}, 'location_type': 'APPROXIMATE', 'viewport': {'northeast': {'lat': 33.9687381, 'lng': -116.911644}, 'southwest': {'lat': 33.831022, 'lng': -117.071477}}}, 'place_id': 'ChIJb-EVG65E24ARyxp9OMqnDCM', 'types': ['locality', 'political']}], 'status': 'OK'}}"
41,cities_136,"blythe, CA","{'num_results': 1, 'error': None, 'data': {'results': [{'address_components': [{'long_name': 'Blythe', 'short_name': 'Blythe', 'types': ['locality', 'political']}, {'long_name': 'Riverside County', 'short_name': 'Riverside County', 'types': ['administrative_area_level_2', 'political']}, {'long_name': 'California', 'short_name': 'CA', 'types': ['administrative_area_level_1', 'political']}, {'long_name': 'United States', 'short_name': 'US', 'types': ['country', 'political']}], 'formatted_address': 'Blythe, CA, USA', 'geometry': {'bounds': {'northeast': {'lat': 33.68932, 'lng': -114.514057}, 'southwest': {'lat': 33.5474089, 'lng': -114.938122}}, 'location': {'lat': 33.6177725, 'lng': -114.5882607}, 'location_type': 'APPROXIMATE', 'viewport': {'northeast': {'lat': 33.68932, 'lng': -114.514057}, 'southwest': {'lat': 33.5474089, 'lng': -114.938122}}}, 'place_id': 'ChIJ5xLRa0Mh0YARriWyWuzCaiw', 'types': ['locality', 'political']}], 'status': 'OK'}}"
42,cities_137,"calimesa, CA","{'num_results': 1, 'error': None, 'data': {'results': [{'address_components': [{'long_name': 'Calimesa', 'short_name': 'Calimesa', 'types': ['locality', 'political']}, {'long_name': 'Riverside County', 'short_name': 'Riverside County', 'types': ['administrative_area_level_2', 'political']}, {'long_name': 'California', 'short_name': 'CA', 'types': ['administrative_area_level_1', 'political']}, {'long_name': 'United States', 'short_name': 'US', 'types': ['country', 'political']}], 'formatted_address': 'Calimesa, CA, USA', 'geometry': {'bounds': {'northeast': {'lat': 34.004881, 'lng': -116.9893181}, 'southwest': {'lat': 33.953742, 'lng': -117.1298501}}, 'location': {'lat': 34.0039039, 'lng': -117.0619755}, 'location_type': 'APPROXIMATE', 'viewport': {'northeast': {'lat': 34.004881, 'lng': -116.9893181}, 'southwest': {'lat': 33.953742, 'lng': -117.1298501}}}, 'place_id': 'ChIJIR9NO5tQ24ARDnPvCrD47Rk', 'types': ['locality', 'political']}], 'status': 'OK'}}"
43,cities_138,"canyon lake, CA","{'num_results': 1, 'error': None, 'data': {'results': [{'address_components': [{'long_name': 'Canyon Lake', 'short_name': 'Canyon Lake', 'types': ['locality', 'political']}, {'long_name': 'Riverside County', 'short_name': 'Riverside County', 'types': ['administrative_area_level_2', 'political']}, {'long_name': 'California', 'short_name': 'CA', 'types': ['administrative_area_level_1', 'political']}, {'long_name': 'United States', 'short_name': 'US', 'types': ['country', 'political']}, {'long_name': '92587', 'short_name': '92587', 'types': ['postal_code']}], 'formatted_address': 'Canyon Lake, CA 92587, USA', 'geometry': {'bounds': {'northeast': {'lat': 33.71387199999999, 'lng': -117.234935}, 'southwest': {'lat': 33.670339, 'lng': -117.2840189}}, 'location': {'lat': 33.6850215, 'lng': -117.2730931}, 'location_type': 'APPROXIMATE', 'viewport': {'northeast': {'lat': 33.71387199999999, 'lng': -117.234935}, 'southwest': {'lat': 33.670339, 'lng': -117.2840189}}}, 'place_id': 'ChIJ33N08xyc3IARvzaaoScVdJo', 'types': ['locality', 'political']}], 'status': 'OK'}}"
44,cities_139,"cathedral city, CA","{'num_results': 1, 'error': None, 'data': {'results': [{'address_components': [{'long_name': 'Cathedral City', 'short_name': 'Cathedral City', 'types': ['locality', 'political']}, {'long_name': 'Riverside County', 'short_name': 'Riverside County', 'types': ['administrative_area_level_2', 'political']}, {'long_name': 'California', 'short_name': 'CA', 'types': ['administrative_area_level_1', 'political']}, {'long_name': 'United States', 'short_name': 'US', 'types': ['country', 'political']}], 'formatted_address': 'Cathedral City, CA, USA', 'geometry': {'bounds': {'northeast': {'lat': 33.891382, 'lng': -116.405226}, 'southwest': {'lat': 33.7560899, 'lng': -116.50369}}, 'location': {'lat': 33.7805388, 'lng': -116.4668036}, 'location_type': 'APPROXIMATE', 'viewport': {'northeast': {'lat': 33.891382, 'lng': -116.405226}, 'southwest': {'lat': 33.7560899, 'lng': -116.50369}}}, 'place_id': 'ChIJQ8IyCwEd24ARfZgDp1sNFoM', 'types': ['locality', 'political']}], 'status': 'OK'}}"
45,cities_14,"compton, CA","{'num_results': 1, 'error': None, 'data': {'results': [{'address_components': [{'long_name': 'Compton', 'short_name': 'Compton', 'types': ['locality', 'political']}, {'long_name': 'Los Angeles County', 'short_name': 'Los Angeles County', 'types': ['administrative_area_level_2', 'political']}, {'long_name': 'California', 'short_name': 'CA', 'types': ['administrative_area_level_1', 'political']}, {'long_name': 'United States', 'short_name': 'US', 'types': ['country', 'political']}], 'formatted_address': 'Compton, CA, USA', 'geometry': {'bounds': {'northeast': {'lat': 33.923132, 'lng': -118.1799449}, 'southwest': {'lat': 33.863032, 'lng': -118.263152}}, 'location': {'lat': 33.8959097, 'lng': -118.2243901}, 'location_type': 'APPROXIMATE', 'viewport': {'northeast': {'lat': 33.923132, 'lng': -118.1799449}, 'southwest': {'lat': 33.863032, 'lng': -118.263152}}}, 'place_id': 'ChIJTVsdf2vLwoARQstbkZrOawU', 'types': ['locality', 'political']}], 'status': 'OK'}}"
46,cities_140,"coachella, CA","{'num_results': 1, 'error': None, 'data': {'results': [{'address_components': [{'long_name': 'Coachella', 'short_name': 'Coachella', 'types': ['locality', 'political']}, {'long_name': 'Riverside County', 'short_name': 'Riverside County', 'types': ['administrative_area_level_2', 'political']}, {'long_name': 'California', 'short_name': 'CA', 'types': ['administrative_area_level_1', 'political']}, {'long_name': 'United States', 'short_name': 'US', 'types': ['country', 'political']}], 'formatted_address': 'Coachella, CA, USA', 'geometry': {'bounds': {'northeast': {'lat': 33.7295489, 'lng': -116.0780369}, 'southwest': {'lat': 33.642058, 'lng': -116.216482}}, 'location': {'lat': 33.6803003, 'lng': -116.173894}, 'location_type': 'APPROXIMATE', 'viewport': {'northeast': {'lat': 33.7295489, 'lng': -116.0780369}, 'southwest': {'lat': 33.642058, 'lng': -116.216482}}}, 'place_id': 'ChIJrzzOh45Y2oAR-LyXe3kcUv0', 'types': ['locality', 'political']}], 'status': 'OK'}}"
47,cities_141,"corona, CA","{'num_results': 1, 'error': None, 'data': {'results': [{'address_components': [{'long_name': 'Corona', 'short_name': 'Corona', 'types': ['locality', 'political']}, {'long_name': 'Riverside County', 'short_name': 'Riverside County', 'types': ['administrative_area_level_2', 'political']}, {'long_name': 'California', 'short_name': 'CA', 'types': ['administrative_area_level_1', 'political']}, {'long_name': 'United States', 'short_name': 'US', 'types': ['country', 'political']}], 'formatted_address': 'Corona, CA, USA', 'geometry': {'bounds': {'northeast': {'lat': 33.9161931, 'lng': -117.4835729}, 'southwest': {'lat': 33.80008, 'lng': -117.673134}}, 'location': {'lat': 33.8787742, 'lng': -117.5760323}, 'location_type': 'APPROXIMATE', 'viewport': {'northeast': {'lat': 33.9161931, 'lng': -117.4835729}, 'southwest': {'lat': 33.80008, 'lng': -117.673134}}}, 'place_id': 'ChIJbWBd6rmw3IAR8VKS0g_RmIk', 'types': ['locality', 'political']}], 'status': 'OK'}}"
48,cities_142,"desert hot springs, CA","{'num_results': 1, 'error': None, 'data': {'results': [{'address_components': [{'long_name': 'Desert Hot Springs', 'short_name': 'Desert Hot Springs', 'types': ['locality', 'political']}, {'long_name': 'Riverside County', 'short_name': 'Riverside County', 'types': ['administrative_area_level_2', 'political']}, {'long_name': 'California', 'short_name': 'CA', 'types': ['administrative_area_level_1', 'political']}, {'long_name': 'United States', 'short_name': 'US', 'types': ['country', 'political']}], 'formatted_address': 'Desert Hot Springs, CA, USA', 'geometry': {'bounds': {'northeast': {'lat': 33.9944809, 'lng': -116.457502}, 'southwest': {'lat': 33.878636, 'lng': -116.632686}}, 'location': {'lat': 33.9615186, 'lng': -116.5013793}, 'location_type': 'APPROXIMATE', 'viewport': {'northeast': {'lat': 33.9944809, 'lng': -116.457502}, 'southwest': {'lat': 33.878636, 'lng': -116.632686}}}, 'place_id': 'ChIJay-WZeQG24ARnr8wkixlzUU', 'types': ['locality', 'political']}], 'status': 'OK'}}"
49,cities_143,"hemet, CA","{'num_results': 1, 'error': None, 'data': {'results': [{'address_components': [{'long_name': 'Hemet', 'short_name': 'Hemet', 'types': ['locality', 'political']}, {'long_name': 'Riverside County', 'short_name': 'Riverside County', 'types': ['administrative_area_level_2', 'political']}, {'long_name': 'California', 'short_name': 'CA', 'types': ['administrative_area_level_1', 'political']}, {'long_name': 'United States', 'short_name': 'US', 'types': ['country', 'political']}], 'formatted_address': 'Hemet, CA, USA', 'geometry': {'bounds': {'northeast': {'lat': 33.780393, 'lng': -116.908879}, 'southwest': {'lat': 33.6711541, 'lng': -117.0698199}}, 'location': {'lat': 33.7475203, 'lng': -116.9719684}, 'location_type': 'APPROXIMATE', 'viewport': {'northeast': {'lat': 33.780393, 'lng': -116.908879}, 'southwest': {'lat': 33.6711541, 'lng': -117.0698199}}}, 'place_id': 'ChIJqRWWhTdk24ARwnC1aPZ2PGk', 'types': ['locality', 'political']}], 'status': 'OK'}}"
50,cities_144,"indian wells, CA","{'num_results': 1, 'error': None, 'data': {'results': [{'address_components': [{'long_name': 'Indian Wells', 'short_name': 'Indian Wells', 'types': ['locality', 'political']}, {'long_name': 'Riverside County', 'short_name': 'Riverside County', 'types': ['administrative_area_level_2', 'political']}, {'long_name': 'California', 'short_name': 'CA', 'types': ['administrative_area_level_1', 'political']}, {'long_name': 'United States', 'short_name': 'US', 'types': ['country', 'political']}], 'formatted_address': 'Indian Wells, CA, USA', 'geometry': {'bounds': {'northeast': {'lat': 33.743575, 'lng': -116.2949099}, 'southwest': {'lat': 33.670651, 'lng': -116.3737011}}, 'location': {'lat': 33.717631, 'lng': -116.3407549}, 'location_type': 'APPROXIMATE', 'viewport': {'northeast': {'lat': 33.743575, 'lng': -116.2949099}, 'southwest': {'lat': 33.670651, 'lng': -116.3737011}}}, 'place_id': 'ChIJa_pnt8T-2oAReov8KyiucNM', 'types': ['locality', 'political']}], 'status': 'OK'}}"
51,cities_145,"indio, CA","{'num_results': 1, 'error': None, 'data': {'results': [{'address_components': [{'long_name': 'Indio', 'short_name': 'Indio', 'types': ['locality', 'political']}, {'long_name': 'Riverside County', 'short_name': 'Riverside County', 'types': ['administrative_area_level_2', 'political']}, {'long_name': 'California', 'short_name': 'CA', 'types': ['administrative_area_level_1', 'political']}, {'long_name': 'United States', 'short_name': 'US', 'types': ['country', 'political']}], 'formatted_address': 'Indio, CA, USA', 'geometry': {'bounds': {'northeast': {'lat': 33.8165361, 'lng': -116.1641611}, 'southwest': {'lat': 33.6710109, 'lng': -116.3012701}}, 'location': {'lat': 33.7205771, 'lng': -116.2155619}, 'location_type': 'APPROXIMATE', 'viewport': {'northeast': {'lat': 33.8165361, 'lng': -116.1641611}, 'southwest': {'lat': 33.6710109, 'lng': -116.3012701}}}, 'navigation_points': [{'location': {'latitude': 33.7203347, 'longitude': -116.2154771}}], 'place_id': 'ChIJhdffQzX02oARMVAjp83nbBY', 'types': ['locality', 'political']}], 'status': 'OK'}}"
52,cities_146,"la quinta, CA","{'num_results': 1, 'error': None, 'data': {'results': [{'address_components': [{'long_name': 'La Quinta', 'short_name': 'La Quinta', 'types': ['locality', 'political']}, {'long_name': 'Riverside County', 'short_name': 'Riverside County', 'types': ['administrative_area_level_2', 'political']}, {'long_name': 'California', 'short_name': 'CA', 'types': ['administrative_area_level_1', 'political']}, {'long_name': 'United States', 'short_name': 'US', 'types': ['country', 'political']}], 'formatted_address': 'La Quinta, CA, USA', 'geometry': {'bounds': {'northeast': {'lat': 33.738319, 'lng': -116.2246891}, 'southwest': {'lat': 33.583682, 'lng': -116.321493}}, 'location': {'lat': 33.6633573, 'lng': -116.3100095}, 'location_type': 'APPROXIMATE', 'viewport': {'northeast': {'lat': 33.738319, 'lng': -116.2246891}, 'southwest': {'lat': 33.583682, 'lng': -116.321493}}}, 'place_id': 'ChIJX5eQ9TVa2oARudotYG5om8g', 'types': ['locality', 'political']}], 'status': 'OK'}}"
53,cities_147,"lake elsinore, CA","{'num_results': 1, 'error': None, 'data': {'results': [{'address_components': [{'long_name': 'Lake Elsinore', 'short_name': 'Lake Elsinore', 'types': ['locality', 'political']}, {'long_name': 'Riverside County', 'short_name': 'Riverside County', 'types': ['administrative_area_level_2', 'political']}, {'long_name': 'California', 'short_name': 'CA', 'types': ['administrative_area_level_1', 'political']}, {'long_name': 'United States', 'short_name': 'US', 'types': ['country', 'political']}], 'formatted_address': 'Lake Elsinore, CA, USA', 'geometry': {'bounds': {'northeast': {'lat': 33.756804, 'lng': -117.216812}, 'southwest': {'lat': 33.6184519, 'lng': -117.420395}}, 'location': {'lat': 33.6680447, 'lng': -117.3276917}, 'location_type': 'APPROXIMATE', 'viewport': {'northeast': {'lat': 33.756804, 'lng': -117.216812}, 'southwest': {'lat': 33.6184519, 'lng': -117.420395}}}, 'place_id': 'ChIJMzqZMSaa3IAR2VQIqqhMXXE', 'types': ['locality', 'political']}], 'status': 'OK'}}"
54,cities_148,"menifee, CA","{'num_results': 1, 'error': None, 'data': {'results': [{'address_components': [{'long_name': 'Menifee', 'short_name': 'Menifee', 'types': ['locality', 'political']}, {'long_name': 'Riverside County', 'short_name': 'Riverside County', 'types': ['administrative_area_level_2', 'political']}, {'long_name': 'California', 'short_name': 'CA', 'types': ['administrative_area_level_1', 'political']}, {'long_name': 'United States', 'short_name': 'US', 'types': ['country', 'political']}], 'formatted_address': 'Menifee, CA, USA', 'geometry': {'bounds': {'northeast': {'lat': 33.7577869, 'lng': -117.1188551}, 'southwest': {'lat': 33.62693, 'lng': -117.258061}}, 'location': {'lat': 33.6971468, 'lng': -117.185294}, 'location_type': 'APPROXIMATE', 'viewport': {'northeast': {'lat': 33.7577869, 'lng': -117.1188551}, 'southwest': {'lat': 33.62693, 'lng': -117.258061}}}, 'place_id': 'ChIJt55zxAJk24ARD_7tqLOpxXU', 'types': ['locality', 'political']}], 'status': 'OK'}}"
55,cities_149,"moreno valley, CA","{'num_results': 1, 'error': None, 'data': {'results': [{'address_components': [{'long_name': 'Moreno Valley', 'short_name': 'Moreno Valley', 'types': ['locality', 'political']}, {'long_name': 'Riverside County', 'short_name': 'Riverside County', 'types': ['administrative_area_level_2', 'political']}, {'long_name': 'California', 'short_name': 'CA', 'types': ['administrative_area_level_1', 'political']}, {'long_name': 'United States', 'short_name': 'US', 'types': ['country', 'political']}], 'formatted_address': 'Moreno Valley, CA, USA', 'geometry': {'bounds': {'northeast': {'lat': 33.9880911, 'lng': -117.088266}, 'southwest': {'lat': 33.858702, 'lng': -117.2965239}}, 'location': {'lat': 33.9424658, 'lng': -117.2296717}, 'location_type': 'APPROXIMATE', 'viewport': {'northeast': {'lat': 33.9880911, 'lng': -117.088266}, 'southwest': {'lat': 33.858702, 'lng': -117.2965239}}}, 'place_id': 'ChIJm-IZ2wmh3IARLD-boBWy-sM', 'types': ['locality', 'political']}], 'status': 'OK'}}"
56,cities_15,"covina, CA","{'num_results': 1, 'error': None, 'data': {'results': [{'address_components': [{'long_name': 'Covina', 'short_name': 'Covina', 'types': ['locality', 'political']}, {'long_name': 'Los Angeles County', 'short_name': 'Los Angeles County', 'types': ['administrative_area_level_2', 'political']}, {'long_name': 'California', 'short_name': 'CA', 'types': ['administrative_area_level_1', 'political']}, {'long_name': 'United States', 'short_name': 'US', 'types': ['country', 'political']}], 'formatted_address': 'Covina, CA, USA', 'geometry': {'bounds': {'northeast': {'lat': 34.107035, 'lng': -117.840728}, 'southwest': {'lat': 34.06823809999999, 'lng': -117.9271061}}, 'location': {'lat': 34.0900091, 'lng': -117.8903397}, 'location_type': 'APPROXIMATE', 'viewport': {'northeast': {'lat': 34.107035, 'lng': -117.840728}, 'southwest': {'lat': 34.06823809999999, 'lng': -117.9271061}}}, 'place_id': 'ChIJWeZXWVEow4AR7oAZ5JcrAJE', 'types': ['locality', 'political']}], 'status': 'OK'}}"
57,cities_150,"murrieta, CA","{'num_results': 1, 'error': None, 'data': {'results': [{'address_components': [{'long_name': 'Murrieta', 'short_name': 'Murrieta', 'types': ['locality', 'political']}, {'long_name': 'Riverside County', 'short_name': 'Riverside County', 'types': ['administrative_area_level_2', 'political']}, {'long_name': 'California', 'short_name': 'CA', 'types': ['administrative_area_level_1', 'political']}, {'long_name': 'United States', 'short_name': 'US', 'types': ['country', 'political']}], 'formatted_address': 'Murrieta, CA, USA', 'geometry': {'bounds': {'northeast': {'lat': 33.641546, 'lng': -117.1184549}, 'southwest': {'lat': 33.5134281, 'lng': -117.2800501}}, 'location': {'lat': 33.5612623, 'lng': -117.2105183}, 'location_type': 'APPROXIMATE', 'viewport': {'northeast': {'lat': 33.641546, 'lng': -117.1184549}, 'southwest': {'lat': 33.5134281, 'lng': -117.2800501}}}, 'place_id': 'ChIJ8fICxT9924ARj-3Unfku1BI', 'types': ['locality', 'political']}], 'status': 'OK'}}"
58,cities_151,"norco, CA","{'num_results': 1, 'error': None, 'data': {'results': [{'address_components': [{'long_name': 'Norco', 'short_name': 'Norco', 'types': ['locality', 'political']}, {'long_name': 'Riverside County', 'short_name': 'Riverside County', 'types': ['administrative_area_level_2', 'political']}, {'long_name': 'California', 'short_name': 'CA', 'types': ['administrative_area_level_1', 'political']}, {'long_name': 'United States', 'short_name': 'US', 'types': ['country', 'political']}], 'formatted_address': 'Norco, CA, USA', 'geometry': {'bounds': {'northeast': {'lat': 33.962497, 'lng': -117.511693}, 'southwest': {'lat': 33.89373, 'lng': -117.607285}}, 'location': {'lat': 33.9311257, 'lng': -117.548661}, 'location_type': 'APPROXIMATE', 'viewport': {'northeast': {'lat': 33.962497, 'lng': -117.511693}, 'southwest': {'lat': 33.89373, 'lng': -117.607285}}}, 'place_id': 'ChIJ9YTaON_J3IARlxSrY1lRde8', 'types': ['locality', 'political']}], 'status': 'OK'}}"
59,cities_152,"palm desert, CA","{'num_results': 1, 'error': None, 'data': {'results': [{'address_components': [{'long_name': 'Palm Desert', 'short_name': 'Palm Desert', 'types': ['locality', 'political']}, {'long_name': 'Riverside County', 'short_name': 'Riverside County', 'types': ['administrative_area_level_2', 'political']}, {'long_name': 'California', 'short_name': 'CA', 'types': ['administrative_area_level_1', 'political']}, {'long_name': 'United States', 'short_name': 'US', 'types': ['country', 'political']}], 'formatted_address': 'Palm Desert, CA, USA', 'geometry': {'bounds': {'northeast': {'lat': 33.809999, 'lng': -116.3019561}, 'southwest': {'lat': 33.6706709, 'lng': -116.425505}}, 'location': {'lat': 33.7222445, 'lng': -116.3744556}, 'location_type': 'APPROXIMATE', 'viewport': {'northeast': {'lat': 33.809999, 'lng': -116.3019561}, 'southwest': {'lat': 33.6706709, 'lng': -116.425505}}}, 'place_id': 'ChIJN8Kl8i782oARdUavho9GuS4', 'types': ['locality', 'political']}], 'status': 'OK'}}"
60,cities_153,"palm springs, CA","{'num_results': 1, 'error': None, 'data': {'results': [{'address_components': [{'long_name': 'Palm Springs', 'short_name': 'Palm Springs', 'types': ['locality', 'political']}, {'long_name': 'Riverside County', 'short_name': 'Riverside County', 'types': ['administrative_area_level_2', 'political']}, {'long_name': 'California', 'short_name': 'CA', 'types': ['administrative_area_level_1', 'political']}, {'long_name': 'United States', 'short_name': 'US', 'types': ['country', 'political']}], 'formatted_address': 'Palm Springs, CA, USA', 'geometry': {'bounds': {'northeast': {'lat': 33.9320741, 'lng': -116.4428121}, 'southwest': {'lat': 33.612422, 'lng': -116.684723}}, 'location': {'lat': 33.8232286, 'lng': -116.5106191}, 'location_type': 'APPROXIMATE', 'viewport': {'northeast': {'lat': 33.9320741, 'lng': -116.4428121}, 'southwest': {'lat': 33.612422, 'lng': -116.684723}}}, 'place_id': 'ChIJs-Xb_9Qa24ARfHntwodp5aE', 'types': ['locality', 'political']}], 'status': 'OK'}}"
61,cities_154,"perris, CA","{'num_results': 1, 'error': None, 'data': {'results': [{'address_components': [{'long_name': 'Perris', 'short_name': 'Perris', 'types': ['locality', 'political']}, {'long_name': 'Riverside County', 'short_name': 'Riverside County', 'types': ['administrative_area_level_2', 'political']}, {'long_name': 'California', 'short_name': 'CA', 'types': ['administrative_area_level_1', 'political']}, {'long_name': 'United States', 'short_name': 'US', 'types': ['country', 'political']}], 'formatted_address': 'Perris, CA, USA', 'geometry': {'bounds': {'northeast': {'lat': 33.8702009, 'lng': -117.1789951}, 'southwest': {'lat': 33.7138691, 'lng': -117.2626571}}, 'location': {'lat': 33.7865768, 'lng': -117.2261337}, 'location_type': 'APPROXIMATE', 'viewport': {'northeast': {'lat': 33.8702009, 'lng': -117.1789951}, 'southwest': {'lat': 33.7138691, 'lng': -117.2626571}}}, 'place_id': 'ChIJ_wHMqtKh3IARKJ-8zFt98zo', 'types': ['locality', 'political']}], 'status': 'OK'}}"
62,cities_155,"rancho mirage, CA","{'num_results': 1, 'error': None, 'data': {'results': [{'address_components': [{'long_name': 'Rancho Mirage', 'short_name': 'Rancho Mirage', 'types': ['locality', 'political']}, {'long_name': 'Riverside County', 'short_name': 'Riverside County', 'types': ['administrative_area_level_2', 'political']}, {'long_name': 'California', 'short_name': 'CA', 'types': ['administrative_area_level_1', 'political']}, {'long_name': 'United States', 'short_name': 'US', 'types': ['country', 'political']}, {'long_name': '92270', 'short_name': '92270', 'types': ['postal_code']}], 'formatted_address': 'Rancho Mirage, CA 92270, USA', 'geometry': {'bounds': {'northeast': {'lat': 33.8269351, 'lng': -116.388151}, 'southwest': {'lat': 33.714079, 'lng': -116.4779241}}, 'location': {'lat': 33.739744, 'lng': -116.41279}, 'location_type': 'APPROXIMATE', 'viewport': {'northeast': {'lat': 33.8269351, 'lng': -116.388151}, 'southwest': {'lat': 33.714079, 'lng': -116.4779241}}}, 'navigation_points': [{'location': {'latitude': 33.7408785, 'longitude': -116.4116992}}], 'place_id': 'ChIJ5TXJ7ZAC24ARznj3j1L-wu0', 'types': ['locality', 'political']}], 'status': 'OK'}}"
63,cities_156,"riverside, CA","{'num_results': 1, 'error': None, 'data': {'results': [{'address_components': [{'long_name': 'Riverside', 'short_name': 'Riverside', 'types': ['locality', 'political']}, {'long_name': 'Riverside County', 'short_name': 'Riverside County', 'types': ['administrative_area_level_2', 'political']}, {'long_name': 'California', 'short_name': 'CA', 'types': ['administrative_area_level_1', 'political']}, {'long_name': 'United States', 'short_name': 'US', 'types': ['country', 'political']}], 'formatted_address': 'Riverside, CA, USA', 'geometry': {'bounds': {'northeast': {'lat': 34.01936600000001, 'lng': -117.27893}, 'southwest': {'lat': 33.8725919, 'lng': -117.523866}}, 'location': {'lat': 33.9806005, 'lng': -117.3754942}, 'location_type': 'APPROXIMATE', 'viewport': {'northeast': {'lat': 34.01936600000001, 'lng': -117.27893}, 'southwest': {'lat': 33.8725919, 'lng': -117.523866}}}, 'place_id': 'ChIJu330f9-m3IAR6ApeEwXXofc', 'types': ['locality', 'political']}], 'status': 'OK'}}"
64,cities_157,"san jacinto, CA","{'num_results': 1, 'error': None, 'data': {'results': [{'address_components': [{'long_name': 'San Jacinto', 'short_name': 'San Jacinto', 'types': ['locality', 'political']}, {'long_name': 'Riverside County', 'short_name': 'Riverside County', 'types': ['administrative_area_level_2', 'political']}, {'long_name': 'California', 'short_name': 'CA', 'types': ['administrative_area_level_1', 'political']}, {'long_name': 'United States', 'short_name': 'US', 'types': ['country', 'political']}], 'formatted_address': 'San Jacinto, CA, USA', 'geometry': {'bounds': {'northeast': {'lat': 33.83776, 'lng': -116.9172971}, 'southwest': {'lat': 33.7513, 'lng': -117.0604621}}, 'location': {'lat': 33.7839084, 'lng': -116.958635}, 'location_type': 'APPROXIMATE', 'viewport': {'northeast': {'lat': 33.83776, 'lng': -116.9172971}, 'southwest': {'lat': 33.7513, 'lng': -117.0604621}}}, 'place_id': 'ChIJF1mAzHhj24AR5EG1Idxv1JY', 'types': ['locality', 'political']}], 'status': 'OK'}}"
65,cities_158,"temecula, CA","{'num_results': 1, 'error': None, 'data': {'results': [{'address_components': [{'long_name': 'Temecula', 'short_name': 'Temecula', 'types': ['locality', 'political']}, {'long_name': 'Riverside County', 'short_name': 'Riverside County', 'types': ['administrative_area_level_2', 'political']}, {'long_name': 'California', 'short_name': 'CA', 'types': ['administrative_area_level_1', 'political']}, {'long_name': 'United States', 'short_name': 'US', 'types': ['country', 'political']}], 'formatted_address': 'Temecula, CA, USA', 'geometry': {'bounds': {'northeast': {'lat': 33.5544231, 'lng': -117.054739}, 'southwest': {'lat': 33.432128, 'lng': -117.206525}}, 'location': {'lat': 33.4934243, 'lng': -117.1488156}, 'location_type': 'APPROXIMATE', 'viewport': {'northeast': {'lat': 33.5544231, 'lng': -117.054739}, 'southwest': {'lat': 33.432128, 'lng': -117.206525}}}, 'place_id': 'ChIJI74a9VJi24ARqAY4oIgOvGg', 'types': ['locality', 'political']}], 'status': 'OK'}}"
66,cities_159,"wildomar, CA","{'num_results': 1, 'error': None, 'data': {'results': [{'address_components': [{'long_name': 'Wildomar', 'short_name': 'Wildomar', 'types': ['locality', 'political']}, {'long_name': 'Riverside County', 'short_name': 'Riverside County', 'types': ['administrative_area_level_2', 'political']}, {'long_name': 'California', 'short_name': 'CA', 'types': ['administrative_area_level_1', 'political']}, {'long_name': 'United States', 'short_name': 'US', 'types': ['country', 'political']}], 'formatted_address': 'Wildomar, CA, USA', 'geometry': {'bounds': {'northeast': {'lat': 33.656077, 'lng': -117.206032}, 'southwest': {'lat': 33.576318, 'lng': -117.311022}}, 'location': {'lat': 33.5989126, 'lng': -117.2800372}, 'location_type': 'APPROXIMATE', 'viewport': {'northeast': {'lat': 33.656077, 'lng': -117.206032}, 'southwest': {'lat': 33.576318, 'lng': -117.311022}}}, 'place_id': 'ChIJW78BBBqZ3IARDOA7LIRkwEU', 'types': ['locality', 'political']}], 'status': 'OK'}}"
67,cities_16,"el segundo, CA","{'num_results': 1, 'error': None, 'data': {'results': [{'address_components': [{'long_name': 'El Segundo', 'short_name': 'El Segundo', 'types': ['locality', 'political']}, {'long_name': 'Los Angeles County', 'short_name': 'Los Angeles County', 'types': ['administrative_area_level_2', 'political']}, {'long_name': 'California', 'short_name': 'CA', 'types': ['administrative_area_level_1', 'political']}, {'long_name': 'United States', 'short_name': 'US', 'types': ['country', 'political']}], 'formatted_address': 'El Segundo, CA, USA', 'geometry': {'bounds': {'northeast': {'lat': 33.9313161, 'lng': -118.374325}, 'southwest': {'lat': 33.887162, 'lng': -118.496342}}, 'location': {'lat': 33.9191799, 'lng': -118.4164652}, 'location_type': 'APPROXIMATE', 'viewport': {'northeast': {'lat': 33.9313161, 'lng': -118.374325}, 'southwest': {'lat': 33.887162, 'lng': -118.496342}}}, 'place_id': 'ChIJrTzSGUexwoARttmLvMdiBYw', 'types': ['locality', 'political']}], 'status': 'OK'}}"
68,cities_160,"jurupa valley, CA","{'num_results': 1, 'error': None, 'data': {'results': [{'address_components': [{'long_name': 'Jurupa Valley', 'short_name': 'Jurupa Valley', 'types': ['locality', 'political']}, {'long_name': 'Riverside County', 'short_name': 'Riverside County', 'types': ['administrative_area_level_2', 'political']}, {'long_name': 'California', 'short_name': 'CA', 'types': ['administrative_area_level_1', 'political']}, {'long_name': 'United States', 'short_name': 'US', 'types': ['country', 'political']}], 'formatted_address': 'Jurupa Valley, CA, USA', 'geometry': {'bounds': {'northeast': {'lat': 34.0343129, 'lng': -117.3672989}, 'southwest': {'lat': 33.9496061, 'lng': -117.552338}}, 'location': {'lat': 33.9942737, 'lng': -117.4971606}, 'location_type': 'APPROXIMATE', 'viewport': {'northeast': {'lat': 34.0343129, 'lng': -117.3672989}, 'southwest': {'lat': 33.9496061, 'lng': -117.552338}}}, 'place_id': 'ChIJZZjxJ2a03IARZtZxWGvLlZI', 'types': ['locality', 'political']}], 'status': 'OK'}}"
69,cities_161,"eastvale, CA","{'num_results': 1, 'error': None, 'data': {'results': [{'address_components': [{'long_name': 'Eastvale', 'short_name': 'Eastvale', 'types': ['locality', 'political']}, {'long_name': 'Riverside County', 'short_name': 'Riverside County', 'types': ['administrative_area_level_2', 'political']}, {'long_name': 'California', 'short_name': 'CA', 'types': ['administrative_area_level_1', 'political']}, {'long_name': 'United States', 'short_name': 'US', 'types': ['country', 'political']}], 'formatted_address': 'Eastvale, CA, USA', 'geometry': {'bounds': {'northeast': {'lat': 34.033481, 'lng': -117.5488339}, 'southwest': {'lat': 33.907677, 'lng': -117.6155011}}, 'location': {'lat': 33.952463, 'lng': -117.5848025}, 'location_type': 'APPROXIMATE', 'viewport': {'northeast': {'lat': 34.033481, 'lng': -117.5488339}, 'southwest': {'lat': 33.907677, 'lng': -117.6155011}}}, 'place_id': 'ChIJ0bOgLhLK3IAR3j3HO7USshY', 'types': ['locality', 'political']}], 'status': 'OK'}}"
70,cities_162,"aliso viejo, CA","{'num_results': 1, 'error': None, 'data': {'results': [{'address_components': [{'long_name': 'Aliso Viejo', 'short_name': 'Aliso Viejo', 'types': ['locality', 'political']}, {'long_name': 'Orange County', 'short_name': 'Orange County', 'types': ['administrative_area_level_2', 'political']}, {'long_name': 'California', 'short_name': 'CA', 'types': ['administrative_area_level_1', 'political']}, {'long_name': 'United States', 'short_name': 'US', 'types': ['country', 'political']}], 'formatted_address': 'Aliso Viejo, CA, USA', 'geometry': {'bounds': {'northeast': {'lat': 33.608883, 'lng': -117.700836}, 'southwest': {'lat': 33.544198, 'lng': -117.7571711}}, 'location': {'lat': 33.5684605, 'lng': -117.7262981}, 'location_type': 'APPROXIMATE', 'viewport': {'northeast': {'lat': 33.608883, 'lng': -117.700836}, 'southwest': {'lat': 33.544198, 'lng': -117.7571711}}}, 'place_id': 'ChIJxc_RcRnp3IARS-eEWffxiVI', 'types': ['locality', 'political']}], 'status': 'OK'}}"
71,cities_163,"anaheim, CA","{'num_results': 1, 'error': None, 'data': {'results': [{'address_components': [{'long_name': 'Anaheim', 'short_name': 'Anaheim', 'types': ['locality', 'political']}, {'long_name': 'Orange County', 'short_name': 'Orange County', 'types': ['administrative_area_level_2', 'political']}, {'long_name': 'California', 'short_name': 'CA', 'types': ['administrative_area_level_1', 'political']}, {'long_name': 'United States', 'short_name': 'US', 'types': ['country', 'political']}], 'formatted_address': 'Anaheim, CA, USA', 'geometry': {'bounds': {'northeast': {'lat': 33.879235, 'lng': -117.6745549}, 'southwest': {'lat': 33.7888479, 'lng': -118.01742}}, 'location': {'lat': 33.8365932, 'lng': -117.9143012}, 'location_type': 'APPROXIMATE', 'viewport': {'northeast': {'lat': 33.879235, 'lng': -117.6745549}, 'southwest': {'lat': 33.7888479, 'lng': -118.01742}}}, 'place_id': 'ChIJZ-hVgPnW3IARYLErmquJqwE', 'types': ['locality', 'political']}], 'status': 'OK'}}"
72,cities_164,"brea, CA","{'num_results': 1, 'error': None, 'data': {'results': [{'address_components': [{'long_name': 'Brea', 'short_name': 'Brea', 'types': ['locality', 'political']}, {'long_name': 'Orange County', 'short_name': 'Orange County', 'types': ['administrative_area_level_2', 'political']}, {'long_name': 'California', 'short_name': 'CA', 'types': ['administrative_area_level_1', 'political']}, {'long_name': 'United States', 'short_name': 'US', 'types': ['country', 'political']}], 'formatted_address': 'Brea, CA, USA', 'geometry': {'bounds': {'northeast': {'lat': 33.947636, 'lng': -117.774589}, 'southwest': {'lat': 33.9056509, 'lng': -117.9287051}}, 'location': {'lat': 33.916475, 'lng': -117.9002918}, 'location_type': 'APPROXIMATE', 'viewport': {'northeast': {'lat': 33.947636, 'lng': -117.774589}, 'southwest': {'lat': 33.9056509, 'lng': -117.9287051}}}, 'place_id': 'ChIJF4yeaIbU3IAR5EoElre1GBU', 'types': ['locality', 'political']}], 'status': 'OK'}}"
73,cities_165,"buena park, CA","{'num_results': 1, 'error': None, 'data': {'results': [{'address_components': [{'long_name': 'Buena Park', 'short_name': 'Buena Park', 'types': ['locality', 'political']}, {'long_name': 'Orange County', 'short_name': 'Orange County', 'types': ['administrative_area_level_2', 'political']}, {'long_name': 'California', 'short_name': 'CA', 'types': ['administrative_area_level_1', 'political']}, {'long_name': 'United States', 'short_name': 'US', 'types': ['country', 'political']}], 'formatted_address': 'Buena Park, CA, USA', 'geometry': {'bounds': {'northeast': {'lat': 33.895604, 'lng': -117.9762501}, 'southwest': {'lat': 33.80983, 'lng': -118.0373601}}, 'location': {'lat': 33.8674044, 'lng': -117.9981387}, 'location_type': 'APPROXIMATE', 'viewport': {'northeast': {'lat': 33.895604, 'lng': -117.9762501}, 'southwest': {'lat': 33.80983, 'lng': -118.0373601}}}, 'place_id': 'ChIJK11gE_Qr3YARJf7ozeXun80', 'types': ['locality', 'political']}], 'status': 'OK'}}"
74,cities_166,"costa mesa, CA","{'num_results': 1, 'error': None, 'data': {'results': [{'address_components': [{'long_name': 'Costa Mesa', 'short_name': 'Costa Mesa', 'types': ['locality', 'political']}, {'long_name': 'Orange County', 'short_name': 'Orange County', 'types': ['administrative_area_level_2', 'political']}, {'long_name': 'California', 'short_name': 'CA', 'types': ['administrative_area_level_1', 'political']}, {'long_name': 'United States', 'short_name': 'US', 'types': ['country', 'political']}], 'formatted_address': 'Costa Mesa, CA, USA', 'geometry': {'bounds': {'northeast': {'lat': 33.7020899, 'lng': -117.864008}, 'southwest': {'lat': 33.625171, 'lng': -117.9547139}}, 'location': {'lat': 33.6638439, 'lng': -117.9047429}, 'location_type': 'APPROXIMATE', 'viewport': {'northeast': {'lat': 33.7020899, 'lng': -117.864008}, 'southwest': {'lat': 33.625171, 'lng': -117.9547139}}}, 'place_id': 'ChIJeW9X_G_f3IAR2sAD2BKEAe8', 'types': ['locality', 'political']}], 'status': 'OK'}}"
75,cities_167,"cypress, CA","{'num_results': 1, 'error': None, 'data': {'results': [{'address_components': [{'long_name': 'Cypress', 'short_name': 'Cypress', 'types': ['locality', 'political']}, {'long_name': 'Orange County', 'short_name': 'Orange County', 'types': ['administrative_area_level_2', 'political']}, {'long_name': 'California', 'short_name': 'CA', 'types': ['administrative_area_level_1', 'political']}, {'long_name': 'United States', 'short_name': 'US', 'types': ['country', 'political']}], 'formatted_address': 'Cypress, CA, USA', 'geometry': {'bounds': {'northeast': {'lat': 33.846196, 'lng': -118.0106801}, 'southwest': {'lat': 33.791998, 'lng': -118.06336}}, 'location': {'lat': 33.8169366, 'lng': -118.0368507}, 'location_type': 'APPROXIMATE', 'viewport': {'northeast': {'lat': 33.846196, 'lng': -118.0106801}, 'southwest': {'lat': 33.791998, 'lng': -118.06336}}}, 'place_id': 'ChIJ7_ZrWZIu3YAREFTB1a3XLNQ', 'types': ['locality', 'political']}], 'status': 'OK'}}"
76,cities_168,"dana point, CA","{'num_results': 1, 'error': None, 'data': {'results': [{'address_components': [{'long_name': 'Dana Point', 'short_name': 'Dana Point', 'types': ['locality', 'political']}, {'long_name': 'Orange County', 'short_name': 'Orange County', 'types': ['administrative_area_level_2', 'political']}, {'long_name': 'California', 'short_name': 'CA', 'types': ['administrative_area_level_1', 'political']}, {'long_name': 'United States', 'short_name': 'US', 'types': ['country', 'political']}], 'formatted_address': 'Dana Point, CA, USA', 'geometry': {'bounds': {'northeast': {'lat': 33.498234, 'lng': -117.644533}, 'southwest': {'lat': 33.4402161, 'lng': -117.7323301}}, 'location': {'lat': 33.4672256, 'lng': -117.6981014}, 'location_type': 'APPROXIMATE', 'viewport': {'northeast': {'lat': 33.498234, 'lng': -117.644533}, 'southwest': {'lat': 33.4402161, 'lng': -117.7323301}}}, 'place_id': 'ChIJif1kuo_w3IARFfoBcLy0LuQ', 'types': ['locality', 'political']}], 'status': 'OK'}}"
77,cities_169,"fountain valley, CA","{'num_results': 1, 'error': None, 'data': {'results': [{'address_components': [{'long_name': 'Fountain Valley', 'short_name': 'Fountain Valley', 'types': ['locality', 'political']}, {'long_name': 'Orange County', 'short_name': 'Orange County', 'types': ['administrative_area_level_2', 'political']}, {'long_name': 'California', 'short_name': 'CA', 'types': ['administrative_area_level_1', 'political']}, {'long_name': 'United States', 'short_name': 'US', 'types': ['country', 'political']}, {'long_name': '92708', 'short_name': '92708', 'types': ['postal_code']}], 'formatted_address': 'Fountain Valley, CA 92708, USA', 'geometry': {'bounds': {'northeast': {'lat': 33.733508, 'lng': -117.9151939}, 'southwest': {'lat': 33.686782, 'lng': -117.9805401}}, 'location': {'lat': 33.7090212, 'lng': -117.9544069}, 'location_type': 'APPROXIMATE', 'viewport': {'northeast': {'lat': 33.733508, 'lng': -117.9151939}, 'southwest': {'lat': 33.686782, 'lng': -117.9805401}}}, 'place_id': 'ChIJn9Z-GhUn3YARyejhu-WepGg', 'types': ['locality', 'political']}], 'status': 'OK'}}"
78,cities_17,"whittier, CA","{'num_results': 1, 'error': None, 'data': {'results': [{'address_components': [{'long_name': 'Whittier', 'short_name': 'Whittier', 'types': ['locality', 'political']}, {'long_name': 'Los Angeles County', 'short_name': 'Los Angeles County', 'types': ['administrative_area_level_2', 'political']}, {'long_name': 'California', 'short_name': 'CA', 'types': ['administrative_area_level_1', 'political']}, {'long_name': 'United States', 'short_name': 'US', 'types': ['country', 'political']}], 'formatted_address': 'Whittier, CA, USA', 'geometry': {'bounds': {'northeast': {'lat': 34.030233, 'lng': -117.9651359}, 'southwest': {'lat': 33.928029, 'lng': -118.0722961}}, 'location': {'lat': 33.9754423, 'lng': -118.0326781}, 'location_type': 'APPROXIMATE', 'viewport': {'northeast': {'lat': 34.030233, 'lng': -117.9651359}, 'southwest': {'lat': 33.928029, 'lng': -118.0722961}}}, 'place_id': 'ChIJ94d6VYbTwoARWiRAwUd9qCc', 'types': ['locality', 'political']}], 'status': 'OK'}}"
79,cities_170,"fullerton, CA","{'num_results': 1, 'error': None, 'data': {'results': [{'address_components': [{'long_name': 'Fullerton', 'short_name': 'Fullerton', 'types': ['locality', 'political']}, {'long_name': 'Orange County', 'short_name': 'Orange County', 'types': ['administrative_area_level_2', 'political']}, {'long_name': 'California', 'short_name': 'CA', 'types': ['administrative_area_level_1', 'political']}, {'long_name': 'United States', 'short_name': 'US', 'types': ['country', 'political']}], 'formatted_address': 'Fullerton, CA, USA', 'geometry': {'bounds': {'northeast': {'lat': 33.92461300000001, 'lng': -117.863863}, 'southwest': {'lat': 33.8541801, 'lng': -117.985405}}, 'location': {'lat': 33.8703645, 'lng': -117.9242123}, 'location_type': 'APPROXIMATE', 'viewport': {'northeast': {'lat': 33.92461300000001, 'lng': -117.863863}, 'southwest': {'lat': 33.8541801, 'lng': -117.985405}}}, 'place_id': 'ChIJY8uBw3Qq3YARSupgHoFTnPU', 'types': ['locality', 'political']}], 'status': 'OK'}}"
80,cities_171,"garden grove, CA","{'num_results': 1, 'error': None, 'data': {'results': [{'address_components': [{'long_name': 'Garden Grove', 'short_name': 'Garden Grove', 'types': ['locality', 'political']}, {'long_name': 'Orange County', 'short_name': 'Orange County', 'types': ['administrative_area_level_2', 'political']}, {'long_name': 'California', 'short_name': 'CA', 'types': ['administrative_area_level_1', 'political']}, {'long_name': 'United States', 'short_name': 'US', 'types': ['country', 'political']}], 'formatted_address': 'Garden Grove, CA, USA', 'geometry': {'bounds': {'northeast': {'lat': 33.8056899, 'lng': -117.894277}, 'southwest': {'lat': 33.732483, 'lng': -118.042942}}, 'location': {'lat': 33.7742692, 'lng': -117.9379952}, 'location_type': 'APPROXIMATE', 'viewport': {'northeast': {'lat': 33.8056899, 'lng': -117.894277}, 'southwest': {'lat': 33.732483, 'lng': -118.042942}}}, 'place_id': 'ChIJjc0dnT8o3YAROosPvSKWkAM', 'types': ['locality', 'political']}], 'status': 'OK'}}"
81,cities_172,"huntington beach, CA","{'num_results': 1, 'error': None, 'data': {'results': [{'address_components': [{'long_name': 'Huntington Beach', 'short_name': 'Huntington Beach', 'types': ['locality', 'political']}, {'long_name': 'Orange County', 'short_name': 'Orange County', 'types': ['administrative_area_level_2', 'political']}, {'long_name': 'California', 'short_name': 'CA', 'types': ['administrative_area_level_1', 'political']}, {'long_name': 'United States', 'short_name': 'US', 'types': ['country', 'political']}], 'formatted_address': 'Huntington Beach, CA, USA', 'geometry': {'bounds': {'northeast': {'lat': 33.7561999, 'lng': -117.94044}, 'southwest': {'lat': 33.62792900000001, 'lng': -118.082629}}, 'location': {'lat': 33.6594835, 'lng': -117.9988026}, 'location_type': 'APPROXIMATE', 'viewport': {'northeast': {'lat': 33.7561999, 'lng': -117.94044}, 'southwest': {'lat': 33.62792900000001, 'lng': -118.082629}}}, 'place_id': 'ChIJtSrI-SIk3YARATtmpMmF7UU', 'types': ['locality', 'political']}], 'status': 'OK'}}"
82,cities_173,"irvine, CA","{'num_results': 1, 'error': None, 'data': {'results': [{'address_components': [{'long_name': 'Irvine', 'short_name': 'Irvine', 'types': ['locality', 'political']}, {'long_name': 'Orange County', 'short_name': 'Orange County', 'types': ['administrative_area_level_2', 'political']}, {'long_name': 'California', 'short_name': 'CA', 'types': ['administrative_area_level_1', 'political']}, {'long_name': 'United States', 'short_name': 'US', 'types': ['country', 'political']}], 'formatted_address': 'Irvine, CA, USA', 'geometry': {'bounds': {'northeast': {'lat': 33.7736489, 'lng': -117.678019}, 'southwest': {'lat': 33.599599, 'lng': -117.8687541}}, 'location': {'lat': 33.6845673, 'lng': -117.8265049}, 'location_type': 'APPROXIMATE', 'viewport': {'northeast': {'lat': 33.7736489, 'lng': -117.678019}, 'southwest': {'lat': 33.599599, 'lng': -117.8687541}}}, 'place_id': 'ChIJ40CRaA7d3IAROZpKYHW1eqc', 'types': ['locality', 'political']}], 'status': 'OK'}}"
83,cities_174,"la habra, CA","{'num_results': 1, 'error': None, 'data': {'results': [{'address_components': [{'long_name': 'La Habra', 'short_name': 'La Habra', 'types': ['locality', 'political']}, {'long_name': 'Orange County', 'short_name': 'Orange County', 'types': ['administrative_area_level_2', 'political']}, {'long_name': 'California', 'short_name': 'CA', 'types': ['administrative_area_level_1', 'political']}, {'long_name': 'United States', 'short_name': 'US', 'types': ['country', 'political']}, {'long_name': '90631', 'short_name': '90631', 'types': ['postal_code']}], 'formatted_address': 'La Habra, CA 90631, USA', 'geometry': {'bounds': {'northeast': {'lat': 33.9460869, 'lng': -117.9189199}, 'southwest': {'lat': 33.906404, 'lng': -117.9765809}}, 'location': {'lat': 33.9318591, 'lng': -117.946137}, 'location_type': 'APPROXIMATE', 'viewport': {'northeast': {'lat': 33.9460869, 'lng': -117.9189199}, 'southwest': {'lat': 33.906404, 'lng': -117.9765809}}}, 'place_id': 'ChIJgz2LOjHVwoAR3SYwhaFIH6g', 'types': ['locality', 'political']}], 'status': 'OK'}}"
84,cities_175,"laguna beach, CA","{'num_results': 1, 'error': None, 'data': {'results': [{'address_components': [{'long_name': 'Laguna Beach', 'short_name': 'Laguna Beach', 'types': ['locality', 'political']}, {'long_name': 'Orange County', 'short_name': 'Orange County', 'types': ['administrative_area_level_2', 'political']}, {'long_name': 'California', 'short_name': 'CA', 'types': ['administrative_area_level_1', 'political']}, {'long_name': 'United States', 'short_name': 'US', 'types': ['country', 'political']}], 'formatted_address': 'Laguna Beach, CA, USA', 'geometry': {'bounds': {'northeast': {'lat': 33.610298, 'lng': -117.731183}, 'southwest': {'lat': 33.4831821, 'lng': -117.820166}}, 'location': {'lat': 33.5427189, 'lng': -117.7853568}, 'location_type': 'APPROXIMATE', 'viewport': {'northeast': {'lat': 33.610298, 'lng': -117.731183}, 'southwest': {'lat': 33.4831821, 'lng': -117.820166}}}, 'place_id': 'ChIJwSRbj8jg3IAR9tp5qDW05w0', 'types': ['locality', 'political']}], 'status': 'OK'}}"
85,cities_176,"laguna hills, CA","{'num_results': 1, 'error': None, 'data': {'results': [{'address_components': [{'long_name': 'Laguna Hills', 'short_name': 'Laguna Hills', 'types': ['locality', 'political']}, {'long_name': 'Orange County', 'short_name': 'Orange County', 'types': ['administrative_area_level_2', 'political']}, {'long_name': 'California', 'short_name': 'CA', 'types': ['administrative_area_level_1', 'political']}, {'long_name': 'United States', 'short_name': 'US', 'types': ['country', 'political']}], 'formatted_address': 'Laguna Hills, CA, USA', 'geometry': {'bounds': {'northeast': {'lat': 33.63105, 'lng': -117.6732249}, 'southwest': {'lat': 33.55737209999999, 'lng': -117.74626}}, 'location': {'lat': 33.5916433, 'lng': -117.6986604}, 'location_type': 'APPROXIMATE', 'viewport': {'northeast': {'lat': 33.63105, 'lng': -117.6732249}, 'southwest': {'lat': 33.55737209999999, 'lng': -117.74626}}}, 'navigation_points': [{'location': {'latitude': 33.5916373, 'longitude': -117.698665}}], 'place_id': 'ChIJ_fXW8sbo3IARHMFirCl_Qu8', 'types': ['locality', 'political']}], 'status': 'OK'}}"
86,cities_177,"laguna niguel, CA","{'num_results': 1, 'error': None, 'data': {'results': [{'address_components': [{'long_name': 'Laguna Niguel', 'short_name': 'Laguna Niguel', 'types': ['locality', 'political']}, {'long_name': 'Orange County', 'short_name': 'Orange County', 'types': ['administrative_area_level_2', 'political']}, {'long_name': 'California', 'short_name': 'CA', 'types': ['administrative_area_level_1', 'political']}, {'long_name': 'United States', 'short_name': 'US', 'types': ['country', 'political']}], 'formatted_address': 'Laguna Niguel, CA, USA', 'geometry': {'bounds': {'northeast': {'lat': 33.5715099, 'lng': -117.6725291}, 'southwest': {'lat': 33.487096, 'lng': -117.7401759}}, 'location': {'lat': 33.5236744, 'lng': -117.7149438}, 'location_type': 'APPROXIMATE', 'viewport': {'northeast': {'lat': 33.5715099, 'lng': -117.6725291}, 'southwest': {'lat': 33.487096, 'lng': -117.7401759}}}, 'place_id': 'ChIJE-QK6V3v3IARksS97RctAKQ', 'types': ['locality', 'political']}], 'status': 'OK'}}"
87,cities_178,"laguna woods, CA","{'num_results': 1, 'error': None, 'data': {'results': [{'address_components': [{'long_name': 'Laguna Woods', 'short_name': 'Laguna Woods', 'types': ['locality', 'political']}, {'long_name': 'Orange County', 'short_name': 'Orange County', 'types': ['administrative_area_level_2', 'political']}, {'long_name': 'California', 'short_name': 'CA', 'types': ['administrative_area_level_1', 'political']}, {'long_name': 'United States', 'short_name': 'US', 'types': ['country', 'political']}], 'formatted_address': 'Laguna Woods, CA, USA', 'geometry': {'bounds': {'northeast': {'lat': 33.626664, 'lng': -117.7015001}, 'southwest': {'lat': 33.59321, 'lng': -117.7578809}}, 'location': {'lat': 33.6101702, 'lng': -117.7251162}, 'location_type': 'APPROXIMATE', 'viewport': {'northeast': {'lat': 33.626664, 'lng': -117.7015001}, 'southwest': {'lat': 33.59321, 'lng': -117.7578809}}}, 'place_id': 'ChIJU3THRMfo3IARF9_nAQgDng0', 'types': ['locality', 'political']}], 'status': 'OK'}}"
88,cities_179,"lake forest, CA","{'num_results': 1, 'error': None, 'data': {'results': [{'address_components': [{'long_name': 'Lake Forest', 'short_name': 'Lake Forest', 'types': ['locality', 'political']}, {'long_name': 'Orange County', 'short_name': 'Orange County', 'types': ['administrative_area_level_2', 'political']}, {'long_name': 'California', 'short_name': 'CA', 'types': ['administrative_area_level_1', 'political']}, {'long_name': 'United States', 'short_name': 'US', 'types': ['country', 'political']}], 'formatted_address': 'Lake Forest, CA, USA', 'geometry': {'bounds': {'northeast': {'lat': 33.7066749, 'lng': -117.6205601}, 'southwest': {'lat': 33.606812, 'lng': -117.72704}}, 'location': {'lat': 33.6469437, 'lng': -117.6861023}, 'location_type': 'APPROXIMATE', 'viewport': {'northeast': {'lat': 33.7066749, 'lng': -117.6205601}, 'southwest': {'lat': 33.606812, 'lng': -117.72704}}}, 'place_id': 'ChIJT4TjKRno3IAR5Q82kaAzSdw', 'types': ['locality', 'political']}], 'status': 'OK'}}"
89,cities_18,"glendale, CA","{'num_results': 1, 'error': None, 'data': {'results': [{'address_components': [{'long_name': 'Glendale', 'short_name': 'Glendale', 'types': ['locality', 'political']}, {'long_name': 'Los Angeles County', 'short_name': 'Los Angeles County', 'types': ['administrative_area_level_2', 'political']}, {'long_name': 'California', 'short_name': 'CA', 'types': ['administrative_area_level_1', 'political']}, {'long_name': 'United States', 'short_name': 'US', 'types': ['country', 'political']}], 'formatted_address': 'Glendale, CA, USA', 'geometry': {'bounds': {'northeast': {'lat': 34.26720299999999, 'lng': -118.1815831}, 'southwest': {'lat': 34.118761, 'lng': -118.307812}}, 'location': {'lat': 34.1463674, 'lng': -118.2488703}, 'location_type': 'APPROXIMATE', 'viewport': {'northeast': {'lat': 34.26720299999999, 'lng': -118.1815831}, 'southwest': {'lat': 34.118761, 'lng': -118.307812}}}, 'navigation_points': [{'location': {'latitude': 34.1425717, 'longitude': -118.2556524}}], 'place_id': 'ChIJqYPwyDLAwoARpibJ_p6hP-U', 'types': ['locality', 'political']}], 'status': 'OK'}}"
90,cities_180,"los alamitos, CA","{'num_results': 1, 'error': None, 'data': {'results': [{'address_components': [{'long_name': 'Los Alamitos', 'short_name': 'Los Alamitos', 'types': ['locality', 'political']}, {'long_name': 'Orange County', 'short_name': 'Orange County', 'types': ['administrative_area_level_2', 'political']}, {'long_name': 'California', 'short_name': 'CA', 'types': ['administrative_area_level_1', 'political']}, {'long_name': 'United States', 'short_name': 'US', 'types': ['country', 'political']}], 'formatted_address': 'Los Alamitos, CA, USA', 'geometry': {'bounds': {'northeast': {'lat': 33.8196811, 'lng': -118.032768}, 'southwest': {'lat': 33.781167, 'lng': -118.093029}}, 'location': {'lat': 33.8032009, 'lng': -118.0718894}, 'location_type': 'APPROXIMATE', 'viewport': {'northeast': {'lat': 33.8196811, 'lng': -118.032768}, 'southwest': {'lat': 33.781167, 'lng': -118.093029}}}, 'place_id': 'ChIJJQtQH_Eu3YAR--qhgEZhhdQ', 'types': ['locality', 'political']}], 'status': 'OK'}}"
91,cities_181,"mission viejo, CA","{'num_results': 1, 'error': None, 'data': {'results': [{'address_components': [{'long_name': 'Mission Viejo', 'short_name': 'Mission Viejo', 'types': ['locality', 'political']}, {'long_name': 'Orange County', 'short_name': 'Orange County', 'types': ['administrative_area_level_2', 'political']}, {'long_name': 'California', 'short_name': 'CA', 'types': ['administrative_area_level_1', 'political']}, {'long_name': 'United States', 'short_name': 'US', 'types': ['country', 'political']}], 'formatted_address': 'Mission Viejo, CA, USA', 'geometry': {'bounds': {'northeast': {'lat': 33.672797, 'lng': -117.6196151}, 'southwest': {'lat': 33.533833, 'lng': -117.695878}}, 'location': {'lat': 33.5968913, 'lng': -117.6581562}, 'location_type': 'APPROXIMATE', 'viewport': {'northeast': {'lat': 33.672797, 'lng': -117.6196151}, 'southwest': {'lat': 33.533833, 'lng': -117.695878}}}, 'place_id': 'ChIJm329k6_C3IARNEgxTpKFYic', 'types': ['locality', 'political']}], 'status': 'OK'}}"
92,cities_182,"newport beach, CA","{'num_results': 1, 'error': None, 'data': {'results': [{'address_components': [{'long_name': 'Newport Beach', 'short_name': 'Newport Beach', 'types': ['locality', 'political']}, {'long_name': 'Orange County', 'short_name': 'Orange County', 'types': ['administrative_area_level_2', 'political']}, {'long_name': 'California', 'short_name': 'CA', 'types': ['administrative_area_level_1', 'political']}, {'long_name': 'United States', 'short_name': 'US', 'types': ['country', 'political']}], 'formatted_address': 'Newport Beach, CA, USA', 'geometry': {'bounds': {'northeast': {'lat': 33.671747, 'lng': -117.7838831}, 'southwest': {'lat': 33.535371, 'lng': -117.988741}}, 'location': {'lat': 33.6041944, 'lng': -117.8738554}, 'location_type': 'APPROXIMATE', 'viewport': {'northeast': {'lat': 33.671747, 'lng': -117.7838831}, 'southwest': {'lat': 33.535371, 'lng': -117.988741}}}, 'place_id': 'ChIJ3bO_xLbo3IARvVmLZFSVVPE', 'types': ['locality', 'political']}], 'status': 'OK'}}"
93,cities_183,"orange, CA","{'num_results': 1, 'error': None, 'data': {'results': [{'address_components': [{'long_name': 'Orange', 'short_name': 'Orange', 'types': ['locality', 'political']}, {'long_name': 'Orange County', 'short_name': 'Orange County', 'types': ['administrative_area_level_2', 'political']}, {'long_name': 'California', 'short_name': 'CA', 'types': ['administrative_area_level_1', 'political']}, {'long_name': 'United States', 'short_name': 'US', 'types': ['country', 'political']}], 'formatted_address': 'Orange, CA, USA', 'geometry': {'bounds': {'northeast': {'lat': 33.8471301, 'lng': -117.729776}, 'southwest': {'lat': 33.7678349, 'lng': -117.904734}}, 'location': {'lat': 33.7879085, 'lng': -117.855281}, 'location_type': 'APPROXIMATE', 'viewport': {'northeast': {'lat': 33.8471301, 'lng': -117.729776}, 'southwest': {'lat': 33.7678349, 'lng': -117.904734}}}, 'place_id': 'ChIJr4p1a6nQ3IARvtTvgHJPYiI', 'types': ['locality', 'political']}], 'status': 'OK'}}"
94,cities_184,"placentia, CA","{'num_results': 1, 'error': None, 'data': {'results': [{'address_components': [{'long_name': 'Placentia', 'short_name': 'Placentia', 'types': ['locality', 'political']}, {'long_name': 'Orange County', 'short_name': 'Orange County', 'types': ['administrative_area_level_2', 'political']}, {'long_name': 'California', 'short_name': 'CA', 'types': ['administrative_area_level_1', 'political']}, {'long_name': 'United States', 'short_name': 'US', 'types': ['country', 'political']}, {'long_name': '92870', 'short_name': '92870', 'types': ['postal_code']}], 'formatted_address': 'Placentia, CA 92870, USA', 'geometry': {'bounds': {'northeast': {'lat': 33.9101949, 'lng': -117.8164365}, 'southwest': {'lat': 33.85360380000001, 'lng': -117.8850227}}, 'location': {'lat': 33.8710317, 'lng': -117.8628096}, 'location_type': 'APPROXIMATE', 'viewport': {'northeast': {'lat': 33.9101949, 'lng': -117.8164365}, 'southwest': {'lat': 33.85360380000001, 'lng': -117.8850227}}}, 'place_id': 'ChIJmUH7xR7U3IARWBeNFCur1A0', 'types': ['locality', 'political']}], 'status': 'OK'}}"
95,cities_185,"rancho santa margarita, CA","{'num_results': 1, 'error': None, 'data': {'results': [{'address_components': [{'long_name': 'Rancho Santa Margarita', 'short_name': 'Rancho Santa Margarita', 'types': ['locality', 'political']}, {'long_name': 'Orange County', 'short_name': 'Orange County', 'types': ['administrative_area_level_2', 'political']}, {'long_name': 'California', 'short_name': 'CA', 'types': ['administrative_area_level_1', 'political']}, {'long_name': 'United States', 'short_name': 'US', 'types': ['country', 'political']}], 'formatted_address': 'Rancho Santa Margarita, CA, USA', 'geometry': {'bounds': {'northeast': {'lat': 33.6698419, 'lng': -117.552025}, 'southwest': {'lat': 33.58597, 'lng': -117.6374509}}, 'location': {'lat': 33.640171, 'lng': -117.602832}, 'location_type': 'APPROXIMATE', 'viewport': {'northeast': {'lat': 33.6698419, 'lng': -117.552025}, 'southwest': {'lat': 33.58597, 'lng': -117.6374509}}}, 'place_id': 'ChIJbTmTWJzr3IARlqst5hfsH7A', 'types': ['locality', 'political']}], 'status': 'OK'}}"
96,cities_186,"san clemente, CA","{'num_results': 1, 'error': None, 'data': {'results': [{'address_components': [{'long_name': 'San Clemente', 'short_name': 'San Clemente', 'types': ['locality', 'political']}, {'long_name': 'Orange County', 'short_name': 'Orange County', 'types': ['administrative_area_level_2', 'political']}, {'long_name': 'California', 'short_name': 'CA', 'types': ['administrative_area_level_1', 'political']}, {'long_name': 'United States', 'short_name': 'US', 'types': ['country', 'political']}], 'formatted_address': 'San Clemente, CA, USA', 'geometry': {'bounds': {'northeast': {'lat': 33.49083299999999, 'lng': -117.5711811}, 'southwest': {'lat': 33.383629, 'lng': -117.666447}}, 'location': {'lat': 33.4273521, 'lng': -117.6126004}, 'location_type': 'APPROXIMATE', 'viewport': {'northeast': {'lat': 33.49083299999999, 'lng': -117.5711811}, 'southwest': {'lat': 33.383629, 'lng': -117.666447}}}, 'place_id': 'ChIJn1YpWVv03IARv3vMFEgFJjo', 'types': ['locality', 'political']}], 'status': 'OK'}}"
97,cities_187,"san juan capistrano, CA","{'num_results': 1, 'error': None, 'data': {'results': [{'address_components': [{'long_name': 'San Juan Capistrano', 'short_name': 'San Juan Capistrano', 'types': ['locality', 'political']}, {'long_name': 'Orange County', 'short_name': 'Orange County', 'types': ['administrative_area_level_2', 'political']}, {'long_name': 'California', 'short_name': 'CA', 'types': ['administrative_area_level_1', 'political']}, {'long_name': 'United States', 'short_name': 'US', 'types': ['country', 'political']}], 'formatted_address': 'San Juan Capistrano, CA, USA', 'geometry': {'bounds': {'northeast': {'lat': 33.546175, 'lng': -117.610741}, 'southwest': {'lat': 33.4664901, 'lng': -117.686633}}, 'location': {'lat': 33.5019027, 'lng': -117.6627655}, 'location_type': 'APPROXIMATE', 'viewport': {'northeast': {'lat': 33.546175, 'lng': -117.610741}, 'southwest': {'lat': 33.4664901, 'lng': -117.686633}}}, 'place_id': 'ChIJ9wxgAUTt3IARk42-Je8q6BY', 'types': ['locality', 'political']}], 'status': 'OK'}}"
98,cities_188,"santa ana, CA","{'num_results': 1, 'error': None, 'data': {'results': [{'address_components': [{'long_name': 'Santa Ana', 'short_name': 'Santa Ana', 'types': ['locality', 'political']}, {'long_name': 'Orange County', 'short_name': 'Orange County', 'types': ['administrative_area_level_2', 'political']}, {'long_name': 'California', 'short_name': 'CA', 'types': ['administrative_area_level_1', 'political']}, {'long_name': 'United States', 'short_name': 'US', 'types': ['country', 'political']}], 'formatted_address': 'Santa Ana, CA, USA', 'geometry': {'bounds': {'northeast': {'lat': 33.784012, 'lng': -117.8302569}, 'southwest': {'lat': 33.691939, 'lng': -117.943945}}, 'location': {'lat': 33.7454725, 'lng': -117.867653}, 'location_type': 'APPROXIMATE', 'viewport': {'northeast': {'lat': 33.784012, 'lng': -117.8302569}, 'southwest': {'lat': 33.691939, 'lng': -117.943945}}}, 'place_id': 'ChIJhTCCbJXb3IARvP0eHzqET8c', 'types': ['locality', 'political']}], 'status': 'OK'}}"
99,cities_189,"seal beach, CA","{'num_results': 1, 'error': None, 'data': {'results': [{'address_components': [{'long_name': 'Seal Beach', 'short_name': 'Seal Beach', 'types': ['locality', 'political']}, {'long_name': 'Orange County', 'short_name': 'Orange County', 'types': ['administrative_area_level_2', 'political']}, {'long_name': 'California', 'short_name': 'CA', 'types': ['administrative_area_level_1', 'political']}, {'long_name': 'United States', 'short_name': 'US', 'types': ['country', 'political']}], 'formatted_address': 'Seal Beach, CA, USA', 'geometry': {'bounds': {'northeast': {'lat': 33.7875701, 'lng': -118.0416801}, 'southwest': {'lat': 33.723107, 'lng': -118.117803}}, 'location': {'lat': 33.7414085, 'lng': -118.1047682}, 'location_type': 'APPROXIMATE', 'viewport': {'northeast': {'lat': 33.7875701, 'lng': -118.0416801}, 'southwest': {'lat': 33.723107, 'lng': -118.117803}}}, 'place_id': 'ChIJMWN2ONje3IARFZQnbuxw_D0', 'types': ['locality', 'political']}], 'status': 'OK'}}"
100,cities_19,"glendora, CA","{'num_results': 1, 'error': None, 'data': {'results': [{'address_components': [{'long_name': 'Glendora', 'short_name': 'Glendora', 'types': ['locality', 'political']}, {'long_name': 'Los Angeles County', 'short_name': 'Los Angeles County', 'types': ['administrative_area_level_2', 'political']}, {'long_name': 'California', 'short_name': 'CA', 'types': ['administrative_area_level_1', 'political']}, {'long_name': 'United States', 'short_name': 'US', 'types': ['country', 'political']}], 'formatted_address': 'Glendora, CA, USA', 'geometry': {'bounds': {'northeast': {'lat': 34.179662, 'lng': -117.7938421}, 'southwest': {'lat': 34.105475, 'lng': -117.8900531}}, 'location': {'lat': 34.1361187, 'lng': -117.865339}, 'location_type': 'APPROXIMATE', 'viewport': {'northeast': {'lat': 34.179662, 'lng': -117.7938421}, 'southwest': {'lat': 34.105475, 'lng': -117.8900531}}}, 'place_id': 'ChIJX7Ts8w0mw4AR7I7B-b7UyPA', 'types': ['locality', 'political']}], 'status': 'OK'}}"
101,cities_190,"stanton, CA","{'num_results': 1, 'error': None, 'data': {'results': [{'address_components': [{'long_name': 'Stanton', 'short_name': 'Stanton', 'types': ['locality', 'political']}, {'long_name': 'Orange County', 'short_name': 'Orange County', 'types': ['administrative_area_level_2', 'political']}, {'long_name': 'California', 'short_name': 'CA', 'types': ['administrative_area_level_1', 'political']}, {'long_name': 'United States', 'short_name': 'US', 'types': ['country', 'political']}], 'formatted_address': 'Stanton, CA, USA', 'geometry': {'bounds': {'northeast': {'lat': 33.815772, 'lng': -117.967575}, 'southwest': {'lat': 33.77373, 'lng': -118.018188}}, 'location': {'lat': 33.8028875, 'lng': -117.9931203}, 'location_type': 'APPROXIMATE', 'viewport': {'northeast': {'lat': 33.815772, 'lng': -101.8046844}, 'southwest': {'lat': 32.1374902, 'lng': -118.018188}}}, 'place_id': 'ChIJA5JEvuEo3YARxVzDrBeHKZc', 'types': ['locality', 'political']}], 'status': 'OK'}}"
102,cities_191,"tustin, CA","{'num_results': 1, 'error': None, 'data': {'results': [{'address_components': [{'long_name': 'Tustin', 'short_name': 'Tustin', 'types': ['locality', 'political']}, {'long_name': 'Orange County', 'short_name': 'Orange County', 'types': ['administrative_area_level_2', 'political']}, {'long_name': 'California', 'short_name': 'CA', 'types': ['administrative_area_level_1', 'political']}, {'long_name': 'United States', 'short_name': 'US', 'types': ['country', 'political']}], 'formatted_address': 'Tustin, CA, USA', 'geometry': {'bounds': {'northeast': {'lat': 33.777971, 'lng': -117.75853}, 'southwest': {'lat': 33.693466, 'lng': -117.8446501}}, 'location': {'lat': 33.7420005, 'lng': -117.8236391}, 'location_type': 'APPROXIMATE', 'viewport': {'northeast': {'lat': 33.777971, 'lng': -117.75853}, 'southwest': {'lat': 33.693466, 'lng': -117.8446501}}}, 'place_id': 'ChIJSzbuqjfD3IARckzIEB2RVeg', 'types': ['locality', 'political']}], 'status': 'OK'}}"
103,cities_192,"villa park, CA","{'num_results': 1, 'error': None, 'data': {'results': [{'address_components': [{'long_name': 'Villa Park', 'short_name': 'Villa Park', 'types': ['locality', 'political']}, {'long_name': 'Orange County', 'short_name': 'Orange County', 'types': ['administrative_area_level_2', 'political']}, {'long_name': 'California', 'short_name': 'CA', 'types': ['administrative_area_level_1', 'political']}, {'long_name': 'United States', 'short_name': 'US', 'types': ['country', 'political']}], 'formatted_address': 'Villa Park, CA, USA', 'geometry': {'bounds': {'northeast': {'lat': 33.831939, 'lng': -117.793625}, 'southwest': {'lat': 33.8022599, 'lng': -117.8271631}}, 'location': {'lat': 33.81400620000001, 'lng': -117.8220723}, 'location_type': 'APPROXIMATE', 'viewport': {'northeast': {'lat': 33.831939, 'lng': -117.793625}, 'southwest': {'lat': 33.8022599, 'lng': -117.8271631}}}, 'place_id': 'ChIJ7dqrGL3Q3IARSBj3eKxeSTE', 'types': ['locality', 'political']}], 'status': 'OK'}}"
104,cities_193,"westminster, CA","{'num_results': 1, 'error': None, 'data': {'results': [{'address_components': [{'long_name': 'Westminster', 'short_name': 'Westminster', 'types': ['locality', 'political']}, {'long_name': 'Orange County', 'short_name': 'Orange County', 'types': ['administrative_area_level_2', 'political']}, {'long_name': 'California', 'short_name': 'CA', 'types': ['administrative_area_level_1', 'political']}, {'long_name': 'United States', 'short_name': 'US', 'types': ['country', 'political']}], 'formatted_address': 'Westminster, CA, USA', 'geometry': {'bounds': {'northeast': {'lat': 33.774098, 'lng': -117.944622}, 'southwest': {'lat': 33.71984310000001, 'lng': -118.043037}}, 'location': {'lat': 33.7591757, 'lng': -117.9897058}, 'location_type': 'APPROXIMATE', 'viewport': {'northeast': {'lat': 33.774098, 'lng': -117.944622}, 'southwest': {'lat': 33.71984310000001, 'lng': -118.043037}}}, 'place_id': 'ChIJo7W_R2rZ3IARQ9L86fjkp0s', 'types': ['locality', 'political']}], 'status': 'OK'}}"
105,cities_194,"yorba linda, CA","{'num_results': 1, 'error': None, 'data': {'results': [{'address_components': [{'long_name': 'Yorba Linda', 'short_name': 'Yorba Linda', 'types': ['locality', 'political']}, {'long_name': 'Orange County', 'short_name': 'Orange County', 'types': ['administrative_area_level_2', 'political']}, {'long_name': 'California', 'short_name': 'CA', 'types': ['administrative_area_level_1', 'political']}, {'long_name': 'United States', 'short_name': 'US', 'types': ['country', 'political']}], 'formatted_address': 'Yorba Linda, CA, USA', 'geometry': {'bounds': {'northeast': {'lat': 33.91843910000001, 'lng': -117.683581}, 'southwest': {'lat': 33.863475, 'lng': -117.8458318}}, 'location': {'lat': 33.88850350000001, 'lng': -117.8132571}, 'location_type': 'APPROXIMATE', 'viewport': {'northeast': {'lat': 33.91843910000001, 'lng': -117.683581}, 'southwest': {'lat': 33.863475, 'lng': -117.8458318}}}, 'navigation_points': [{'location': {'latitude': 33.8881449, 'longitude': -117.813686}}], 'place_id': 'ChIJe6lY0Soow4ARSVAD1lXVb_Q', 'types': ['locality', 'political']}], 'status': 'OK'}}"
106,cities_195,"westmorland, CA","{'num_results': 1, 'error': None, 'data': {'results': [{'address_components': [{'long_name': 'Westmorland', 'short_name': 'Westmorland', 'types': ['locality', 'political']}, {'long_name': 'Imperial County', 'short_name': 'Imperial County', 'types': ['administrative_area_level_2', 'political']}, {'long_name': 'California', 'short_name': 'CA', 'types': ['administrative_area_level_1', 'political']}, {'long_name': 'United States', 'short_name': 'US', 'types': ['country', 'political']}], 'formatted_address': 'Westmorland, CA, USA', 'geometry': {'bounds': {'northeast': {'lat': 33.0482349, 'lng': -115.6127759}, 'southwest': {'lat': 33.030065, 'lng': -115.630151}}, 'location': {'lat': 33.0372674, 'lng': -115.6213817}, 'location_type': 'APPROXIMATE', 'viewport': {'northeast': {'lat': 33.0482349, 'lng': -115.6127759}, 'southwest': {'lat': 33.030065, 'lng': -115.630151}}}, 'place_id': 'ChIJxbbW61hW14ARpxmQQdXIhBE', 'types': ['locality', 'political']}], 'status': 'OK'}}"
107,cities_196,"el centro, CA","{'num_results': 1, 'error': None, 'data': {'results': [{'address_components': [{'long_name': 'El Centro', 'short_name': 'El Centro', 'types': ['locality', 'political']}, {'long_name': 'Imperial County', 'short_name': 'Imperial County', 'types': ['administrative_area_level_2', 'political']}, {'long_name': 'California', 'short_name': 'CA', 'types': ['administrative_area_level_1', 'political']}, {'long_name': 'United States', 'short_name': 'US', 'types': ['country', 'political']}], 'formatted_address': 'El Centro, CA, USA', 'geometry': {'bounds': {'northeast': {'lat': 32.818357, 'lng': -115.518396}, 'southwest': {'lat': 32.745193, 'lng': -115.595019}}, 'location': {'lat': 32.792, 'lng': -115.5630514}, 'location_type': 'APPROXIMATE', 'viewport': {'northeast': {'lat': 32.818357, 'lng': -115.518396}, 'southwest': {'lat': 32.745193, 'lng': -115.595019}}}, 'place_id': 'ChIJvbtCJpxf14ARr_2fJLhIBMs', 'types': ['locality', 'political']}], 'status': 'OK'}}"
108,cities_197,"imperial, CA","{'num_results': 1, 'error': None, 'data': {'results': [{'address_components': [{'long_name': 'Imperial', 'short_name': 'Imperial', 'types': ['locality', 'political']}, {'long_name': 'Imperial County', 'short_name': 'Imperial County', 'types': ['administrative_area_level_2', 'political']}, {'long_name': 'California', 'short_name': 'CA', 'types': ['administrative_area_level_1', 'political']}, {'long_name': 'United States', 'short_name': 'US', 'types': ['country', 'political']}], 'formatted_address': 'Imperial, CA, USA', 'geometry': {'bounds': {'northeast': {'lat': 32.8764461, 'lng': -115.535695}, 'southwest': {'lat': 32.818263, 'lng': -115.5949921}}, 'location': {'lat': 32.8475528, 'lng': -115.5694391}, 'location_type': 'APPROXIMATE', 'viewport': {'northeast': {'lat': 32.8764461, 'lng': -115.535695}, 'southwest': {'lat': 32.818263, 'lng': -115.5949921}}}, 'place_id': 'ChIJpX7dJNld14ARVqDe6SEXZO8', 'types': ['locality', 'political']}], 'status': 'OK'}}"
109,cities_198,"holtville, CA","{'num_results': 1, 'error': None, 'data': {'results': [{'address_components': [{'long_name': 'Holtville', 'short_name': 'Holtville', 'types': ['locality', 'political']}, {'long_name': 'Imperial County', 'short_name': 'Imperial County', 'types': ['administrative_area_level_2', 'political']}, {'long_name': 'California', 'short_name': 'CA', 'types': ['administrative_area_level_1', 'political']}, {'long_name': 'United States', 'short_name': 'US', 'types': ['country', 'political']}, {'long_name': '92250', 'short_name': '92250', 'types': ['postal_code']}], 'formatted_address': 'Holtville, CA 92250, USA', 'geometry': {'bounds': {'northeast': {'lat': 32.8202049, 'lng': -115.3628409}, 'southwest': {'lat': 32.8022729, 'lng': -115.394647}}, 'location': {'lat': 32.8111612, 'lng': -115.3802643}, 'location_type': 'APPROXIMATE', 'viewport': {'northeast': {'lat': 32.8202049, 'lng': -115.3628409}, 'southwest': {'lat': 32.8022729, 'lng': -115.394647}}}, 'place_id': 'ChIJ5YhQmhkU14ARTAUs-nOdytw', 'types': ['locality', 'political']}], 'status': 'OK'}}"
110,cities_199,"calipatria, CA","{'num_results': 1, 'error': None, 'data': {'results': [{'address_components': [{'long_name': 'Calipatria', 'short_name': 'Calipatria', 'types': ['locality', 'political']}, {'long_name': 'Imperial County', 'short_name': 'Imperial County', 'types': ['administrative_area_level_2', 'political']}, {'long_name': 'California', 'short_name': 'CA', 'types': ['administrative_area_level_1', 'political']}, {'long_name': 'United States', 'short_name': 'US', 'types': ['country', 'political']}, {'long_name': '92233', 'short_name': '92233', 'types': ['postal_code']}], 'formatted_address': 'Calipatria, CA 92233, USA', 'geometry': {'bounds': {'northeast': {'lat': 33.1765891, 'lng': -115.475908}, 'southwest': {'lat': 33.1130799, 'lng': -115.5537759}}, 'location': {'lat': 33.1255957, 'lng': -115.5141538}, 'location_type': 'APPROXIMATE', 'viewport': {'northeast': {'lat': 33.1765891, 'lng': -115.475908}, 'southwest': {'lat': 33.1130799, 'lng': -115.5537759}}}, 'place_id': 'ChIJXXQBVldS14ARUH1FVhQbprM', 'types': ['locality', 'political']}], 'status': 'OK'}}"
111,cities_2,"alhambra, CA","{'num_results': 1, 'error': None, 'data': {'results': [{'address_components': [{'long_name': 'Alhambra', 'short_name': 'Alhambra', 'types': ['locality', 'political']}, {'long_name': 'Los Angeles County', 'short_name': 'Los Angeles County', 'types': ['administrative_area_level_2', 'political']}, {'long_name': 'California', 'short_name': 'CA', 'types': ['administrative_area_level_1', 'political']}, {'long_name': 'United States', 'short_name': 'US', 'types': ['country', 'political']}], 'formatted_address': 'Alhambra, CA, USA', 'geometry': {'bounds': {'northeast': {'lat': 34.1111459, 'lng': -118.108181}, 'southwest': {'lat': 34.060043, 'lng': -118.1652931}}, 'location': {'lat': 34.0927549, 'lng': -118.1268211}, 'location_type': 'APPROXIMATE', 'viewport': {'northeast': {'lat': 34.1111459, 'lng': -118.108181}, 'southwest': {'lat': 34.060043, 'lng': -118.1652931}}}, 'place_id': 'ChIJIbZmgz3FwoARZkZyerE4-Ns', 'types': ['locality', 'political']}], 'status': 'OK'}}"
112,cities_20,"huntington park, CA","{'num_results': 1, 'error': None, 'data': {'results': [{'address_components': [{'long_name': 'Huntington Park', 'short_name': 'Huntington Park', 'types': ['locality', 'political']}, {'long_name': 'Los Angeles County', 'short_name': 'Los Angeles County', 'types': ['administrative_area_level_2', 'political']}, {'long_name': 'California', 'short_name': 'CA', 'types': ['administrative_area_level_1', 'political']}, {'long_name': 'United States', 'short_name': 'US', 'types': ['country', 'political']}], 'formatted_address': 'Huntington Park, CA, USA', 'geometry': {'bounds': {'northeast': {'lat': 33.996216, 'lng': -118.189033}, 'southwest': {'lat': 33.9615771, 'lng': -118.2390209}}, 'location': {'lat': 33.9792805, 'lng': -118.2191062}, 'location_type': 'APPROXIMATE', 'viewport': {'northeast': {'lat': 33.996216, 'lng': -118.189033}, 'southwest': {'lat': 33.9615771, 'lng': -118.2390209}}}, 'place_id': 'ChIJhcU5VjDJwoARDNU_kUzPP0w', 'types': ['locality', 'political']}], 'status': 'OK'}}"
113,cities_200,"brawley, CA","{'num_results': 1, 'error': None, 'data': {'results': [{'address_components': [{'long_name': 'Brawley', 'short_name': 'Brawley', 'types': ['locality', 'political']}, {'long_name': 'Imperial County', 'short_name': 'Imperial County', 'types': ['administrative_area_level_2', 'political']}, {'long_name': 'California', 'short_name': 'CA', 'types': ['administrative_area_level_1', 'political']}, {'long_name': 'United States', 'short_name': 'US', 'types': ['country', 'political']}, {'long_name': '92227', 'short_name': '92227', 'types': ['postal_code']}], 'formatted_address': 'Brawley, CA 92227, USA', 'geometry': {'bounds': {'northeast': {'lat': 33.0221181, 'lng': -115.500553}, 'southwest': {'lat': 32.951845, 'lng': -115.569976}}, 'location': {'lat': 32.9786566, 'lng': -115.530267}, 'location_type': 'APPROXIMATE', 'viewport': {'northeast': {'lat': 33.0221181, 'lng': -115.500553}, 'southwest': {'lat': 32.951845, 'lng': -115.569976}}}, 'place_id': 'ChIJdZIog5RP14AR8djOTTicqrE', 'types': ['locality', 'political']}], 'status': 'OK'}}"
114,cities_201,"calexico, CA","{'num_results': 1, 'error': None, 'data': {'results': [{'address_components': [{'long_name': 'Calexico', 'short_name': 'Calexico', 'types': ['locality', 'political']}, {'long_name': 'Imperial County', 'short_name': 'Imperial County', 'types': ['administrative_area_level_2', 'political']}, {'long_name': 'California', 'short_name': 'CA', 'types': ['administrative_area_level_1', 'political']}, {'long_name': 'United States', 'short_name': 'US', 'types': ['country', 'political']}], 'formatted_address': 'Calexico, CA, USA', 'geometry': {'bounds': {'northeast': {'lat': 32.708945, 'lng': -115.455487}, 'southwest': {'lat': 32.6621554, 'lng': -115.533567}}, 'location': {'lat': 32.6789476, 'lng': -115.4988834}, 'location_type': 'APPROXIMATE', 'viewport': {'northeast': {'lat': 32.708945, 'lng': -115.455487}, 'southwest': {'lat': 32.6621554, 'lng': -115.533567}}}, 'place_id': 'ChIJBZvPqtJl14ARl7hvYSwwTl4', 'types': ['locality', 'political']}], 'status': 'OK'}}"
115,cities_202,"ventura unincorporated area, CA","{'num_results': 1, 'error': None, 'data': {'results': [{'address_components': [{'long_name': 'Ventura', 'short_name': 'Ventura', 'types': ['locality', 'political']}, {'long_name': 'Ventura County', 'short_name': 'Ventura County', 'types': ['administrative_area_level_2', 'political']}, {'long_name': 'California', 'short_name': 'CA', 'types': ['administrative_area_level_1', 'political']}, {'long_name': 'United States', 'short_name': 'US', 'types': ['country', 'political']}], 'formatted_address': 'Ventura, CA, USA', 'geometry': {'bounds': {'northeast': {'lat': 34.3714891, 'lng': -119.1452641}, 'southwest': {'lat': 34.233969, 'lng': -119.348771}}, 'location': {'lat': 34.2808409, 'lng': -119.2931259}, 'location_type': 'APPROXIMATE', 'viewport': {'northeast': {'lat': 34.3714891, 'lng': -119.1452641}, 'southwest': {'lat': 34.233969, 'lng': -119.348771}}}, 'partial_match': True, 'place_id': 'ChIJTTmXUBWt6YAR6Op6Nnz17yQ', 'types': ['locality', 'political']}], 'status': 'OK'}}"
116,cities_203,"san bernardino unincorporated area, CA","{'num_results': 1, 'error': None, 'data': {'results': [{'address_components': [{'long_name': 'San Bernardino', 'short_name': 'San Bernardino', 'types': ['locality', 'political']}, {'long_name': 'San Bernardino County', 'short_name': 'San Bernardino County', 'types': ['administrative_area_level_2', 'political']}, {'long_name': 'California', 'short_name': 'CA', 'types': ['administrative_area_level_1', 'political']}, {'long_name': 'United States', 'short_name': 'US', 'types': ['country', 'political']}], 'formatted_address': 'San Bernardino, CA, USA', 'geometry': {'bounds': {'northeast': {'lat': 34.2425741, 'lng': -117.1650681}, 'southwest': {'lat': 34.050505, 'lng': -117.443116}}, 'location': {'lat': 34.1045589, 'lng': -117.291869}, 'location_type': 'APPROXIMATE', 'viewport': {'northeast': {'lat': 34.2425741, 'lng': -117.1650681}, 'southwest': {'lat': 34.050505, 'lng': -117.443116}}}, 'partial_match': True, 'place_id': 'ChIJ87j94n1Tw4ARjcKHjHjGZyg', 'types': ['locality', 'political']}], 'status': 'OK'}}"
117,cities_204,"riverside unincorporated area, CA","{'num_results': 1, 'error': None, 'data': {'results': [{'address_components': [{'long_name': 'Riverside', 'short_name': 'Riverside', 'types': ['locality', 'political']}, {'long_name': 'Riverside County', 'short_name': 'Riverside County', 'types': ['administrative_area_level_2', 'political']}, {'long_name': 'California', 'short_name': 'CA', 'types': ['administrative_area_level_1', 'political']}, {'long_name': 'United States', 'short_name': 'US', 'types': ['country', 'political']}], 'formatted_address': 'Riverside, CA, USA', 'geometry': {'bounds': {'northeast': {'lat': 34.01936600000001, 'lng': -117.27893}, 'southwest': {'lat': 33.8725919, 'lng': -117.523866}}, 'location': {'lat': 33.9806005, 'lng': -117.3754942}, 'location_type': 'APPROXIMATE', 'viewport': {'northeast': {'lat': 34.01936600000001, 'lng': -117.27893}, 'southwest': {'lat': 33.8725919, 'lng': -117.523866}}}, 'partial_match': True, 'place_id': 'ChIJu330f9-m3IAR6ApeEwXXofc', 'types': ['locality', 'political']}], 'status': 'OK'}}"
118,cities_205,"orange unincorporated area, CA","{'num_results': 1, 'error': None, 'data': {'results': [{'address_components': [{'long_name': 'Orange', 'short_name': 'Orange', 'types': ['locality', 'political']}, {'long_name': 'Orange County', 'short_name': 'Orange County', 'types': ['administrative_area_level_2', 'political']}, {'long_name': 'California', 'short_name': 'CA', 'types': ['administrative_area_level_1', 'political']}, {'long_name': 'United States', 'short_name': 'US', 'types': ['country', 'political']}], 'formatted_address': 'Orange, CA, USA', 'geometry': {'bounds': {'northeast': {'lat': 33.8471301, 'lng': -117.729776}, 'southwest': {'lat': 33.7678349, 'lng': -117.904734}}, 'location': {'lat': 33.7879085, 'lng': -117.855281}, 'location_type': 'APPROXIMATE', 'viewport': {'northeast': {'lat': 33.8471301, 'lng': -117.729776}, 'southwest': {'lat': 33.7678349, 'lng': -117.904734}}}, 'partial_match': True, 'place_id': 'ChIJr4p1a6nQ3IARvtTvgHJPYiI', 'types': ['locality', 'political']}], 'status': 'OK'}}"
119,cities_206,"imperial unincorporated area, CA","{'num_results': 1, 'error': None, 'data': {'results': [{'address_components': [{'long_name': 'Imperial', 'short_name': 'Imperial', 'types': ['locality', 'political']}, {'long_name': 'Imperial County', 'short_name': 'Imperial County', 'types': ['administrative_area_level_2', 'political']}, {'long_name': 'California', 'short_name': 'CA', 'types': ['administrative_area_level_1', 'political']}, {'long_name': 'United States', 'short_name': 'US', 'types': ['country', 'political']}], 'formatted_address': 'Imperial, CA, USA', 'geometry': {'bounds': {'northeast': {'lat': 32.8764461, 'lng': -115.535695}, 'southwest': {'lat': 32.818263, 'lng': -115.5949921}}, 'location': {'lat': 32.8475528, 'lng': -115.5694391}, 'location_type': 'APPROXIMATE', 'viewport': {'northeast': {'lat': 32.8764461, 'lng': -115.535695}, 'southwest': {'lat': 32.818263, 'lng': -115.5949921}}}, 'partial_match': True, 'place_id': 'ChIJpX7dJNld14ARVqDe6SEXZO8', 'types': ['locality', 'political']}], 'status': 'OK'}}"
120,cities_21,"industry, CA","{'num_results': 1, 'error': None, 'data': {'results': [{'address_components': [{'long_name': 'City of Industry', 'short_name': 'City of Industry', 'types': ['locality', 'political']}, {'long_name': 'Los Angeles County', 'short_name': 'Los Angeles County', 'types': ['administrative_area_level_2', 'political']}, {'long_name': 'California', 'short_name': 'CA', 'types': ['administrative_area_level_1', 'political']}, {'long_name': 'United States', 'short_name': 'US', 'types': ['country', 'political']}], 'formatted_address': 'City of Industry, CA, USA', 'geometry': {'bounds': {'northeast': {'lat': 34.064094, 'lng': -117.8201999}, 'southwest': {'lat': 33.989372, 'lng': -118.057504}}, 'location': {'lat': 34.0197335, 'lng': -117.9586754}, 'location_type': 'APPROXIMATE', 'viewport': {'northeast': {'lat': 34.064094, 'lng': -117.8201999}, 'southwest': {'lat': 33.989372, 'lng': -118.057504}}}, 'place_id': 'ChIJpTpWIA_WwoARYnTqyCoWLIs', 'types': ['locality', 'political']}], 'status': 'OK'}}"
121,cities_22,"la puente, CA","{'num_results': 1, 'error': None, 'data': {'results': [{'address_components': [{'long_name': 'La Puente', 'short_name': 'La Puente', 'types': ['locality', 'political']}, {'long_name': 'Los Angeles County', 'short_name': 'Los Angeles County', 'types': ['administrative_area_level_2', 'political']}, {'long_name': 'California', 'short_name': 'CA', 'types': ['administrative_area_level_1', 'political']}, {'long_name': 'United States', 'short_name': 'US', 'types': ['country', 'political']}], 'formatted_address': 'La Puente, CA, USA', 'geometry': {'bounds': {'northeast': {'lat': 34.057378, 'lng': -117.9206831}, 'southwest': {'lat': 34.009031, 'lng': -117.985504}}, 'location': {'lat': 34.0200114, 'lng': -117.9495083}, 'location_type': 'APPROXIMATE', 'viewport': {'northeast': {'lat': 34.057378, 'lng': -117.9206831}, 'southwest': {'lat': 34.009031, 'lng': -117.985504}}}, 'place_id': 'ChIJGbd3VkbWwoARlwhuaE5h9TM', 'types': ['locality', 'political']}], 'status': 'OK'}}"
122,cities_23,"lancaster, CA","{'num_results': 1, 'error': None, 'data': {'results': [{'address_components': [{'long_name': 'Lancaster', 'short_name': 'Lancaster', 'types': ['locality', 'political']}, {'long_name': 'Los Angeles County', 'short_name': 'Los Angeles County', 'types': ['administrative_area_level_2', 'political']}, {'long_name': 'California', 'short_name': 'CA', 'types': ['administrative_area_level_1', 'political']}, {'long_name': 'United States', 'short_name': 'US', 'types': ['country', 'political']}], 'formatted_address': 'Lancaster, CA, USA', 'geometry': {'bounds': {'northeast': {'lat': 34.769147, 'lng': -117.938669}, 'southwest': {'lat': 34.6309439, 'lng': -118.325176}}, 'location': {'lat': 34.703947, 'lng': -118.1481016}, 'location_type': 'APPROXIMATE', 'viewport': {'northeast': {'lat': 34.769147, 'lng': -117.938669}, 'southwest': {'lat': 34.6309439, 'lng': -118.325176}}}, 'navigation_points': [{'location': {'latitude': 34.6866736, 'longitude': -118.1546669}}], 'place_id': 'ChIJQYDoaLFawoARBz4Lfc9yxFg', 'types': ['locality', 'political']}], 'status': 'OK'}}"
123,cities_24,"artesia, CA","{'num_results': 1, 'error': None, 'data': {'results': [{'address_components': [{'long_name': 'Artesia', 'short_name': 'Artesia', 'types': ['locality', 'political']}, {'long_name': 'Los Angeles County', 'short_name': 'Los Angeles County', 'types': ['administrative_area_level_2', 'political']}, {'long_name': 'California', 'short_name': 'CA', 'types': ['administrative_area_level_1', 'political']}, {'long_name': 'United States', 'short_name': 'US', 'types': ['country', 'political']}, {'long_name': '90701', 'short_name': '90701', 'types': ['postal_code']}], 'formatted_address': 'Artesia, CA 90701, USA', 'geometry': {'bounds': {'northeast': {'lat': 33.880383, 'lng': -118.068915}, 'southwest': {'lat': 33.853411, 'lng': -118.091038}}, 'location': {'lat': 33.8658484, 'lng': -118.0831212}, 'location_type': 'APPROXIMATE', 'viewport': {'northeast': {'lat': 33.880383, 'lng': -118.068915}, 'southwest': {'lat': 33.853411, 'lng': -118.091038}}}, 'navigation_points': [{'location': {'latitude': 33.8658496, 'longitude': -118.0830749}}], 'place_id': 'ChIJhe3MBVQs3YARQyZP6i6i5Zs', 'types': ['locality', 'political']}], 'status': 'OK'}}"
124,cities_25,"avalon, CA","{'num_results': 1, 'error': None, 'data': {'results': [{'address_components': [{'long_name': 'Avalon', 'short_name': 'Avalon', 'types': ['locality', 'political']}, {'long_name': 'Los Angeles County', 'short_name': 'Los Angeles County', 'types': ['administrative_area_level_2', 'political']}, {'long_name': 'California', 'short_name': 'CA', 'types': ['administrative_area_level_1', 'political']}, {'long_name': 'United States', 'short_name': 'US', 'types': ['country', 'political']}, {'long_name': '90704', 'short_name': '90704', 'types': ['postal_code']}], 'formatted_address': 'Avalon, CA 90704, USA', 'geometry': {'bounds': {'northeast': {'lat': 33.396224, 'lng': -118.2794159}, 'southwest': {'lat': 33.31807, 'lng': -118.346662}}, 'location': {'lat': 33.3428193, 'lng': -118.3282279}, 'location_type': 'APPROXIMATE', 'viewport': {'northeast': {'lat': 33.396224, 'lng': -118.2794159}, 'southwest': {'lat': 33.31807, 'lng': -118.346662}}}, 'place_id': 'ChIJK5XS4Zhy3YARtGJqTXDeypk', 'types': ['locality', 'political']}], 'status': 'OK'}}"
125,cities_26,"bradbury, CA","{'num_results': 1, 'error': None, 'data': {'results': [{'address_components': [{'long_name': 'Bradbury', 'short_name': 'Bradbury', 'types': ['locality', 'political']}, {'long_name': 'Los Angeles County', 'short_name': 'Los Angeles County', 'types': ['administrative_area_level_2', 'political']}, {'long_name': 'California', 'short_name': 'CA', 'types': ['administrative_area_level_1', 'political']}, {'long_name': 'United States', 'short_name': 'US', 'types': ['country', 'political']}, {'long_name': '91008', 'short_name': '91008', 'types': ['postal_code']}], 'formatted_address': 'Bradbury, CA 91008, USA', 'geometry': {'bounds': {'northeast': {'lat': 34.16516, 'lng': -117.951279}, 'southwest': {'lat': 34.1436161, 'lng': -117.9859209}}, 'location': {'lat': 34.1469511, 'lng': -117.9708982}, 'location_type': 'APPROXIMATE', 'viewport': {'northeast': {'lat': 34.16516, 'lng': -117.951279}, 'southwest': {'lat': 34.1436161, 'lng': -117.9859209}}}, 'place_id': 'ChIJO0Br_uDYwoART1MTAvgTUUw', 'types': ['locality', 'political']}], 'status': 'OK'}}"
126,cities_27,"burbank, CA","{'num_results': 1, 'error': None, 'data': {'results': [{'address_components': [{'long_name': 'Burbank', 'short_name': 'Burbank', 'types': ['locality', 'political']}, {'long_name': 'Los Angeles County', 'short_name': 'Los Angeles County', 'types': ['administrative_area_level_2', 'political']}, {'long_name': 'California', 'short_name': 'CA', 'types': ['administrative_area_level_1', 'political']}, {'long_name': 'United States', 'short_name': 'US', 'types': ['country', 'political']}], 'formatted_address': 'Burbank, CA, USA', 'geometry': {'bounds': {'northeast': {'lat': 34.221654, 'lng': -118.279981}, 'southwest': {'lat': 34.142636, 'lng': -118.3703131}}, 'location': {'lat': 34.1819029, 'lng': -118.3079264}, 'location_type': 'APPROXIMATE', 'viewport': {'northeast': {'lat': 34.221654, 'lng': -118.279981}, 'southwest': {'lat': 34.142636, 'lng': -118.3703131}}}, 'navigation_points': [{'location': {'latitude': 34.17928759999999, 'longitude': -118.3094461}}], 'place_id': 'ChIJlcUYKBWVwoAR1IofkK-RdzA', 'types': ['locality', 'political']}], 'status': 'OK'}}"
127,cities_28,"calabasas, CA","{'num_results': 1, 'error': None, 'data': {'results': [{'address_components': [{'long_name': 'Calabasas', 'short_name': 'Calabasas', 'types': ['locality', 'political']}, {'long_name': 'Los Angeles County', 'short_name': 'Los Angeles County', 'types': ['administrative_area_level_2', 'political']}, {'long_name': 'California', 'short_name': 'CA', 'types': ['administrative_area_level_1', 'political']}, {'long_name': 'United States', 'short_name': 'US', 'types': ['country', 'political']}], 'formatted_address': 'Calabasas, CA, USA', 'geometry': {'bounds': {'northeast': {'lat': 34.1686191, 'lng': -118.6062}, 'southwest': {'lat': 34.103912, 'lng': -118.7198121}}, 'location': {'lat': 34.1539731, 'lng': -118.6473801}, 'location_type': 'APPROXIMATE', 'viewport': {'northeast': {'lat': 34.1686191, 'lng': -118.6062}, 'southwest': {'lat': 34.103912, 'lng': -118.7198121}}}, 'place_id': 'ChIJwdPvFyOewoARrhXmb8LiomE', 'types': ['locality', 'political']}], 'status': 'OK'}}"
128,cities_29,"cudahy, CA","{'num_results': 1, 'error': None, 'data': {'results': [{'address_components': [{'long_name': 'Cudahy', 'short_name': 'Cudahy', 'types': ['locality', 'political']}, {'long_name': 'Los Angeles County', 'short_name': 'Los Angeles County', 'types': ['administrative_area_level_2', 'political']}, {'long_name': 'California', 'short_name': 'CA', 'types': ['administrative_area_level_1', 'political']}, {'long_name': 'United States', 'short_name': 'US', 'types': ['country', 'political']}, {'long_name': '90201', 'short_name': '90201', 'types': ['postal_code']}], 'formatted_address': 'Cudahy, CA 90201, USA', 'geometry': {'bounds': {'northeast': {'lat': 33.970954, 'lng': -118.1690939}, 'southwest': {'lat': 33.954103, 'lng': -118.2020271}}, 'location': {'lat': 33.9608646, 'lng': -118.1857858}, 'location_type': 'APPROXIMATE', 'viewport': {'northeast': {'lat': 33.970954, 'lng': -118.1690939}, 'southwest': {'lat': 33.954103, 'lng': -118.2020271}}}, 'place_id': 'ChIJKXPzCo_OwoARIjJw8rsUtkQ', 'types': ['locality', 'political']}], 'status': 'OK'}}"
129,cities_3,"arcadia, CA","{'num_results': 1, 'error': None, 'data': {'results': [{'address_components': [{'long_name': 'Arcadia', 'short_name': 'Arcadia', 'types': ['locality', 'political']}, {'long_name': 'Los Angeles County', 'short_name': 'Los Angeles County', 'types': ['administrative_area_level_2', 'political']}, {'long_name': 'California', 'short_name': 'CA', 'types': ['administrative_area_level_1', 'political']}, {'long_name': 'United States', 'short_name': 'US', 'types': ['country', 'political']}], 'formatted_address': 'Arcadia, CA, USA', 'geometry': {'bounds': {'northeast': {'lat': 34.1794531, 'lng': -117.99219}, 'southwest': {'lat': 34.087265, 'lng': -118.069208}}, 'location': {'lat': 34.1397292, 'lng': -118.0353449}, 'location_type': 'APPROXIMATE', 'viewport': {'northeast': {'lat': 34.1794531, 'lng': -117.99219}, 'southwest': {'lat': 34.087265, 'lng': -118.069208}}}, 'place_id': 'ChIJK8q408XbwoARiymu0ttQqEw', 'types': ['locality', 'political']}], 'status': 'OK'}}"
130,cities_30,"culver city, CA","{'num_results': 1, 'error': None, 'data': {'results': [{'address_components': [{'long_name': 'Culver City', 'short_name': 'Culver City', 'types': ['locality', 'political']}, {'long_name': 'Los Angeles County', 'short_name': 'Los Angeles County', 'types': ['administrative_area_level_2', 'political']}, {'long_name': 'California', 'short_name': 'CA', 'types': ['administrative_area_level_1', 'political']}, {'long_name': 'United States', 'short_name': 'US', 'types': ['country', 'political']}], 'formatted_address': 'Culver City, CA, USA', 'geometry': {'bounds': {'northeast': {'lat': 34.0350799, 'lng': -118.3695771}, 'southwest': {'lat': 33.976907, 'lng': -118.4484721}}, 'location': {'lat': 34.0211416, 'lng': -118.3968001}, 'location_type': 'APPROXIMATE', 'viewport': {'northeast': {'lat': 34.0350799, 'lng': -118.3695771}, 'southwest': {'lat': 33.976907, 'lng': -118.4484721}}}, 'place_id': 'ChIJnXN32x66woAR_lnrS9HphTE', 'types': ['locality', 'political']}], 'status': 'OK'}}"
131,cities_31,"diamond bar, CA","{'num_results': 1, 'error': None, 'data': {'results': [{'address_components': [{'long_name': 'Diamond Bar', 'short_name': 'Diamond Bar', 'types': ['locality', 'political']}, {'long_name': 'Los Angeles County', 'short_name': 'Los Angeles County', 'types': ['administrative_area_level_2', 'political']}, {'long_name': 'California', 'short_name': 'CA', 'types': ['administrative_area_level_1', 'political']}, {'long_name': 'United States', 'short_name': 'US', 'types': ['country', 'political']}], 'formatted_address': 'Diamond Bar, CA, USA', 'geometry': {'bounds': {'northeast': {'lat': 34.042876, 'lng': -117.7670459}, 'southwest': {'lat': 33.960659, 'lng': -117.863831}}, 'location': {'lat': 34.0009951, 'lng': -117.8112041}, 'location_type': 'APPROXIMATE', 'viewport': {'northeast': {'lat': 34.042876, 'lng': -117.7670459}, 'southwest': {'lat': 33.960659, 'lng': -117.863831}}}, 'navigation_points': [{'location': {'latitude': 34.0249411, 'longitude': -117.8108958}}], 'place_id': 'ChIJqSn3Qo4sw4ARqdd90SjAiOo', 'types': ['locality', 'political']}], 'status': 'OK'}}"
132,cities_32,"downey, CA","{'num_results': 1, 'error': None, 'data': {'results': [{'address_components': [{'long_name': 'Downey', 'short_name': 'Downey', 'types': ['locality', 'political']}, {'long_name': 'Los Angeles County', 'short_name': 'Los Angeles County', 'types': ['administrative_area_level_2', 'political']}, {'long_name': 'California', 'short_name': 'CA', 'types': ['administrative_area_level_1', 'political']}, {'long_name': 'United States', 'short_name': 'US', 'types': ['country', 'political']}], 'formatted_address': 'Downey, CA, USA', 'geometry': {'bounds': {'northeast': {'lat': 33.972968, 'lng': -118.09033}, 'southwest': {'lat': 33.9024549, 'lng': -118.170424}}, 'location': {'lat': 33.9401088, 'lng': -118.1331593}, 'location_type': 'APPROXIMATE', 'viewport': {'northeast': {'lat': 33.972968, 'lng': -118.09033}, 'southwest': {'lat': 33.9024549, 'lng': -118.170424}}}, 'place_id': 'ChIJkSIIHkzMwoARCp14FianQJE', 'types': ['locality', 'political']}], 'status': 'OK'}}"
133,cities_33,"duarte, CA","{'num_results': 1, 'error': None, 'data': {'results': [{'address_components': [{'long_name': 'Duarte', 'short_name': 'Duarte', 'types': ['locality', 'political']}, {'long_name': 'Los Angeles County', 'short_name': 'Los Angeles County', 'types': ['administrative_area_level_2', 'political']}, {'long_name': 'California', 'short_name': 'CA', 'types': ['administrative_area_level_1', 'political']}, {'long_name': 'United States', 'short_name': 'US', 'types': ['country', 'political']}, {'long_name': '91010', 'short_name': '91010', 'types': ['postal_code']}], 'formatted_address': 'Duarte, CA 91010, USA', 'geometry': {'bounds': {'northeast': {'lat': 34.194202, 'lng': -117.9247889}, 'southwest': {'lat': 34.121377, 'lng': -117.990543}}, 'location': {'lat': 34.1394513, 'lng': -117.9772873}, 'location_type': 'APPROXIMATE', 'viewport': {'northeast': {'lat': 34.194202, 'lng': -117.9247889}, 'southwest': {'lat': 34.121377, 'lng': -117.990543}}}, 'navigation_points': [{'location': {'latitude': 34.1394489, 'longitude': -117.9772861}}], 'place_id': 'ChIJqe6-YuDYwoAR7XKVWP58PtI', 'types': ['locality', 'political']}], 'status': 'OK'}}"
134,cities_34,"el monte, CA","{'num_results': 1, 'error': None, 'data': {'results': [{'address_components': [{'long_name': 'El Monte', 'short_name': 'El Monte', 'types': ['locality', 'political']}, {'long_name': 'Los Angeles County', 'short_name': 'Los Angeles County', 'types': ['administrative_area_level_2', 'political']}, {'long_name': 'California', 'short_name': 'CA', 'types': ['administrative_area_level_1', 'political']}, {'long_name': 'United States', 'short_name': 'US', 'types': ['country', 'political']}], 'formatted_address': 'El Monte, CA, USA', 'geometry': {'bounds': {'northeast': {'lat': 34.1009459, 'lng': -117.997465}, 'southwest': {'lat': 34.0415511, 'lng': -118.072927}}, 'location': {'lat': 34.0726865, 'lng': -118.0322819}, 'location_type': 'APPROXIMATE', 'viewport': {'northeast': {'lat': 34.1009459, 'lng': -117.997465}, 'southwest': {'lat': 34.0415511, 'lng': -118.072927}}}, 'place_id': 'ChIJ79D2Y6TQwoARTTewpY4BD2s', 'types': ['locality', 'political']}], 'status': 'OK'}}"
135,cities_342,"la palma, CA","{'num_results': 1, 'error': None, 'data': {'results': [{'address_components': [{'long_name': 'La Palma', 'short_name': 'La Palma', 'types': ['locality', 'political']}, {'long_name': 'Orange County', 'short_name': 'Orange County', 'types': ['administrative_area_level_2', 'political']}, {'long_name': 'California', 'short_name': 'CA', 'types': ['administrative_area_level_1', 'political']}, {'long_name': 'United States', 'short_name': 'US', 'types': ['country', 'political']}], 'formatted_address': 'La Palma, CA, USA', 'geometry': {'bounds': {'northeast': {'lat': 33.8662461, 'lng': -118.02852}, 'southwest': {'lat': 33.835541, 'lng': -118.05892}}, 'location': {'lat': 33.8463218, 'lng': -118.0461393}, 'location_type': 'APPROXIMATE', 'viewport': {'northeast': {'lat': 33.8662461, 'lng': -118.02852}, 'southwest': {'lat': 33.835541, 'lng': -118.05892}}}, 'place_id': 'ChIJIQ8j3BQs3YARkZEfWW27HtU', 'types': ['locality', 'political']}], 'status': 'OK'}}"
136,cities_343,"los angeles unincorporated area, CA","{'num_results': 1, 'error': None, 'data': {'results': [{'address_components': [{'long_name': 'Los Angeles', 'short_name': 'Los Angeles', 'types': ['locality', 'political']}, {'long_name': 'Los Angeles County', 'short_name': 'Los Angeles County', 'types': ['administrative_area_level_2', 'political']}, {'long_name': 'California', 'short_name': 'CA', 'types': ['administrative_area_level_1', 'political']}, {'long_name': 'United States', 'short_name': 'US', 'types': ['country', 'political']}], 'formatted_address': 'Los Angeles, CA, USA', 'geometry': {'bounds': {'northeast': {'lat': 34.337306, 'lng': -118.1552891}, 'southwest': {'lat': 33.7036519, 'lng': -118.6681761}}, 'location': {'lat': 34.0549076, 'lng': -118.242643}, 'location_type': 'APPROXIMATE', 'viewport': {'northeast': {'lat': 34.337306, 'lng': -118.1552891}, 'southwest': {'lat': 33.7036519, 'lng': -118.6681761}}}, 'partial_match': True, 'place_id': 'ChIJE9on3F3HwoAR9AhGJW_fL-I', 'types': ['locality', 'political']}], 'status': 'OK'}}"
137,cities_35,"gardena, CA","{'num_results': 1, 'error': None, 'data': {'results': [{'address_components': [{'long_name': 'Gardena', 'short_name': 'Gardena', 'types': ['locality', 'political']}, {'long_name': 'Los Angeles County', 'short_name': 'Los Angeles County', 'types': ['administrative_area_level_2', 'political']}, {'long_name': 'California', 'short_name': 'CA', 'types': ['administrative_area_level_1', 'political']}, {'long_name': 'United States', 'short_name': 'US', 'types': ['country', 'political']}], 'formatted_address': 'Gardena, CA, USA', 'geometry': {'bounds': {'northeast': {'lat': 33.91647, 'lng': -118.2905251}, 'southwest': {'lat': 33.8655451, 'lng': -118.3265419}}, 'location': {'lat': 33.8837294, 'lng': -118.3091185}, 'location_type': 'APPROXIMATE', 'viewport': {'northeast': {'lat': 33.91647, 'lng': -118.2905251}, 'southwest': {'lat': 33.8655451, 'lng': -118.3265419}}}, 'place_id': 'ChIJCd2bU4G1woARkcpitRo3GcY', 'types': ['locality', 'political']}], 'status': 'OK'}}"
138,cities_36,"inglewood, CA","{'num_results': 1, 'error': None, 'data': {'results': [{'address_components': [{'long_name': 'Inglewood', 'short_name': 'Inglewood', 'types': ['locality', 'political']}, {'long_name': 'Los Angeles County', 'short_name': 'Los Angeles County', 'types': ['administrative_area_level_2', 'political']}, {'long_name': 'California', 'short_name': 'CA', 'types': ['administrative_area_level_1', 'political']}, {'long_name': 'United States', 'short_name': 'US', 'types': ['country', 'political']}], 'formatted_address': 'Inglewood, CA, USA', 'geometry': {'bounds': {'northeast': {'lat': 33.9829699, 'lng': -118.3176859}, 'southwest': {'lat': 33.9253259, 'lng': -118.3788499}}, 'location': {'lat': 33.9631279, 'lng': -118.3548001}, 'location_type': 'APPROXIMATE', 'viewport': {'northeast': {'lat': 33.9829699, 'lng': -118.31765}, 'southwest': {'lat': 33.9253259, 'lng': -118.3788499}}}, 'place_id': 'ChIJjd1LJ1a2woARcDGu3A-zJwc', 'types': ['locality', 'political']}], 'status': 'OK'}}"
139,cities_37,"irwindale, CA","{'num_results': 1, 'error': None, 'data': {'results': [{'address_components': [{'long_name': 'Irwindale', 'short_name': 'Irwindale', 'types': ['locality', 'political']}, {'long_name': 'Los Angeles County', 'short_name': 'Los Angeles County', 'types': ['administrative_area_level_2', 'political']}, {'long_name': 'California', 'short_name': 'CA', 'types': ['administrative_area_level_1', 'political']}, {'long_name': 'United States', 'short_name': 'US', 'types': ['country', 'political']}], 'formatted_address': 'Irwindale, CA, USA', 'geometry': {'bounds': {'northeast': {'lat': 34.141221, 'lng': -117.9253}, 'southwest': {'lat': 34.076865, 'lng': -118.008054}}, 'location': {'lat': 34.1069527, 'lng': -117.9353413}, 'location_type': 'APPROXIMATE', 'viewport': {'northeast': {'lat': 34.141221, 'lng': -117.9253}, 'southwest': {'lat': 34.076865, 'lng': -118.008054}}}, 'place_id': 'ChIJeRrg0DPYwoARISLq3KXpKBs', 'types': ['locality', 'political']}], 'status': 'OK'}}"
140,cities_38,"la canada flintridge, CA","{'num_results': 1, 'error': None, 'data': {'results': [{'address_components': [{'long_name': 'La Cañada Flintridge', 'short_name': 'La Cañada Flintridge', 'types': ['locality', 'political']}, {'long_name': 'Los Angeles County', 'short_name': 'Los Angeles County', 'types': ['administrative_area_level_2', 'political']}, {'long_name': 'California', 'short_name': 'CA', 'types': ['administrative_area_level_1', 'political']}, {'long_name': 'United States', 'short_name': 'US', 'types': ['country', 'political']}, {'long_name': '91011', 'short_name': '91011', 'types': ['postal_code']}], 'formatted_address': 'La Cañada Flintridge, CA 91011, USA', 'geometry': {'bounds': {'northeast': {'lat': 34.2427381, 'lng': -118.1674189}, 'southwest': {'lat': 34.1778761, 'lng': -118.231873}}, 'location': {'lat': 34.2068182, 'lng': -118.2000277}, 'location_type': 'APPROXIMATE', 'viewport': {'northeast': {'lat': 34.2427381, 'lng': -118.1674189}, 'southwest': {'lat': 34.1778761, 'lng': -118.231873}}}, 'place_id': 'ChIJEcDTpOHpwoAR1lGHwDbx4_U', 'types': ['locality', 'political']}], 'status': 'OK'}}"
141,cities_39,"la habra heights, CA","{'num_results': 1, 'error': None, 'data': {'results': [{'address_components': [{'long_name': 'La Habra Heights', 'short_name': 'La Habra Heights', 'types': ['locality', 'political']}, {'long_name': 'Los Angeles County', 'short_name': 'Los Angeles County', 'types': ['administrative_area_level_2', 'political']}, {'long_name': 'California', 'short_name': 'CA', 'types': ['administrative_area_level_1', 'political']}, {'long_name': 'United States', 'short_name': 'US', 'types': ['country', 'political']}], 'formatted_address': 'La Habra Heights, CA, USA', 'geometry': {'bounds': {'northeast': {'lat': 33.9764569, 'lng': -117.916392}, 'southwest': {'lat': 33.9460539, 'lng': -117.9929969}}, 'location': {'lat': 33.9608461, 'lng': -117.9506186}, 'location_type': 'APPROXIMATE', 'viewport': {'northeast': {'lat': 33.9764569, 'lng': -117.916392}, 'southwest': {'lat': 33.9460539, 'lng': -117.9929969}}}, 'place_id': 'ChIJxxNqExHVwoARAD8V9NRRAwc', 'types': ['locality', 'political']}], 'status': 'OK'}}"
142,cities_4,"azusa, CA","{'num_results': 1, 'error': None, 'data': {'results': [{'address_components': [{'long_name': 'Azusa', 'short_name': 'Azusa', 'types': ['locality', 'political']}, {'long_name': 'Los Angeles County', 'short_name': 'Los Angeles County', 'types': ['administrative_area_level_2', 'political']}, {'long_name': 'California', 'short_name': 'CA', 'types': ['administrative_area_level_1', 'political']}, {'long_name': 'United States', 'short_name': 'US', 'types': ['country', 'political']}], 'formatted_address': 'Azusa, CA, USA', 'geometry': {'bounds': {'northeast': {'lat': 34.168522, 'lng': -117.8813459}, 'southwest': {'lat': 34.10673, 'lng': -117.9443321}}, 'location': {'lat': 34.1336186, 'lng': -117.9075627}, 'location_type': 'APPROXIMATE', 'viewport': {'northeast': {'lat': 34.168522, 'lng': -117.8813459}, 'southwest': {'lat': 34.10673, 'lng': -117.9443321}}}, 'place_id': 'ChIJ40sVQULpwoARW3UvffMbmiU', 'types': ['locality', 'political']}], 'status': 'OK'}}"
143,cities_40,"hawaiian gardens, CA","{'num_results': 1, 'error': None, 'data': {'results': [{'address_components': [{'long_name': 'Hawaiian Gardens', 'short_name': 'Hawaiian Gardens', 'types': ['locality', 'political']}, {'long_name': 'Los Angeles County', 'short_name': 'Los Angeles County', 'types': ['administrative_area_level_2', 'political']}, {'long_name': 'California', 'short_name': 'CA', 'types': ['administrative_area_level_1', 'political']}, {'long_name': 'United States', 'short_name': 'US', 'types': ['country', 'political']}], 'formatted_address': 'Hawaiian Gardens, CA, USA', 'geometry': {'bounds': {'northeast': {'lat': 33.83873, 'lng': -118.0612301}, 'southwest': {'lat': 33.822169, 'lng': -118.082718}}, 'location': {'lat': 33.8314045, 'lng': -118.0728424}, 'location_type': 'APPROXIMATE', 'viewport': {'northeast': {'lat': 33.83873, 'lng': -118.0612301}, 'southwest': {'lat': 33.822169, 'lng': -118.082718}}}, 'place_id': 'ChIJY5BQNNEt3YAR9h3oVjh0FXs', 'types': ['locality', 'political']}], 'status': 'OK'}}"
144,cities_41,"hawthorne, CA","{'num_results': 1, 'error': None, 'data': {'results': [{'address_components': [{'long_name': 'Hawthorne', 'short_name': 'Hawthorne', 'types': ['locality', 'political']}, {'long_name': 'Los Angeles County', 'short_name': 'Los Angeles County', 'types': ['administrative_area_level_2', 'political']}, {'long_name': 'California', 'short_name': 'CA', 'types': ['administrative_area_level_1', 'political']}, {'long_name': 'United States', 'short_name': 'US', 'types': ['country', 'political']}], 'formatted_address': 'Hawthorne, CA, USA', 'geometry': {'bounds': {'northeast': {'lat': 33.934523, 'lng': -118.3133919}, 'southwest': {'lat': 33.893391, 'lng': -118.378741}}, 'location': {'lat': 33.9164032, 'lng': -118.3525748}, 'location_type': 'APPROXIMATE', 'viewport': {'northeast': {'lat': 33.934523, 'lng': -118.3133919}, 'southwest': {'lat': 33.893391, 'lng': -118.378741}}}, 'place_id': 'ChIJ8S7MWiu0woARAbM4zB1xwWI', 'types': ['locality', 'political']}], 'status': 'OK'}}"
145,cities_42,"palmdale, CA","{'num_results': 1, 'error': None, 'data': {'results': [{'address_components': [{'long_name': 'Palmdale', 'short_name': 'Palmdale', 'types': ['locality', 'political']}, {'long_name': 'Los Angeles County', 'short_name': 'Los Angeles County', 'types': ['administrative_area_level_2', 'political']}, {'long_name': 'California', 'short_name': 'CA', 'types': ['administrative_area_level_1', 'political']}, {'long_name': 'United States', 'short_name': 'US', 'types': ['country', 'political']}], 'formatted_address': 'Palmdale, CA, USA', 'geometry': {'bounds': {'northeast': {'lat': 34.6607901, 'lng': -117.916165}, 'southwest': {'lat': 34.510044, 'lng': -118.287746}}, 'location': {'lat': 34.577677, 'lng': -118.1158545}, 'location_type': 'APPROXIMATE', 'viewport': {'northeast': {'lat': 34.6607901, 'lng': -117.916165}, 'southwest': {'lat': 34.510044, 'lng': -118.287746}}}, 'place_id': 'ChIJtd1w7IRXwoAROuASrS15bGo', 'types': ['locality', 'political']}], 'status': 'OK'}}"
146,cities_43,"palos verdes estates, CA","{'num_results': 1, 'error': None, 'data': {'results': [{'address_components': [{'long_name': 'Palos Verdes Estates', 'short_name': 'Palos Verdes Estates', 'types': ['locality', 'political']}, {'long_name': 'Los Angeles County', 'short_name': 'Los Angeles County', 'types': ['administrative_area_level_2', 'political']}, {'long_name': 'California', 'short_name': 'CA', 'types': ['administrative_area_level_1', 'political']}, {'long_name': 'United States', 'short_name': 'US', 'types': ['country', 'political']}], 'formatted_address': 'Palos Verdes Estates, CA, USA', 'geometry': {'bounds': {'northeast': {'lat': 33.80441190000001, 'lng': -118.351054}, 'southwest': {'lat': 33.753452, 'lng': -118.487768}}, 'location': {'lat': 33.8005714, 'lng': -118.3900737}, 'location_type': 'APPROXIMATE', 'viewport': {'northeast': {'lat': 33.80441190000001, 'lng': -118.351054}, 'southwest': {'lat': 33.753452, 'lng': -118.487768}}}, 'place_id': 'ChIJb6sJroFL3YARRnT7838LugQ', 'types': ['locality', 'political']}], 'status': 'OK'}}"
147,cities_44,"paramount, CA","{'num_results': 1, 'error': None, 'data': {'results': [{'address_components': [{'long_name': 'Paramount', 'short_name': 'Paramount', 'types': ['locality', 'political']}, {'long_name': 'Los Angeles County', 'short_name': 'Los Angeles County', 'types': ['administrative_area_level_2', 'political']}, {'long_name': 'California', 'short_name': 'CA', 'types': ['administrative_area_level_1', 'political']}, {'long_name': 'United States', 'short_name': 'US', 'types': ['country', 'political']}], 'formatted_address': 'Paramount, CA, USA', 'geometry': {'bounds': {'northeast': {'lat': 33.91871, 'lng': -118.1427409}, 'southwest': {'lat': 33.879807, 'lng': -118.188149}}, 'location': {'lat': 33.8894598, 'lng': -118.1597911}, 'location_type': 'APPROXIMATE', 'viewport': {'northeast': {'lat': 33.91871, 'lng': -118.1427409}, 'southwest': {'lat': 33.879807, 'lng': -118.188149}}}, 'place_id': 'ChIJMzLLtN3MwoARVy-F8pmbodM', 'types': ['locality', 'political']}], 'status': 'OK'}}"
148,cities_45,"pasadena, CA","{'num_results': 1, 'error': None, 'data': {'results': [{'address_components': [{'long_name': 'Pasadena', 'short_name': 'Pasadena', 'types': ['locality', 'political']}, {'long_name': 'Los Angeles County', 'short_name': 'Los Angeles County', 'types': ['administrative_area_level_2', 'political']}, {'long_name': 'California', 'short_name': 'CA', 'types': ['administrative_area_level_1', 'political']}, {'long_name': 'United States', 'short_name': 'US', 'types': ['country', 'political']}], 'formatted_address': 'Pasadena, CA, USA', 'geometry': {'bounds': {'northeast': {'lat': 34.2515431, 'lng': -118.0656159}, 'southwest': {'lat': 34.117267, 'lng': -118.1982289}}, 'location': {'lat': 34.1476527, 'lng': -118.144302}, 'location_type': 'APPROXIMATE', 'viewport': {'northeast': {'lat': 34.2515431, 'lng': -118.0656159}, 'southwest': {'lat': 34.117267, 'lng': -118.1982289}}}, 'place_id': 'ChIJUQszONzCwoARSo_RGhZBKwU', 'types': ['locality', 'political']}], 'status': 'OK'}}"
149,cities_46,"pico rivera, CA","{'num_results': 1, 'error': None, 'data': {'results': [{'address_components': [{'long_name': 'Pico Rivera', 'short_name': 'Pico Rivera', 'types': ['locality', 'political']}, {'long_name': 'Los Angeles County', 'short_name': 'Los Angeles County', 'types': ['administrative_area_level_2', 'political']}, {'long_name': 'California', 'short_name': 'CA', 'types': ['administrative_area_level_1', 'political']}, {'long_name': 'United States', 'short_name': 'US', 'types': ['country', 'political']}], 'formatted_address': 'Pico Rivera, CA, USA', 'geometry': {'bounds': {'northeast': {'lat': 34.029302, 'lng': -118.040716}, 'southwest': {'lat': 33.95030500000001, 'lng': -118.122811}}, 'location': {'lat': 33.9830688, 'lng': -118.096735}, 'location_type': 'APPROXIMATE', 'viewport': {'northeast': {'lat': 34.029302, 'lng': -118.040716}, 'southwest': {'lat': 33.95030500000001, 'lng': -118.122811}}}, 'place_id': 'ChIJIe29AovRwoARkA7EgmjDsFc', 'types': ['locality', 'political']}], 'status': 'OK'}}"
150,cities_47,"pomona, CA","{'num_results': 1, 'error': None, 'data': {'results': [{'address_components': [{'long_name': 'Pomona', 'short_name': 'Pomona', 'types': ['locality', 'political']}, {'long_name': 'Los Angeles County', 'short_name': 'Los Angeles County', 'types': ['administrative_area_level_2', 'political']}, {'long_name': 'California', 'short_name': 'CA', 'types': ['administrative_area_level_1', 'political']}, {'long_name': 'United States', 'short_name': 'US', 'types': ['country', 'political']}], 'formatted_address': 'Pomona, CA, USA', 'geometry': {'bounds': {'northeast': {'lat': 34.1126, 'lng': -117.7111701}, 'southwest': {'lat': 34.0185541, 'lng': -117.828719}}, 'location': {'lat': 34.055103, 'lng': -117.7499909}, 'location_type': 'APPROXIMATE', 'viewport': {'northeast': {'lat': 34.1126, 'lng': -117.7111701}, 'southwest': {'lat': 34.0185541, 'lng': -117.828719}}}, 'place_id': 'ChIJIaGfee8tw4ARM6nKAHCUCVI', 'types': ['locality', 'political']}], 'status': 'OK'}}"
151,cities_48,"rancho palos verdes, CA","{'num_results': 1, 'error': None, 'data': {'results': [{'address_components': [{'long_name': 'Rancho Palos Verdes', 'short_name': 'Rancho Palos Verdes', 'types': ['locality', 'political']}, {'long_name': 'Los Angeles County', 'short_name': 'Los Angeles County', 'types': ['administrative_area_level_2', 'political']}, {'long_name': 'California', 'short_name': 'CA', 'types': ['administrative_area_level_1', 'political']}, {'long_name': 'United States', 'short_name': 'US', 'types': ['country', 'political']}], 'formatted_address': 'Rancho Palos Verdes, CA, USA', 'geometry': {'bounds': {'northeast': {'lat': 33.795466, 'lng': -118.301}, 'southwest': {'lat': 33.672109, 'lng': -118.4854361}}, 'location': {'lat': 33.7444613, 'lng': -118.3870173}, 'location_type': 'APPROXIMATE', 'viewport': {'northeast': {'lat': 33.795466, 'lng': -118.301}, 'southwest': {'lat': 33.672109, 'lng': -118.4854361}}}, 'place_id': 'ChIJn41UcNpL3YARtJSWblt_RME', 'types': ['locality', 'political']}], 'status': 'OK'}}"
152,cities_49,"redondo beach, CA","{'num_results': 1, 'error': None, 'data': {'results': [{'address_components': [{'long_name': 'Redondo Beach', 'short_name': 'Redondo Beach', 'types': ['locality', 'political']}, {'long_name': 'Los Angeles County', 'short_name': 'Los Angeles County', 'types': ['administrative_area_level_2', 'political']}, {'long_name': 'California', 'short_name': 'CA', 'types': ['administrative_area_level_1', 'political']}, {'long_name': 'United States', 'short_name': 'US', 'types': ['country', 'political']}], 'formatted_address': 'Redondo Beach, CA, USA', 'geometry': {'bounds': {'northeast': {'lat': 33.894653, 'lng': -118.352437}, 'southwest': {'lat': 33.8146149, 'lng': -118.470259}}, 'location': {'lat': 33.8491816, 'lng': -118.3884078}, 'location_type': 'APPROXIMATE', 'viewport': {'northeast': {'lat': 33.894653, 'lng': -118.352437}, 'southwest': {'lat': 33.8146149, 'lng': -118.470259}}}, 'place_id': 'ChIJE7lJQ5G0woARZfEcVNv4z_8', 'types': ['locality', 'political']}], 'status': 'OK'}}"
153,cities_5,"baldwin park, CA","{'num_results': 1, 'error': None, 'data': {'results': [{'address_components': [{'long_name': 'Baldwin Park', 'short_name': 'Baldwin Park', 'types': ['locality', 'political']}, {'long_name': 'Los Angeles County', 'short_name': 'Los Angeles County', 'types': ['administrative_area_level_2', 'political']}, {'long_name': 'California', 'short_name': 'CA', 'types': ['administrative_area_level_1', 'political']}, {'long_name': 'United States', 'short_name': 'US', 'types': ['country', 'political']}], 'formatted_address': 'Baldwin Park, CA, USA', 'geometry': {'bounds': {'northeast': {'lat': 34.1069319, 'lng': -117.9429551}, 'southwest': {'lat': 34.055103, 'lng': -118.0077321}}, 'location': {'lat': 34.0852868, 'lng': -117.9608978}, 'location_type': 'APPROXIMATE', 'viewport': {'northeast': {'lat': 34.1069319, 'lng': -117.9429551}, 'southwest': {'lat': 34.055103, 'lng': -118.0077321}}}, 'place_id': 'ChIJuawuuoDXwoAR_xcaQMKbVgo', 'types': ['locality', 'political']}], 'status': 'OK'}}"
154,cities_50,"rolling hills, CA","{'num_results': 1, 'error': None, 'data': {'results': [{'address_components': [{'long_name': 'Rolling Hills', 'short_name': 'Rolling Hills', 'types': ['locality', 'political']}, {'long_name': 'Los Angeles County', 'short_name': 'Los Angeles County', 'types': ['administrative_area_level_2', 'political']}, {'long_name': 'California', 'short_name': 'CA', 'types': ['administrative_area_level_1', 'political']}, {'long_name': 'United States', 'short_name': 'US', 'types': ['country', 'political']}, {'long_name': '90274', 'short_name': '90274', 'types': ['postal_code']}], 'formatted_address': 'Rolling Hills, CA 90274, USA', 'geometry': {'bounds': {'northeast': {'lat': 33.7793859, 'lng': -118.3301699}, 'southwest': {'lat': 33.74232, 'lng': -118.3663269}}, 'location': {'lat': 33.7569615, 'lng': -118.3539613}, 'location_type': 'APPROXIMATE', 'viewport': {'northeast': {'lat': 33.7793859, 'lng': -118.3301699}, 'southwest': {'lat': 33.74232, 'lng': -118.3663269}}}, 'place_id': 'ChIJLXqyDCxK3YARZ0Z01s9RKrI', 'types': ['locality', 'political']}], 'status': 'OK'}}"
155,cities_51,"hermosa beach, CA","{'num_results': 1, 'error': None, 'data': {'results': [{'address_components': [{'long_name': 'Hermosa Beach', 'short_name': 'Hermosa Beach', 'types': ['locality', 'political']}, {'long_name': 'Los Angeles County', 'short_name': 'Los Angeles County', 'types': ['administrative_area_level_2', 'political']}, {'long_name': 'California', 'short_name': 'CA', 'types': ['administrative_area_level_1', 'political']}, {'long_name': 'United States', 'short_name': 'US', 'types': ['country', 'political']}], 'formatted_address': 'Hermosa Beach, CA, USA', 'geometry': {'bounds': {'northeast': {'lat': 33.877821, 'lng': -118.38473}, 'southwest': {'lat': 33.836286, 'lng': -118.45538}}, 'location': {'lat': 33.8622366, 'lng': -118.3995194}, 'location_type': 'APPROXIMATE', 'viewport': {'northeast': {'lat': 33.877821, 'lng': -118.38473}, 'southwest': {'lat': 33.836286, 'lng': -118.45538}}}, 'place_id': 'ChIJrTm74X6zwoARQM6_cTJOEis', 'types': ['locality', 'political']}], 'status': 'OK'}}"
156,cities_52,"hidden hills, CA","{'num_results': 1, 'error': None, 'data': {'results': [{'address_components': [{'long_name': 'Hidden Hills', 'short_name': 'Hidden Hills', 'types': ['locality', 'political']}, {'long_name': 'Los Angeles County', 'short_name': 'Los Angeles County', 'types': ['administrative_area_level_2', 'political']}, {'long_name': 'California', 'short_name': 'CA', 'types': ['administrative_area_level_1', 'political']}, {'long_name': 'United States', 'short_name': 'US', 'types': ['country', 'political']}, {'long_name': '91302', 'short_name': '91302', 'types': ['postal_code']}], 'formatted_address': 'Hidden Hills, CA 91302, USA', 'geometry': {'bounds': {'northeast': {'lat': 34.17675, 'lng': -118.6397349}, 'southwest': {'lat': 34.151572, 'lng': -118.6742411}}, 'location': {'lat': 34.1648798, 'lng': -118.6647537}, 'location_type': 'APPROXIMATE', 'viewport': {'northeast': {'lat': 34.17675, 'lng': -118.6397349}, 'southwest': {'lat': 34.151572, 'lng': -118.6742411}}}, 'place_id': 'ChIJf_LTIQiewoARqjmEk7N69yM', 'types': ['locality', 'political']}], 'status': 'OK'}}"
157,cities_53,"la mirada, CA","{'num_results': 1, 'error': None, 'data': {'results': [{'address_components': [{'long_name': 'La Mirada', 'short_name': 'La Mirada', 'types': ['locality', 'political']}, {'long_name': 'Los Angeles County', 'short_name': 'Los Angeles County', 'types': ['administrative_area_level_2', 'political']}, {'long_name': 'California', 'short_name': 'CA', 'types': ['administrative_area_level_1', 'political']}, {'long_name': 'United States', 'short_name': 'US', 'types': ['country', 'political']}], 'formatted_address': 'La Mirada, CA, USA', 'geometry': {'bounds': {'northeast': {'lat': 33.9282679, 'lng': -117.976555}, 'southwest': {'lat': 33.8733219, 'lng': -118.0379731}}, 'location': {'lat': 33.9172357, 'lng': -118.0120086}, 'location_type': 'APPROXIMATE', 'viewport': {'northeast': {'lat': 33.9282679, 'lng': -117.976555}, 'southwest': {'lat': 33.8733219, 'lng': -118.0379731}}}, 'place_id': 'ChIJYUQwEV0r3YAR3fZE8hN0K-k', 'types': ['locality', 'political']}], 'status': 'OK'}}"
158,cities_54,"la verne, CA","{'num_results': 1, 'error': None, 'data': {'results': [{'address_components': [{'long_name': 'La Verne', 'short_name': 'La Verne', 'types': ['locality', 'political']}, {'long_name': 'Los Angeles County', 'short_name': 'Los Angeles County', 'types': ['administrative_area_level_2', 'political']}, {'long_name': 'California', 'short_name': 'CA', 'types': ['administrative_area_level_1', 'political']}, {'long_name': 'United States', 'short_name': 'US', 'types': ['country', 'political']}, {'long_name': '91750', 'short_name': '91750', 'types': ['postal_code']}], 'formatted_address': 'La Verne, CA 91750, USA', 'geometry': {'bounds': {'northeast': {'lat': 34.1653659, 'lng': -117.7476851}, 'southwest': {'lat': 34.0861659, 'lng': -117.8014359}}, 'location': {'lat': 34.1008426, 'lng': -117.7678355}, 'location_type': 'APPROXIMATE', 'viewport': {'northeast': {'lat': 34.1653659, 'lng': -117.7476851}, 'southwest': {'lat': 34.0861659, 'lng': -117.8014359}}}, 'place_id': 'ChIJTZXDcFwlw4ARTFswFnNibZs', 'types': ['locality', 'political']}], 'status': 'OK'}}"
159,cities_55,"lakewood, CA","{'num_results': 1, 'error': None, 'data': {'results': [{'address_components': [{'long_name': 'Lakewood', 'short_name': 'Lakewood', 'types': ['locality', 'political']}, {'long_name': 'Los Angeles County', 'short_name': 'Los Angeles County', 'types': ['administrative_area_level_2', 'political']}, {'long_name': 'California', 'short_name': 'CA', 'types': ['administrative_area_level_1', 'political']}, {'long_name': 'United States', 'short_name': 'US', 'types': ['country', 'political']}], 'formatted_address': 'Lakewood, CA, USA', 'geometry': {'bounds': {'northeast': {'lat': 33.869076, 'lng': -118.0589881}, 'southwest': {'lat': 33.8200469, 'lng': -118.167704}}, 'location': {'lat': 33.8508086, 'lng': -118.1334072}, 'location_type': 'APPROXIMATE', 'viewport': {'northeast': {'lat': 33.869076, 'lng': -118.0589881}, 'southwest': {'lat': 33.8200469, 'lng': -118.167704}}}, 'place_id': 'ChIJHYGo5F8y3YARxXjJKWCoW8c', 'types': ['locality', 'political']}], 'status': 'OK'}}"
160,cities_56,"rolling hills estates, CA","{'num_results': 1, 'error': None, 'data': {'results': [{'address_components': [{'long_name': 'Rolling Hills Estates', 'short_name': 'Rolling Hills Estates', 'types': ['locality', 'political']}, {'long_name': 'Los Angeles County', 'short_name': 'Los Angeles County', 'types': ['administrative_area_level_2', 'political']}, {'long_name': 'California', 'short_name': 'CA', 'types': ['administrative_area_level_1', 'political']}, {'long_name': 'United States', 'short_name': 'US', 'types': ['country', 'political']}], 'formatted_address': 'Rolling Hills Estates, CA, USA', 'geometry': {'bounds': {'northeast': {'lat': 33.795206, 'lng': -118.315172}, 'southwest': {'lat': 33.7570741, 'lng': -118.393344}}, 'location': {'lat': 33.7877943, 'lng': -118.3581284}, 'location_type': 'APPROXIMATE', 'viewport': {'northeast': {'lat': 33.795206, 'lng': -118.315172}, 'southwest': {'lat': 33.7570741, 'lng': -118.393344}}}, 'place_id': 'ChIJ6SkBiLFL3YAR66NhV-yaDp4', 'types': ['locality', 'political']}], 'status': 'OK'}}"
161,cities_57,"rosemead, CA","{'num_results': 1, 'error': None, 'data': {'results': [{'address_components': [{'long_name': 'Rosemead', 'short_name': 'Rosemead', 'types': ['locality', 'political']}, {'long_name': 'Los Angeles County', 'short_name': 'Los Angeles County', 'types': ['administrative_area_level_2', 'political']}, {'long_name': 'California', 'short_name': 'CA', 'types': ['administrative_area_level_1', 'political']}, {'long_name': 'United States', 'short_name': 'US', 'types': ['country', 'political']}], 'formatted_address': 'Rosemead, CA, USA', 'geometry': {'bounds': {'northeast': {'lat': 34.0950169, 'lng': -118.0557679}, 'southwest': {'lat': 34.034409, 'lng': -118.1081079}}, 'location': {'lat': 34.0805651, 'lng': -118.072846}, 'location_type': 'APPROXIMATE', 'viewport': {'northeast': {'lat': 34.0950169, 'lng': -118.0557679}, 'southwest': {'lat': 34.034409, 'lng': -118.1081079}}}, 'navigation_points': [{'location': {'latitude': 34.0805646, 'longitude': -118.0727757}}], 'place_id': 'ChIJsXdsdnTQwoARfIhDlkgdNaA', 'types': ['locality', 'political']}], 'status': 'OK'}}"
162,cities_58,"san dimas, CA","{'num_results': 1, 'error': None, 'data': {'results': [{'address_components': [{'long_name': 'San Dimas', 'short_name': 'San Dimas', 'types': ['locality', 'political']}, {'long_name': 'Los Angeles County', 'short_name': 'Los Angeles County', 'types': ['administrative_area_level_2', 'political']}, {'long_name': 'California', 'short_name': 'CA', 'types': ['administrative_area_level_1', 'political']}, {'long_name': 'United States', 'short_name': 'US', 'types': ['country', 'political']}], 'formatted_address': 'San Dimas, CA, USA', 'geometry': {'bounds': {'northeast': {'lat': 34.16518, 'lng': -117.772254}, 'southwest': {'lat': 34.0636549, 'lng': -117.853969}}, 'location': {'lat': 34.1066756, 'lng': -117.8067257}, 'location_type': 'APPROXIMATE', 'viewport': {'northeast': {'lat': 34.16518, 'lng': -117.772254}, 'southwest': {'lat': 34.0636549, 'lng': -117.853969}}}, 'place_id': 'ChIJ39G4_KIWw4AREBzIr5r1mWI', 'types': ['locality', 'political']}], 'status': 'OK'}}"
163,cities_59,"san fernando, CA","{'num_results': 1, 'error': None, 'data': {'results': [{'address_components': [{'long_name': 'San Fernando', 'short_name': 'San Fernando', 'types': ['locality', 'political']}, {'long_name': 'Los Angeles County', 'short_name': 'Los Angeles County', 'types': ['administrative_area_level_2', 'political']}, {'long_name': 'California', 'short_name': 'CA', 'types': ['administrative_area_level_1', 'political']}, {'long_name': 'United States', 'short_name': 'US', 'types': ['country', 'political']}], 'formatted_address': 'San Fernando, CA, USA', 'geometry': {'bounds': {'northeast': {'lat': 34.304687, 'lng': -118.4157921}, 'southwest': {'lat': 34.2733101, 'lng': -118.4560079}}, 'location': {'lat': 34.2819461, 'lng': -118.4389719}, 'location_type': 'APPROXIMATE', 'viewport': {'northeast': {'lat': 34.304687, 'lng': -118.4157921}, 'southwest': {'lat': 34.2733101, 'lng': -118.4560079}}}, 'place_id': 'ChIJ70i_U1GQwoAR17cofW3ioUs', 'types': ['locality', 'political']}], 'status': 'OK'}}"
164,cities_6,"bell, CA","{'num_results': 0, 'error': 'ZERO_RESULTS', 'data': None}"
165,cities_60,"san gabriel, CA","{'num_results': 1, 'error': None, 'data': {'results': [{'address_components': [{'long_name': 'San Gabriel', 'short_name': 'San Gabriel', 'types': ['locality', 'political']}, {'long_name': 'Los Angeles County', 'short_name': 'Los Angeles County', 'types': ['administrative_area_level_2', 'political']}, {'long_name': 'California', 'short_name': 'CA', 'types': ['administrative_area_level_1', 'political']}, {'long_name': 'United States', 'short_name': 'US', 'types': ['country', 'political']}], 'formatted_address': 'San Gabriel, CA, USA', 'geometry': {'bounds': {'northeast': {'lat': 34.115308, 'lng': -118.077205}, 'southwest': {'lat': 34.07120099999999, 'lng': -118.121095}}, 'location': {'lat': 34.09611110000001, 'lng': -118.1058333}, 'location_type': 'APPROXIMATE', 'viewport': {'northeast': {'lat': 34.115308, 'lng': -118.077205}, 'southwest': {'lat': 34.07120099999999, 'lng': -118.121095}}}, 'place_id': 'ChIJK7PxJ9vawoAR7OFLP8rH-bE', 'types': ['locality', 'political']}], 'status': 'OK'}}"
166,cities_61,"san marino, CA","{'num_results': 1, 'error': None, 'data': {'results': [{'address_components': [{'long_name': 'San Marino', 'short_name': 'San Marino', 'types': ['locality', 'political']}, {'long_name': 'Los Angeles County', 'short_name': 'Los Angeles County', 'types': ['administrative_area_level_2', 'political']}, {'long_name': 'California', 'short_name': 'CA', 'types': ['administrative_area_level_1', 'political']}, {'long_name': 'United States', 'short_name': 'US', 'types': ['country', 'political']}, {'long_name': '91108', 'short_name': '91108', 'types': ['postal_code']}], 'formatted_address': 'San Marino, CA 91108, USA', 'geometry': {'bounds': {'northeast': {'lat': 34.13736, 'lng': -118.087946}, 'southwest': {'lat': 34.104976, 'lng': -118.1419949}}, 'location': {'lat': 34.121397, 'lng': -118.1064585}, 'location_type': 'APPROXIMATE', 'viewport': {'northeast': {'lat': 34.13736, 'lng': -118.087946}, 'southwest': {'lat': 34.104976, 'lng': -118.1419949}}}, 'place_id': 'ChIJ5fMpnLXEwoARyPk4Uf3afqo', 'types': ['locality', 'political']}], 'status': 'OK'}}"
167,cities_62,"santa clarita, CA","{'num_results': 1, 'error': None, 'data': {'results': [{'address_components': [{'long_name': 'Santa Clarita', 'short_name': 'Santa Clarita', 'types': ['locality', 'political']}, {'long_name': 'Los Angeles County', 'short_name': 'Los Angeles County', 'types': ['administrative_area_level_2', 'political']}, {'long_name': 'California', 'short_name': 'CA', 'types': ['administrative_area_level_1', 'political']}, {'long_name': 'United States', 'short_name': 'US', 'types': ['country', 'political']}], 'formatted_address': 'Santa Clarita, CA, USA', 'geometry': {'bounds': {'northeast': {'lat': 34.50003, 'lng': -118.3787139}, 'southwest': {'lat': 34.341368, 'lng': -118.613308}}, 'location': {'lat': 34.3916641, 'lng': -118.542586}, 'location_type': 'APPROXIMATE', 'viewport': {'northeast': {'lat': 34.50003, 'lng': -118.3787139}, 'southwest': {'lat': 34.341368, 'lng': -118.613308}}}, 'place_id': 'ChIJJxjVrDOGwoARSNYFc-CPSlY', 'types': ['locality', 'political']}], 'status': 'OK'}}"
168,cities_63,"santa fe springs, CA","{'num_results': 1, 'error': None, 'data': {'results': [{'address_components': [{'long_name': 'Santa Fe Springs', 'short_name': 'Santa Fe Springs', 'types': ['locality', 'political']}, {'long_name': 'Los Angeles County', 'short_name': 'Los Angeles County', 'types': ['administrative_area_level_2', 'political']}, {'long_name': 'California', 'short_name': 'CA', 'types': ['administrative_area_level_1', 'political']}, {'long_name': 'United States', 'short_name': 'US', 'types': ['country', 'political']}], 'formatted_address': 'Santa Fe Springs, CA, USA', 'geometry': {'bounds': {'northeast': {'lat': 33.9749749, 'lng': -118.0288879}, 'southwest': {'lat': 33.8826291, 'lng': -118.0984211}}, 'location': {'lat': 33.9472359, 'lng': -118.0853451}, 'location_type': 'APPROXIMATE', 'viewport': {'northeast': {'lat': 33.9749749, 'lng': -118.0288879}, 'southwest': {'lat': 33.8826291, 'lng': -118.0984211}}}, 'navigation_points': [{'location': {'latitude': 33.9460204, 'longitude': -118.0803621}}], 'place_id': 'ChIJh2x1kwLTwoAR4zWXGfiJrzU', 'types': ['locality', 'political']}], 'status': 'OK'}}"
169,cities_64,"santa monica, CA","{'num_results': 1, 'error': None, 'data': {'results': [{'address_components': [{'long_name': 'Santa Monica', 'short_name': 'Santa Monica', 'types': ['locality', 'political']}, {'long_name': 'Los Angeles County', 'short_name': 'Los Angeles County', 'types': ['administrative_area_level_2', 'political']}, {'long_name': 'California', 'short_name': 'CA', 'types': ['administrative_area_level_1', 'political']}, {'long_name': 'United States', 'short_name': 'US', 'types': ['country', 'political']}], 'formatted_address': 'Santa Monica, CA, USA', 'geometry': {'bounds': {'northeast': {'lat': 34.05056, 'lng': -118.4435171}, 'southwest': {'lat': 33.9668839, 'lng': -118.5631109}}, 'location': {'lat': 34.0118828, 'lng': -118.4915504}, 'location_type': 'APPROXIMATE', 'viewport': {'northeast': {'lat': 34.05056, 'lng': -118.4435171}, 'southwest': {'lat': 33.9668839, 'lng': -118.5631109}}}, 'place_id': 'ChIJGQCRws6kwoARq_Uj_7UKF7Q', 'types': ['locality', 'political']}], 'status': 'OK'}}"
170,cities_65,"lawndale, CA","{'num_results': 1, 'error': None, 'data': {'results': [{'address_components': [{'long_name': 'Lawndale', 'short_name': 'Lawndale', 'types': ['locality', 'political']}, {'long_name': 'Los Angeles County', 'short_name': 'Los Angeles County', 'types': ['administrative_area_level_2', 'political']}, {'long_name': 'California', 'short_name': 'CA', 'types': ['administrative_area_level_1', 'political']}, {'long_name': 'United States', 'short_name': 'US', 'types': ['country', 'political']}], 'formatted_address': 'Lawndale, CA, USA', 'geometry': {'bounds': {'northeast': {'lat': 33.90244, 'lng': -118.343775}, 'southwest': {'lat': 33.8728541, 'lng': -118.368879}}, 'location': {'lat': 33.887237, 'lng': -118.3525744}, 'location_type': 'APPROXIMATE', 'viewport': {'northeast': {'lat': 33.90244, 'lng': -118.343775}, 'southwest': {'lat': 33.8728541, 'lng': -118.368879}}}, 'place_id': 'ChIJh9_pck60woAR9vxrmYOvDqo', 'types': ['locality', 'political']}], 'status': 'OK'}}"
171,cities_66,"lomita, CA","{'num_results': 1, 'error': None, 'data': {'results': [{'address_components': [{'long_name': 'Lomita', 'short_name': 'Lomita', 'types': ['locality', 'political']}, {'long_name': 'Los Angeles County', 'short_name': 'Los Angeles County', 'types': ['administrative_area_level_2', 'political']}, {'long_name': 'California', 'short_name': 'CA', 'types': ['administrative_area_level_1', 'political']}, {'long_name': 'United States', 'short_name': 'US', 'types': ['country', 'political']}], 'formatted_address': 'Lomita, CA, USA', 'geometry': {'bounds': {'northeast': {'lat': 33.8076609, 'lng': -118.3064269}, 'southwest': {'lat': 33.7749579, 'lng': -118.32868}}, 'location': {'lat': 33.7922392, 'lng': -118.3150722}, 'location_type': 'APPROXIMATE', 'viewport': {'northeast': {'lat': 33.8076609, 'lng': -118.3064269}, 'southwest': {'lat': 33.7749579, 'lng': -118.32868}}}, 'place_id': 'ChIJ11yAWGVK3YARkdngmEUwcS8', 'types': ['locality', 'political']}], 'status': 'OK'}}"
172,cities_67,"long beach, CA","{'num_results': 1, 'error': None, 'data': {'results': [{'address_components': [{'long_name': 'Long Beach', 'short_name': 'Long Beach', 'types': ['locality', 'political']}, {'long_name': 'Los Angeles County', 'short_name': 'Los Angeles County', 'types': ['administrative_area_level_2', 'political']}, {'long_name': 'California', 'short_name': 'CA', 'types': ['administrative_area_level_1', 'political']}, {'long_name': 'United States', 'short_name': 'US', 'types': ['country', 'political']}], 'formatted_address': 'Long Beach, CA, USA', 'geometry': {'bounds': {'northeast': {'lat': 33.8855309, 'lng': -118.06317}, 'southwest': {'lat': 33.690593, 'lng': -118.248966}}, 'location': {'lat': 33.7700504, 'lng': -118.1937395}, 'location_type': 'APPROXIMATE', 'viewport': {'northeast': {'lat': 33.8855309, 'lng': -118.06317}, 'southwest': {'lat': 33.690593, 'lng': -118.248966}}}, 'place_id': 'ChIJWdeZQOjKwoARqo8qxPo6AKE', 'types': ['locality', 'political']}], 'status': 'OK'}}"
173,cities_68,"los angeles, CA","{'num_results': 1, 'error': None, 'data': {'results': [{'address_components': [{'long_name': 'Los Angeles', 'short_name': 'Los Angeles', 'types': ['locality', 'political']}, {'long_name': 'Los Angeles County', 'short_name': 'Los Angeles County', 'types': ['administrative_area_level_2', 'political']}, {'long_name': 'California', 'short_name': 'CA', 'types': ['administrative_area_level_1', 'political']}, {'long_name': 'United States', 'short_name': 'US', 'types': ['country', 'political']}], 'formatted_address': 'Los Angeles, CA, USA', 'geometry': {'bounds': {'northeast': {'lat': 34.337306, 'lng': -118.1552891}, 'southwest': {'lat': 33.7036519, 'lng': -118.6681761}}, 'location': {'lat': 34.0549076, 'lng': -118.242643}, 'location_type': 'APPROXIMATE', 'viewport': {'northeast': {'lat': 34.337306, 'lng': -118.1552891}, 'southwest': {'lat': 33.7036519, 'lng': -118.6681761}}}, 'place_id': 'ChIJE9on3F3HwoAR9AhGJW_fL-I', 'types': ['locality', 'political']}], 'status': 'OK'}}"
174,cities_69,"lynwood, CA","{'num_results': 1, 'error': None, 'data': {'results': [{'address_components': [{'long_name': 'Lynwood', 'short_name': 'Lynwood', 'types': ['locality', 'political']}, {'long_name': 'Los Angeles County', 'short_name': 'Los Angeles County', 'types': ['administrative_area_level_2', 'political']}, {'long_name': 'California', 'short_name': 'CA', 'types': ['administrative_area_level_1', 'political']}, {'long_name': 'United States', 'short_name': 'US', 'types': ['country', 'political']}], 'formatted_address': 'Lynwood, CA, USA', 'geometry': {'bounds': {'northeast': {'lat': 33.945441, 'lng': -118.176825}, 'southwest': {'lat': 33.904637, 'lng': -118.2303241}}, 'location': {'lat': 33.930293, 'lng': -118.2114603}, 'location_type': 'APPROXIMATE', 'viewport': {'northeast': {'lat': 33.945441, 'lng': -118.176825}, 'southwest': {'lat': 33.904637, 'lng': -118.2303241}}}, 'place_id': 'ChIJZ6ONppfLwoARqwb6abQj9ug', 'types': ['locality', 'political']}], 'status': 'OK'}}"
175,cities_7,"bell gardens, CA","{'num_results': 1, 'error': None, 'data': {'results': [{'address_components': [{'long_name': 'Bell Gardens', 'short_name': 'Bell Gardens', 'types': ['locality', 'political']}, {'long_name': 'Los Angeles County', 'short_name': 'Los Angeles County', 'types': ['administrative_area_level_2', 'political']}, {'long_name': 'California', 'short_name': 'CA', 'types': ['administrative_area_level_1', 'political']}, {'long_name': 'United States', 'short_name': 'US', 'types': ['country', 'political']}, {'long_name': '90201', 'short_name': '90201', 'types': ['postal_code']}], 'formatted_address': 'Bell Gardens, CA 90201, USA', 'geometry': {'bounds': {'northeast': {'lat': 33.9793639, 'lng': -118.1293701}, 'southwest': {'lat': 33.9518939, 'lng': -118.1702849}}, 'location': {'lat': 33.9652918, 'lng': -118.1514588}, 'location_type': 'APPROXIMATE', 'viewport': {'northeast': {'lat': 33.9793639, 'lng': -118.1293701}, 'southwest': {'lat': 33.9518939, 'lng': -118.1702849}}}, 'place_id': 'ChIJFZG_A9bNwoARm9_9Cfsrat4', 'types': ['locality', 'political']}], 'status': 'OK'}}"
176,cities_70,"malibu, CA","{'num_results': 1, 'error': None, 'data': {'results': [{'address_components': [{'long_name': 'Malibu', 'short_name': 'Malibu', 'types': ['locality', 'political']}, {'long_name': 'Los Angeles County', 'short_name': 'Los Angeles County', 'types': ['administrative_area_level_2', 'political']}, {'long_name': 'California', 'short_name': 'CA', 'types': ['administrative_area_level_1', 'political']}, {'long_name': 'United States', 'short_name': 'US', 'types': ['country', 'political']}], 'formatted_address': 'Malibu, CA, USA', 'geometry': {'bounds': {'northeast': {'lat': 34.067193, 'lng': -118.569075}, 'southwest': {'lat': 33.946905, 'lng': -118.9314991}}, 'location': {'lat': 34.0380585, 'lng': -118.6923438}, 'location_type': 'APPROXIMATE', 'viewport': {'northeast': {'lat': 34.067193, 'lng': -118.569075}, 'southwest': {'lat': 33.946905, 'lng': -118.9314991}}}, 'place_id': 'ChIJP9YI-akd6IARWozqsnEtt5M', 'types': ['locality', 'political']}], 'status': 'OK'}}"
177,cities_71,"manhattan beach, CA","{'num_results': 1, 'error': None, 'data': {'results': [{'address_components': [{'long_name': 'Manhattan Beach', 'short_name': 'Manhattan Beach', 'types': ['locality', 'political']}, {'long_name': 'Los Angeles County', 'short_name': 'Los Angeles County', 'types': ['administrative_area_level_2', 'political']}, {'long_name': 'California', 'short_name': 'CA', 'types': ['administrative_area_level_1', 'political']}, {'long_name': 'United States', 'short_name': 'US', 'types': ['country', 'political']}], 'formatted_address': 'Manhattan Beach, CA, USA', 'geometry': {'bounds': {'northeast': {'lat': 33.906141, 'lng': -118.378662}, 'southwest': {'lat': 33.8610009, 'lng': -118.475015}}, 'location': {'lat': 33.8881489, 'lng': -118.4092903}, 'location_type': 'APPROXIMATE', 'viewport': {'northeast': {'lat': 33.906141, 'lng': -118.378662}, 'southwest': {'lat': 33.8610009, 'lng': -118.475015}}}, 'place_id': 'ChIJL2Ow4sWzwoARIEUV9NRRAwc', 'types': ['locality', 'political']}], 'status': 'OK'}}"
178,cities_72,"south pasadena, CA","{'num_results': 1, 'error': None, 'data': {'results': [{'address_components': [{'long_name': 'South Pasadena', 'short_name': 'South Pasadena', 'types': ['locality', 'political']}, {'long_name': 'Los Angeles County', 'short_name': 'Los Angeles County', 'types': ['administrative_area_level_2', 'political']}, {'long_name': 'California', 'short_name': 'CA', 'types': ['administrative_area_level_1', 'political']}, {'long_name': 'United States', 'short_name': 'US', 'types': ['country', 'political']}, {'long_name': '91030', 'short_name': '91030', 'types': ['postal_code']}], 'formatted_address': 'South Pasadena, CA 91030, USA', 'geometry': {'bounds': {'northeast': {'lat': 34.125662, 'lng': -118.134694}, 'southwest': {'lat': 34.098595, 'lng': -118.177996}}, 'location': {'lat': 34.1161196, 'lng': -118.1503488}, 'location_type': 'APPROXIMATE', 'viewport': {'northeast': {'lat': 34.125662, 'lng': -118.134694}, 'southwest': {'lat': 34.098595, 'lng': -118.177996}}}, 'place_id': 'ChIJn1E36IrEwoARX8XYgRvgJ1I', 'types': ['locality', 'political']}], 'status': 'OK'}}"
179,cities_73,"temple city, CA","{'num_results': 1, 'error': None, 'data': {'results': [{'address_components': [{'long_name': 'Temple City', 'short_name': 'Temple City', 'types': ['locality', 'political']}, {'long_name': 'Los Angeles County', 'short_name': 'Los Angeles County', 'types': ['administrative_area_level_2', 'political']}, {'long_name': 'California', 'short_name': 'CA', 'types': ['administrative_area_level_1', 'political']}, {'long_name': 'United States', 'short_name': 'US', 'types': ['country', 'political']}], 'formatted_address': 'Temple City, CA, USA', 'geometry': {'bounds': {'northeast': {'lat': 34.1209961, 'lng': -118.02842}, 'southwest': {'lat': 34.0853589, 'lng': -118.0813779}}, 'location': {'lat': 34.1072305, 'lng': -118.0578456}, 'location_type': 'APPROXIMATE', 'viewport': {'northeast': {'lat': 34.1209961, 'lng': -118.02842}, 'southwest': {'lat': 34.0853589, 'lng': -118.0813779}}}, 'place_id': 'ChIJ5S-vG_3QwoAR3tuU4KHWU1Y', 'types': ['locality', 'political']}], 'status': 'OK'}}"
180,cities_74,"torrance, CA","{'num_results': 1, 'error': None, 'data': {'results': [{'address_components': [{'long_name': 'Torrance', 'short_name': 'Torrance', 'types': ['locality', 'political']}, {'long_name': 'Los Angeles County', 'short_name': 'Los Angeles County', 'types': ['administrative_area_level_2', 'political']}, {'long_name': 'California', 'short_name': 'CA', 'types': ['administrative_area_level_1', 'political']}, {'long_name': 'United States', 'short_name': 'US', 'types': ['country', 'political']}], 'formatted_address': 'Torrance, CA, USA', 'geometry': {'bounds': {'northeast': {'lat': 33.887061, 'lng': -118.308254}, 'southwest': {'lat': 33.78052, 'lng': -118.4832399}}, 'location': {'lat': 33.8369217, 'lng': -118.3407451}, 'location_type': 'APPROXIMATE', 'viewport': {'northeast': {'lat': 33.887061, 'lng': -118.308254}, 'southwest': {'lat': 33.78052, 'lng': -118.4832399}}}, 'place_id': 'ChIJ096zWNFK3YARHmYKTm7TS60', 'types': ['locality', 'political']}], 'status': 'OK'}}"
181,cities_75,"vernon, CA","{'num_results': 1, 'error': None, 'data': {'results': [{'address_components': [{'long_name': 'Vernon', 'short_name': 'Vernon', 'types': ['locality', 'political']}, {'long_name': 'Los Angeles County', 'short_name': 'Los Angeles County', 'types': ['administrative_area_level_2', 'political']}, {'long_name': 'California', 'short_name': 'CA', 'types': ['administrative_area_level_1', 'political']}, {'long_name': 'United States', 'short_name': 'US', 'types': ['country', 'political']}], 'formatted_address': 'Vernon, CA, USA', 'geometry': {'bounds': {'northeast': {'lat': 34.015636, 'lng': -118.1701219}, 'southwest': {'lat': 33.9830941, 'lng': -118.2397449}}, 'location': {'lat': 34.003903, 'lng': -118.230073}, 'location_type': 'APPROXIMATE', 'viewport': {'northeast': {'lat': 34.015636, 'lng': -118.1701219}, 'southwest': {'lat': 33.9830941, 'lng': -118.2397449}}}, 'place_id': 'ChIJr-7gz9PIwoARk3YHNju1ZSE', 'types': ['locality', 'political']}], 'status': 'OK'}}"
182,cities_76,"walnut, CA","{'num_results': 1, 'error': None, 'data': {'results': [{'address_components': [{'long_name': 'Walnut', 'short_name': 'Walnut', 'types': ['locality', 'political']}, {'long_name': 'Los Angeles County', 'short_name': 'Los Angeles County', 'types': ['administrative_area_level_2', 'political']}, {'long_name': 'California', 'short_name': 'CA', 'types': ['administrative_area_level_1', 'political']}, {'long_name': 'United States', 'short_name': 'US', 'types': ['country', 'political']}], 'formatted_address': 'Walnut, CA, USA', 'geometry': {'bounds': {'northeast': {'lat': 34.0624779, 'lng': -117.824606}, 'southwest': {'lat': 34.002645, 'lng': -117.8957359}}, 'location': {'lat': 34.0202894, 'lng': -117.8653386}, 'location_type': 'APPROXIMATE', 'viewport': {'northeast': {'lat': 34.0624779, 'lng': -117.824606}, 'southwest': {'lat': 34.002645, 'lng': -117.8957359}}}, 'navigation_points': [{'location': {'latitude': 34.02027, 'longitude': -117.8653276}}], 'place_id': 'ChIJMyel7Zcrw4AReYg0hj99Lq8', 'types': ['locality', 'political']}], 'status': 'OK'}}"
183,cities_77,"west covina, CA","{'num_results': 1, 'error': None, 'data': {'results': [{'address_components': [{'long_name': 'West Covina', 'short_name': 'West Covina', 'types': ['locality', 'political']}, {'long_name': 'Los Angeles County', 'short_name': 'Los Angeles County', 'types': ['administrative_area_level_2', 'political']}, {'long_name': 'California', 'short_name': 'CA', 'types': ['administrative_area_level_1', 'political']}, {'long_name': 'United States', 'short_name': 'US', 'types': ['country', 'political']}], 'formatted_address': 'West Covina, CA, USA', 'geometry': {'bounds': {'northeast': {'lat': 34.0924931, 'lng': -117.8578969}, 'southwest': {'lat': 34.0017281, 'lng': -117.9671439}}, 'location': {'lat': 34.0686208, 'lng': -117.9389526}, 'location_type': 'APPROXIMATE', 'viewport': {'northeast': {'lat': 34.0924931, 'lng': -117.8578969}, 'southwest': {'lat': 34.0017281, 'lng': -117.9671439}}}, 'navigation_points': [{'location': {'latitude': 34.0689249, 'longitude': -117.9371957}}], 'place_id': 'ChIJqQ7XZsQpw4AR6oEJqkv0XuQ', 'types': ['locality', 'political']}], 'status': 'OK'}}"
184,cities_78,"west hollywood, CA","{'num_results': 1, 'error': None, 'data': {'results': [{'address_components': [{'long_name': 'West Hollywood', 'short_name': 'West Hollywood', 'types': ['locality', 'political']}, {'long_name': 'Central LA', 'short_name': 'Central LA', 'types': ['neighborhood', 'political']}, {'long_name': 'Los Angeles County', 'short_name': 'Los Angeles County', 'types': ['administrative_area_level_2', 'political']}, {'long_name': 'California', 'short_name': 'CA', 'types': ['administrative_area_level_1', 'political']}, {'long_name': 'United States', 'short_name': 'US', 'types': ['country', 'political']}], 'formatted_address': 'West Hollywood, CA, USA', 'geometry': {'bounds': {'northeast': {'lat': 34.09798, 'lng': -118.34338}, 'southwest': {'lat': 34.07639, 'lng': -118.3958459}}, 'location': {'lat': 34.0907087, 'lng': -118.3703284}, 'location_type': 'APPROXIMATE', 'viewport': {'northeast': {'lat': 34.09798, 'lng': -118.34338}, 'southwest': {'lat': 34.07639, 'lng': -118.3958459}}}, 'place_id': 'ChIJ4zPwIdm-woARpyaKDi1M5FA', 'types': ['locality', 'political']}], 'status': 'OK'}}"
185,cities_79,"westlake village, CA","{'num_results': 1, 'error': None, 'data': {'results': [{'address_components': [{'long_name': 'Westlake Village', 'short_name': 'Westlake Village', 'types': ['locality', 'political']}, {'long_name': 'Los Angeles County', 'short_name': 'Los Angeles County', 'types': ['administrative_area_level_2', 'political']}, {'long_name': 'California', 'short_name': 'CA', 'types': ['administrative_area_level_1', 'political']}, {'long_name': 'United States', 'short_name': 'US', 'types': ['country', 'political']}], 'formatted_address': 'Westlake Village, CA, USA', 'geometry': {'bounds': {'northeast': {'lat': 34.168214, 'lng': -118.788889}, 'southwest': {'lat': 34.1103199, 'lng': -118.8564729}}, 'location': {'lat': 34.1466467, 'lng': -118.8073729}, 'location_type': 'APPROXIMATE', 'viewport': {'northeast': {'lat': 34.168214, 'lng': -118.788889}, 'southwest': {'lat': 34.1103199, 'lng': -118.8564729}}}, 'place_id': 'ChIJCesyTno66IARBNfilAxLV9s', 'types': ['locality', 'political']}], 'status': 'OK'}}"
186,cities_8,"bellflower, CA","{'num_results': 1, 'error': None, 'data': {'results': [{'address_components': [{'long_name': 'Bellflower', 'short_name': 'Bellflower', 'types': ['locality', 'political']}, {'long_name': 'Los Angeles County', 'short_name': 'Los Angeles County', 'types': ['administrative_area_level_2', 'political']}, {'long_name': 'California', 'short_name': 'CA', 'types': ['administrative_area_level_1', 'political']}, {'long_name': 'United States', 'short_name': 'US', 'types': ['country', 'political']}, {'long_name': '90706', 'short_name': '90706', 'types': ['postal_code']}], 'formatted_address': 'Bellflower, CA 90706, USA', 'geometry': {'bounds': {'northeast': {'lat': 33.910453, 'lng': -118.1069101}, 'southwest': {'lat': 33.865574, 'lng': -118.151311}}, 'location': {'lat': 33.8816818, 'lng': -118.1170117}, 'location_type': 'APPROXIMATE', 'viewport': {'northeast': {'lat': 33.910453, 'lng': -118.1069101}, 'southwest': {'lat': 33.865574, 'lng': -118.151311}}}, 'place_id': 'ChIJc0O-9bAy3YARCZtI9k9VBrY', 'types': ['locality', 'political']}], 'status': 'OK'}}"
187,cities_80,"maywood, CA","{'num_results': 1, 'error': None, 'data': {'results': [{'address_components': [{'long_name': 'Maywood', 'short_name': 'Maywood', 'types': ['locality', 'political']}, {'long_name': 'Los Angeles County', 'short_name': 'Los Angeles County', 'types': ['administrative_area_level_2', 'political']}, {'long_name': 'California', 'short_name': 'CA', 'types': ['administrative_area_level_1', 'political']}, {'long_name': 'United States', 'short_name': 'US', 'types': ['country', 'political']}, {'long_name': '90270', 'short_name': '90270', 'types': ['postal_code']}], 'formatted_address': 'Maywood, CA 90270, USA', 'geometry': {'bounds': {'northeast': {'lat': 33.9966701, 'lng': -118.170045}, 'southwest': {'lat': 33.980092, 'lng': -118.2045121}}, 'location': {'lat': 33.9866807, 'lng': -118.185349}, 'location_type': 'APPROXIMATE', 'viewport': {'northeast': {'lat': 33.9966701, 'lng': -118.170045}, 'southwest': {'lat': 33.980092, 'lng': -118.2045121}}}, 'navigation_points': [{'location': {'latitude': 33.9867278, 'longitude': -118.1853402}}], 'place_id': 'ChIJFa5PUMPOwoARN3_-Bdevm8M', 'types': ['locality', 'political']}], 'status': 'OK'}}"
188,cities_81,"monrovia, CA","{'num_results': 1, 'error': None, 'data': {'results': [{'address_components': [{'long_name': 'Monrovia', 'short_name': 'Monrovia', 'types': ['locality', 'political']}, {'long_name': 'Los Angeles County', 'short_name': 'Los Angeles County', 'types': ['administrative_area_level_2', 'political']}, {'long_name': 'California', 'short_name': 'CA', 'types': ['administrative_area_level_1', 'political']}, {'long_name': 'United States', 'short_name': 'US', 'types': ['country', 'political']}], 'formatted_address': 'Monrovia, CA, USA', 'geometry': {'bounds': {'northeast': {'lat': 34.194313, 'lng': -117.942334}, 'southwest': {'lat': 34.102902, 'lng': -118.021906}}, 'location': {'lat': 34.1442616, 'lng': -118.0019482}, 'location_type': 'APPROXIMATE', 'viewport': {'northeast': {'lat': 34.194313, 'lng': -117.942334}, 'southwest': {'lat': 34.102902, 'lng': -118.021906}}}, 'place_id': 'ChIJ2eJeOzfZwoARhfe1CC46JE8', 'types': ['locality', 'political']}], 'status': 'OK'}}"
189,cities_82,"montebello, CA","{'num_results': 1, 'error': None, 'data': {'results': [{'address_components': [{'long_name': 'Montebello', 'short_name': 'Montebello', 'types': ['locality', 'political']}, {'long_name': 'Los Angeles County', 'short_name': 'Los Angeles County', 'types': ['administrative_area_level_2', 'political']}, {'long_name': 'California', 'short_name': 'CA', 'types': ['administrative_area_level_1', 'political']}, {'long_name': 'United States', 'short_name': 'US', 'types': ['country', 'political']}], 'formatted_address': 'Montebello, CA, USA', 'geometry': {'bounds': {'northeast': {'lat': 34.046023, 'lng': -118.0730029}, 'southwest': {'lat': 33.974409, 'lng': -118.1441599}}, 'location': {'lat': 34.019321, 'lng': -118.116076}, 'location_type': 'APPROXIMATE', 'viewport': {'northeast': {'lat': 34.046023, 'lng': -118.0730029}, 'southwest': {'lat': 33.974409, 'lng': -118.1441599}}}, 'place_id': 'ChIJhV4fRirOwoAR2prNNJkxiH4', 'types': ['locality', 'political']}], 'status': 'OK'}}"
190,cities_83,"monterey park, CA","{'num_results': 1, 'error': None, 'data': {'results': [{'address_components': [{'long_name': 'Monterey Park', 'short_name': 'Monterey Park', 'types': ['locality', 'political']}, {'long_name': 'Los Angeles County', 'short_name': 'Los Angeles County', 'types': ['administrative_area_level_2', 'political']}, {'long_name': 'California', 'short_name': 'CA', 'types': ['administrative_area_level_1', 'political']}, {'long_name': 'United States', 'short_name': 'US', 'types': ['country', 'political']}], 'formatted_address': 'Monterey Park, CA, USA', 'geometry': {'bounds': {'northeast': {'lat': 34.07166, 'lng': -118.093123}, 'southwest': {'lat': 34.026994, 'lng': -118.169599}}, 'location': {'lat': 34.0625106, 'lng': -118.1228476}, 'location_type': 'APPROXIMATE', 'viewport': {'northeast': {'lat': 34.07166, 'lng': -118.093123}, 'southwest': {'lat': 34.026994, 'lng': -118.169599}}}, 'place_id': 'ChIJD8jobpnFwoARZZBZzayvgTw', 'types': ['locality', 'political']}], 'status': 'OK'}}"
191,cities_84,"norwalk, CA","{'num_results': 1, 'error': None, 'data': {'results': [{'address_components': [{'long_name': 'Norwalk', 'short_name': 'Norwalk', 'types': ['locality', 'political']}, {'long_name': 'Los Angeles County', 'short_name': 'Los Angeles County', 'types': ['administrative_area_level_2', 'political']}, {'long_name': 'California', 'short_name': 'CA', 'types': ['administrative_area_level_1', 'political']}, {'long_name': 'United States', 'short_name': 'US', 'types': ['country', 'political']}, {'long_name': '90650', 'short_name': '90650', 'types': ['postal_code']}], 'formatted_address': 'Norwalk, CA 90650, USA', 'geometry': {'bounds': {'northeast': {'lat': 33.933481, 'lng': -118.0422039}, 'southwest': {'lat': 33.8803139, 'lng': -118.1116109}}, 'location': {'lat': 33.9170666, 'lng': -118.0725134}, 'location_type': 'APPROXIMATE', 'viewport': {'northeast': {'lat': 33.933481, 'lng': -118.0422039}, 'southwest': {'lat': 33.8803139, 'lng': -118.1116109}}}, 'place_id': 'ChIJ0_EvDMzSwoARhERzb-kP0qc', 'types': ['locality', 'political']}], 'status': 'OK'}}"
192,cities_85,"sierra madre, CA","{'num_results': 1, 'error': None, 'data': {'results': [{'address_components': [{'long_name': 'Sierra Madre', 'short_name': 'Sierra Madre', 'types': ['locality', 'political']}, {'long_name': 'Los Angeles County', 'short_name': 'Los Angeles County', 'types': ['administrative_area_level_2', 'political']}, {'long_name': 'California', 'short_name': 'CA', 'types': ['administrative_area_level_1', 'political']}, {'long_name': 'United States', 'short_name': 'US', 'types': ['country', 'political']}, {'long_name': '91024', 'short_name': '91024', 'types': ['postal_code']}], 'formatted_address': 'Sierra Madre, CA 91024, USA', 'geometry': {'bounds': {'northeast': {'lat': 34.1794049, 'lng': -118.0294729}, 'southwest': {'lat': 34.156821, 'lng': -118.0682049}}, 'location': {'lat': 34.16190040000001, 'lng': -118.0527046}, 'location_type': 'APPROXIMATE', 'viewport': {'northeast': {'lat': 34.1794049, 'lng': -118.0294729}, 'southwest': {'lat': 34.156821, 'lng': -118.0682049}}}, 'place_id': 'ChIJ2TsjdInbwoARBt8-8jRVXPg', 'types': ['locality', 'political']}], 'status': 'OK'}}"
193,cities_86,"signal hill, CA","{'num_results': 1, 'error': None, 'data': {'results': [{'address_components': [{'long_name': 'Signal Hill', 'short_name': 'Signal Hill', 'types': ['locality', 'political']}, {'long_name': 'Los Angeles County', 'short_name': 'Los Angeles County', 'types': ['administrative_area_level_2', 'political']}, {'long_name': 'California', 'short_name': 'CA', 'types': ['administrative_area_level_1', 'political']}, {'long_name': 'United States', 'short_name': 'US', 'types': ['country', 'political']}], 'formatted_address': 'Signal Hill, CA, USA', 'geometry': {'bounds': {'northeast': {'lat': 33.8189161, 'lng': -118.1496479}, 'southwest': {'lat': 33.7897569, 'lng': -118.1845859}}, 'location': {'lat': 33.8044614, 'lng': -118.1678456}, 'location_type': 'APPROXIMATE', 'viewport': {'northeast': {'lat': 33.8189161, 'lng': -118.1496479}, 'southwest': {'lat': 33.7897569, 'lng': -118.184925}}}, 'place_id': 'ChIJ5YZ9qM8z3YARyXxmX3G13es', 'types': ['locality', 'political']}], 'status': 'OK'}}"
194,cities_87,"south el monte, CA","{'num_results': 1, 'error': None, 'data': {'results': [{'address_components': [{'long_name': 'South El Monte', 'short_name': 'South El Monte', 'types': ['locality', 'political']}, {'long_name': 'Los Angeles County', 'short_name': 'Los Angeles County', 'types': ['administrative_area_level_2', 'political']}, {'long_name': 'California', 'short_name': 'CA', 'types': ['administrative_area_level_1', 'political']}, {'long_name': 'United States', 'short_name': 'US', 'types': ['country', 'political']}, {'long_name': '91733', 'short_name': '91733', 'types': ['postal_code']}], 'formatted_address': 'South El Monte, CA 91733, USA', 'geometry': {'bounds': {'northeast': {'lat': 34.064534, 'lng': -118.0260319}, 'southwest': {'lat': 34.033053, 'lng': -118.0703541}}, 'location': {'lat': 34.0519548, 'lng': -118.0467339}, 'location_type': 'APPROXIMATE', 'viewport': {'northeast': {'lat': 34.064534, 'lng': -118.0260319}, 'southwest': {'lat': 34.033053, 'lng': -118.0703541}}}, 'place_id': 'ChIJryT2NenQwoARtVqLSgSvZv0', 'types': ['locality', 'political']}], 'status': 'OK'}}"
195,cities_88,"south gate, CA","{'num_results': 1, 'error': None, 'data': {'results': [{'address_components': [{'long_name': 'South Gate', 'short_name': 'South Gate', 'types': ['locality', 'political']}, {'long_name': 'Los Angeles County', 'short_name': 'Los Angeles County', 'types': ['administrative_area_level_2', 'political']}, {'long_name': 'California', 'short_name': 'CA', 'types': ['administrative_area_level_1', 'political']}, {'long_name': 'United States', 'short_name': 'US', 'types': ['country', 'political']}, {'long_name': '90280', 'short_name': '90280', 'types': ['postal_code']}], 'formatted_address': 'South Gate, CA 90280, USA', 'geometry': {'bounds': {'northeast': {'lat': 33.966265, 'lng': -118.156237}, 'southwest': {'lat': 33.909917, 'lng': -118.231485}}, 'location': {'lat': 33.954737, 'lng': -118.2120161}, 'location_type': 'APPROXIMATE', 'viewport': {'northeast': {'lat': 33.966265, 'lng': -118.156237}, 'southwest': {'lat': 33.909917, 'lng': -118.231485}}}, 'place_id': 'ChIJH7dFoxHMwoAR0mrfGYQGQ5E', 'types': ['locality', 'political']}], 'status': 'OK'}}"
196,cities_9,"beverly hills, CA","{'num_results': 1, 'error': None, 'data': {'results': [{'address_components': [{'long_name': 'Beverly Hills', 'short_name': 'Beverly Hills', 'types': ['locality', 'political']}, {'long_name': 'Los Angeles County', 'short_name': 'Los Angeles County', 'types': ['administrative_area_level_2', 'political']}, {'long_name': 'California', 'short_name': 'CA', 'types': ['administrative_area_level_1', 'political']}, {'long_name': 'United States', 'short_name': 'US', 'types': ['country', 'political']}], 'formatted_address': 'Beverly Hills, CA, USA', 'geometry': {'bounds': {'northeast': {'lat': 34.112432, 'lng': -118.3720269}, 'southwest': {'lat': 34.052781, 'lng': -118.4270409}}, 'location': {'lat': 34.0730715, 'lng': -118.4016265}, 'location_type': 'APPROXIMATE', 'viewport': {'northeast': {'lat': 34.112432, 'lng': -118.3720269}, 'southwest': {'lat': 34.052781, 'lng': -118.4270409}}}, 'place_id': 'ChIJq0fR1gS8woAR0R4I_XnDx9Y', 'types': ['locality', 'political']}], 'status': 'OK'}}"
197,cogs_1,"South Bay Cities COG, CA","{'num_results': 1, 'error': None, 'data': {'results': [{'address_components': [{'long_name': 'South Bay', 'short_name': 'South Bay', 'types': ['colloquial_area', 'political']}, {'long_name': 'Los Angeles County', 'short_name': 'Los Angeles County', 'types': ['administrative_area_level_2', 'political']}, {'long_name': 'California', 'short_name': 'CA', 'types': ['administrative_area_level_1', 'political']}, {'long_name': 'United States', 'short_name': 'US', 'types': ['country', 'political']}], 'formatted_address': 'South Bay, CA, USA', 'geometry': {'bounds': {'northeast': {'lat': 33.9314951, 'lng': -118.3523331}, 'southwest': {'lat': 33.8146149, 'lng': -118.4287749}}, 'location': {'lat': 33.8798386, 'lng': -118.3812562}, 'location_type': 'APPROXIMATE', 'viewport': {'northeast': {'lat': 33.9314951, 'lng': -118.3523331}, 'southwest': {'lat': 33.8146149, 'lng': -118.4287749}}}, 'partial_match': True, 'place_id': 'ChIJ_4msSkaxwoARwvPA7YN_qMY', 'types': ['colloquial_area', 'political']}], 'status': 'OK'}}"
198,cogs_2,"Gateway Cities COG, CA","{'num_results': 1, 'error': None, 'data': {'results': [{'address_components': [{'long_name': 'clear water building', 'short_name': 'clear water building', 'types': ['premise']}, {'long_name': '16401', 'short_name': '16401', 'types': ['street_number']}, {'long_name': 'Paramount Boulevard', 'short_name': 'Paramount Blvd', 'types': ['route']}, {'long_name': 'Paramount', 'short_name': 'Paramount', 'types': ['locality', 'political']}, {'long_name': 'Los Angeles County', 'short_name': 'Los Angeles County', 'types': ['administrative_area_level_2', 'political']}, {'long_name': 'California', 'short_name': 'CA', 'types': ['administrative_area_level_1', 'political']}, {'long_name': 'United States', 'short_name': 'US', 'types': ['country', 'political']}, {'long_name': '90723', 'short_name': '90723', 'types': ['postal_code']}, {'long_name': '5427', 'short_name': '5427', 'types': ['postal_code_suffix']}], 'formatted_address': 'clear water building, 16401 Paramount Blvd, Paramount, CA 90723, USA', 'geometry': {'location': {'lat': 33.8851165, 'lng': -118.160469}, 'location_type': 'ROOFTOP', 'viewport': {'northeast': {'lat': 33.88649058029149, 'lng': -118.1589549197085}, 'southwest': {'lat': 33.88379261970849, 'lng': -118.1616528802915}}}, 'navigation_points': [{'location': {'latitude': 33.8851664, 'longitude': -118.1602147}}], 'partial_match': True, 'place_id': 'ChIJUQCmbNXMwoARyLGvLRk_QxQ', 'plus_code': {'compound_code': 'VRPQ+2R Paramount, CA', 'global_code': '8553VRPQ+2R'}, 'types': ['establishment', 'point_of_interest']}], 'status': 'OK'}}"
199,cogs_3,"Las Virgenes-Malibu COG, CA","{'num_results': 1, 'error': None, 'data': {'results': [{'address_components': [{'long_name': 'Las Virgenes Unified School District', 'short_name': 'Las Virgenes Unified School District', 'types': ['political']}, {'long_name': 'California', 'short_name': 'CA', 'types': ['administrative_area_level_1', 'political']}, {'long_name': 'United States', 'short_name': 'US', 'types': ['country', 'political']}], 'formatted_address': 'Las Virgenes Unified School District, CA, USA', 'geometry': {'bounds': {'northeast': {'lat': 34.2179499, 'lng': -118.6058169}, 'southwest': {'lat': 34.0600601, 'lng': -118.870697}}, 'location': {'lat': 34.1261687, 'lng': -118.7431223}, 'location_type': 'APPROXIMATE', 'viewport': {'northeast': {'lat': 34.2179499, 'lng': -118.6058169}, 'southwest': {'lat': 34.0600601, 'lng': -118.870697}}}, 'partial_match': True, 'place_id': 'ChIJmQREMBoh6IARLE6l2hZ4KoY', 'types': ['political']}], 'status': 'OK'}}"
200,cogs_4,"San Fernando Valley COG, CA","{'num_results': 1, 'error': None, 'data': {'results': [{'address_components': [{'long_name': 'San Fernando Valley', 'short_name': 'San Fernando Valley', 'types': ['colloquial_area', 'political']}, {'long_name': 'Los Angeles County', 'short_name': 'Los Angeles County', 'types': ['administrative_area_level_2', 'political']}, {'long_name': 'California', 'short_name': 'CA', 'types': ['administrative_area_level_1', 'political']}, {'long_name': 'United States', 'short_name': 'US', 'types': ['country', 'political']}], 'formatted_address': 'San Fernando Valley, CA, USA', 'geometry': {'bounds': {'northeast': {'lat': 34.304687, 'lng': -118.2805681}, 'southwest': {'lat': 34.0388482, 'lng': -118.6081195}}, 'location': {'lat': 34.1825782, 'lng': -118.4396756}, 'location_type': 'APPROXIMATE', 'viewport': {'northeast': {'lat': 34.304687, 'lng': -118.2805681}, 'southwest': {'lat': 34.0388482, 'lng': -118.6081195}}}, 'partial_match': True, 'place_id': 'ChIJS-aUy7WXwoAR9xDH_WpN5Pk', 'types': ['colloquial_area', 'political']}], 'status': 'OK'}}"
201,cogs_5,"Westside Cities COG, CA","{'num_results': 1, 'error': None, 'data': {'results': [{'address_components': [{'long_name': 'California', 'short_name': 'CA', 'types': ['administrative_area_level_1', 'political']}, {'long_name': 'United States', 'short_name': 'US', 'types': ['country', 'political']}], 'formatted_address': 'California, USA', 'geometry': {'bounds': {'northeast': {'lat': 42.009503, 'lng': -114.131211}, 'southwest': {'lat': 32.528832, 'lng': -124.482003}}, 'location': {'lat': 36.778261, 'lng': -119.4179324}, 'location_type': 'APPROXIMATE', 'viewport': {'northeast': {'lat': 42.009503, 'lng': -114.131211}, 'southwest': {'lat': 32.528832, 'lng': -124.482003}}}, 'partial_match': True, 'place_id': 'ChIJPV4oX_65j4ARVW8IJ6IJUYs', 'types': ['administrative_area_level_1', 'political']}], 'status': 'OK'}}"
202,cogs_6,"San Gabriel Valley COG, CA","{'num_results': 1, 'error': None, 'data': {'results': [{'address_components': [{'long_name': '# 360', 'short_name': '# 360', 'types': ['subpremise']}, {'long_name': '1333', 'short_name': '1333', 'types': ['street_number']}, {'long_name': 'Mayflower Avenue', 'short_name': 'Mayflower Ave', 'types': ['route']}, {'long_name': 'Monrovia', 'short_name': 'Monrovia', 'types': ['locality', 'political']}, {'long_name': 'Los Angeles County', 'short_name': 'Los Angeles County', 'types': ['administrative_area_level_2', 'political']}, {'long_name': 'California', 'short_name': 'CA', 'types': ['administrative_area_level_1', 'political']}, {'long_name': 'United States', 'short_name': 'US', 'types': ['country', 'political']}, {'long_name': '91016', 'short_name': '91016', 'types': ['postal_code']}, {'long_name': '5280', 'short_name': '5280', 'types': ['postal_code_suffix']}], 'formatted_address': '1333 Mayflower Ave # 360, Monrovia, CA 91016, USA', 'geometry': {'location': {'lat': 34.1372514, 'lng': -118.0099172}, 'location_type': 'ROOFTOP', 'viewport': {'northeast': {'lat': 34.1387342302915, 'lng': -118.0086988697085}, 'southwest': {'lat': 34.1360362697085, 'lng': -118.0113968302915}}}, 'navigation_points': [{'location': {'latitude': 34.1374561, 'longitude': -118.0101771}}], 'partial_match': True, 'place_id': 'ChIJI3zmdgXFwoARDzpMhL3VrSc', 'plus_code': {'compound_code': '4XPR+W2 Monrovia, CA', 'global_code': '85634XPR+W2'}, 'types': ['establishment', 'point_of_interest']}], 'status': 'OK'}}"
203,counties_13,"Imperial County, CA","{'num_results': 1, 'error': None, 'data': {'results': [{'address_components': [{'long_name': 'Imperial County', 'short_name': 'Imperial County', 'types': ['administrative_area_level_2', 'political']}, {'long_name': 'California', 'short_name': 'CA', 'types': ['administrative_area_level_1', 'political']}, {'long_name': 'United States', 'short_name': 'US', 'types': ['country', 'political']}], 'formatted_address': 'Imperial County, CA, USA', 'geometry': {'bounds': {'northeast': {'lat': 33.433814, 'lng': -114.46289}, 'southwest': {'lat': 32.6185927, 'lng': -116.106272}}, 'location': {'lat': 33.0113694, 'lng': -115.4733554}, 'location_type': 'APPROXIMATE', 'viewport': {'northeast': {'lat': 33.433814, 'lng': -114.46289}, 'southwest': {'lat': 32.6185927, 'lng': -116.106272}}}, 'place_id': 'ChIJhdiTJCJU14ARgIVgGBtq0Ok', 'types': ['administrative_area_level_2', 'political']}], 'status': 'OK'}}"
204,counties_19,"Los Angeles County, CA","{'num_results': 1, 'error': None, 'data': {'results': [{'address_components': [{'long_name': 'Los Angeles County', 'short_name': 'Los Angeles County', 'types': ['administrative_area_level_2', 'political']}, {'long_name': 'California', 'short_name': 'CA', 'types': ['administrative_area_level_1', 'political']}, {'long_name': 'United States', 'short_name': 'US', 'types': ['country', 'political']}], 'formatted_address': 'Los Angeles County, CA, USA', 'geometry': {'bounds': {'northeast': {'lat': 34.823302, 'lng': -117.646374}, 'southwest': {'lat': 32.75004, 'lng': -118.9517211}}, 'location': {'lat': 34.3871821, 'lng': -118.1122679}, 'location_type': 'APPROXIMATE', 'viewport': {'northeast': {'lat': 34.823302, 'lng': -117.646374}, 'southwest': {'lat': 32.75004, 'lng': -118.9517211}}}, 'place_id': 'ChIJMc1kAdMq3YARKjm9z9YofYM', 'types': ['administrative_area_level_2', 'political']}], 'status': 'OK'}}"
205,counties_30,"Orange County, CA","{'num_results': 1, 'error': None, 'data': {'results': [{'address_components': [{'long_name': 'Orange County', 'short_name': 'Orange County', 'types': ['administrative_area_level_2', 'political']}, {'long_name': 'California', 'short_name': 'CA', 'types': ['administrative_area_level_1', 'political']}, {'long_name': 'United States', 'short_name': 'US', 'types': ['country', 'political']}], 'formatted_address': 'Orange County, CA, USA', 'geometry': {'bounds': {'northeast': {'lat': 33.947636, 'lng': -117.4129869}, 'southwest': {'lat': 33.33399199999999, 'lng': -118.1478059}}, 'location': {'lat': 33.7174708, 'lng': -117.8311428}, 'location_type': 'APPROXIMATE', 'viewport': {'northeast': {'lat': 33.947636, 'lng': -117.4129869}, 'southwest': {'lat': 33.33399199999999, 'lng': -118.1478059}}}, 'place_id': 'ChIJz_fVVFyS3IARB9bwj2HDpt4', 'types': ['administrative_area_level_2', 'political']}], 'status': 'OK'}}"
206,counties_33,"Riverside County, CA","{'num_results': 1, 'error': None, 'data': {'results': [{'address_components': [{'long_name': 'Riverside County', 'short_name': 'Riverside County', 'types': ['administrative_area_level_2', 'political']}, {'long_name': 'California', 'short_name': 'CA', 'types': ['administrative_area_level_1', 'political']}, {'long_name': 'United States', 'short_name': 'US', 'types': ['country', 'political']}], 'formatted_address': 'Riverside County, CA, USA', 'geometry': {'bounds': {'northeast': {'lat': 34.0798841, 'lng': -114.4349489}, 'southwest': {'lat': 33.425888, 'lng': -117.6766841}}, 'location': {'lat': 33.6825587, 'lng': -115.4733554}, 'location_type': 'APPROXIMATE', 'viewport': {'northeast': {'lat': 34.0798841, 'lng': -114.4349489}, 'southwest': {'lat': 33.425888, 'lng': -117.6766841}}}, 'navigation_points': [{'location': {'latitude': 33.9533177, 'longitude': -117.3961186}}], 'place_id': 'ChIJr3EqHoH12oARjSkNIFgUKF8', 'types': ['administrative_area_level_2', 'political']}], 'status': 'OK'}}"
207,counties_36,"San Bernardino County, CA","{'num_results': 1, 'error': None, 'data': {'results': [{'address_components': [{'long_name': 'San Bernardino County', 'short_name': 'San Bernardino County', 'types': ['administrative_area_level_2', 'political']}, {'long_name': 'California', 'short_name': 'CA', 'types': ['administrative_area_level_1', 'political']}, {'long_name': 'United States', 'short_name': 'US', 'types': ['country', 'political']}], 'formatted_address': 'San Bernardino County, CA, USA', 'geometry': {'bounds': {'northeast': {'lat': 35.8092361, 'lng': -114.131211}, 'southwest': {'lat': 33.8708899, 'lng': -117.802539}}, 'location': {'lat': 34.9592083, 'lng': -116.419389}, 'location_type': 'APPROXIMATE', 'viewport': {'northeast': {'lat': 35.8092361, 'lng': -114.131211}, 'southwest': {'lat': 33.8708899, 'lng': -117.802539}}}, 'place_id': 'ChIJ5Rsx6IoqxYARyu0YyduLQwo', 'types': ['administrative_area_level_2', 'political']}], 'status': 'OK'}}"
208,counties_56,"Ventura County, CA","{'num_results': 1, 'error': None, 'data': {'results': [{'address_components': [{'long_name': 'Ventura County', 'short_name': 'Ventura County', 'types': ['administrative_area_level_2', 'political']}, {'long_name': 'California', 'short_name': 'CA', 'types': ['administrative_area_level_1', 'political']}, {'long_name': 'United States', 'short_name': 'US', 'types': ['country', 'political']}], 'formatted_address': 'Ventura County, CA, USA', 'geometry': {'bounds': {'northeast': {'lat': 34.901171, 'lng': -118.632494}, 'southwest': {'lat': 33.163493, 'lng': -119.636302}}, 'location': {'lat': 34.3704884, 'lng': -119.1390642}, 'location_type': 'APPROXIMATE', 'viewport': {'northeast': {'lat': 34.901171, 'lng': -118.632494}, 'southwest': {'lat': 33.163493, 'lng': -119.636302}}}, 'place_id': 'ChIJqXcAstJi6YARs7DDR_CQld0', 'types': ['administrative_area_level_2', 'political']}], 'status': 'OK'}}"
209,neighborhoods_100,"castaic, CA","{'num_results': 1, 'error': None, 'data': {'results': [{'address_components': [{'long_name': 'Castaic', 'short_name': 'Castaic', 'types': ['locality', 'political']}, {'long_name': 'Los Angeles County', 'short_name': 'Los Angeles County', 'types': ['administrative_area_level_2', 'political']}, {'long_name': 'California', 'short_name': 'CA', 'types': ['administrative_area_level_1', 'political']}, {'long_name': 'United States', 'short_name': 'US', 'types': ['country', 'political']}, {'long_name': '91384', 'short_name': '91384', 'types': ['postal_code']}], 'formatted_address': 'Castaic, CA 91384, USA', 'geometry': {'bounds': {'northeast': {'lat': 34.5165279, 'lng': -118.610774}, 'southwest': {'lat': 34.4469409, 'lng': -118.651682}}, 'location': {'lat': 34.4890363, 'lng': -118.6256552}, 'location_type': 'APPROXIMATE', 'viewport': {'northeast': {'lat': 34.5165279, 'lng': -118.610774}, 'southwest': {'lat': 34.4469409, 'lng': -118.651682}}}, 'place_id': 'ChIJL_Cs7iF_woARPg7H6-JPhGQ', 'types': ['locality', 'political']}], 'status': 'OK'}}"
210,neighborhoods_101,"castaic canyons, CA","{'num_results': 3, 'error': None, 'data': {'results': [{'address_components': [{'long_name': 'Castaic Canyon Road', 'short_name': 'Castaic Canyon Rd', 'types': ['route']}, {'long_name': 'Los Angeles County', 'short_name': 'Los Angeles County', 'types': ['administrative_area_level_2', 'political']}, {'long_name': 'California', 'short_name': 'CA', 'types': ['administrative_area_level_1', 'political']}, {'long_name': 'United States', 'short_name': 'US', 'types': ['country', 'political']}], 'formatted_address': 'Castaic Canyon Rd, California, USA', 'geometry': {'bounds': {'northeast': {'lat': 34.6040783, 'lng': -118.6308547}, 'southwest': {'lat': 34.5738645, 'lng': -118.6643974}}, 'location': {'lat': 34.5868656, 'lng': -118.6513426}, 'location_type': 'GEOMETRIC_CENTER', 'viewport': {'northeast': {'lat': 34.6040783, 'lng': -118.6308547}, 'southwest': {'lat': 34.5738645, 'lng': -118.6643974}}}, 'place_id': 'ChIJhT1xkZJ3woARoqqvNLdfo3c', 'types': ['route']}, {'address_components': [{'long_name': 'Castaic Canyon Road', 'short_name': 'Castaic Canyon Rd', 'types': ['route']}, {'long_name': 'Los Angeles County', 'short_name': 'Los Angeles County', 'types': ['administrative_area_level_2', 'political']}, {'long_name': 'California', 'short_name': 'CA', 'types': ['administrative_area_level_1', 'political']}, {'long_name': 'United States', 'short_name': 'US', 'types': ['country', 'political']}, {'long_name': '91355', 'short_name': '91355', 'types': ['postal_code']}], 'formatted_address': 'Castaic Canyon Rd, California 91355, USA', 'geometry': {'bounds': {'northeast': {'lat': 34.4405884, 'lng': -118.6038696}, 'southwest': {'lat': 34.437592, 'lng': -118.6108898}}, 'location': {'lat': 34.4393269, 'lng': -118.6077843}, 'location_type': 'GEOMETRIC_CENTER', 'viewport': {'northeast': {'lat': 34.4405884, 'lng': -118.6038696}, 'southwest': {'lat': 34.437592, 'lng': -118.6108898}}}, 'place_id': 'ChIJx3YGUzx-woARSxLbYpzTzhE', 'types': ['route']}, {'address_components': [{'long_name': 'Castaic Canyon Road', 'short_name': 'Castaic Cyn Rd', 'types': ['route']}, {'long_name': 'Los Angeles County', 'short_name': 'Los Angeles County', 'types': ['administrative_area_level_2', 'political']}, {'long_name': 'California', 'short_name': 'CA', 'types': ['administrative_area_level_1', 'political']}, {'long_name': 'United States', 'short_name': 'US', 'types': ['country', 'political']}], 'formatted_address': 'Castaic Cyn Rd, California, USA', 'geometry': {'bounds': {'northeast': {'lat': 34.7199389, 'lng': -118.6614809}, 'southwest': {'lat': 34.6850246, 'lng': -118.7052225}}, 'location': {'lat': 34.7018983, 'lng': -118.6855846}, 'location_type': 'GEOMETRIC_CENTER', 'viewport': {'northeast': {'lat': 34.7199389, 'lng': -118.6614809}, 'southwest': {'lat': 34.6850246, 'lng': -118.7052225}}}, 'place_id': 'ChIJfWXU1Y_f6YAREbTKoeus4u4', 'types': ['route']}], 'status': 'OK'}}"
211,neighborhoods_102,"central-alameda, CA","{'num_results': 1, 'error': None, 'data': {'results': [{'address_components': [{'long_name': 'Central-Alameda', 'short_name': 'Central-Alameda', 'types': ['neighborhood', 'political']}, {'long_name': 'Los Angeles', 'short_name': 'Los Angeles', 'types': ['locality', 'political']}, {'long_name': 'Los Angeles County', 'short_name': 'Los Angeles County', 'types': ['administrative_area_level_2', 'political']}, {'long_name': 'California', 'short_name': 'CA', 'types': ['administrative_area_level_1', 'political']}, {'long_name': 'United States', 'short_name': 'US', 'types': ['country', 'political']}], 'formatted_address': 'Central-Alameda, Los Angeles, CA, USA', 'geometry': {'bounds': {'northeast': {'lat': 34.0245489, 'lng': -118.2379473}, 'southwest': {'lat': 33.9893979, 'lng': -118.2565272}}, 'location': {'lat': 34.0152168, 'lng': -118.2432322}, 'location_type': 'APPROXIMATE', 'viewport': {'northeast': {'lat': 34.0245489, 'lng': -118.2379473}, 'southwest': {'lat': 33.9893979, 'lng': -118.2565272}}}, 'place_id': 'ChIJBTfoNffIwoAR8DphwuKKK6I', 'types': ['neighborhood', 'political']}], 'status': 'OK'}}"
212,neighborhoods_103,"century city, CA","{'num_results': 1, 'error': None, 'data': {'results': [{'address_components': [{'long_name': 'Century City', 'short_name': 'Century City', 'types': ['neighborhood', 'political']}, {'long_name': 'Los Angeles', 'short_name': 'Los Angeles', 'types': ['locality', 'political']}, {'long_name': 'Los Angeles County', 'short_name': 'Los Angeles County', 'types': ['administrative_area_level_2', 'political']}, {'long_name': 'California', 'short_name': 'CA', 'types': ['administrative_area_level_1', 'political']}, {'long_name': 'United States', 'short_name': 'US', 'types': ['country', 'political']}], 'formatted_address': 'Century City, Los Angeles, CA, USA', 'geometry': {'bounds': {'northeast': {'lat': 34.0643282, 'lng': -118.4060351}, 'southwest': {'lat': 34.0463039, 'lng': -118.4241912}}, 'location': {'lat': 34.0531973, 'lng': -118.4162157}, 'location_type': 'APPROXIMATE', 'viewport': {'northeast': {'lat': 34.0643282, 'lng': -118.4060351}, 'southwest': {'lat': 34.0463039, 'lng': -118.4241912}}}, 'navigation_points': [{'location': {'latitude': 34.053601, 'longitude': -118.4139739}}], 'place_id': 'ChIJq9_06PK7woARessS9HTLWnQ', 'types': ['neighborhood', 'political']}], 'status': 'OK'}}"
213,neighborhoods_104,"cerritos, CA","{'num_results': 1, 'error': None, 'data': {'results': [{'address_components': [{'long_name': 'Cerritos', 'short_name': 'Cerritos', 'types': ['locality', 'political']}, {'long_name': 'Los Angeles County', 'short_name': 'Los Angeles County', 'types': ['administrative_area_level_2', 'political']}, {'long_name': 'California', 'short_name': 'CA', 'types': ['administrative_area_level_1', 'political']}, {'long_name': 'United States', 'short_name': 'US', 'types': ['country', 'political']}], 'formatted_address': 'Cerritos, CA, USA', 'geometry': {'bounds': {'northeast': {'lat': 33.8877751, 'lng': -118.028716}, 'southwest': {'lat': 33.845875, 'lng': -118.1085641}}, 'location': {'lat': 33.8659295, 'lng': -118.0638802}, 'location_type': 'APPROXIMATE', 'viewport': {'northeast': {'lat': 33.8877983, 'lng': -118.028716}, 'southwest': {'lat': 33.845875, 'lng': -118.1085641}}}, 'navigation_points': [{'location': {'latitude': 33.8583479, 'longitude': -118.0648134}}], 'place_id': 'ChIJSzhb9wAt3YARAT6T3UiVSQ4', 'types': ['locality', 'political']}], 'status': 'OK'}}"
214,neighborhoods_105,"charter oak, CA","{'num_results': 1, 'error': None, 'data': {'results': [{'address_components': [{'long_name': 'Charter Oak', 'short_name': 'Charter Oak', 'types': ['locality', 'political']}, {'long_name': 'Los Angeles County', 'short_name': 'Los Angeles County', 'types': ['administrative_area_level_2', 'political']}, {'long_name': 'California', 'short_name': 'CA', 'types': ['administrative_area_level_1', 'political']}, {'long_name': 'United States', 'short_name': 'US', 'types': ['country', 'political']}], 'formatted_address': 'Charter Oak, CA, USA', 'geometry': {'bounds': {'northeast': {'lat': 34.106747, 'lng': -117.8376169}, 'southwest': {'lat': 34.093842, 'lng': -117.8772251}}, 'location': {'lat': 34.1030918, 'lng': -117.8594264}, 'location_type': 'APPROXIMATE', 'viewport': {'northeast': {'lat': 34.106747, 'lng': -117.8376169}, 'southwest': {'lat': 34.093842, 'lng': -117.8772251}}}, 'place_id': 'ChIJH-wU48Eow4ARmI5ZabHe7fU', 'types': ['locality', 'political']}], 'status': 'OK'}}"
215,neighborhoods_106,"chatsworth, CA","{'num_results': 1, 'error': None, 'data': {'results': [{'address_components': [{'long_name': 'Chatsworth', 'short_name': 'Chatsworth', 'types': ['neighborhood', 'political']}, {'long_name': 'Los Angeles', 'short_name': 'Los Angeles', 'types': ['locality', 'political']}, {'long_name': 'Los Angeles County', 'short_name': 'Los Angeles County', 'types': ['administrative_area_level_2', 'political']}, {'long_name': 'California', 'short_name': 'CA', 'types': ['administrative_area_level_1', 'political']}, {'long_name': 'United States', 'short_name': 'US', 'types': ['country', 'political']}], 'formatted_address': 'Chatsworth, Los Angeles, CA, USA', 'geometry': {'bounds': {'northeast': {'lat': 34.3034818, 'lng': -118.5566633}, 'southwest': {'lat': 34.2273538, 'lng': -118.6533084}}, 'location': {'lat': 34.2572378, 'lng': -118.5973401}, 'location_type': 'APPROXIMATE', 'viewport': {'northeast': {'lat': 34.3034818, 'lng': -118.5566633}, 'southwest': {'lat': 34.2273538, 'lng': -118.6533084}}}, 'place_id': 'ChIJAU5R0MacwoARrI_xnCmhhfk', 'types': ['neighborhood', 'political']}], 'status': 'OK'}}"
216,neighborhoods_107,"chatsworth reservoir, CA","{'num_results': 2, 'error': None, 'data': {'results': [{'address_components': [{'long_name': 'Chatsworth Reservoir', 'short_name': 'Chatsworth Reservoir', 'types': ['neighborhood', 'political']}, {'long_name': 'Los Angeles', 'short_name': 'Los Angeles', 'types': ['locality', 'political']}, {'long_name': 'Los Angeles County', 'short_name': 'Los Angeles County', 'types': ['administrative_area_level_2', 'political']}, {'long_name': 'California', 'short_name': 'CA', 'types': ['administrative_area_level_1', 'political']}, {'long_name': 'United States', 'short_name': 'US', 'types': ['country', 'political']}], 'formatted_address': 'Chatsworth Reservoir, Los Angeles, CA, USA', 'geometry': {'bounds': {'northeast': {'lat': 34.24270180000001, 'lng': -118.6075403}, 'southwest': {'lat': 34.2236997, 'lng': -118.6487069}}, 'location': {'lat': 34.23446029999999, 'lng': -118.6427015}, 'location_type': 'APPROXIMATE', 'viewport': {'northeast': {'lat': 34.24270180000001, 'lng': -118.6075403}, 'southwest': {'lat': 34.2236997, 'lng': -118.6487069}}}, 'place_id': 'ChIJ_5B9ah6dwoARJsfzPA3Oqqc', 'types': ['neighborhood', 'political']}, {'address_components': [{'long_name': 'Chatsworth Reservoir', 'short_name': 'Chatsworth Reservoir', 'types': ['establishment', 'natural_feature']}, {'long_name': 'Chatsworth Reservoir', 'short_name': 'Chatsworth Reservoir', 'types': ['neighborhood', 'political']}, {'long_name': 'Los Angeles', 'short_name': 'Los Angeles', 'types': ['locality', 'political']}, {'long_name': 'Los Angeles County', 'short_name': 'Los Angeles County', 'types': ['administrative_area_level_2', 'political']}, {'long_name': 'California', 'short_name': 'CA', 'types': ['administrative_area_level_1', 'political']}, {'long_name': 'United States', 'short_name': 'US', 'types': ['country', 'political']}, {'long_name': '91311', 'short_name': '91311', 'types': ['postal_code']}], 'formatted_address': 'Chatsworth Reservoir, Los Angeles, CA 91311, USA', 'geometry': {'location': {'lat': 34.22750389999999, 'lng': -118.6314773}, 'location_type': 'APPROXIMATE', 'viewport': {'northeast': {'lat': 34.22885288029149, 'lng': -118.6301283197085}, 'southwest': {'lat': 34.2261549197085, 'lng': -118.6328262802915}}}, 'place_id': 'ChIJQ7MVlxydwoARWla_Us97Q6g', 'types': ['establishment', 'natural_feature']}], 'status': 'OK'}}"
217,neighborhoods_108,"chesterfield square, CA","{'num_results': 1, 'error': None, 'data': {'results': [{'address_components': [{'long_name': 'Chesterfield Square', 'short_name': 'Chesterfield Square', 'types': ['neighborhood', 'political']}, {'long_name': 'Los Angeles', 'short_name': 'Los Angeles', 'types': ['locality', 'political']}, {'long_name': 'Los Angeles County', 'short_name': 'Los Angeles County', 'types': ['administrative_area_level_2', 'political']}, {'long_name': 'California', 'short_name': 'CA', 'types': ['administrative_area_level_1', 'political']}, {'long_name': 'United States', 'short_name': 'US', 'types': ['country', 'political']}], 'formatted_address': 'Chesterfield Square, Los Angeles, CA, USA', 'geometry': {'bounds': {'northeast': {'lat': 33.9932608, 'lng': -118.3089412}, 'southwest': {'lat': 33.9745678, 'lng': -118.3177552}}, 'location': {'lat': 33.9891664, 'lng': -118.3148082}, 'location_type': 'APPROXIMATE', 'viewport': {'northeast': {'lat': 33.9932608, 'lng': -118.3089412}, 'southwest': {'lat': 33.9745678, 'lng': -118.3177552}}}, 'place_id': 'ChIJzcCxgsS3woAR1uPnYanXrg4', 'types': ['neighborhood', 'political']}], 'status': 'OK'}}"
218,neighborhoods_109,"cheviot hills, CA","{'num_results': 1, 'error': None, 'data': {'results': [{'address_components': [{'long_name': 'Cheviot Hills', 'short_name': 'Cheviot Hills', 'types': ['neighborhood', 'political']}, {'long_name': 'Los Angeles', 'short_name': 'Los Angeles', 'types': ['locality', 'political']}, {'long_name': 'Los Angeles County', 'short_name': 'Los Angeles County', 'types': ['administrative_area_level_2', 'political']}, {'long_name': 'California', 'short_name': 'CA', 'types': ['administrative_area_level_1', 'political']}, {'long_name': 'United States', 'short_name': 'US', 'types': ['country', 'political']}], 'formatted_address': 'Cheviot Hills, Los Angeles, CA, USA', 'geometry': {'bounds': {'northeast': {'lat': 34.0523077, 'lng': -118.3980752}, 'southwest': {'lat': 34.02932980000001, 'lng': -118.4246663}}, 'location': {'lat': 34.0373829, 'lng': -118.4082001}, 'location_type': 'APPROXIMATE', 'viewport': {'northeast': {'lat': 34.0523077, 'lng': -118.3980752}, 'southwest': {'lat': 34.02932980000001, 'lng': -118.4246663}}}, 'place_id': 'ChIJe3gDEtC7woARvJ1yug4x9oM', 'types': ['neighborhood', 'political']}], 'status': 'OK'}}"
219,neighborhoods_110,"chinatown, CA","{'num_results': 1, 'error': None, 'data': {'results': [{'address_components': [{'long_name': 'Chinatown', 'short_name': 'Chinatown', 'types': ['neighborhood', 'political']}, {'long_name': 'Los Angeles', 'short_name': 'Los Angeles', 'types': ['locality', 'political']}, {'long_name': 'Los Angeles County', 'short_name': 'Los Angeles County', 'types': ['administrative_area_level_2', 'political']}, {'long_name': 'California', 'short_name': 'CA', 'types': ['administrative_area_level_1', 'political']}, {'long_name': 'United States', 'short_name': 'US', 'types': ['country', 'political']}, {'long_name': '90012', 'short_name': '90012', 'types': ['postal_code']}], 'formatted_address': 'Chinatown, Los Angeles, CA 90012, USA', 'geometry': {'bounds': {'northeast': {'lat': 34.0719467, 'lng': -118.2246091}, 'southwest': {'lat': 34.0550198, 'lng': -118.2492231}}, 'location': {'lat': 34.0616322, 'lng': -118.2363171}, 'location_type': 'APPROXIMATE', 'viewport': {'northeast': {'lat': 34.0719467, 'lng': -118.2246091}, 'southwest': {'lat': 34.0550198, 'lng': -118.2492231}}}, 'place_id': 'ChIJjTEM9VnGwoARriA4nQq4_-I', 'types': ['neighborhood', 'political']}], 'status': 'OK'}}"
220,neighborhoods_111,"citrus, CA","{'num_results': 1, 'error': None, 'data': {'results': [{'address_components': [{'long_name': 'Citrus', 'short_name': 'Citrus', 'types': ['locality', 'political']}, {'long_name': 'Los Angeles County', 'short_name': 'Los Angeles County', 'types': ['administrative_area_level_2', 'political']}, {'long_name': 'California', 'short_name': 'CA', 'types': ['administrative_area_level_1', 'political']}, {'long_name': 'United States', 'short_name': 'US', 'types': ['country', 'political']}], 'formatted_address': 'Citrus, CA, USA', 'geometry': {'bounds': {'northeast': {'lat': 34.1270629, 'lng': -117.8777769}, 'southwest': {'lat': 34.10538, 'lng': -117.899375}}, 'location': {'lat': 34.1150082, 'lng': -117.8917287}, 'location_type': 'APPROXIMATE', 'viewport': {'northeast': {'lat': 34.1270629, 'lng': -117.8777769}, 'southwest': {'lat': 34.10538, 'lng': -117.899375}}}, 'place_id': 'ChIJw9f5Ddgnw4ARbPN8K3QNZ2M', 'types': ['locality', 'political']}], 'status': 'OK'}}"
221,neighborhoods_112,"claremont, CA","{'num_results': 1, 'error': None, 'data': {'results': [{'address_components': [{'long_name': 'Claremont', 'short_name': 'Claremont', 'types': ['locality', 'political']}, {'long_name': 'Los Angeles County', 'short_name': 'Los Angeles County', 'types': ['administrative_area_level_2', 'political']}, {'long_name': 'California', 'short_name': 'CA', 'types': ['administrative_area_level_1', 'political']}, {'long_name': 'United States', 'short_name': 'US', 'types': ['country', 'political']}], 'formatted_address': 'Claremont, CA, USA', 'geometry': {'bounds': {'northeast': {'lat': 34.165396, 'lng': -117.6777059}, 'southwest': {'lat': 34.079477, 'lng': -117.7507929}}, 'location': {'lat': 34.0966764, 'lng': -117.7197785}, 'location_type': 'APPROXIMATE', 'viewport': {'northeast': {'lat': 34.165396, 'lng': -117.6777059}, 'southwest': {'lat': 34.079477, 'lng': -117.7507929}}}, 'place_id': 'ChIJX_ane5Q6w4ARTTe8KondetU', 'types': ['locality', 'political']}], 'status': 'OK'}}"
222,neighborhoods_113,"commerce, CA","{'num_results': 1, 'error': None, 'data': {'results': [{'address_components': [{'long_name': 'Commerce', 'short_name': 'Commerce', 'types': ['locality', 'political']}, {'long_name': 'Los Angeles County', 'short_name': 'Los Angeles County', 'types': ['administrative_area_level_2', 'political']}, {'long_name': 'California', 'short_name': 'CA', 'types': ['administrative_area_level_1', 'political']}, {'long_name': 'United States', 'short_name': 'US', 'types': ['country', 'political']}], 'formatted_address': 'Commerce, CA, USA', 'geometry': {'bounds': {'northeast': {'lat': 34.0196299, 'lng': -118.121284}, 'southwest': {'lat': 33.970965, 'lng': -118.193474}}, 'location': {'lat': 34.0005691, 'lng': -118.1597929}, 'location_type': 'APPROXIMATE', 'viewport': {'northeast': {'lat': 34.0196299, 'lng': -118.121284}, 'southwest': {'lat': 33.970965, 'lng': -118.193474}}}, 'place_id': 'ChIJJzP0XFjOwoARIDWu3A-zJwc', 'types': ['locality', 'political']}], 'status': 'OK'}}"
223,neighborhoods_114,"compton, CA","{'num_results': 1, 'error': None, 'data': {'results': [{'address_components': [{'long_name': 'Compton', 'short_name': 'Compton', 'types': ['locality', 'political']}, {'long_name': 'Los Angeles County', 'short_name': 'Los Angeles County', 'types': ['administrative_area_level_2', 'political']}, {'long_name': 'California', 'short_name': 'CA', 'types': ['administrative_area_level_1', 'political']}, {'long_name': 'United States', 'short_name': 'US', 'types': ['country', 'political']}], 'formatted_address': 'Compton, CA, USA', 'geometry': {'bounds': {'northeast': {'lat': 33.923132, 'lng': -118.1799449}, 'southwest': {'lat': 33.863032, 'lng': -118.263152}}, 'location': {'lat': 33.8959097, 'lng': -118.2243901}, 'location_type': 'APPROXIMATE', 'viewport': {'northeast': {'lat': 33.923132, 'lng': -118.1799449}, 'southwest': {'lat': 33.863032, 'lng': -118.263152}}}, 'place_id': 'ChIJTVsdf2vLwoARQstbkZrOawU', 'types': ['locality', 'political']}], 'status': 'OK'}}"
224,neighborhoods_115,"covina, CA","{'num_results': 1, 'error': None, 'data': {'results': [{'address_components': [{'long_name': 'Covina', 'short_name': 'Covina', 'types': ['locality', 'political']}, {'long_name': 'Los Angeles County', 'short_name': 'Los Angeles County', 'types': ['administrative_area_level_2', 'political']}, {'long_name': 'California', 'short_name': 'CA', 'types': ['administrative_area_level_1', 'political']}, {'long_name': 'United States', 'short_name': 'US', 'types': ['country', 'political']}], 'formatted_address': 'Covina, CA, USA', 'geometry': {'bounds': {'northeast': {'lat': 34.107035, 'lng': -117.840728}, 'southwest': {'lat': 34.06823809999999, 'lng': -117.9271061}}, 'location': {'lat': 34.0900091, 'lng': -117.8903397}, 'location_type': 'APPROXIMATE', 'viewport': {'northeast': {'lat': 34.107035, 'lng': -117.840728}, 'southwest': {'lat': 34.06823809999999, 'lng': -117.9271061}}}, 'place_id': 'ChIJWeZXWVEow4AR7oAZ5JcrAJE', 'types': ['locality', 'political']}], 'status': 'OK'}}"
225,neighborhoods_116,"cudahy, CA","{'num_results': 1, 'error': None, 'data': {'results': [{'address_components': [{'long_name': 'Cudahy', 'short_name': 'Cudahy', 'types': ['locality', 'political']}, {'long_name': 'Los Angeles County', 'short_name': 'Los Angeles County', 'types': ['administrative_area_level_2', 'political']}, {'long_name': 'California', 'short_name': 'CA', 'types': ['administrative_area_level_1', 'political']}, {'long_name': 'United States', 'short_name': 'US', 'types': ['country', 'political']}, {'long_name': '90201', 'short_name': '90201', 'types': ['postal_code']}], 'formatted_address': 'Cudahy, CA 90201, USA', 'geometry': {'bounds': {'northeast': {'lat': 33.970954, 'lng': -118.1690939}, 'southwest': {'lat': 33.954103, 'lng': -118.2020271}}, 'location': {'lat': 33.9608646, 'lng': -118.1857858}, 'location_type': 'APPROXIMATE', 'viewport': {'northeast': {'lat': 33.970954, 'lng': -118.1690939}, 'southwest': {'lat': 33.954103, 'lng': -118.2020271}}}, 'place_id': 'ChIJKXPzCo_OwoARIjJw8rsUtkQ', 'types': ['locality', 'political']}], 'status': 'OK'}}"
226,neighborhoods_117,"culver city, CA","{'num_results': 1, 'error': None, 'data': {'results': [{'address_components': [{'long_name': 'Culver City', 'short_name': 'Culver City', 'types': ['locality', 'political']}, {'long_name': 'Los Angeles County', 'short_name': 'Los Angeles County', 'types': ['administrative_area_level_2', 'political']}, {'long_name': 'California', 'short_name': 'CA', 'types': ['administrative_area_level_1', 'political']}, {'long_name': 'United States', 'short_name': 'US', 'types': ['country', 'political']}], 'formatted_address': 'Culver City, CA, USA', 'geometry': {'bounds': {'northeast': {'lat': 34.0350799, 'lng': -118.3695771}, 'southwest': {'lat': 33.976907, 'lng': -118.4484721}}, 'location': {'lat': 34.0211416, 'lng': -118.3968001}, 'location_type': 'APPROXIMATE', 'viewport': {'northeast': {'lat': 34.0350799, 'lng': -118.3695771}, 'southwest': {'lat': 33.976907, 'lng': -118.4484721}}}, 'place_id': 'ChIJnXN32x66woAR_lnrS9HphTE', 'types': ['locality', 'political']}], 'status': 'OK'}}"
227,neighborhoods_118,"cypress park, CA","{'num_results': 1, 'error': None, 'data': {'results': [{'address_components': [{'long_name': 'Cypress Park', 'short_name': 'Cypress Park', 'types': ['neighborhood', 'political']}, {'long_name': 'Los Angeles', 'short_name': 'Los Angeles', 'types': ['locality', 'political']}, {'long_name': 'Los Angeles County', 'short_name': 'Los Angeles County', 'types': ['administrative_area_level_2', 'political']}, {'long_name': 'California', 'short_name': 'CA', 'types': ['administrative_area_level_1', 'political']}, {'long_name': 'United States', 'short_name': 'US', 'types': ['country', 'political']}], 'formatted_address': 'Cypress Park, Los Angeles, CA, USA', 'geometry': {'bounds': {'northeast': {'lat': 34.1042589, 'lng': -118.211103}, 'southwest': {'lat': 34.0799148, 'lng': -118.237081}}, 'location': {'lat': 34.0909414, 'lng': -118.2233915}, 'location_type': 'APPROXIMATE', 'viewport': {'northeast': {'lat': 34.1042589, 'lng': -118.211103}, 'southwest': {'lat': 34.0799148, 'lng': -118.237081}}}, 'place_id': 'ChIJy2U7ILzGwoARNPwXLEHmD6c', 'types': ['neighborhood', 'political']}], 'status': 'OK'}}"
228,neighborhoods_119,"del aire, CA","{'num_results': 1, 'error': None, 'data': {'results': [{'address_components': [{'long_name': 'Del Aire', 'short_name': 'Del Aire', 'types': ['locality', 'political']}, {'long_name': 'Los Angeles County', 'short_name': 'Los Angeles County', 'types': ['administrative_area_level_2', 'political']}, {'long_name': 'California', 'short_name': 'CA', 'types': ['administrative_area_level_1', 'political']}, {'long_name': 'United States', 'short_name': 'US', 'types': ['country', 'political']}], 'formatted_address': 'Del Aire, CA, USA', 'geometry': {'bounds': {'northeast': {'lat': 33.929112, 'lng': -118.361235}, 'southwest': {'lat': 33.902328, 'lng': -118.378432}}, 'location': {'lat': 33.9161251, 'lng': -118.3695196}, 'location_type': 'APPROXIMATE', 'viewport': {'northeast': {'lat': 33.929112, 'lng': -118.361235}, 'southwest': {'lat': 33.902328, 'lng': -118.378432}}}, 'place_id': 'ChIJuVVnnJ-2woAR2ULey3xI7QA', 'types': ['locality', 'political']}], 'status': 'OK'}}"
229,neighborhoods_120,"del rey, CA","{'num_results': 1, 'error': None, 'data': {'results': [{'address_components': [{'long_name': 'Del Rey', 'short_name': 'Del Rey', 'types': ['locality', 'political']}, {'long_name': 'Fresno County', 'short_name': 'Fresno County', 'types': ['administrative_area_level_2', 'political']}, {'long_name': 'California', 'short_name': 'CA', 'types': ['administrative_area_level_1', 'political']}, {'long_name': 'United States', 'short_name': 'US', 'types': ['country', 'political']}, {'long_name': '93616', 'short_name': '93616', 'types': ['postal_code']}], 'formatted_address': 'Del Rey, CA 93616, USA', 'geometry': {'bounds': {'northeast': {'lat': 36.6631951, 'lng': -119.583479}, 'southwest': {'lat': 36.6487569, 'lng': -119.61059}}, 'location': {'lat': 36.6589623, 'lng': -119.5939822}, 'location_type': 'APPROXIMATE', 'viewport': {'northeast': {'lat': 36.6631951, 'lng': -119.583479}, 'southwest': {'lat': 36.6487569, 'lng': -119.61059}}}, 'place_id': 'ChIJn9eVxvj5lIARevN5fZoBi2M', 'types': ['locality', 'political']}], 'status': 'OK'}}"
230,neighborhoods_121,"desert view highlands, CA","{'num_results': 1, 'error': None, 'data': {'results': [{'address_components': [{'long_name': 'Desert View Highlands', 'short_name': 'Desert View Highlands', 'types': ['locality', 'political']}, {'long_name': 'Los Angeles County', 'short_name': 'Los Angeles County', 'types': ['administrative_area_level_2', 'political']}, {'long_name': 'California', 'short_name': 'CA', 'types': ['administrative_area_level_1', 'political']}, {'long_name': 'United States', 'short_name': 'US', 'types': ['country', 'political']}, {'long_name': '93551', 'short_name': '93551', 'types': ['postal_code']}], 'formatted_address': 'Desert View Highlands, CA 93551, USA', 'geometry': {'bounds': {'northeast': {'lat': 34.598274, 'lng': -118.1474831}, 'southwest': {'lat': 34.5834791, 'lng': -118.161605}}, 'location': {'lat': 34.5908225, 'lng': -118.1525735}, 'location_type': 'APPROXIMATE', 'viewport': {'northeast': {'lat': 34.598274, 'lng': -118.1474831}, 'southwest': {'lat': 34.5834791, 'lng': -118.161605}}}, 'place_id': 'ChIJVwrsMK9ZwoARS-rI0mBoH9s', 'types': ['locality', 'political']}], 'status': 'OK'}}"
231,neighborhoods_122,"diamond bar, CA","{'num_results': 1, 'error': None, 'data': {'results': [{'address_components': [{'long_name': 'Diamond Bar', 'short_name': 'Diamond Bar', 'types': ['locality', 'political']}, {'long_name': 'Los Angeles County', 'short_name': 'Los Angeles County', 'types': ['administrative_area_level_2', 'political']}, {'long_name': 'California', 'short_name': 'CA', 'types': ['administrative_area_level_1', 'political']}, {'long_name': 'United States', 'short_name': 'US', 'types': ['country', 'political']}], 'formatted_address': 'Diamond Bar, CA, USA', 'geometry': {'bounds': {'northeast': {'lat': 34.042876, 'lng': -117.7670459}, 'southwest': {'lat': 33.960659, 'lng': -117.863831}}, 'location': {'lat': 34.0009951, 'lng': -117.8112041}, 'location_type': 'APPROXIMATE', 'viewport': {'northeast': {'lat': 34.042876, 'lng': -117.7670459}, 'southwest': {'lat': 33.960659, 'lng': -117.863831}}}, 'navigation_points': [{'location': {'latitude': 34.0249411, 'longitude': -117.8108958}}], 'place_id': 'ChIJqSn3Qo4sw4ARqdd90SjAiOo', 'types': ['locality', 'political']}], 'status': 'OK'}}"
232,neighborhoods_123,"downey, CA","{'num_results': 1, 'error': None, 'data': {'results': [{'address_components': [{'long_name': 'Downey', 'short_name': 'Downey', 'types': ['locality', 'political']}, {'long_name': 'Los Angeles County', 'short_name': 'Los Angeles County', 'types': ['administrative_area_level_2', 'political']}, {'long_name': 'California', 'short_name': 'CA', 'types': ['administrative_area_level_1', 'political']}, {'long_name': 'United States', 'short_name': 'US', 'types': ['country', 'political']}], 'formatted_address': 'Downey, CA, USA', 'geometry': {'bounds': {'northeast': {'lat': 33.972968, 'lng': -118.09033}, 'southwest': {'lat': 33.9024549, 'lng': -118.170424}}, 'location': {'lat': 33.9401088, 'lng': -118.1331593}, 'location_type': 'APPROXIMATE', 'viewport': {'northeast': {'lat': 33.972968, 'lng': -118.09033}, 'southwest': {'lat': 33.9024549, 'lng': -118.170424}}}, 'place_id': 'ChIJkSIIHkzMwoARCp14FianQJE', 'types': ['locality', 'political']}], 'status': 'OK'}}"
233,neighborhoods_124,"downtown, CA","{'num_results': 2, 'error': None, 'data': {'results': [{'address_components': [{'long_name': 'Downtown Los Angeles', 'short_name': 'Downtown Los Angeles', 'types': ['neighborhood', 'political']}, {'long_name': 'Los Angeles', 'short_name': 'Los Angeles', 'types': ['locality', 'political']}, {'long_name': 'Los Angeles County', 'short_name': 'Los Angeles County', 'types': ['administrative_area_level_2', 'political']}, {'long_name': 'California', 'short_name': 'CA', 'types': ['administrative_area_level_1', 'political']}, {'long_name': 'United States', 'short_name': 'US', 'types': ['country', 'political']}], 'formatted_address': 'Downtown Los Angeles, Los Angeles, CA, USA', 'geometry': {'bounds': {'northeast': {'lat': 34.0652676, 'lng': -118.2225859}, 'southwest': {'lat': 34.0148596, 'lng': -118.2741569}}, 'location': {'lat': 34.055691, 'lng': -118.2487702}, 'location_type': 'APPROXIMATE', 'viewport': {'northeast': {'lat': 34.0652676, 'lng': -118.2225859}, 'southwest': {'lat': 34.0148596, 'lng': -118.2741569}}}, 'place_id': 'ChIJAf09JTTGwoARIKmlGd9S_iY', 'types': ['neighborhood', 'political']}, {'address_components': [{'long_name': 'Downtown San Diego', 'short_name': 'Downtown San Diego', 'types': ['neighborhood', 'political']}, {'long_name': 'San Diego', 'short_name': 'San Diego', 'types': ['locality', 'political']}, {'long_name': 'San Diego County', 'short_name': 'San Diego County', 'types': ['administrative_area_level_2', 'political']}, {'long_name': 'California', 'short_name': 'CA', 'types': ['administrative_area_level_1', 'political']}, {'long_name': 'United States', 'short_name': 'US', 'types': ['country', 'political']}], 'formatted_address': 'Downtown San Diego, San Diego, CA, USA', 'geometry': {'bounds': {'northeast': {'lat': 32.7303246, 'lng': -117.1474042}, 'southwest': {'lat': 32.702807, 'lng': -117.1801829}}, 'location': {'lat': 32.7157412, 'lng': -117.1610752}, 'location_type': 'APPROXIMATE', 'viewport': {'northeast': {'lat': 32.7303246, 'lng': -117.1474042}, 'southwest': {'lat': 32.702807, 'lng': -117.1801829}}}, 'place_id': 'ChIJB7MPbKlU2YARbmqYQPCaQaU', 'types': ['neighborhood', 'political']}], 'status': 'OK'}}"
234,neighborhoods_125,"duarte, CA","{'num_results': 1, 'error': None, 'data': {'results': [{'address_components': [{'long_name': 'Duarte', 'short_name': 'Duarte', 'types': ['locality', 'political']}, {'long_name': 'Los Angeles County', 'short_name': 'Los Angeles County', 'types': ['administrative_area_level_2', 'political']}, {'long_name': 'California', 'short_name': 'CA', 'types': ['administrative_area_level_1', 'political']}, {'long_name': 'United States', 'short_name': 'US', 'types': ['country', 'political']}, {'long_name': '91010', 'short_name': '91010', 'types': ['postal_code']}], 'formatted_address': 'Duarte, CA 91010, USA', 'geometry': {'bounds': {'northeast': {'lat': 34.194202, 'lng': -117.9247889}, 'southwest': {'lat': 34.121377, 'lng': -117.990543}}, 'location': {'lat': 34.1394513, 'lng': -117.9772873}, 'location_type': 'APPROXIMATE', 'viewport': {'northeast': {'lat': 34.194202, 'lng': -117.9247889}, 'southwest': {'lat': 34.121377, 'lng': -117.990543}}}, 'navigation_points': [{'location': {'latitude': 34.1394489, 'longitude': -117.9772861}}], 'place_id': 'ChIJqe6-YuDYwoAR7XKVWP58PtI', 'types': ['locality', 'political']}], 'status': 'OK'}}"
235,neighborhoods_126,"eagle rock, CA","{'num_results': 1, 'error': None, 'data': {'results': [{'address_components': [{'long_name': 'Eagle Rock', 'short_name': 'Eagle Rock', 'types': ['neighborhood', 'political']}, {'long_name': 'Los Angeles', 'short_name': 'Los Angeles', 'types': ['locality', 'political']}, {'long_name': 'Los Angeles County', 'short_name': 'Los Angeles County', 'types': ['administrative_area_level_2', 'political']}, {'long_name': 'California', 'short_name': 'CA', 'types': ['administrative_area_level_1', 'political']}, {'long_name': 'United States', 'short_name': 'US', 'types': ['country', 'political']}], 'formatted_address': 'Eagle Rock, Los Angeles, CA, USA', 'geometry': {'bounds': {'northeast': {'lat': 34.1516017, 'lng': -118.1804446}, 'southwest': {'lat': 34.1162877, 'lng': -118.2296932}}, 'location': {'lat': 34.1391256, 'lng': -118.2140017}, 'location_type': 'APPROXIMATE', 'viewport': {'northeast': {'lat': 34.1516017, 'lng': -118.1804446}, 'southwest': {'lat': 34.1162877, 'lng': -118.2296932}}}, 'place_id': 'ChIJaXll8uHDwoAR1gg8awJyneM', 'types': ['neighborhood', 'political']}], 'status': 'OK'}}"
236,neighborhoods_127,"east compton, CA","{'num_results': 1, 'error': None, 'data': {'results': [{'address_components': [{'long_name': 'East Compton', 'short_name': 'East Compton', 'types': ['locality', 'political']}, {'long_name': 'Los Angeles County', 'short_name': 'Los Angeles County', 'types': ['administrative_area_level_2', 'political']}, {'long_name': 'California', 'short_name': 'CA', 'types': ['administrative_area_level_1', 'political']}, {'long_name': 'United States', 'short_name': 'US', 'types': ['country', 'political']}, {'long_name': '90221', 'short_name': '90221', 'types': ['postal_code']}], 'formatted_address': 'East Compton, CA 90221, USA', 'geometry': {'bounds': {'northeast': {'lat': 33.906422, 'lng': -118.186257}, 'southwest': {'lat': 33.881617, 'lng': -118.206148}}, 'location': {'lat': 33.8962011, 'lng': -118.1933729}, 'location_type': 'APPROXIMATE', 'viewport': {'northeast': {'lat': 33.906422, 'lng': -118.186257}, 'southwest': {'lat': 33.881617, 'lng': -118.206148}}}, 'place_id': 'ChIJk5bnKpjMwoARH5yrrpwGW_Y', 'types': ['locality', 'political']}], 'status': 'OK'}}"
237,neighborhoods_128,"east hollywood, CA","{'num_results': 1, 'error': None, 'data': {'results': [{'address_components': [{'long_name': 'East Hollywood', 'short_name': 'East Hollywood', 'types': ['neighborhood', 'political']}, {'long_name': 'Los Angeles', 'short_name': 'Los Angeles', 'types': ['locality', 'political']}, {'long_name': 'Los Angeles County', 'short_name': 'Los Angeles County', 'types': ['administrative_area_level_2', 'political']}, {'long_name': 'California', 'short_name': 'CA', 'types': ['administrative_area_level_1', 'political']}, {'long_name': 'United States', 'short_name': 'US', 'types': ['country', 'political']}], 'formatted_address': 'East Hollywood, Los Angeles, CA, USA', 'geometry': {'bounds': {'northeast': {'lat': 34.1017658, 'lng': -118.2841392}, 'southwest': {'lat': 34.0762518, 'lng': -118.3092723}}, 'location': {'lat': 34.0908443, 'lng': -118.2917536}, 'location_type': 'APPROXIMATE', 'viewport': {'northeast': {'lat': 34.1017658, 'lng': -118.2841392}, 'southwest': {'lat': 34.0762518, 'lng': -118.3092723}}}, 'navigation_points': [{'location': {'latitude': 34.09112950000001, 'longitude': -118.2935872}}], 'place_id': 'ChIJA8yitFXHwoARDf4vOIO2RhE', 'types': ['neighborhood', 'political']}], 'status': 'OK'}}"
238,neighborhoods_129,"east la mirada, CA","{'num_results': 1, 'error': None, 'data': {'results': [{'address_components': [{'long_name': 'East Whittier', 'short_name': 'East Whittier', 'types': ['locality', 'political']}, {'long_name': 'Los Angeles County', 'short_name': 'Los Angeles County', 'types': ['administrative_area_level_2', 'political']}, {'long_name': 'California', 'short_name': 'CA', 'types': ['administrative_area_level_1', 'political']}, {'long_name': 'United States', 'short_name': 'US', 'types': ['country', 'political']}, {'long_name': '90604', 'short_name': '90604', 'types': ['postal_code']}], 'formatted_address': 'East Whittier, CA 90604, USA', 'geometry': {'bounds': {'northeast': {'lat': 33.931858, 'lng': -117.97653}, 'southwest': {'lat': 33.9173349, 'lng': -118.0052519}}, 'location': {'lat': 33.9244577, 'lng': -117.9889525}, 'location_type': 'APPROXIMATE', 'viewport': {'northeast': {'lat': 33.931858, 'lng': -117.97653}, 'southwest': {'lat': 33.9173349, 'lng': -118.0052519}}}, 'place_id': 'ChIJ64YbazMr3YARseMppjbb2LI', 'types': ['locality', 'political']}], 'status': 'OK'}}"
239,neighborhoods_130,"east los angeles, CA","{'num_results': 1, 'error': None, 'data': {'results': [{'address_components': [{'long_name': 'East Los Angeles', 'short_name': 'East Los Angeles', 'types': ['locality', 'political']}, {'long_name': 'Los Angeles County', 'short_name': 'Los Angeles County', 'types': ['administrative_area_level_2', 'political']}, {'long_name': 'California', 'short_name': 'CA', 'types': ['administrative_area_level_1', 'political']}, {'long_name': 'United States', 'short_name': 'US', 'types': ['country', 'political']}], 'formatted_address': 'East Los Angeles, CA, USA', 'geometry': {'bounds': {'northeast': {'lat': 34.062299, 'lng': -118.126728}, 'southwest': {'lat': 34.0080469, 'lng': -118.192625}}, 'location': {'lat': 34.0224417, 'lng': -118.1669736}, 'location_type': 'APPROXIMATE', 'viewport': {'northeast': {'lat': 34.062299, 'lng': -118.126728}, 'southwest': {'lat': 34.0080469, 'lng': -118.192625}}}, 'place_id': 'ChIJn_-DrXHPwoARt0NFf2Uoi1E', 'types': ['locality', 'political']}], 'status': 'OK'}}"
240,neighborhoods_131,"east pasadena, CA","{'num_results': 1, 'error': None, 'data': {'results': [{'address_components': [{'long_name': 'East Pasadena', 'short_name': 'East Pasadena', 'types': ['locality', 'political']}, {'long_name': 'Los Angeles County', 'short_name': 'Los Angeles County', 'types': ['administrative_area_level_2', 'political']}, {'long_name': 'California', 'short_name': 'CA', 'types': ['administrative_area_level_1', 'political']}, {'long_name': 'United States', 'short_name': 'US', 'types': ['country', 'political']}, {'long_name': '91107', 'short_name': '91107', 'types': ['postal_code']}], 'formatted_address': 'East Pasadena, CA 91107, USA', 'geometry': {'bounds': {'northeast': {'lat': 34.150295, 'lng': -118.0674681}, 'southwest': {'lat': 34.12684, 'lng': -118.0942931}}, 'location': {'lat': 34.1382378, 'lng': -118.0742249}, 'location_type': 'APPROXIMATE', 'viewport': {'northeast': {'lat': 34.150295, 'lng': -118.0674681}, 'southwest': {'lat': 34.12684, 'lng': -118.0942931}}}, 'place_id': 'ChIJJQkMcG_bwoARB9qMJF7HJ6Y', 'types': ['locality', 'political']}], 'status': 'OK'}}"
241,neighborhoods_132,"east san gabriel, CA","{'num_results': 1, 'error': None, 'data': {'results': [{'address_components': [{'long_name': 'East San Gabriel', 'short_name': 'East San Gabriel', 'types': ['locality', 'political']}, {'long_name': 'Los Angeles County', 'short_name': 'Los Angeles County', 'types': ['administrative_area_level_2', 'political']}, {'long_name': 'California', 'short_name': 'CA', 'types': ['administrative_area_level_1', 'political']}, {'long_name': 'United States', 'short_name': 'US', 'types': ['country', 'political']}], 'formatted_address': 'East San Gabriel, CA, USA', 'geometry': {'bounds': {'northeast': {'lat': 34.1307419, 'lng': -118.056576}, 'southwest': {'lat': 34.090582, 'lng': -118.0913529}}, 'location': {'lat': 34.121428, 'lng': -118.0798956}, 'location_type': 'APPROXIMATE', 'viewport': {'northeast': {'lat': 34.1307419, 'lng': -118.056576}, 'southwest': {'lat': 34.090582, 'lng': -118.0913529}}}, 'place_id': 'ChIJJ4fHN8LawoAR_BUf_0G_6ZI', 'types': ['locality', 'political']}], 'status': 'OK'}}"
242,neighborhoods_133,"echo park, CA","{'num_results': 1, 'error': None, 'data': {'results': [{'address_components': [{'long_name': 'Echo Park', 'short_name': 'Echo Park', 'types': ['neighborhood', 'political']}, {'long_name': 'Los Angeles', 'short_name': 'Los Angeles', 'types': ['locality', 'political']}, {'long_name': 'Los Angeles County', 'short_name': 'Los Angeles County', 'types': ['administrative_area_level_2', 'political']}, {'long_name': 'California', 'short_name': 'CA', 'types': ['administrative_area_level_1', 'political']}, {'long_name': 'United States', 'short_name': 'US', 'types': ['country', 'political']}], 'formatted_address': 'Echo Park, Los Angeles, CA, USA', 'geometry': {'bounds': {'northeast': {'lat': 34.1009098, 'lng': -118.2430871}, 'southwest': {'lat': 34.0579438, 'lng': -118.2742242}}, 'location': {'lat': 34.0780857, 'lng': -118.2604694}, 'location_type': 'APPROXIMATE', 'viewport': {'northeast': {'lat': 34.1009098, 'lng': -118.2430871}, 'southwest': {'lat': 34.0579438, 'lng': -118.2742242}}}, 'place_id': 'ChIJW0irLOfGwoARgOwMHRhRHl0', 'types': ['neighborhood', 'political']}], 'status': 'OK'}}"
243,neighborhoods_134,"elizabeth lake, CA","{'num_results': 1, 'error': None, 'data': {'results': [{'address_components': [{'long_name': 'Elizabeth Lake', 'short_name': 'Elizabeth Lake', 'types': ['locality', 'political']}, {'long_name': 'Los Angeles County', 'short_name': 'Los Angeles County', 'types': ['administrative_area_level_2', 'political']}, {'long_name': 'California', 'short_name': 'CA', 'types': ['administrative_area_level_1', 'political']}, {'long_name': 'United States', 'short_name': 'US', 'types': ['country', 'political']}, {'long_name': '93532', 'short_name': '93532', 'types': ['postal_code']}], 'formatted_address': 'Elizabeth Lake, CA 93532, USA', 'geometry': {'bounds': {'northeast': {'lat': 34.6744781, 'lng': -118.341936}, 'southwest': {'lat': 34.641377, 'lng': -118.422277}}, 'location': {'lat': 34.6596049, 'lng': -118.3772707}, 'location_type': 'APPROXIMATE', 'viewport': {'northeast': {'lat': 34.6744781, 'lng': -118.341936}, 'southwest': {'lat': 34.641377, 'lng': -118.422277}}}, 'place_id': 'ChIJZ0My1jZvwoARyYWJ60mJPH0', 'types': ['locality', 'political']}], 'status': 'OK'}}"
244,neighborhoods_135,"el monte, CA","{'num_results': 1, 'error': None, 'data': {'results': [{'address_components': [{'long_name': 'El Monte', 'short_name': 'El Monte', 'types': ['locality', 'political']}, {'long_name': 'Los Angeles County', 'short_name': 'Los Angeles County', 'types': ['administrative_area_level_2', 'political']}, {'long_name': 'California', 'short_name': 'CA', 'types': ['administrative_area_level_1', 'political']}, {'long_name': 'United States', 'short_name': 'US', 'types': ['country', 'political']}], 'formatted_address': 'El Monte, CA, USA', 'geometry': {'bounds': {'northeast': {'lat': 34.1009459, 'lng': -117.997465}, 'southwest': {'lat': 34.0415511, 'lng': -118.072927}}, 'location': {'lat': 34.0726865, 'lng': -118.0322819}, 'location_type': 'APPROXIMATE', 'viewport': {'northeast': {'lat': 34.1009459, 'lng': -117.997465}, 'southwest': {'lat': 34.0415511, 'lng': -118.072927}}}, 'place_id': 'ChIJ79D2Y6TQwoARTTewpY4BD2s', 'types': ['locality', 'political']}], 'status': 'OK'}}"
245,neighborhoods_136,"el segundo, CA","{'num_results': 1, 'error': None, 'data': {'results': [{'address_components': [{'long_name': 'El Segundo', 'short_name': 'El Segundo', 'types': ['locality', 'political']}, {'long_name': 'Los Angeles County', 'short_name': 'Los Angeles County', 'types': ['administrative_area_level_2', 'political']}, {'long_name': 'California', 'short_name': 'CA', 'types': ['administrative_area_level_1', 'political']}, {'long_name': 'United States', 'short_name': 'US', 'types': ['country', 'political']}], 'formatted_address': 'El Segundo, CA, USA', 'geometry': {'bounds': {'northeast': {'lat': 33.9313161, 'lng': -118.374325}, 'southwest': {'lat': 33.887162, 'lng': -118.496342}}, 'location': {'lat': 33.9191799, 'lng': -118.4164652}, 'location_type': 'APPROXIMATE', 'viewport': {'northeast': {'lat': 33.9313161, 'lng': -118.374325}, 'southwest': {'lat': 33.887162, 'lng': -118.496342}}}, 'place_id': 'ChIJrTzSGUexwoARttmLvMdiBYw', 'types': ['locality', 'political']}], 'status': 'OK'}}"
246,neighborhoods_137,"el sereno, CA","{'num_results': 1, 'error': None, 'data': {'results': [{'address_components': [{'long_name': 'El Sereno', 'short_name': 'El Sereno', 'types': ['neighborhood', 'political']}, {'long_name': 'Los Angeles', 'short_name': 'Los Angeles', 'types': ['locality', 'political']}, {'long_name': 'Los Angeles County', 'short_name': 'Los Angeles County', 'types': ['administrative_area_level_2', 'political']}, {'long_name': 'California', 'short_name': 'CA', 'types': ['administrative_area_level_1', 'political']}, {'long_name': 'United States', 'short_name': 'US', 'types': ['country', 'political']}, {'long_name': '90032', 'short_name': '90032', 'types': ['postal_code']}], 'formatted_address': 'El Sereno, Los Angeles, CA 90032, USA', 'geometry': {'bounds': {'northeast': {'lat': 34.1019257, 'lng': -118.1553703}, 'southwest': {'lat': 34.0617589, 'lng': -118.1970231}}, 'location': {'lat': 34.0860517, 'lng': -118.1782728}, 'location_type': 'APPROXIMATE', 'viewport': {'northeast': {'lat': 34.1019257, 'lng': -118.1553703}, 'southwest': {'lat': 34.0617589, 'lng': -118.1970231}}}, 'place_id': 'ChIJHyqA2bnFwoARTWPaPXEq24E', 'types': ['neighborhood', 'political']}], 'status': 'OK'}}"
247,neighborhoods_138,"elysian park, CA","{'num_results': 1, 'error': None, 'data': {'results': [{'address_components': [{'long_name': 'Elysian Park', 'short_name': 'Elysian Park', 'types': ['neighborhood', 'political']}, {'long_name': 'Los Angeles', 'short_name': 'Los Angeles', 'types': ['locality', 'political']}, {'long_name': 'Los Angeles County', 'short_name': 'Los Angeles County', 'types': ['administrative_area_level_2', 'political']}, {'long_name': 'California', 'short_name': 'CA', 'types': ['administrative_area_level_1', 'political']}, {'long_name': 'United States', 'short_name': 'US', 'types': ['country', 'political']}], 'formatted_address': 'Elysian Park, Los Angeles, CA, USA', 'geometry': {'bounds': {'northeast': {'lat': 34.0955558, 'lng': -118.2251692}, 'southwest': {'lat': 34.0667589, 'lng': -118.2499951}}, 'location': {'lat': 34.0795792, 'lng': -118.2361616}, 'location_type': 'APPROXIMATE', 'viewport': {'northeast': {'lat': 34.0955558, 'lng': -118.2251692}, 'southwest': {'lat': 34.0667589, 'lng': -118.2499951}}}, 'place_id': 'ChIJi7sKSe7GwoARnq0rarjBPC8', 'types': ['neighborhood', 'political']}], 'status': 'OK'}}"
248,neighborhoods_139,"elysian valley, CA","{'num_results': 1, 'error': None, 'data': {'results': [{'address_components': [{'long_name': 'Elysian Valley', 'short_name': 'Elysian Valley', 'types': ['neighborhood', 'political']}, {'long_name': 'Los Angeles', 'short_name': 'Los Angeles', 'types': ['locality', 'political']}, {'long_name': 'Los Angeles County', 'short_name': 'Los Angeles County', 'types': ['administrative_area_level_2', 'political']}, {'long_name': 'California', 'short_name': 'CA', 'types': ['administrative_area_level_1', 'political']}, {'long_name': 'United States', 'short_name': 'US', 'types': ['country', 'political']}], 'formatted_address': 'Elysian Valley, Los Angeles, CA, USA', 'geometry': {'bounds': {'northeast': {'lat': 34.1089098, 'lng': -118.227613}, 'southwest': {'lat': 34.0830448, 'lng': -118.256555}}, 'location': {'lat': 34.0944826, 'lng': -118.2417298}, 'location_type': 'APPROXIMATE', 'viewport': {'northeast': {'lat': 34.1089098, 'lng': -118.227613}, 'southwest': {'lat': 34.0830448, 'lng': -118.256555}}}, 'place_id': 'ChIJSYQjCurGwoARmkO5CDEeCXk', 'types': ['neighborhood', 'political']}], 'status': 'OK'}}"
249,neighborhoods_140,"encino, CA","{'num_results': 1, 'error': None, 'data': {'results': [{'address_components': [{'long_name': 'Encino', 'short_name': 'Encino', 'types': ['neighborhood', 'political']}, {'long_name': 'Los Angeles', 'short_name': 'Los Angeles', 'types': ['locality', 'political']}, {'long_name': 'Los Angeles County', 'short_name': 'Los Angeles County', 'types': ['administrative_area_level_2', 'political']}, {'long_name': 'California', 'short_name': 'CA', 'types': ['administrative_area_level_1', 'political']}, {'long_name': 'United States', 'short_name': 'US', 'types': ['country', 'political']}], 'formatted_address': 'Encino, Los Angeles, CA, USA', 'geometry': {'bounds': {'northeast': {'lat': 34.18661770000001, 'lng': -118.4681083}, 'southwest': {'lat': 34.1261968, 'lng': -118.5310372}}, 'location': {'lat': 34.1592881, 'lng': -118.5011688}, 'location_type': 'APPROXIMATE', 'viewport': {'northeast': {'lat': 34.18661770000001, 'lng': -118.4681083}, 'southwest': {'lat': 34.1261968, 'lng': -118.5310372}}}, 'place_id': 'ChIJq-KwCjeYwoARLkJopGarvlY', 'types': ['neighborhood', 'political']}], 'status': 'OK'}}"
250,neighborhoods_141,"exposition park, CA","{'num_results': 1, 'error': None, 'data': {'results': [{'address_components': [{'long_name': 'Exposition Park', 'short_name': 'Exposition Park', 'types': ['neighborhood', 'political']}, {'long_name': 'Los Angeles', 'short_name': 'Los Angeles', 'types': ['locality', 'political']}, {'long_name': 'Los Angeles County', 'short_name': 'Los Angeles County', 'types': ['administrative_area_level_2', 'political']}, {'long_name': 'California', 'short_name': 'CA', 'types': ['administrative_area_level_1', 'political']}, {'long_name': 'United States', 'short_name': 'US', 'types': ['country', 'political']}], 'formatted_address': 'Exposition Park, Los Angeles, CA, USA', 'geometry': {'bounds': {'northeast': {'lat': 34.02553710000001, 'lng': -118.279858}, 'southwest': {'lat': 34.0108258, 'lng': -118.318248}}, 'location': {'lat': 34.0182651, 'lng': -118.3002262}, 'location_type': 'APPROXIMATE', 'viewport': {'northeast': {'lat': 34.02553710000001, 'lng': -118.279858}, 'southwest': {'lat': 34.0108258, 'lng': -118.318248}}}, 'place_id': 'ChIJ1-dgU__HwoARqZV0M8-ervI', 'types': ['neighborhood', 'political']}], 'status': 'OK'}}"
251,neighborhoods_142,"fairfax, CA","{'num_results': 1, 'error': None, 'data': {'results': [{'address_components': [{'long_name': 'Fairfax', 'short_name': 'Fairfax', 'types': ['locality', 'political']}, {'long_name': 'Marin County', 'short_name': 'Marin County', 'types': ['administrative_area_level_2', 'political']}, {'long_name': 'California', 'short_name': 'CA', 'types': ['administrative_area_level_1', 'political']}, {'long_name': 'United States', 'short_name': 'US', 'types': ['country', 'political']}], 'formatted_address': 'Fairfax, CA, USA', 'geometry': {'bounds': {'northeast': {'lat': 38.00977, 'lng': -122.579351}, 'southwest': {'lat': 37.973085, 'lng': -122.6171729}}, 'location': {'lat': 37.9871454, 'lng': -122.5888686}, 'location_type': 'APPROXIMATE', 'viewport': {'northeast': {'lat': 38.00977, 'lng': -122.579351}, 'southwest': {'lat': 37.973085, 'lng': -122.6171729}}}, 'navigation_points': [{'location': {'latitude': 37.9871409, 'longitude': -122.5888692}}], 'place_id': 'ChIJgfgHWFeWhYARUBSCSoS-4DM', 'types': ['locality', 'political']}], 'status': 'OK'}}"
252,neighborhoods_143,"florence, CA","{'num_results': 1, 'error': None, 'data': {'results': [{'address_components': [{'long_name': 'Florence', 'short_name': 'Florence', 'types': ['neighborhood', 'political']}, {'long_name': 'Florence-Graham', 'short_name': 'Florence-Graham', 'types': ['locality', 'political']}, {'long_name': 'Los Angeles County', 'short_name': 'Los Angeles County', 'types': ['administrative_area_level_2', 'political']}, {'long_name': 'California', 'short_name': 'CA', 'types': ['administrative_area_level_1', 'political']}, {'long_name': 'United States', 'short_name': 'US', 'types': ['country', 'political']}], 'formatted_address': 'Florence, Florence-Graham, CA, USA', 'geometry': {'bounds': {'northeast': {'lat': 33.9893219, 'lng': -118.2564051}, 'southwest': {'lat': 33.9600308, 'lng': -118.2807501}}, 'location': {'lat': 33.9747219, 'lng': -118.2695791}, 'location_type': 'APPROXIMATE', 'viewport': {'northeast': {'lat': 33.9893219, 'lng': -118.2564051}, 'southwest': {'lat': 33.9600308, 'lng': -118.2807501}}}, 'place_id': 'ChIJRapRoAjJwoARz0Seh8aZxxQ', 'types': ['neighborhood', 'political']}], 'status': 'OK'}}"
253,neighborhoods_144,"florence-firestone, CA","{'num_results': 1, 'error': None, 'data': {'results': [{'address_components': [{'long_name': 'Florence-Graham', 'short_name': 'Florence-Graham', 'types': ['locality', 'political']}, {'long_name': 'South Los Angeles', 'short_name': 'South Los Angeles', 'types': ['neighborhood', 'political']}, {'long_name': 'Los Angeles County', 'short_name': 'Los Angeles County', 'types': ['administrative_area_level_2', 'political']}, {'long_name': 'California', 'short_name': 'CA', 'types': ['administrative_area_level_1', 'political']}, {'long_name': 'United States', 'short_name': 'US', 'types': ['country', 'political']}], 'formatted_address': 'Florence-Graham, CA, USA', 'geometry': {'bounds': {'northeast': {'lat': 33.9894979, 'lng': -118.228602}, 'southwest': {'lat': 33.9432731, 'lng': -118.256439}}, 'location': {'lat': 33.9671978, 'lng': -118.2436197}, 'location_type': 'APPROXIMATE', 'viewport': {'northeast': {'lat': 33.9894979, 'lng': -118.228602}, 'southwest': {'lat': 33.9432731, 'lng': -118.256439}}}, 'place_id': 'ChIJ5wqd7HrJwoARZVu05on_zEc', 'types': ['locality', 'political']}], 'status': 'OK'}}"
254,neighborhoods_145,"gardena, CA","{'num_results': 1, 'error': None, 'data': {'results': [{'address_components': [{'long_name': 'Gardena', 'short_name': 'Gardena', 'types': ['locality', 'political']}, {'long_name': 'Los Angeles County', 'short_name': 'Los Angeles County', 'types': ['administrative_area_level_2', 'political']}, {'long_name': 'California', 'short_name': 'CA', 'types': ['administrative_area_level_1', 'political']}, {'long_name': 'United States', 'short_name': 'US', 'types': ['country', 'political']}], 'formatted_address': 'Gardena, CA, USA', 'geometry': {'bounds': {'northeast': {'lat': 33.91647, 'lng': -118.2905251}, 'southwest': {'lat': 33.8655451, 'lng': -118.3265419}}, 'location': {'lat': 33.8837294, 'lng': -118.3091185}, 'location_type': 'APPROXIMATE', 'viewport': {'northeast': {'lat': 33.91647, 'lng': -118.2905251}, 'southwest': {'lat': 33.8655451, 'lng': -118.3265419}}}, 'place_id': 'ChIJCd2bU4G1woARkcpitRo3GcY', 'types': ['locality', 'political']}], 'status': 'OK'}}"
255,neighborhoods_146,"glassell park, CA","{'num_results': 1, 'error': None, 'data': {'results': [{'address_components': [{'long_name': 'Glassell Park', 'short_name': 'Glassell Park', 'types': ['neighborhood', 'political']}, {'long_name': 'Los Angeles', 'short_name': 'Los Angeles', 'types': ['locality', 'political']}, {'long_name': 'Los Angeles County', 'short_name': 'Los Angeles County', 'types': ['administrative_area_level_2', 'political']}, {'long_name': 'California', 'short_name': 'CA', 'types': ['administrative_area_level_1', 'political']}, {'long_name': 'United States', 'short_name': 'US', 'types': ['country', 'political']}], 'formatted_address': 'Glassell Park, Los Angeles, CA, USA', 'geometry': {'bounds': {'northeast': {'lat': 34.1356814, 'lng': -118.2183871}, 'southwest': {'lat': 34.0826838, 'lng': -118.2541431}}, 'location': {'lat': 34.1200715, 'lng': -118.2288829}, 'location_type': 'APPROXIMATE', 'viewport': {'northeast': {'lat': 34.1356814, 'lng': -118.2183871}, 'southwest': {'lat': 34.0826838, 'lng': -118.2541431}}}, 'place_id': 'ChIJS0lqN83GwoARuTkU2U0Jm3g', 'types': ['neighborhood', 'political']}], 'status': 'OK'}}"
256,neighborhoods_147,"glendale, CA","{'num_results': 1, 'error': None, 'data': {'results': [{'address_components': [{'long_name': 'Glendale', 'short_name': 'Glendale', 'types': ['locality', 'political']}, {'long_name': 'Los Angeles County', 'short_name': 'Los Angeles County', 'types': ['administrative_area_level_2', 'political']}, {'long_name': 'California', 'short_name': 'CA', 'types': ['administrative_area_level_1', 'political']}, {'long_name': 'United States', 'short_name': 'US', 'types': ['country', 'political']}], 'formatted_address': 'Glendale, CA, USA', 'geometry': {'bounds': {'northeast': {'lat': 34.26720299999999, 'lng': -118.1815831}, 'southwest': {'lat': 34.118761, 'lng': -118.307812}}, 'location': {'lat': 34.1463674, 'lng': -118.2488703}, 'location_type': 'APPROXIMATE', 'viewport': {'northeast': {'lat': 34.26720299999999, 'lng': -118.1815831}, 'southwest': {'lat': 34.118761, 'lng': -118.307812}}}, 'navigation_points': [{'location': {'latitude': 34.1425717, 'longitude': -118.2556524}}], 'place_id': 'ChIJqYPwyDLAwoARpibJ_p6hP-U', 'types': ['locality', 'political']}], 'status': 'OK'}}"
257,neighborhoods_148,"glendora, CA","{'num_results': 1, 'error': None, 'data': {'results': [{'address_components': [{'long_name': 'Glendora', 'short_name': 'Glendora', 'types': ['locality', 'political']}, {'long_name': 'Los Angeles County', 'short_name': 'Los Angeles County', 'types': ['administrative_area_level_2', 'political']}, {'long_name': 'California', 'short_name': 'CA', 'types': ['administrative_area_level_1', 'political']}, {'long_name': 'United States', 'short_name': 'US', 'types': ['country', 'political']}], 'formatted_address': 'Glendora, CA, USA', 'geometry': {'bounds': {'northeast': {'lat': 34.179662, 'lng': -117.7938421}, 'southwest': {'lat': 34.105475, 'lng': -117.8900531}}, 'location': {'lat': 34.1361187, 'lng': -117.865339}, 'location_type': 'APPROXIMATE', 'viewport': {'northeast': {'lat': 34.179662, 'lng': -117.7938421}, 'southwest': {'lat': 34.105475, 'lng': -117.8900531}}}, 'place_id': 'ChIJX7Ts8w0mw4AR7I7B-b7UyPA', 'types': ['locality', 'political']}], 'status': 'OK'}}"
258,neighborhoods_149,"gramercy park, CA","{'num_results': 1, 'error': None, 'data': {'results': [{'address_components': [{'long_name': 'Gramercy Park', 'short_name': 'Gramercy Park', 'types': ['neighborhood', 'political']}, {'long_name': 'Torrance', 'short_name': 'Torrance', 'types': ['locality', 'political']}, {'long_name': 'Los Angeles County', 'short_name': 'Los Angeles County', 'types': ['administrative_area_level_2', 'political']}, {'long_name': 'California', 'short_name': 'CA', 'types': ['administrative_area_level_1', 'political']}, {'long_name': 'United States', 'short_name': 'US', 'types': ['country', 'political']}], 'formatted_address': 'Gramercy Park, Torrance, CA, USA', 'geometry': {'bounds': {'northeast': {'lat': 33.9600179, 'lng': -118.3002702}, 'southwest': {'lat': 33.9382148, 'lng': -118.3177562}}, 'location': {'lat': 33.9527336, 'lng': -118.3090349}, 'location_type': 'APPROXIMATE', 'viewport': {'northeast': {'lat': 33.9600179, 'lng': -118.3002702}, 'southwest': {'lat': 33.9382148, 'lng': -118.3177562}}}, 'place_id': 'ChIJ6570tJVK3YARfABAPHxrRJM', 'types': ['neighborhood', 'political']}], 'status': 'OK'}}"
259,neighborhoods_150,"granada hills, CA","{'num_results': 1, 'error': None, 'data': {'results': [{'address_components': [{'long_name': 'Granada Hills', 'short_name': 'Granada Hills', 'types': ['neighborhood', 'political']}, {'long_name': 'Los Angeles', 'short_name': 'Los Angeles', 'types': ['locality', 'political']}, {'long_name': 'Los Angeles County', 'short_name': 'Los Angeles County', 'types': ['administrative_area_level_2', 'political']}, {'long_name': 'California', 'short_name': 'CA', 'types': ['administrative_area_level_1', 'political']}, {'long_name': 'United States', 'short_name': 'US', 'types': ['country', 'political']}], 'formatted_address': 'Granada Hills, Los Angeles, CA, USA', 'geometry': {'bounds': {'northeast': {'lat': 34.3343269, 'lng': -118.4677442}, 'southwest': {'lat': 34.2572708, 'lng': -118.5471091}}, 'location': {'lat': 34.2793022, 'lng': -118.502147}, 'location_type': 'APPROXIMATE', 'viewport': {'northeast': {'lat': 34.3343269, 'lng': -118.4677442}, 'southwest': {'lat': 34.2572708, 'lng': -118.5471091}}}, 'place_id': 'ChIJZzVyNM2awoARI0eqJutpXFc', 'types': ['neighborhood', 'political']}], 'status': 'OK'}}"
260,neighborhoods_151,"green meadows, CA","{'num_results': 4, 'error': None, 'data': {'results': [{'address_components': [{'long_name': 'Green Meadows', 'short_name': 'Green Meadows', 'types': ['neighborhood', 'political']}, {'long_name': 'Los Angeles', 'short_name': 'Los Angeles', 'types': ['locality', 'political']}, {'long_name': 'Los Angeles County', 'short_name': 'Los Angeles County', 'types': ['administrative_area_level_2', 'political']}, {'long_name': 'California', 'short_name': 'CA', 'types': ['administrative_area_level_1', 'political']}, {'long_name': 'United States', 'short_name': 'US', 'types': ['country', 'political']}], 'formatted_address': 'Green Meadows, Los Angeles, CA, USA', 'geometry': {'bounds': {'northeast': {'lat': 33.9601738, 'lng': -118.2535464}, 'southwest': {'lat': 33.9231006, 'lng': -118.2695561}}, 'location': {'lat': 33.9325146, 'lng': -118.2651883}, 'location_type': 'APPROXIMATE', 'viewport': {'northeast': {'lat': 33.9601738, 'lng': -118.2535464}, 'southwest': {'lat': 33.9231006, 'lng': -118.2695561}}}, 'place_id': 'ChIJZw7IkJbJwoARgNlosiE_Xms', 'types': ['neighborhood', 'political']}, {'address_components': [{'long_name': 'Greenmeadows', 'short_name': 'Greenmeadows', 'types': ['neighborhood', 'political']}, {'long_name': 'Citrus Heights', 'short_name': 'Citrus Heights', 'types': ['locality', 'political']}, {'long_name': 'Sacramento County', 'short_name': 'Sacramento County', 'types': ['administrative_area_level_2', 'political']}, {'long_name': 'California', 'short_name': 'CA', 'types': ['administrative_area_level_1', 'political']}, {'long_name': 'United States', 'short_name': 'US', 'types': ['country', 'political']}, {'long_name': '95621', 'short_name': '95621', 'types': ['postal_code']}], 'formatted_address': 'Greenmeadows, Citrus Heights, CA 95621, USA', 'geometry': {'bounds': {'northeast': {'lat': 38.677861, 'lng': -121.3110781}, 'southwest': {'lat': 38.6769151, 'lng': -121.3119382}}, 'location': {'lat': 38.6773322, 'lng': -121.3114477}, 'location_type': 'APPROXIMATE', 'viewport': {'northeast': {'lat': 38.6787370302915, 'lng': -121.3101591697085}, 'southwest': {'lat': 38.6760390697085, 'lng': -121.3128571302915}}}, 'place_id': 'ChIJv3VC1AHfmoARQjPc7M_8PUY', 'types': ['neighborhood', 'political']}, {'address_components': [{'long_name': 'Green Meadows', 'short_name': 'Green Meadows', 'types': ['neighborhood', 'political']}, {'long_name': 'Davis', 'short_name': 'Davis', 'types': ['locality', 'political']}, {'long_name': 'Yolo County', 'short_name': 'Yolo County', 'types': ['administrative_area_level_2', 'political']}, {'long_name': 'California', 'short_name': 'CA', 'types': ['administrative_area_level_1', 'political']}, {'long_name': 'United States', 'short_name': 'US', 'types': ['country', 'political']}, {'long_name': '95618', 'short_name': '95618', 'types': ['postal_code']}], 'formatted_address': 'Green Meadows, Davis, CA 95618, USA', 'geometry': {'bounds': {'northeast': {'lat': 38.5663729, 'lng': -121.725096}, 'southwest': {'lat': 38.5624609, 'lng': -121.7310919}}, 'location': {'lat': 38.564797, 'lng': -121.7288079}, 'location_type': 'APPROXIMATE', 'viewport': {'northeast': {'lat': 38.5663729, 'lng': -121.725096}, 'southwest': {'lat': 38.5624609, 'lng': -121.7310919}}}, 'place_id': 'ChIJrw4AAI8phYARShxqEuNsgXg', 'types': ['neighborhood', 'political']}, {'address_components': [{'long_name': 'Green Meadows', 'short_name': 'Green Meadows', 'types': ['neighborhood', 'political']}, {'long_name': 'Citrus Heights', 'short_name': 'Citrus Heights', 'types': ['locality', 'political']}, {'long_name': 'Sacramento County', 'short_name': 'Sacramento County', 'types': ['administrative_area_level_2', 'political']}, {'long_name': 'California', 'short_name': 'CA', 'types': ['administrative_area_level_1', 'political']}, {'long_name': 'United States', 'short_name': 'US', 'types': ['country', 'political']}, {'long_name': '95621', 'short_name': '95621', 'types': ['postal_code']}], 'formatted_address': 'Green Meadows, Citrus Heights, CA 95621, USA', 'geometry': {'bounds': {'northeast': {'lat': 38.676932, 'lng': -121.3102148}, 'southwest': {'lat': 38.673587, 'lng': -121.3126831}}, 'location': {'lat': 38.6762424, 'lng': -121.3116265}, 'location_type': 'APPROXIMATE', 'viewport': {'northeast': {'lat': 38.676932, 'lng': -121.3100999697085}, 'southwest': {'lat': 38.673587, 'lng': -121.3127979302915}}}, 'place_id': 'ChIJpVZVUv7emoARzo0x9TLr0Vc', 'types': ['neighborhood', 'political']}], 'status': 'OK'}}"
261,neighborhoods_152,"green valley, CA","{'num_results': 2, 'error': None, 'data': {'results': [{'address_components': [{'long_name': 'Green Valley', 'short_name': 'Green Valley', 'types': ['locality', 'political']}, {'long_name': 'Los Angeles County', 'short_name': 'Los Angeles County', 'types': ['administrative_area_level_2', 'political']}, {'long_name': 'California', 'short_name': 'CA', 'types': ['administrative_area_level_1', 'political']}, {'long_name': 'United States', 'short_name': 'US', 'types': ['country', 'political']}, {'long_name': '91390', 'short_name': '91390', 'types': ['postal_code']}], 'formatted_address': 'Green Valley, CA 91390, USA', 'geometry': {'bounds': {'northeast': {'lat': 34.648434, 'lng': -118.355423}, 'southwest': {'lat': 34.587096, 'lng': -118.4439819}}, 'location': {'lat': 34.6220229, 'lng': -118.4140167}, 'location_type': 'APPROXIMATE', 'viewport': {'northeast': {'lat': 34.648434, 'lng': -118.355423}, 'southwest': {'lat': 34.587096, 'lng': -118.4439819}}}, 'place_id': 'ChIJYSZTcOtlwoARzx5d2bPnhy8', 'types': ['locality', 'political']}, {'address_components': [{'long_name': 'Green Valley', 'short_name': 'Green Valley', 'types': ['locality', 'political']}, {'long_name': 'Solano County', 'short_name': 'Solano County', 'types': ['administrative_area_level_2', 'political']}, {'long_name': 'California', 'short_name': 'CA', 'types': ['administrative_area_level_1', 'political']}, {'long_name': 'United States', 'short_name': 'US', 'types': ['country', 'political']}, {'long_name': '94534', 'short_name': '94534', 'types': ['postal_code']}], 'formatted_address': 'Green Valley, CA 94534, USA', 'geometry': {'bounds': {'northeast': {'lat': 38.29600610000001, 'lng': -122.131999}, 'southwest': {'lat': 38.235027, 'lng': -122.2058489}}, 'location': {'lat': 38.2529705, 'lng': -122.1621917}, 'location_type': 'APPROXIMATE', 'viewport': {'northeast': {'lat': 38.29600610000001, 'lng': -122.131999}, 'southwest': {'lat': 38.235027, 'lng': -122.2058489}}}, 'place_id': 'ChIJHWTSAsMRhYAR7nqXk1q6deI', 'types': ['locality', 'political']}], 'status': 'OK'}}"
262,neighborhoods_153,"griffith park, CA","{'num_results': 1, 'error': None, 'data': {'results': [{'address_components': [{'long_name': 'Griffith Park', 'short_name': 'Griffith Park', 'types': ['neighborhood', 'political']}, {'long_name': 'Los Angeles', 'short_name': 'Los Angeles', 'types': ['locality', 'political']}, {'long_name': 'Los Angeles County', 'short_name': 'Los Angeles County', 'types': ['administrative_area_level_2', 'political']}, {'long_name': 'California', 'short_name': 'CA', 'types': ['administrative_area_level_1', 'political']}, {'long_name': 'United States', 'short_name': 'US', 'types': ['country', 'political']}], 'formatted_address': 'Griffith Park, CA, USA', 'geometry': {'bounds': {'northeast': {'lat': 34.16144390000001, 'lng': -118.2654031}, 'southwest': {'lat': 34.1122839, 'lng': -118.3290671}}, 'location': {'lat': 34.1466376, 'lng': -118.2844424}, 'location_type': 'APPROXIMATE', 'viewport': {'northeast': {'lat': 34.16144390000001, 'lng': -118.2654031}, 'southwest': {'lat': 34.1122839, 'lng': -118.3290671}}}, 'place_id': 'ChIJ-aSn0H_AwoARGdQZnQPyId8', 'types': ['neighborhood', 'political']}], 'status': 'OK'}}"
263,neighborhoods_154,"hacienda heights, CA","{'num_results': 1, 'error': None, 'data': {'results': [{'address_components': [{'long_name': 'Hacienda Heights', 'short_name': 'Hacienda Heights', 'types': ['locality', 'political']}, {'long_name': 'Los Angeles County', 'short_name': 'Los Angeles County', 'types': ['administrative_area_level_2', 'political']}, {'long_name': 'California', 'short_name': 'CA', 'types': ['administrative_area_level_1', 'political']}, {'long_name': 'United States', 'short_name': 'US', 'types': ['country', 'political']}], 'formatted_address': 'Hacienda Heights, CA, USA', 'geometry': {'bounds': {'northeast': {'lat': 34.0312631, 'lng': -117.9308801}, 'southwest': {'lat': 33.9725501, 'lng': -118.009257}}, 'location': {'lat': 33.9930677, 'lng': -117.9686755}, 'location_type': 'APPROXIMATE', 'viewport': {'northeast': {'lat': 34.0312631, 'lng': -117.9308801}, 'southwest': {'lat': 33.9725501, 'lng': -118.009257}}}, 'place_id': 'ChIJiXfDKNTVwoARKFWiwN8i3-M', 'types': ['locality', 'political']}], 'status': 'OK'}}"
264,neighborhoods_155,"hancock park, CA","{'num_results': 1, 'error': None, 'data': {'results': [{'address_components': [{'long_name': 'Hancock Park', 'short_name': 'Hancock Park', 'types': ['neighborhood', 'political']}, {'long_name': 'Los Angeles', 'short_name': 'Los Angeles', 'types': ['locality', 'political']}, {'long_name': 'Los Angeles County', 'short_name': 'Los Angeles County', 'types': ['administrative_area_level_2', 'political']}, {'long_name': 'California', 'short_name': 'CA', 'types': ['administrative_area_level_1', 'political']}, {'long_name': 'United States', 'short_name': 'US', 'types': ['country', 'political']}], 'formatted_address': 'Hancock Park, Los Angeles, CA, USA', 'geometry': {'bounds': {'northeast': {'lat': 34.0834928, 'lng': -118.3258111}, 'southwest': {'lat': 34.0618839, 'lng': -118.3440683}}, 'location': {'lat': 34.0761744, 'lng': -118.3385981}, 'location_type': 'APPROXIMATE', 'viewport': {'northeast': {'lat': 34.0834928, 'lng': -118.3258111}, 'southwest': {'lat': 34.0618839, 'lng': -118.3440683}}}, 'place_id': 'ChIJHUY3kMG4woAROqZPqFyKmrs', 'types': ['neighborhood', 'political']}], 'status': 'OK'}}"
265,neighborhoods_156,"hansen dam, CA","{'num_results': 2, 'error': None, 'data': {'results': [{'address_components': [{'long_name': 'Hansen Dam', 'short_name': 'Hansen Dam', 'types': ['neighborhood', 'political']}, {'long_name': 'Los Angeles', 'short_name': 'Los Angeles', 'types': ['locality', 'political']}, {'long_name': 'Los Angeles County', 'short_name': 'Los Angeles County', 'types': ['administrative_area_level_2', 'political']}, {'long_name': 'California', 'short_name': 'CA', 'types': ['administrative_area_level_1', 'political']}, {'long_name': 'United States', 'short_name': 'US', 'types': ['country', 'political']}], 'formatted_address': 'Hansen Dam, Los Angeles, CA, USA', 'geometry': {'bounds': {'northeast': {'lat': 34.2745338, 'lng': -118.3557262}, 'southwest': {'lat': 34.2567189, 'lng': -118.4019242}}, 'location': {'lat': 34.26967130000001, 'lng': -118.3958305}, 'location_type': 'APPROXIMATE', 'viewport': {'northeast': {'lat': 34.2745338, 'lng': -118.3557262}, 'southwest': {'lat': 34.2567189, 'lng': -118.4019242}}}, 'place_id': 'ChIJz1c688STwoAR1a4IfKEoZpI', 'types': ['neighborhood', 'political']}, {'address_components': [{'long_name': 'Hansen Dam', 'short_name': 'Hansen Dam', 'types': ['premise']}, {'long_name': 'Pacoima', 'short_name': 'Pacoima', 'types': ['neighborhood', 'political']}, {'long_name': 'Los Angeles', 'short_name': 'Los Angeles', 'types': ['locality', 'political']}, {'long_name': 'Los Angeles County', 'short_name': 'Los Angeles County', 'types': ['administrative_area_level_2', 'political']}, {'long_name': 'California', 'short_name': 'CA', 'types': ['administrative_area_level_1', 'political']}, {'long_name': 'United States', 'short_name': 'US', 'types': ['country', 'political']}, {'long_name': '91331', 'short_name': '91331', 'types': ['postal_code']}], 'formatted_address': 'Hansen Dam, Pacoima, CA 91331, USA', 'geometry': {'location': {'lat': 34.2605581, 'lng': -118.3853587}, 'location_type': 'ROOFTOP', 'viewport': {'northeast': {'lat': 34.26074278029149, 'lng': -118.3853587}, 'southwest': {'lat': 34.25804481970849, 'lng': -118.3890311}}}, 'navigation_points': [{'location': {'latitude': 34.2582429, 'longitude': -118.3889724}, 'restricted_travel_modes': ['WALK']}, {'location': {'latitude': 34.2604373, 'longitude': -118.3854186}, 'restricted_travel_modes': ['DRIVE']}], 'place_id': 'ChIJ4UEiSdyTwoAR8vPDCGL4Mqo', 'types': ['premise', 'street_address']}], 'status': 'OK'}}"
266,neighborhoods_157,"harbor city, CA","{'num_results': 1, 'error': None, 'data': {'results': [{'address_components': [{'long_name': 'Harbor City', 'short_name': 'Harbor City', 'types': ['neighborhood', 'political']}, {'long_name': 'Los Angeles', 'short_name': 'Los Angeles', 'types': ['locality', 'political']}, {'long_name': 'Los Angeles County', 'short_name': 'Los Angeles County', 'types': ['administrative_area_level_2', 'political']}, {'long_name': 'California', 'short_name': 'CA', 'types': ['administrative_area_level_1', 'political']}, {'long_name': 'United States', 'short_name': 'US', 'types': ['country', 'political']}], 'formatted_address': 'Harbor City, Los Angeles, CA, USA', 'geometry': {'bounds': {'northeast': {'lat': 33.8169947, 'lng': -118.2803232}, 'southwest': {'lat': 33.7785918, 'lng': -118.3097582}}, 'location': {'lat': 33.7899467, 'lng': -118.2975261}, 'location_type': 'APPROXIMATE', 'viewport': {'northeast': {'lat': 33.8169947, 'lng': -118.2803232}, 'southwest': {'lat': 33.7785918, 'lng': -118.3097582}}}, 'navigation_points': [{'location': {'latitude': 33.7906765, 'longitude': -118.2965073}}], 'place_id': 'ChIJ8-IhVXRK3YARxXpGvakgYRs', 'types': ['neighborhood', 'political']}], 'status': 'OK'}}"
267,neighborhoods_158,"harbor gateway, CA","{'num_results': 2, 'error': None, 'data': {'results': [{'address_components': [{'long_name': 'Harbor Gateway South', 'short_name': 'Harbor Gateway South', 'types': ['neighborhood', 'political']}, {'long_name': 'Los Angeles', 'short_name': 'Los Angeles', 'types': ['locality', 'political']}, {'long_name': 'Los Angeles County', 'short_name': 'Los Angeles County', 'types': ['administrative_area_level_2', 'political']}, {'long_name': 'California', 'short_name': 'CA', 'types': ['administrative_area_level_1', 'political']}, {'long_name': 'United States', 'short_name': 'US', 'types': ['country', 'political']}], 'formatted_address': 'Harbor Gateway South, Los Angeles, CA, USA', 'geometry': {'bounds': {'northeast': {'lat': 33.8596159, 'lng': -118.2853051}, 'southwest': {'lat': 33.8134291, 'lng': -118.309306}}, 'location': {'lat': 33.8405268, 'lng': -118.3023579}, 'location_type': 'APPROXIMATE', 'viewport': {'northeast': {'lat': 33.8596159, 'lng': -118.2853051}, 'southwest': {'lat': 33.8134291, 'lng': -118.309306}}}, 'place_id': 'ChIJeUqa91g13YARrIrEgnRX494', 'types': ['neighborhood', 'political']}, {'address_components': [{'long_name': 'Harbor Gateway', 'short_name': 'Harbor Gateway', 'types': ['neighborhood', 'political']}, {'long_name': 'Los Angeles', 'short_name': 'Los Angeles', 'types': ['locality', 'political']}, {'long_name': 'Los Angeles County', 'short_name': 'Los Angeles County', 'types': ['administrative_area_level_2', 'political']}, {'long_name': 'California', 'short_name': 'CA', 'types': ['administrative_area_level_1', 'political']}, {'long_name': 'United States', 'short_name': 'US', 'types': ['country', 'political']}], 'formatted_address': 'Harbor Gateway, CA, USA', 'geometry': {'bounds': {'northeast': {'lat': 33.9237248, 'lng': -118.2812051}, 'southwest': {'lat': 33.8131438, 'lng': -118.3092544}}, 'location': {'lat': 33.8583352, 'lng': -118.2993257}, 'location_type': 'APPROXIMATE', 'viewport': {'northeast': {'lat': 33.9237248, 'lng': -118.2812051}, 'southwest': {'lat': 33.8131438, 'lng': -118.3092544}}}, 'place_id': 'ChIJ9dhUoqHKwoARGs1VqKLrWIc', 'types': ['neighborhood', 'political']}], 'status': 'OK'}}"
268,neighborhoods_159,"harvard heights, CA","{'num_results': 1, 'error': None, 'data': {'results': [{'address_components': [{'long_name': 'Harvard Heights', 'short_name': 'Harvard Heights', 'types': ['neighborhood', 'political']}, {'long_name': 'Los Angeles', 'short_name': 'Los Angeles', 'types': ['locality', 'political']}, {'long_name': 'Los Angeles County', 'short_name': 'Los Angeles County', 'types': ['administrative_area_level_2', 'political']}, {'long_name': 'California', 'short_name': 'CA', 'types': ['administrative_area_level_1', 'political']}, {'long_name': 'United States', 'short_name': 'US', 'types': ['country', 'political']}], 'formatted_address': 'Harvard Heights, Los Angeles, CA, USA', 'geometry': {'bounds': {'northeast': {'lat': 34.0528248, 'lng': -118.299979}, 'southwest': {'lat': 34.0371628, 'lng': -118.3133602}}, 'location': {'lat': 34.047206, 'lng': -118.3090814}, 'location_type': 'APPROXIMATE', 'viewport': {'northeast': {'lat': 34.0528248, 'lng': -118.299979}, 'southwest': {'lat': 34.0371628, 'lng': -118.3133602}}}, 'place_id': 'ChIJt5kLXHe4woARdaGe6VkJH5o', 'types': ['neighborhood', 'political']}], 'status': 'OK'}}"
269,neighborhoods_160,"harvard park, CA","{'num_results': 1, 'error': None, 'data': {'results': [{'address_components': [{'long_name': 'Harvard Park', 'short_name': 'Harvard Park', 'types': ['neighborhood', 'political']}, {'long_name': 'Los Angeles', 'short_name': 'Los Angeles', 'types': ['locality', 'political']}, {'long_name': 'Los Angeles County', 'short_name': 'Los Angeles County', 'types': ['administrative_area_level_2', 'political']}, {'long_name': 'California', 'short_name': 'CA', 'types': ['administrative_area_level_1', 'political']}, {'long_name': 'United States', 'short_name': 'US', 'types': ['country', 'political']}], 'formatted_address': 'Harvard Park, Los Angeles, CA, USA', 'geometry': {'bounds': {'northeast': {'lat': 33.9932608, 'lng': -118.3001981}, 'southwest': {'lat': 33.9745678, 'lng': -118.3089792}}, 'location': {'lat': 33.9823576, 'lng': -118.3046134}, 'location_type': 'APPROXIMATE', 'viewport': {'northeast': {'lat': 33.9932608, 'lng': -118.3001981}, 'southwest': {'lat': 33.9745678, 'lng': -118.3089792}}}, 'place_id': 'ChIJgx4Detm3woARBf8ktA9V97Y', 'types': ['neighborhood', 'political']}], 'status': 'OK'}}"
270,neighborhoods_161,"hasley canyon, CA","{'num_results': 1, 'error': None, 'data': {'results': [{'address_components': [{'long_name': 'Hasley Canyon', 'short_name': 'Hasley Canyon', 'types': ['locality', 'political']}, {'long_name': 'Los Angeles County', 'short_name': 'Los Angeles County', 'types': ['administrative_area_level_2', 'political']}, {'long_name': 'California', 'short_name': 'CA', 'types': ['administrative_area_level_1', 'political']}, {'long_name': 'United States', 'short_name': 'US', 'types': ['country', 'political']}, {'long_name': '91384', 'short_name': '91384', 'types': ['postal_code']}], 'formatted_address': 'Hasley Canyon, CA 91384, USA', 'geometry': {'bounds': {'northeast': {'lat': 34.509846, 'lng': -118.6409899}, 'southwest': {'lat': 34.451088, 'lng': -118.6892221}}, 'location': {'lat': 34.46469380000001, 'lng': -118.6615834}, 'location_type': 'APPROXIMATE', 'viewport': {'northeast': {'lat': 34.509846, 'lng': -118.6409899}, 'southwest': {'lat': 34.451088, 'lng': -118.6892221}}}, 'place_id': 'ChIJ49IaxFh_woAR4XoCM__GBsw', 'types': ['locality', 'political']}], 'status': 'OK'}}"
271,neighborhoods_162,"hawaiian gardens, CA","{'num_results': 1, 'error': None, 'data': {'results': [{'address_components': [{'long_name': 'Hawaiian Gardens', 'short_name': 'Hawaiian Gardens', 'types': ['locality', 'political']}, {'long_name': 'Los Angeles County', 'short_name': 'Los Angeles County', 'types': ['administrative_area_level_2', 'political']}, {'long_name': 'California', 'short_name': 'CA', 'types': ['administrative_area_level_1', 'political']}, {'long_name': 'United States', 'short_name': 'US', 'types': ['country', 'political']}], 'formatted_address': 'Hawaiian Gardens, CA, USA', 'geometry': {'bounds': {'northeast': {'lat': 33.83873, 'lng': -118.0612301}, 'southwest': {'lat': 33.822169, 'lng': -118.082718}}, 'location': {'lat': 33.8314045, 'lng': -118.0728424}, 'location_type': 'APPROXIMATE', 'viewport': {'northeast': {'lat': 33.83873, 'lng': -118.0612301}, 'southwest': {'lat': 33.822169, 'lng': -118.082718}}}, 'place_id': 'ChIJY5BQNNEt3YAR9h3oVjh0FXs', 'types': ['locality', 'political']}], 'status': 'OK'}}"
272,neighborhoods_163,"hawthorne, CA","{'num_results': 1, 'error': None, 'data': {'results': [{'address_components': [{'long_name': 'Hawthorne', 'short_name': 'Hawthorne', 'types': ['locality', 'political']}, {'long_name': 'Los Angeles County', 'short_name': 'Los Angeles County', 'types': ['administrative_area_level_2', 'political']}, {'long_name': 'California', 'short_name': 'CA', 'types': ['administrative_area_level_1', 'political']}, {'long_name': 'United States', 'short_name': 'US', 'types': ['country', 'political']}], 'formatted_address': 'Hawthorne, CA, USA', 'geometry': {'bounds': {'northeast': {'lat': 33.934523, 'lng': -118.3133919}, 'southwest': {'lat': 33.893391, 'lng': -118.378741}}, 'location': {'lat': 33.9164032, 'lng': -118.3525748}, 'location_type': 'APPROXIMATE', 'viewport': {'northeast': {'lat': 33.934523, 'lng': -118.3133919}, 'southwest': {'lat': 33.893391, 'lng': -118.378741}}}, 'place_id': 'ChIJ8S7MWiu0woARAbM4zB1xwWI', 'types': ['locality', 'political']}], 'status': 'OK'}}"
273,neighborhoods_164,"hermosa beach, CA","{'num_results': 1, 'error': None, 'data': {'results': [{'address_components': [{'long_name': 'Hermosa Beach', 'short_name': 'Hermosa Beach', 'types': ['locality', 'political']}, {'long_name': 'Los Angeles County', 'short_name': 'Los Angeles County', 'types': ['administrative_area_level_2', 'political']}, {'long_name': 'California', 'short_name': 'CA', 'types': ['administrative_area_level_1', 'political']}, {'long_name': 'United States', 'short_name': 'US', 'types': ['country', 'political']}], 'formatted_address': 'Hermosa Beach, CA, USA', 'geometry': {'bounds': {'northeast': {'lat': 33.877821, 'lng': -118.38473}, 'southwest': {'lat': 33.836286, 'lng': -118.45538}}, 'location': {'lat': 33.8622366, 'lng': -118.3995194}, 'location_type': 'APPROXIMATE', 'viewport': {'northeast': {'lat': 33.877821, 'lng': -118.38473}, 'southwest': {'lat': 33.836286, 'lng': -118.45538}}}, 'place_id': 'ChIJrTm74X6zwoARQM6_cTJOEis', 'types': ['locality', 'political']}], 'status': 'OK'}}"
274,neighborhoods_165,"hidden hills, CA","{'num_results': 1, 'error': None, 'data': {'results': [{'address_components': [{'long_name': 'Hidden Hills', 'short_name': 'Hidden Hills', 'types': ['locality', 'political']}, {'long_name': 'Los Angeles County', 'short_name': 'Los Angeles County', 'types': ['administrative_area_level_2', 'political']}, {'long_name': 'California', 'short_name': 'CA', 'types': ['administrative_area_level_1', 'political']}, {'long_name': 'United States', 'short_name': 'US', 'types': ['country', 'political']}, {'long_name': '91302', 'short_name': '91302', 'types': ['postal_code']}], 'formatted_address': 'Hidden Hills, CA 91302, USA', 'geometry': {'bounds': {'northeast': {'lat': 34.17675, 'lng': -118.6397349}, 'southwest': {'lat': 34.151572, 'lng': -118.6742411}}, 'location': {'lat': 34.1648798, 'lng': -118.6647537}, 'location_type': 'APPROXIMATE', 'viewport': {'northeast': {'lat': 34.17675, 'lng': -118.6397349}, 'southwest': {'lat': 34.151572, 'lng': -118.6742411}}}, 'place_id': 'ChIJf_LTIQiewoARqjmEk7N69yM', 'types': ['locality', 'political']}], 'status': 'OK'}}"
275,neighborhoods_166,"highland park, CA","{'num_results': 1, 'error': None, 'data': {'results': [{'address_components': [{'long_name': 'Highland Park', 'short_name': 'Highland Park', 'types': ['neighborhood', 'political']}, {'long_name': 'Los Angeles', 'short_name': 'Los Angeles', 'types': ['locality', 'political']}, {'long_name': 'Los Angeles County', 'short_name': 'Los Angeles County', 'types': ['administrative_area_level_2', 'political']}, {'long_name': 'California', 'short_name': 'CA', 'types': ['administrative_area_level_1', 'political']}, {'long_name': 'United States', 'short_name': 'US', 'types': ['country', 'political']}], 'formatted_address': 'Highland Park, Los Angeles, CA, USA', 'geometry': {'bounds': {'northeast': {'lat': 34.1320889, 'lng': -118.165794}, 'southwest': {'lat': 34.0864238, 'lng': -118.2166762}}, 'location': {'lat': 34.1155037, 'lng': -118.1843709}, 'location_type': 'APPROXIMATE', 'viewport': {'northeast': {'lat': 34.1320889, 'lng': -118.165794}, 'southwest': {'lat': 34.0864238, 'lng': -118.2166762}}}, 'place_id': 'ChIJkzLWzA_EwoARcH361q4VTEA', 'types': ['neighborhood', 'political']}], 'status': 'OK'}}"
276,neighborhoods_167,"historic south-central, CA","{'num_results': 1, 'error': None, 'data': {'results': [{'address_components': [{'long_name': 'Historic South-Central', 'short_name': 'Historic South-Central', 'types': ['neighborhood', 'political']}, {'long_name': 'Los Angeles', 'short_name': 'Los Angeles', 'types': ['locality', 'political']}, {'long_name': 'Los Angeles County', 'short_name': 'Los Angeles County', 'types': ['administrative_area_level_2', 'political']}, {'long_name': 'California', 'short_name': 'CA', 'types': ['administrative_area_level_1', 'political']}, {'long_name': 'United States', 'short_name': 'US', 'types': ['country', 'political']}], 'formatted_address': 'Historic South-Central, Los Angeles, CA, USA', 'geometry': {'bounds': {'northeast': {'lat': 34.0354029, 'lng': -118.2504571}, 'southwest': {'lat': 34.0037758, 'lng': -118.2812531}}, 'location': {'lat': 34.0153584, 'lng': -118.2653033}, 'location_type': 'APPROXIMATE', 'viewport': {'northeast': {'lat': 34.0354029, 'lng': -118.2504571}, 'southwest': {'lat': 34.0037758, 'lng': -118.2812531}}}, 'place_id': 'ChIJh4z-5XnIwoARIEkVO_f5nFE', 'types': ['neighborhood', 'political']}], 'status': 'OK'}}"
277,neighborhoods_168,"hollywood, CA","{'num_results': 1, 'error': None, 'data': {'results': [{'address_components': [{'long_name': 'Hollywood', 'short_name': 'Hollywood', 'types': ['neighborhood', 'political']}, {'long_name': 'Los Angeles', 'short_name': 'Los Angeles', 'types': ['locality', 'political']}, {'long_name': 'Los Angeles County', 'short_name': 'Los Angeles County', 'types': ['administrative_area_level_2', 'political']}, {'long_name': 'California', 'short_name': 'CA', 'types': ['administrative_area_level_1', 'political']}, {'long_name': 'United States', 'short_name': 'US', 'types': ['country', 'political']}], 'formatted_address': 'Hollywood, Los Angeles, CA, USA', 'geometry': {'bounds': {'northeast': {'lat': 34.1054529, 'lng': -118.3091572}, 'southwest': {'lat': 34.0834357, 'lng': -118.3615792}}, 'location': {'lat': 34.0907315, 'lng': -118.3266146}, 'location_type': 'APPROXIMATE', 'viewport': {'northeast': {'lat': 34.1054529, 'lng': -118.3091572}, 'southwest': {'lat': 34.0834357, 'lng': -118.3615792}}}, 'place_id': 'ChIJv3lSBAe_woAR5Pq9l2eaevY', 'types': ['neighborhood', 'political']}], 'status': 'OK'}}"
278,neighborhoods_169,"hollywood hills, CA","{'num_results': 1, 'error': None, 'data': {'results': [{'address_components': [{'long_name': 'Hollywood Hills', 'short_name': 'Hollywood Hills', 'types': ['neighborhood', 'political']}, {'long_name': 'Los Angeles', 'short_name': 'Los Angeles', 'types': ['locality', 'political']}, {'long_name': 'Los Angeles County', 'short_name': 'Los Angeles County', 'types': ['administrative_area_level_2', 'political']}, {'long_name': 'California', 'short_name': 'CA', 'types': ['administrative_area_level_1', 'political']}, {'long_name': 'United States', 'short_name': 'US', 'types': ['country', 'political']}], 'formatted_address': 'Hollywood Hills, Los Angeles, CA, USA', 'geometry': {'bounds': {'northeast': {'lat': 34.1524877, 'lng': -118.3072042}, 'southwest': {'lat': 34.1036948, 'lng': -118.3634392}}, 'location': {'lat': 34.1099298, 'lng': -118.3362293}, 'location_type': 'APPROXIMATE', 'viewport': {'northeast': {'lat': 34.1524877, 'lng': -118.3072042}, 'southwest': {'lat': 34.1036948, 'lng': -118.3634392}}}, 'place_id': 'ChIJx-6t1Py-woARwmCYDqelJfE', 'types': ['neighborhood', 'political']}], 'status': 'OK'}}"
279,neighborhoods_170,"hollywood hills west, CA","{'num_results': 1, 'error': None, 'data': {'results': [{'address_components': [{'long_name': 'Hollywood Hills West', 'short_name': 'Hollywood Hills West', 'types': ['neighborhood', 'political']}, {'long_name': 'Los Angeles', 'short_name': 'Los Angeles', 'types': ['locality', 'political']}, {'long_name': 'Los Angeles County', 'short_name': 'Los Angeles County', 'types': ['administrative_area_level_2', 'political']}, {'long_name': 'California', 'short_name': 'CA', 'types': ['administrative_area_level_1', 'political']}, {'long_name': 'United States', 'short_name': 'US', 'types': ['country', 'political']}], 'formatted_address': 'Hollywood Hills West, Los Angeles, CA, USA', 'geometry': {'bounds': {'northeast': {'lat': 34.1310347, 'lng': -118.3438912}, 'southwest': {'lat': 34.0910409, 'lng': -118.3965183}}, 'location': {'lat': 34.1088245, 'lng': -118.3696517}, 'location_type': 'APPROXIMATE', 'viewport': {'northeast': {'lat': 34.1310347, 'lng': -118.3438912}, 'southwest': {'lat': 34.0910409, 'lng': -118.3965183}}}, 'place_id': 'ChIJ_9Ei1Yq-woAR9XfBG9YrXlA', 'types': ['neighborhood', 'political']}], 'status': 'OK'}}"
280,neighborhoods_171,"huntington park, CA","{'num_results': 1, 'error': None, 'data': {'results': [{'address_components': [{'long_name': 'Huntington Park', 'short_name': 'Huntington Park', 'types': ['locality', 'political']}, {'long_name': 'Los Angeles County', 'short_name': 'Los Angeles County', 'types': ['administrative_area_level_2', 'political']}, {'long_name': 'California', 'short_name': 'CA', 'types': ['administrative_area_level_1', 'political']}, {'long_name': 'United States', 'short_name': 'US', 'types': ['country', 'political']}], 'formatted_address': 'Huntington Park, CA, USA', 'geometry': {'bounds': {'northeast': {'lat': 33.996216, 'lng': -118.189033}, 'southwest': {'lat': 33.9615771, 'lng': -118.2390209}}, 'location': {'lat': 33.9792805, 'lng': -118.2191062}, 'location_type': 'APPROXIMATE', 'viewport': {'northeast': {'lat': 33.996216, 'lng': -118.189033}, 'southwest': {'lat': 33.9615771, 'lng': -118.2390209}}}, 'place_id': 'ChIJhcU5VjDJwoARDNU_kUzPP0w', 'types': ['locality', 'political']}], 'status': 'OK'}}"
281,neighborhoods_172,"hyde park, CA","{'num_results': 1, 'error': None, 'data': {'results': [{'address_components': [{'long_name': 'Hyde Park', 'short_name': 'Hyde Park', 'types': ['neighborhood', 'political']}, {'long_name': 'Los Angeles', 'short_name': 'Los Angeles', 'types': ['locality', 'political']}, {'long_name': 'Los Angeles County', 'short_name': 'Los Angeles County', 'types': ['administrative_area_level_2', 'political']}, {'long_name': 'California', 'short_name': 'CA', 'types': ['administrative_area_level_1', 'political']}, {'long_name': 'United States', 'short_name': 'US', 'types': ['country', 'political']}], 'formatted_address': 'Hyde Park, Los Angeles, CA, USA', 'geometry': {'bounds': {'northeast': {'lat': 34.0036967, 'lng': -118.3171191}, 'southwest': {'lat': 33.9672538, 'lng': -118.3586222}}, 'location': {'lat': 33.9890872, 'lng': -118.3306781}, 'location_type': 'APPROXIMATE', 'viewport': {'northeast': {'lat': 34.0036967, 'lng': -118.3171191}, 'southwest': {'lat': 33.9672538, 'lng': -118.3586222}}}, 'place_id': 'ChIJs0DQbry3woARsJBXOsq1SFg', 'types': ['neighborhood', 'political']}], 'status': 'OK'}}"
282,neighborhoods_173,"industry, CA","{'num_results': 1, 'error': None, 'data': {'results': [{'address_components': [{'long_name': 'City of Industry', 'short_name': 'City of Industry', 'types': ['locality', 'political']}, {'long_name': 'Los Angeles County', 'short_name': 'Los Angeles County', 'types': ['administrative_area_level_2', 'political']}, {'long_name': 'California', 'short_name': 'CA', 'types': ['administrative_area_level_1', 'political']}, {'long_name': 'United States', 'short_name': 'US', 'types': ['country', 'political']}], 'formatted_address': 'City of Industry, CA, USA', 'geometry': {'bounds': {'northeast': {'lat': 34.064094, 'lng': -117.8201999}, 'southwest': {'lat': 33.989372, 'lng': -118.057504}}, 'location': {'lat': 34.0197335, 'lng': -117.9586754}, 'location_type': 'APPROXIMATE', 'viewport': {'northeast': {'lat': 34.064094, 'lng': -117.8201999}, 'southwest': {'lat': 33.989372, 'lng': -118.057504}}}, 'place_id': 'ChIJpTpWIA_WwoARYnTqyCoWLIs', 'types': ['locality', 'political']}], 'status': 'OK'}}"
283,neighborhoods_174,"inglewood, CA","{'num_results': 1, 'error': None, 'data': {'results': [{'address_components': [{'long_name': 'Inglewood', 'short_name': 'Inglewood', 'types': ['locality', 'political']}, {'long_name': 'Los Angeles County', 'short_name': 'Los Angeles County', 'types': ['administrative_area_level_2', 'political']}, {'long_name': 'California', 'short_name': 'CA', 'types': ['administrative_area_level_1', 'political']}, {'long_name': 'United States', 'short_name': 'US', 'types': ['country', 'political']}], 'formatted_address': 'Inglewood, CA, USA', 'geometry': {'bounds': {'northeast': {'lat': 33.9829699, 'lng': -118.3176859}, 'southwest': {'lat': 33.9253259, 'lng': -118.3788499}}, 'location': {'lat': 33.9631279, 'lng': -118.3548001}, 'location_type': 'APPROXIMATE', 'viewport': {'northeast': {'lat': 33.9829699, 'lng': -118.31765}, 'southwest': {'lat': 33.9253259, 'lng': -118.3788499}}}, 'place_id': 'ChIJjd1LJ1a2woARcDGu3A-zJwc', 'types': ['locality', 'political']}], 'status': 'OK'}}"
284,neighborhoods_175,"irwindale, CA","{'num_results': 1, 'error': None, 'data': {'results': [{'address_components': [{'long_name': 'Irwindale', 'short_name': 'Irwindale', 'types': ['locality', 'political']}, {'long_name': 'Los Angeles County', 'short_name': 'Los Angeles County', 'types': ['administrative_area_level_2', 'political']}, {'long_name': 'California', 'short_name': 'CA', 'types': ['administrative_area_level_1', 'political']}, {'long_name': 'United States', 'short_name': 'US', 'types': ['country', 'political']}], 'formatted_address': 'Irwindale, CA, USA', 'geometry': {'bounds': {'northeast': {'lat': 34.141221, 'lng': -117.9253}, 'southwest': {'lat': 34.076865, 'lng': -118.008054}}, 'location': {'lat': 34.1069527, 'lng': -117.9353413}, 'location_type': 'APPROXIMATE', 'viewport': {'northeast': {'lat': 34.141221, 'lng': -117.9253}, 'southwest': {'lat': 34.076865, 'lng': -118.008054}}}, 'place_id': 'ChIJeRrg0DPYwoARISLq3KXpKBs', 'types': ['locality', 'political']}], 'status': 'OK'}}"
285,neighborhoods_176,"jefferson park, CA","{'num_results': 1, 'error': None, 'data': {'results': [{'address_components': [{'long_name': 'Jefferson Park', 'short_name': 'Jefferson Park', 'types': ['neighborhood', 'political']}, {'long_name': 'Culver City', 'short_name': 'Culver City', 'types': ['locality', 'political']}, {'long_name': 'Los Angeles County', 'short_name': 'Los Angeles County', 'types': ['administrative_area_level_2', 'political']}, {'long_name': 'California', 'short_name': 'CA', 'types': ['administrative_area_level_1', 'political']}, {'long_name': 'United States', 'short_name': 'US', 'types': ['country', 'political']}, {'long_name': '90018', 'short_name': '90018', 'types': ['postal_code']}], 'formatted_address': 'Jefferson Park, Culver City, CA 90018, USA', 'geometry': {'bounds': {'northeast': {'lat': 34.0327255, 'lng': -118.3088991}, 'southwest': {'lat': 34.0182268, 'lng': -118.3351131}}, 'location': {'lat': 34.02555359999999, 'lng': -118.3176268}, 'location_type': 'APPROXIMATE', 'viewport': {'northeast': {'lat': 34.0327255, 'lng': -118.3088991}, 'southwest': {'lat': 34.0182268, 'lng': -118.3351131}}}, 'place_id': 'ChIJx_AnqWu4woARzgeIP4F-MWY', 'types': ['neighborhood', 'political']}], 'status': 'OK'}}"
286,neighborhoods_177,"koreatown, CA","{'num_results': 1, 'error': None, 'data': {'results': [{'address_components': [{'long_name': 'Koreatown', 'short_name': 'Koreatown', 'types': ['neighborhood', 'political']}, {'long_name': 'Los Angeles', 'short_name': 'Los Angeles', 'types': ['locality', 'political']}, {'long_name': 'Los Angeles County', 'short_name': 'Los Angeles County', 'types': ['administrative_area_level_2', 'political']}, {'long_name': 'California', 'short_name': 'CA', 'types': ['administrative_area_level_1', 'political']}, {'long_name': 'United States', 'short_name': 'US', 'types': ['country', 'political']}], 'formatted_address': 'Koreatown, Los Angeles, CA, USA', 'geometry': {'bounds': {'northeast': {'lat': 34.0763358, 'lng': -118.2867972}, 'southwest': {'lat': 34.0524089, 'lng': -118.3229672}}, 'location': {'lat': 34.0635788, 'lng': -118.3016139}, 'location_type': 'APPROXIMATE', 'viewport': {'northeast': {'lat': 34.0763358, 'lng': -118.2867972}, 'southwest': {'lat': 34.0524089, 'lng': -118.3229672}}}, 'place_id': 'ChIJn4XdaqG4woARwoAQCXIVNx0', 'types': ['neighborhood', 'political']}], 'status': 'OK'}}"
287,neighborhoods_178,"la caÃ£Â±ada flintridge, CA","{'num_results': 1, 'error': None, 'data': {'results': [{'address_components': [{'long_name': 'La Cañada Flintridge', 'short_name': 'La Cañada Flintridge', 'types': ['locality', 'political']}, {'long_name': 'Los Angeles County', 'short_name': 'Los Angeles County', 'types': ['administrative_area_level_2', 'political']}, {'long_name': 'California', 'short_name': 'CA', 'types': ['administrative_area_level_1', 'political']}, {'long_name': 'United States', 'short_name': 'US', 'types': ['country', 'political']}, {'long_name': '91011', 'short_name': '91011', 'types': ['postal_code']}], 'formatted_address': 'La Cañada Flintridge, CA 91011, USA', 'geometry': {'bounds': {'northeast': {'lat': 34.2427381, 'lng': -118.1674189}, 'southwest': {'lat': 34.1778761, 'lng': -118.231873}}, 'location': {'lat': 34.2068182, 'lng': -118.2000277}, 'location_type': 'APPROXIMATE', 'viewport': {'northeast': {'lat': 34.2427381, 'lng': -118.1674189}, 'southwest': {'lat': 34.1778761, 'lng': -118.231873}}}, 'partial_match': True, 'place_id': 'ChIJEcDTpOHpwoAR1lGHwDbx4_U', 'types': ['locality', 'political']}], 'status': 'OK'}}"
288,neighborhoods_179,"la crescenta-montrose, CA","{'num_results': 1, 'error': None, 'data': {'results': [{'address_components': [{'long_name': 'La Crescenta-Montrose', 'short_name': 'La Crescenta-Montrose', 'types': ['locality', 'political']}, {'long_name': 'Los Angeles County', 'short_name': 'Los Angeles County', 'types': ['administrative_area_level_2', 'political']}, {'long_name': 'California', 'short_name': 'CA', 'types': ['administrative_area_level_1', 'political']}, {'long_name': 'United States', 'short_name': 'US', 'types': ['country', 'political']}], 'formatted_address': 'La Crescenta-Montrose, CA, USA', 'geometry': {'bounds': {'northeast': {'lat': 34.2523059, 'lng': -118.22161}, 'southwest': {'lat': 34.205478, 'lng': -118.2487529}}, 'location': {'lat': 34.2286202, 'lng': -118.2350674}, 'location_type': 'APPROXIMATE', 'viewport': {'northeast': {'lat': 34.2523059, 'lng': -118.22161}, 'southwest': {'lat': 34.205478, 'lng': -118.2487529}}}, 'place_id': 'ChIJoYuZImrqwoARtbfURGU0BUo', 'types': ['locality', 'political']}], 'status': 'OK'}}"
289,neighborhoods_180,"ladera heights, CA","{'num_results': 1, 'error': None, 'data': {'results': [{'address_components': [{'long_name': 'Ladera Heights', 'short_name': 'Ladera Heights', 'types': ['locality', 'political']}, {'long_name': 'Los Angeles County', 'short_name': 'Los Angeles County', 'types': ['administrative_area_level_2', 'political']}, {'long_name': 'California', 'short_name': 'CA', 'types': ['administrative_area_level_1', 'political']}, {'long_name': 'United States', 'short_name': 'US', 'types': ['country', 'political']}], 'formatted_address': 'Ladera Heights, CA, USA', 'geometry': {'bounds': {'northeast': {'lat': 34.0158391, 'lng': -118.3574581}, 'southwest': {'lat': 33.976355, 'lng': -118.390986}}, 'location': {'lat': 33.9877762, 'lng': -118.3703703}, 'location_type': 'APPROXIMATE', 'viewport': {'northeast': {'lat': 34.0158391, 'lng': -118.3574581}, 'southwest': {'lat': 33.976355, 'lng': -118.390986}}}, 'place_id': 'ChIJ9QCrGVy3woARFGTvsjv0AUk', 'types': ['locality', 'political']}], 'status': 'OK'}}"
290,neighborhoods_181,"la habra heights, CA","{'num_results': 1, 'error': None, 'data': {'results': [{'address_components': [{'long_name': 'La Habra Heights', 'short_name': 'La Habra Heights', 'types': ['locality', 'political']}, {'long_name': 'Los Angeles County', 'short_name': 'Los Angeles County', 'types': ['administrative_area_level_2', 'political']}, {'long_name': 'California', 'short_name': 'CA', 'types': ['administrative_area_level_1', 'political']}, {'long_name': 'United States', 'short_name': 'US', 'types': ['country', 'political']}], 'formatted_address': 'La Habra Heights, CA, USA', 'geometry': {'bounds': {'northeast': {'lat': 33.9764569, 'lng': -117.916392}, 'southwest': {'lat': 33.9460539, 'lng': -117.9929969}}, 'location': {'lat': 33.9608461, 'lng': -117.9506186}, 'location_type': 'APPROXIMATE', 'viewport': {'northeast': {'lat': 33.9764569, 'lng': -117.916392}, 'southwest': {'lat': 33.9460539, 'lng': -117.9929969}}}, 'place_id': 'ChIJxxNqExHVwoARAD8V9NRRAwc', 'types': ['locality', 'political']}], 'status': 'OK'}}"
291,neighborhoods_182,"lake balboa, CA","{'num_results': 1, 'error': None, 'data': {'results': [{'address_components': [{'long_name': 'Lake Balboa', 'short_name': 'Lake Balboa', 'types': ['neighborhood', 'political']}, {'long_name': 'Los Angeles', 'short_name': 'Los Angeles', 'types': ['locality', 'political']}, {'long_name': 'Los Angeles County', 'short_name': 'Los Angeles County', 'types': ['administrative_area_level_2', 'political']}, {'long_name': 'California', 'short_name': 'CA', 'types': ['administrative_area_level_1', 'political']}, {'long_name': 'United States', 'short_name': 'US', 'types': ['country', 'political']}], 'formatted_address': 'Lake Balboa, Los Angeles, CA, USA', 'geometry': {'bounds': {'northeast': {'lat': 34.2211958, 'lng': -118.4902063}, 'southwest': {'lat': 34.18661770000001, 'lng': -118.5186242}}, 'location': {'lat': 34.2011792, 'lng': -118.5011231}, 'location_type': 'APPROXIMATE', 'viewport': {'northeast': {'lat': 34.2211958, 'lng': -118.4902063}, 'southwest': {'lat': 34.18661770000001, 'lng': -118.5186242}}}, 'place_id': 'ChIJIxmPLOeZwoARlgJt90e_Sl0', 'types': ['neighborhood', 'political']}], 'status': 'OK'}}"
292,neighborhoods_183,"lake hughes, CA","{'num_results': 1, 'error': None, 'data': {'results': [{'address_components': [{'long_name': 'Lake Hughes', 'short_name': 'Lake Hughes', 'types': ['locality', 'political']}, {'long_name': 'Los Angeles County', 'short_name': 'Los Angeles County', 'types': ['administrative_area_level_2', 'political']}, {'long_name': 'California', 'short_name': 'CA', 'types': ['administrative_area_level_1', 'political']}, {'long_name': 'United States', 'short_name': 'US', 'types': ['country', 'political']}], 'formatted_address': 'Lake Hughes, CA, USA', 'geometry': {'bounds': {'northeast': {'lat': 34.709001, 'lng': -118.4117841}, 'southwest': {'lat': 34.659331, 'lng': -118.505898}}, 'location': {'lat': 34.6773324, 'lng': -118.4525466}, 'location_type': 'APPROXIMATE', 'viewport': {'northeast': {'lat': 34.709001, 'lng': -118.4117841}, 'southwest': {'lat': 34.659331, 'lng': -118.505898}}}, 'place_id': 'ChIJvxD8ylZuwoARDsEWzTLKEHM', 'types': ['locality', 'political']}], 'status': 'OK'}}"
293,neighborhoods_184,"lake los angeles, CA","{'num_results': 1, 'error': None, 'data': {'results': [{'address_components': [{'long_name': 'Lake Los Angeles', 'short_name': 'Lake Los Angeles', 'types': ['locality', 'political']}, {'long_name': 'Los Angeles County', 'short_name': 'Los Angeles County', 'types': ['administrative_area_level_2', 'political']}, {'long_name': 'California', 'short_name': 'CA', 'types': ['administrative_area_level_1', 'political']}, {'long_name': 'United States', 'short_name': 'US', 'types': ['country', 'political']}], 'formatted_address': 'Lake Los Angeles, CA, USA', 'geometry': {'bounds': {'northeast': {'lat': 34.642164, 'lng': -117.8002319}, 'southwest': {'lat': 34.579877, 'lng': -117.862859}}, 'location': {'lat': 34.6124905, 'lng': -117.8281193}, 'location_type': 'APPROXIMATE', 'viewport': {'northeast': {'lat': 34.642164, 'lng': -117.8002319}, 'southwest': {'lat': 34.579877, 'lng': -117.862859}}}, 'place_id': 'ChIJZ6hQYNP_woARB0A9M6-3Qz0', 'types': ['locality', 'political']}], 'status': 'OK'}}"
294,neighborhoods_185,"lake view terrace, CA","{'num_results': 1, 'error': None, 'data': {'results': [{'address_components': [{'long_name': 'Lake View Terrace', 'short_name': 'Lake View Terrace', 'types': ['neighborhood', 'political']}, {'long_name': 'Los Angeles', 'short_name': 'Los Angeles', 'types': ['locality', 'political']}, {'long_name': 'Los Angeles County', 'short_name': 'Los Angeles County', 'types': ['administrative_area_level_2', 'political']}, {'long_name': 'California', 'short_name': 'CA', 'types': ['administrative_area_level_1', 'political']}, {'long_name': 'United States', 'short_name': 'US', 'types': ['country', 'political']}], 'formatted_address': 'Lake View Terrace, Los Angeles, CA, USA', 'geometry': {'bounds': {'northeast': {'lat': 34.2987928, 'lng': -118.3150372}, 'southwest': {'lat': 34.2706738, 'lng': -118.4084152}}, 'location': {'lat': 34.2760582, 'lng': -118.3783688}, 'location_type': 'APPROXIMATE', 'viewport': {'northeast': {'lat': 34.2987928, 'lng': -118.3150372}, 'southwest': {'lat': 34.2706738, 'lng': -118.4084152}}}, 'place_id': 'ChIJ0ahA-wiOwoAR-Ft13BrpYdM', 'types': ['neighborhood', 'political']}], 'status': 'OK'}}"
295,neighborhoods_186,"lakewood, CA","{'num_results': 1, 'error': None, 'data': {'results': [{'address_components': [{'long_name': 'Lakewood', 'short_name': 'Lakewood', 'types': ['locality', 'political']}, {'long_name': 'Los Angeles County', 'short_name': 'Los Angeles County', 'types': ['administrative_area_level_2', 'political']}, {'long_name': 'California', 'short_name': 'CA', 'types': ['administrative_area_level_1', 'political']}, {'long_name': 'United States', 'short_name': 'US', 'types': ['country', 'political']}], 'formatted_address': 'Lakewood, CA, USA', 'geometry': {'bounds': {'northeast': {'lat': 33.869076, 'lng': -118.0589881}, 'southwest': {'lat': 33.8200469, 'lng': -118.167704}}, 'location': {'lat': 33.8508086, 'lng': -118.1334072}, 'location_type': 'APPROXIMATE', 'viewport': {'northeast': {'lat': 33.869076, 'lng': -118.0589881}, 'southwest': {'lat': 33.8200469, 'lng': -118.167704}}}, 'place_id': 'ChIJHYGo5F8y3YARxXjJKWCoW8c', 'types': ['locality', 'political']}], 'status': 'OK'}}"
296,neighborhoods_187,"la mirada, CA","{'num_results': 1, 'error': None, 'data': {'results': [{'address_components': [{'long_name': 'La Mirada', 'short_name': 'La Mirada', 'types': ['locality', 'political']}, {'long_name': 'Los Angeles County', 'short_name': 'Los Angeles County', 'types': ['administrative_area_level_2', 'political']}, {'long_name': 'California', 'short_name': 'CA', 'types': ['administrative_area_level_1', 'political']}, {'long_name': 'United States', 'short_name': 'US', 'types': ['country', 'political']}], 'formatted_address': 'La Mirada, CA, USA', 'geometry': {'bounds': {'northeast': {'lat': 33.9282679, 'lng': -117.976555}, 'southwest': {'lat': 33.8733219, 'lng': -118.0379731}}, 'location': {'lat': 33.9172357, 'lng': -118.0120086}, 'location_type': 'APPROXIMATE', 'viewport': {'northeast': {'lat': 33.9282679, 'lng': -117.976555}, 'southwest': {'lat': 33.8733219, 'lng': -118.0379731}}}, 'place_id': 'ChIJYUQwEV0r3YAR3fZE8hN0K-k', 'types': ['locality', 'political']}], 'status': 'OK'}}"
297,neighborhoods_188,"lancaster, CA","{'num_results': 1, 'error': None, 'data': {'results': [{'address_components': [{'long_name': 'Lancaster', 'short_name': 'Lancaster', 'types': ['locality', 'political']}, {'long_name': 'Los Angeles County', 'short_name': 'Los Angeles County', 'types': ['administrative_area_level_2', 'political']}, {'long_name': 'California', 'short_name': 'CA', 'types': ['administrative_area_level_1', 'political']}, {'long_name': 'United States', 'short_name': 'US', 'types': ['country', 'political']}], 'formatted_address': 'Lancaster, CA, USA', 'geometry': {'bounds': {'northeast': {'lat': 34.769147, 'lng': -117.938669}, 'southwest': {'lat': 34.6309439, 'lng': -118.325176}}, 'location': {'lat': 34.703947, 'lng': -118.1481016}, 'location_type': 'APPROXIMATE', 'viewport': {'northeast': {'lat': 34.769147, 'lng': -117.938669}, 'southwest': {'lat': 34.6309439, 'lng': -118.325176}}}, 'navigation_points': [{'location': {'latitude': 34.6866736, 'longitude': -118.1546669}}], 'place_id': 'ChIJQYDoaLFawoARBz4Lfc9yxFg', 'types': ['locality', 'political']}], 'status': 'OK'}}"
298,neighborhoods_189,"la puente, CA","{'num_results': 1, 'error': None, 'data': {'results': [{'address_components': [{'long_name': 'La Puente', 'short_name': 'La Puente', 'types': ['locality', 'political']}, {'long_name': 'Los Angeles County', 'short_name': 'Los Angeles County', 'types': ['administrative_area_level_2', 'political']}, {'long_name': 'California', 'short_name': 'CA', 'types': ['administrative_area_level_1', 'political']}, {'long_name': 'United States', 'short_name': 'US', 'types': ['country', 'political']}], 'formatted_address': 'La Puente, CA, USA', 'geometry': {'bounds': {'northeast': {'lat': 34.057378, 'lng': -117.9206831}, 'southwest': {'lat': 34.009031, 'lng': -117.985504}}, 'location': {'lat': 34.0200114, 'lng': -117.9495083}, 'location_type': 'APPROXIMATE', 'viewport': {'northeast': {'lat': 34.057378, 'lng': -117.9206831}, 'southwest': {'lat': 34.009031, 'lng': -117.985504}}}, 'place_id': 'ChIJGbd3VkbWwoARlwhuaE5h9TM', 'types': ['locality', 'political']}], 'status': 'OK'}}"
299,neighborhoods_190,"larchmont, CA","{'num_results': 1, 'error': None, 'data': {'results': [{'address_components': [{'long_name': 'Larchmont', 'short_name': 'Larchmont', 'types': ['neighborhood', 'political']}, {'long_name': 'Los Angeles', 'short_name': 'Los Angeles', 'types': ['locality', 'political']}, {'long_name': 'Los Angeles County', 'short_name': 'Los Angeles County', 'types': ['administrative_area_level_2', 'political']}, {'long_name': 'California', 'short_name': 'CA', 'types': ['administrative_area_level_1', 'political']}, {'long_name': 'United States', 'short_name': 'US', 'types': ['country', 'political']}], 'formatted_address': 'Larchmont, Los Angeles, CA, USA', 'geometry': {'bounds': {'northeast': {'lat': 34.0835138, 'lng': -118.3091572}, 'southwest': {'lat': 34.0762088, 'lng': -118.3266211}}, 'location': {'lat': 34.0816647, 'lng': -118.3135247}, 'location_type': 'APPROXIMATE', 'viewport': {'northeast': {'lat': 34.0835138, 'lng': -118.3091572}, 'southwest': {'lat': 34.0762088, 'lng': -118.3266211}}}, 'place_id': 'ChIJIYEpscC4woARnuTQERlE7BM', 'types': ['neighborhood', 'political']}], 'status': 'OK'}}"
300,neighborhoods_191,"la verne, CA","{'num_results': 1, 'error': None, 'data': {'results': [{'address_components': [{'long_name': 'La Verne', 'short_name': 'La Verne', 'types': ['locality', 'political']}, {'long_name': 'Los Angeles County', 'short_name': 'Los Angeles County', 'types': ['administrative_area_level_2', 'political']}, {'long_name': 'California', 'short_name': 'CA', 'types': ['administrative_area_level_1', 'political']}, {'long_name': 'United States', 'short_name': 'US', 'types': ['country', 'political']}, {'long_name': '91750', 'short_name': '91750', 'types': ['postal_code']}], 'formatted_address': 'La Verne, CA 91750, USA', 'geometry': {'bounds': {'northeast': {'lat': 34.1653659, 'lng': -117.7476851}, 'southwest': {'lat': 34.0861659, 'lng': -117.8014359}}, 'location': {'lat': 34.1008426, 'lng': -117.7678355}, 'location_type': 'APPROXIMATE', 'viewport': {'northeast': {'lat': 34.1653659, 'lng': -117.7476851}, 'southwest': {'lat': 34.0861659, 'lng': -117.8014359}}}, 'place_id': 'ChIJTZXDcFwlw4ARTFswFnNibZs', 'types': ['locality', 'political']}], 'status': 'OK'}}"
301,neighborhoods_192,"lawndale, CA","{'num_results': 1, 'error': None, 'data': {'results': [{'address_components': [{'long_name': 'Lawndale', 'short_name': 'Lawndale', 'types': ['locality', 'political']}, {'long_name': 'Los Angeles County', 'short_name': 'Los Angeles County', 'types': ['administrative_area_level_2', 'political']}, {'long_name': 'California', 'short_name': 'CA', 'types': ['administrative_area_level_1', 'political']}, {'long_name': 'United States', 'short_name': 'US', 'types': ['country', 'political']}], 'formatted_address': 'Lawndale, CA, USA', 'geometry': {'bounds': {'northeast': {'lat': 33.90244, 'lng': -118.343775}, 'southwest': {'lat': 33.8728541, 'lng': -118.368879}}, 'location': {'lat': 33.887237, 'lng': -118.3525744}, 'location_type': 'APPROXIMATE', 'viewport': {'northeast': {'lat': 33.90244, 'lng': -118.343775}, 'southwest': {'lat': 33.8728541, 'lng': -118.368879}}}, 'place_id': 'ChIJh9_pck60woAR9vxrmYOvDqo', 'types': ['locality', 'political']}], 'status': 'OK'}}"
302,neighborhoods_193,"leimert park, CA","{'num_results': 1, 'error': None, 'data': {'results': [{'address_components': [{'long_name': 'Leimert Park', 'short_name': 'Leimert Park', 'types': ['neighborhood', 'political']}, {'long_name': 'Los Angeles', 'short_name': 'Los Angeles', 'types': ['locality', 'political']}, {'long_name': 'Los Angeles County', 'short_name': 'Los Angeles County', 'types': ['administrative_area_level_2', 'political']}, {'long_name': 'California', 'short_name': 'CA', 'types': ['administrative_area_level_1', 'political']}, {'long_name': 'United States', 'short_name': 'US', 'types': ['country', 'political']}], 'formatted_address': 'Leimert Park, Los Angeles, CA, USA', 'geometry': {'bounds': {'northeast': {'lat': 34.0182788, 'lng': -118.3170811}, 'southwest': {'lat': 34.0033982, 'lng': -118.3357001}}, 'location': {'lat': 34.0109084, 'lng': -118.3314371}, 'location_type': 'APPROXIMATE', 'viewport': {'northeast': {'lat': 34.0182788, 'lng': -118.3170811}, 'southwest': {'lat': 34.0033982, 'lng': -118.3357001}}}, 'navigation_points': [{'location': {'latitude': 34.0106701, 'longitude': -118.3234753}}], 'place_id': 'ChIJ-clTdNO5woARqcGBEbDglF0', 'types': ['neighborhood', 'political']}], 'status': 'OK'}}"
303,neighborhoods_194,"lennox, CA","{'num_results': 1, 'error': None, 'data': {'results': [{'address_components': [{'long_name': 'Lennox', 'short_name': 'Lennox', 'types': ['locality', 'political']}, {'long_name': 'Los Angeles County', 'short_name': 'Los Angeles County', 'types': ['administrative_area_level_2', 'political']}, {'long_name': 'California', 'short_name': 'CA', 'types': ['administrative_area_level_1', 'political']}, {'long_name': 'United States', 'short_name': 'US', 'types': ['country', 'political']}, {'long_name': '90304', 'short_name': '90304', 'types': ['postal_code']}], 'formatted_address': 'Lennox, CA 90304, USA', 'geometry': {'bounds': {'northeast': {'lat': 33.94542, 'lng': -118.344397}, 'southwest': {'lat': 33.9309239, 'lng': -118.370037}}, 'location': {'lat': 33.938186, 'lng': -118.352622}, 'location_type': 'APPROXIMATE', 'viewport': {'northeast': {'lat': 33.94542, 'lng': -118.344397}, 'southwest': {'lat': 33.9309239, 'lng': -118.370037}}}, 'place_id': 'ChIJ1ZfofvK2woAR9XU6envccrI', 'types': ['locality', 'political']}], 'status': 'OK'}}"
304,neighborhoods_195,"leona valley, CA","{'num_results': 1, 'error': None, 'data': {'results': [{'address_components': [{'long_name': 'Leona Valley', 'short_name': 'Leona Valley', 'types': ['locality', 'political']}, {'long_name': 'Los Angeles County', 'short_name': 'Los Angeles County', 'types': ['administrative_area_level_2', 'political']}, {'long_name': 'California', 'short_name': 'CA', 'types': ['administrative_area_level_1', 'political']}, {'long_name': 'United States', 'short_name': 'US', 'types': ['country', 'political']}], 'formatted_address': 'Leona Valley, CA, USA', 'geometry': {'bounds': {'northeast': {'lat': 34.652558, 'lng': -118.218494}, 'southwest': {'lat': 34.5802, 'lng': -118.363869}}, 'location': {'lat': 34.6180332, 'lng': -118.2885925}, 'location_type': 'APPROXIMATE', 'viewport': {'northeast': {'lat': 34.652558, 'lng': -118.218494}, 'southwest': {'lat': 34.5802, 'lng': -118.363869}}}, 'place_id': 'ChIJ3XhJ-Y9dwoAR6Kwy8GEgy8k', 'types': ['locality', 'political']}], 'status': 'OK'}}"
305,neighborhoods_196,"lincoln heights, CA","{'num_results': 1, 'error': None, 'data': {'results': [{'address_components': [{'long_name': 'Lincoln Heights', 'short_name': 'Lincoln Heights', 'types': ['neighborhood', 'political']}, {'long_name': 'Los Angeles', 'short_name': 'Los Angeles', 'types': ['locality', 'political']}, {'long_name': 'Los Angeles County', 'short_name': 'Los Angeles County', 'types': ['administrative_area_level_2', 'political']}, {'long_name': 'California', 'short_name': 'CA', 'types': ['administrative_area_level_1', 'political']}, {'long_name': 'United States', 'short_name': 'US', 'types': ['country', 'political']}], 'formatted_address': 'Lincoln Heights, Los Angeles, CA, USA', 'geometry': {'bounds': {'northeast': {'lat': 34.0865378, 'lng': -118.193314}, 'southwest': {'lat': 34.0543438, 'lng': -118.2272791}}, 'location': {'lat': 34.0737387, 'lng': -118.21178}, 'location_type': 'APPROXIMATE', 'viewport': {'northeast': {'lat': 34.0865378, 'lng': -118.193314}, 'southwest': {'lat': 34.0543438, 'lng': -118.2272791}}}, 'place_id': 'ChIJ4x-oeH7GwoARYKmiaxbX4AE', 'types': ['neighborhood', 'political']}], 'status': 'OK'}}"
306,neighborhoods_197,"littlerock, CA","{'num_results': 1, 'error': None, 'data': {'results': [{'address_components': [{'long_name': 'Littlerock', 'short_name': 'Littlerock', 'types': ['locality', 'political']}, {'long_name': 'Los Angeles County', 'short_name': 'Los Angeles County', 'types': ['administrative_area_level_2', 'political']}, {'long_name': 'California', 'short_name': 'CA', 'types': ['administrative_area_level_1', 'political']}, {'long_name': 'United States', 'short_name': 'US', 'types': ['country', 'political']}, {'long_name': '93543', 'short_name': '93543', 'types': ['postal_code']}], 'formatted_address': 'Littlerock, CA 93543, USA', 'geometry': {'bounds': {'northeast': {'lat': 34.5284379, 'lng': -117.9536091}, 'southwest': {'lat': 34.514395, 'lng': -118.002872}}, 'location': {'lat': 34.521104, 'lng': -117.9836793}, 'location_type': 'APPROXIMATE', 'viewport': {'northeast': {'lat': 34.5284379, 'lng': -117.9536091}, 'southwest': {'lat': 34.514395, 'lng': -118.002872}}}, 'place_id': 'ChIJz6iAYNb9woARZYmrxkZpUxs', 'types': ['locality', 'political']}], 'status': 'OK'}}"
307,neighborhoods_198,"lomita, CA","{'num_results': 1, 'error': None, 'data': {'results': [{'address_components': [{'long_name': 'Lomita', 'short_name': 'Lomita', 'types': ['locality', 'political']}, {'long_name': 'Los Angeles County', 'short_name': 'Los Angeles County', 'types': ['administrative_area_level_2', 'political']}, {'long_name': 'California', 'short_name': 'CA', 'types': ['administrative_area_level_1', 'political']}, {'long_name': 'United States', 'short_name': 'US', 'types': ['country', 'political']}], 'formatted_address': 'Lomita, CA, USA', 'geometry': {'bounds': {'northeast': {'lat': 33.8076609, 'lng': -118.3064269}, 'southwest': {'lat': 33.7749579, 'lng': -118.32868}}, 'location': {'lat': 33.7922392, 'lng': -118.3150722}, 'location_type': 'APPROXIMATE', 'viewport': {'northeast': {'lat': 33.8076609, 'lng': -118.3064269}, 'southwest': {'lat': 33.7749579, 'lng': -118.32868}}}, 'place_id': 'ChIJ11yAWGVK3YARkdngmEUwcS8', 'types': ['locality', 'political']}], 'status': 'OK'}}"
308,neighborhoods_199,"long beach, CA","{'num_results': 1, 'error': None, 'data': {'results': [{'address_components': [{'long_name': 'Long Beach', 'short_name': 'Long Beach', 'types': ['locality', 'political']}, {'long_name': 'Los Angeles County', 'short_name': 'Los Angeles County', 'types': ['administrative_area_level_2', 'political']}, {'long_name': 'California', 'short_name': 'CA', 'types': ['administrative_area_level_1', 'political']}, {'long_name': 'United States', 'short_name': 'US', 'types': ['country', 'political']}], 'formatted_address': 'Long Beach, CA, USA', 'geometry': {'bounds': {'northeast': {'lat': 33.8855309, 'lng': -118.06317}, 'southwest': {'lat': 33.690593, 'lng': -118.248966}}, 'location': {'lat': 33.7700504, 'lng': -118.1937395}, 'location_type': 'APPROXIMATE', 'viewport': {'northeast': {'lat': 33.8855309, 'lng': -118.06317}, 'southwest': {'lat': 33.690593, 'lng': -118.248966}}}, 'place_id': 'ChIJWdeZQOjKwoARqo8qxPo6AKE', 'types': ['locality', 'political']}], 'status': 'OK'}}"
309,neighborhoods_200,"lopez/kagel canyons, CA","{'num_results': 1, 'error': None, 'data': {'results': [{'address_components': [{'long_name': 'Kagel Canyon', 'short_name': 'Kagel Canyon', 'types': ['locality', 'political']}, {'long_name': 'Los Angeles County', 'short_name': 'Los Angeles County', 'types': ['administrative_area_level_2', 'political']}, {'long_name': 'California', 'short_name': 'CA', 'types': ['administrative_area_level_1', 'political']}, {'long_name': 'United States', 'short_name': 'US', 'types': ['country', 'political']}, {'long_name': '91342', 'short_name': '91342', 'types': ['postal_code']}], 'formatted_address': 'Kagel Canyon, CA 91342, USA', 'geometry': {'location': {'lat': 34.3005529, 'lng': -118.3760984}, 'location_type': 'APPROXIMATE', 'viewport': {'northeast': {'lat': 34.3019018802915, 'lng': -118.3747494197085}, 'southwest': {'lat': 34.2992039197085, 'lng': -118.3774473802915}}}, 'partial_match': True, 'place_id': 'ChIJD_3R-T2SwoARBiI7SHKPArk', 'types': ['locality', 'political']}], 'status': 'OK'}}"
310,neighborhoods_201,"los feliz, CA","{'num_results': 1, 'error': None, 'data': {'results': [{'address_components': [{'long_name': 'Los Feliz', 'short_name': 'Los Feliz', 'types': ['neighborhood', 'political']}, {'long_name': 'Los Angeles', 'short_name': 'Los Angeles', 'types': ['locality', 'political']}, {'long_name': 'Los Angeles County', 'short_name': 'Los Angeles County', 'types': ['administrative_area_level_2', 'political']}, {'long_name': 'California', 'short_name': 'CA', 'types': ['administrative_area_level_1', 'political']}, {'long_name': 'United States', 'short_name': 'US', 'types': ['country', 'political']}, {'long_name': '90027', 'short_name': '90027', 'types': ['postal_code']}], 'formatted_address': 'Los Feliz, Los Angeles, CA 90027, USA', 'geometry': {'bounds': {'northeast': {'lat': 34.1199358, 'lng': -118.2672831}, 'southwest': {'lat': 34.0957808, 'lng': -118.3093092}}, 'location': {'lat': 34.1119002, 'lng': -118.287462}, 'location_type': 'APPROXIMATE', 'viewport': {'northeast': {'lat': 34.1199358, 'lng': -118.2672831}, 'southwest': {'lat': 34.0957808, 'lng': -118.3093092}}}, 'place_id': 'ChIJGyZkVaXAwoARiDm7dQXpd_s', 'types': ['neighborhood', 'political']}], 'status': 'OK'}}"
311,neighborhoods_202,"lynwood, CA","{'num_results': 1, 'error': None, 'data': {'results': [{'address_components': [{'long_name': 'Lynwood', 'short_name': 'Lynwood', 'types': ['locality', 'political']}, {'long_name': 'Los Angeles County', 'short_name': 'Los Angeles County', 'types': ['administrative_area_level_2', 'political']}, {'long_name': 'California', 'short_name': 'CA', 'types': ['administrative_area_level_1', 'political']}, {'long_name': 'United States', 'short_name': 'US', 'types': ['country', 'political']}], 'formatted_address': 'Lynwood, CA, USA', 'geometry': {'bounds': {'northeast': {'lat': 33.945441, 'lng': -118.176825}, 'southwest': {'lat': 33.904637, 'lng': -118.2303241}}, 'location': {'lat': 33.930293, 'lng': -118.2114603}, 'location_type': 'APPROXIMATE', 'viewport': {'northeast': {'lat': 33.945441, 'lng': -118.176825}, 'southwest': {'lat': 33.904637, 'lng': -118.2303241}}}, 'place_id': 'ChIJZ6ONppfLwoARqwb6abQj9ug', 'types': ['locality', 'political']}], 'status': 'OK'}}"
312,neighborhoods_203,"malibu, CA","{'num_results': 1, 'error': None, 'data': {'results': [{'address_components': [{'long_name': 'Malibu', 'short_name': 'Malibu', 'types': ['locality', 'political']}, {'long_name': 'Los Angeles County', 'short_name': 'Los Angeles County', 'types': ['administrative_area_level_2', 'political']}, {'long_name': 'California', 'short_name': 'CA', 'types': ['administrative_area_level_1', 'political']}, {'long_name': 'United States', 'short_name': 'US', 'types': ['country', 'political']}], 'formatted_address': 'Malibu, CA, USA', 'geometry': {'bounds': {'northeast': {'lat': 34.067193, 'lng': -118.569075}, 'southwest': {'lat': 33.946905, 'lng': -118.9314991}}, 'location': {'lat': 34.0380585, 'lng': -118.6923438}, 'location_type': 'APPROXIMATE', 'viewport': {'northeast': {'lat': 34.067193, 'lng': -118.569075}, 'southwest': {'lat': 33.946905, 'lng': -118.9314991}}}, 'place_id': 'ChIJP9YI-akd6IARWozqsnEtt5M', 'types': ['locality', 'political']}], 'status': 'OK'}}"
313,neighborhoods_204,"manchester square, CA","{'num_results': 1, 'error': None, 'data': {'results': [{'address_components': [{'long_name': 'Manchester Square', 'short_name': 'Manchester Square', 'types': ['neighborhood', 'political']}, {'long_name': 'Gardena', 'short_name': 'Gardena', 'types': ['locality', 'political']}, {'long_name': 'Los Angeles County', 'short_name': 'Los Angeles County', 'types': ['administrative_area_level_2', 'political']}, {'long_name': 'California', 'short_name': 'CA', 'types': ['administrative_area_level_1', 'political']}, {'long_name': 'United States', 'short_name': 'US', 'types': ['country', 'political']}, {'long_name': '90247', 'short_name': '90247', 'types': ['postal_code']}], 'formatted_address': 'Manchester Square, Gardena, CA 90247, USA', 'geometry': {'location': {'lat': 33.899321, 'lng': -118.297679}, 'location_type': 'APPROXIMATE', 'viewport': {'northeast': {'lat': 33.9006699802915, 'lng': -118.2963300197085}, 'southwest': {'lat': 33.8979720197085, 'lng': -118.2990279802915}}}, 'place_id': 'ChIJBVfBQHjKwoAROXzUH-0Fq6w', 'types': ['neighborhood', 'political']}], 'status': 'OK'}}"
314,neighborhoods_205,"manhattan beach, CA","{'num_results': 1, 'error': None, 'data': {'results': [{'address_components': [{'long_name': 'Manhattan Beach', 'short_name': 'Manhattan Beach', 'types': ['locality', 'political']}, {'long_name': 'Los Angeles County', 'short_name': 'Los Angeles County', 'types': ['administrative_area_level_2', 'political']}, {'long_name': 'California', 'short_name': 'CA', 'types': ['administrative_area_level_1', 'political']}, {'long_name': 'United States', 'short_name': 'US', 'types': ['country', 'political']}], 'formatted_address': 'Manhattan Beach, CA, USA', 'geometry': {'bounds': {'northeast': {'lat': 33.906141, 'lng': -118.378662}, 'southwest': {'lat': 33.8610009, 'lng': -118.475015}}, 'location': {'lat': 33.8881489, 'lng': -118.4092903}, 'location_type': 'APPROXIMATE', 'viewport': {'northeast': {'lat': 33.906141, 'lng': -118.378662}, 'southwest': {'lat': 33.8610009, 'lng': -118.475015}}}, 'place_id': 'ChIJL2Ow4sWzwoARIEUV9NRRAwc', 'types': ['locality', 'political']}], 'status': 'OK'}}"
315,neighborhoods_206,"marina del rey, CA","{'num_results': 1, 'error': None, 'data': {'results': [{'address_components': [{'long_name': 'Marina del Rey', 'short_name': 'Marina Del Rey', 'types': ['locality', 'political']}, {'long_name': 'Los Angeles County', 'short_name': 'Los Angeles County', 'types': ['administrative_area_level_2', 'political']}, {'long_name': 'California', 'short_name': 'CA', 'types': ['administrative_area_level_1', 'political']}, {'long_name': 'United States', 'short_name': 'US', 'types': ['country', 'political']}, {'long_name': '90292', 'short_name': '90292', 'types': ['postal_code']}], 'formatted_address': 'Marina Del Rey, CA 90292, USA', 'geometry': {'bounds': {'northeast': {'lat': 33.986416, 'lng': -118.432259}, 'southwest': {'lat': 33.964231, 'lng': -118.46348}}, 'location': {'lat': 33.9804613, 'lng': -118.4391655}, 'location_type': 'APPROXIMATE', 'viewport': {'northeast': {'lat': 33.986416, 'lng': -118.432259}, 'southwest': {'lat': 33.964231, 'lng': -118.46348}}}, 'place_id': 'ChIJLbMF8IqwwoARns4Lm7HaVpc', 'types': ['locality', 'political']}], 'status': 'OK'}}"
316,neighborhoods_207,"mar vista, CA","{'num_results': 1, 'error': None, 'data': {'results': [{'address_components': [{'long_name': 'Mar Vista', 'short_name': 'Mar Vista', 'types': ['neighborhood', 'political']}, {'long_name': 'Los Angeles', 'short_name': 'Los Angeles', 'types': ['locality', 'political']}, {'long_name': 'Los Angeles County', 'short_name': 'Los Angeles County', 'types': ['administrative_area_level_2', 'political']}, {'long_name': 'California', 'short_name': 'CA', 'types': ['administrative_area_level_1', 'political']}, {'long_name': 'United States', 'short_name': 'US', 'types': ['country', 'political']}], 'formatted_address': 'Mar Vista, Los Angeles, CA, USA', 'geometry': {'bounds': {'northeast': {'lat': 34.0267827, 'lng': -118.4174501}, 'southwest': {'lat': 33.9936039, 'lng': -118.4560111}}, 'location': {'lat': 34.0036796, 'lng': -118.4335825}, 'location_type': 'APPROXIMATE', 'viewport': {'northeast': {'lat': 34.0267827, 'lng': -118.4174501}, 'southwest': {'lat': 33.9936039, 'lng': -118.4560111}}}, 'place_id': 'ChIJMXNk-Fa6woARfqSj6D0ghs8', 'types': ['neighborhood', 'political']}], 'status': 'OK'}}"
317,neighborhoods_208,"mayflower village, CA","{'num_results': 1, 'error': None, 'data': {'results': [{'address_components': [{'long_name': 'Mayflower Village', 'short_name': 'Mayflower Village', 'types': ['locality', 'political']}, {'long_name': 'Los Angeles County', 'short_name': 'Los Angeles County', 'types': ['administrative_area_level_2', 'political']}, {'long_name': 'California', 'short_name': 'CA', 'types': ['administrative_area_level_1', 'political']}, {'long_name': 'United States', 'short_name': 'US', 'types': ['country', 'political']}], 'formatted_address': 'Mayflower Village, CA, USA', 'geometry': {'bounds': {'northeast': {'lat': 34.130375, 'lng': -118.003897}, 'southwest': {'lat': 34.1042, 'lng': -118.0169259}}, 'location': {'lat': 34.1150078, 'lng': -118.0097884}, 'location_type': 'APPROXIMATE', 'viewport': {'northeast': {'lat': 34.130375, 'lng': -118.003897}, 'southwest': {'lat': 34.1042, 'lng': -118.0169259}}}, 'place_id': 'ChIJ67Mvl4_ZwoARh74hLrcsZtc', 'types': ['locality', 'political']}], 'status': 'OK'}}"
318,neighborhoods_209,"maywood, CA","{'num_results': 1, 'error': None, 'data': {'results': [{'address_components': [{'long_name': 'Maywood', 'short_name': 'Maywood', 'types': ['locality', 'political']}, {'long_name': 'Los Angeles County', 'short_name': 'Los Angeles County', 'types': ['administrative_area_level_2', 'political']}, {'long_name': 'California', 'short_name': 'CA', 'types': ['administrative_area_level_1', 'political']}, {'long_name': 'United States', 'short_name': 'US', 'types': ['country', 'political']}, {'long_name': '90270', 'short_name': '90270', 'types': ['postal_code']}], 'formatted_address': 'Maywood, CA 90270, USA', 'geometry': {'bounds': {'northeast': {'lat': 33.9966701, 'lng': -118.170045}, 'southwest': {'lat': 33.980092, 'lng': -118.2045121}}, 'location': {'lat': 33.9866807, 'lng': -118.185349}, 'location_type': 'APPROXIMATE', 'viewport': {'northeast': {'lat': 33.9966701, 'lng': -118.170045}, 'southwest': {'lat': 33.980092, 'lng': -118.2045121}}}, 'navigation_points': [{'location': {'latitude': 33.9867278, 'longitude': -118.1853402}}], 'place_id': 'ChIJFa5PUMPOwoARN3_-Bdevm8M', 'types': ['locality', 'political']}], 'status': 'OK'}}"
319,neighborhoods_210,"mid-city, CA","{'num_results': 1, 'error': None, 'data': {'results': [{'address_components': [{'long_name': 'Mid-City', 'short_name': 'Mid-City', 'types': ['neighborhood', 'political']}, {'long_name': 'Los Angeles', 'short_name': 'Los Angeles', 'types': ['locality', 'political']}, {'long_name': 'Los Angeles County', 'short_name': 'Los Angeles County', 'types': ['administrative_area_level_2', 'political']}, {'long_name': 'California', 'short_name': 'CA', 'types': ['administrative_area_level_1', 'political']}, {'long_name': 'United States', 'short_name': 'US', 'types': ['country', 'political']}], 'formatted_address': 'Mid-City, Los Angeles, CA, USA', 'geometry': {'bounds': {'northeast': {'lat': 34.0533258, 'lng': -118.3267162}, 'southwest': {'lat': 34.0289097, 'lng': -118.3909252}}, 'location': {'lat': 34.0398786, 'lng': -118.3697422}, 'location_type': 'APPROXIMATE', 'viewport': {'northeast': {'lat': 34.0533258, 'lng': -118.3267162}, 'southwest': {'lat': 34.0289097, 'lng': -118.3909252}}}, 'place_id': 'ChIJK-Z7yfm4woARKg027Pg24Q0', 'types': ['neighborhood', 'political']}], 'status': 'OK'}}"
320,neighborhoods_211,"mid-wilshire, CA","{'num_results': 1, 'error': None, 'data': {'results': [{'address_components': [{'long_name': 'Mid-Wilshire', 'short_name': 'Mid-Wilshire', 'types': ['neighborhood', 'political']}, {'long_name': 'Los Angeles', 'short_name': 'Los Angeles', 'types': ['locality', 'political']}, {'long_name': 'Los Angeles County', 'short_name': 'Los Angeles County', 'types': ['administrative_area_level_2', 'political']}, {'long_name': 'California', 'short_name': 'CA', 'types': ['administrative_area_level_1', 'political']}, {'long_name': 'United States', 'short_name': 'US', 'types': ['country', 'political']}], 'formatted_address': 'Mid-Wilshire, Los Angeles, CA, USA', 'geometry': {'bounds': {'northeast': {'lat': 34.0715208, 'lng': -118.3190951}, 'southwest': {'lat': 34.0477388, 'lng': -118.3666511}}, 'location': {'lat': 34.05722799999999, 'lng': -118.3459051}, 'location_type': 'APPROXIMATE', 'viewport': {'northeast': {'lat': 34.0715208, 'lng': -118.3190951}, 'southwest': {'lat': 34.0477388, 'lng': -118.3666511}}}, 'place_id': 'ChIJaUOaG-K4woARRuQp-ED59Hk', 'types': ['neighborhood', 'political']}], 'status': 'OK'}}"
321,neighborhoods_212,"mission hills, CA","{'num_results': 1, 'error': None, 'data': {'results': [{'address_components': [{'long_name': 'Mission Hills', 'short_name': 'Mission Hills', 'types': ['neighborhood', 'political']}, {'long_name': 'Los Angeles', 'short_name': 'Los Angeles', 'types': ['locality', 'political']}, {'long_name': 'Los Angeles County', 'short_name': 'Los Angeles County', 'types': ['administrative_area_level_2', 'political']}, {'long_name': 'California', 'short_name': 'CA', 'types': ['administrative_area_level_1', 'political']}, {'long_name': 'United States', 'short_name': 'US', 'types': ['country', 'political']}], 'formatted_address': 'Mission Hills, Los Angeles, CA, USA', 'geometry': {'bounds': {'northeast': {'lat': 34.2936168, 'lng': -118.4421761}, 'southwest': {'lat': 34.2499399, 'lng': -118.4721993}}, 'location': {'lat': 34.2645694, 'lng': -118.4673438}, 'location_type': 'APPROXIMATE', 'viewport': {'northeast': {'lat': 34.2936168, 'lng': -118.4421761}, 'southwest': {'lat': 34.2499399, 'lng': -118.4721993}}}, 'place_id': 'ChIJIZlxE2qQwoARnDat1UQFME8', 'types': ['neighborhood', 'political']}], 'status': 'OK'}}"
322,neighborhoods_213,"monrovia, CA","{'num_results': 1, 'error': None, 'data': {'results': [{'address_components': [{'long_name': 'Monrovia', 'short_name': 'Monrovia', 'types': ['locality', 'political']}, {'long_name': 'Los Angeles County', 'short_name': 'Los Angeles County', 'types': ['administrative_area_level_2', 'political']}, {'long_name': 'California', 'short_name': 'CA', 'types': ['administrative_area_level_1', 'political']}, {'long_name': 'United States', 'short_name': 'US', 'types': ['country', 'political']}], 'formatted_address': 'Monrovia, CA, USA', 'geometry': {'bounds': {'northeast': {'lat': 34.194313, 'lng': -117.942334}, 'southwest': {'lat': 34.102902, 'lng': -118.021906}}, 'location': {'lat': 34.1442616, 'lng': -118.0019482}, 'location_type': 'APPROXIMATE', 'viewport': {'northeast': {'lat': 34.194313, 'lng': -117.942334}, 'southwest': {'lat': 34.102902, 'lng': -118.021906}}}, 'place_id': 'ChIJ2eJeOzfZwoARhfe1CC46JE8', 'types': ['locality', 'political']}], 'status': 'OK'}}"
323,neighborhoods_214,"montebello, CA","{'num_results': 1, 'error': None, 'data': {'results': [{'address_components': [{'long_name': 'Montebello', 'short_name': 'Montebello', 'types': ['locality', 'political']}, {'long_name': 'Los Angeles County', 'short_name': 'Los Angeles County', 'types': ['administrative_area_level_2', 'political']}, {'long_name': 'California', 'short_name': 'CA', 'types': ['administrative_area_level_1', 'political']}, {'long_name': 'United States', 'short_name': 'US', 'types': ['country', 'political']}], 'formatted_address': 'Montebello, CA, USA', 'geometry': {'bounds': {'northeast': {'lat': 34.046023, 'lng': -118.0730029}, 'southwest': {'lat': 33.974409, 'lng': -118.1441599}}, 'location': {'lat': 34.019321, 'lng': -118.116076}, 'location_type': 'APPROXIMATE', 'viewport': {'northeast': {'lat': 34.046023, 'lng': -118.0730029}, 'southwest': {'lat': 33.974409, 'lng': -118.1441599}}}, 'place_id': 'ChIJhV4fRirOwoAR2prNNJkxiH4', 'types': ['locality', 'political']}], 'status': 'OK'}}"
324,neighborhoods_215,"montecito heights, CA","{'num_results': 1, 'error': None, 'data': {'results': [{'address_components': [{'long_name': 'Montecito Heights', 'short_name': 'Montecito Heights', 'types': ['neighborhood', 'political']}, {'long_name': 'Los Angeles', 'short_name': 'Los Angeles', 'types': ['locality', 'political']}, {'long_name': 'Los Angeles County', 'short_name': 'Los Angeles County', 'types': ['administrative_area_level_2', 'political']}, {'long_name': 'California', 'short_name': 'CA', 'types': ['administrative_area_level_1', 'political']}, {'long_name': 'United States', 'short_name': 'US', 'types': ['country', 'political']}], 'formatted_address': 'Montecito Heights, Los Angeles, CA, USA', 'geometry': {'bounds': {'northeast': {'lat': 34.1128867, 'lng': -118.1761998}, 'southwest': {'lat': 34.0743168, 'lng': -118.2130802}}, 'location': {'lat': 34.0920029, 'lng': -118.2040696}, 'location_type': 'APPROXIMATE', 'viewport': {'northeast': {'lat': 34.1128867, 'lng': -118.1761998}, 'southwest': {'lat': 34.0743168, 'lng': -118.2130802}}}, 'place_id': 'ChIJXzUnBCrEwoARZrvwwFQFs-U', 'types': ['neighborhood', 'political']}], 'status': 'OK'}}"
325,neighborhoods_216,"monterey park, CA","{'num_results': 1, 'error': None, 'data': {'results': [{'address_components': [{'long_name': 'Monterey Park', 'short_name': 'Monterey Park', 'types': ['locality', 'political']}, {'long_name': 'Los Angeles County', 'short_name': 'Los Angeles County', 'types': ['administrative_area_level_2', 'political']}, {'long_name': 'California', 'short_name': 'CA', 'types': ['administrative_area_level_1', 'political']}, {'long_name': 'United States', 'short_name': 'US', 'types': ['country', 'political']}], 'formatted_address': 'Monterey Park, CA, USA', 'geometry': {'bounds': {'northeast': {'lat': 34.07166, 'lng': -118.093123}, 'southwest': {'lat': 34.026994, 'lng': -118.169599}}, 'location': {'lat': 34.0625106, 'lng': -118.1228476}, 'location_type': 'APPROXIMATE', 'viewport': {'northeast': {'lat': 34.07166, 'lng': -118.093123}, 'southwest': {'lat': 34.026994, 'lng': -118.169599}}}, 'place_id': 'ChIJD8jobpnFwoARZZBZzayvgTw', 'types': ['locality', 'political']}], 'status': 'OK'}}"
326,neighborhoods_217,"mount washington, CA","{'num_results': 1, 'error': None, 'data': {'results': [{'address_components': [{'long_name': 'Mount Washington', 'short_name': 'Mount Washington', 'types': ['neighborhood', 'political']}, {'long_name': 'Los Angeles', 'short_name': 'Los Angeles', 'types': ['locality', 'political']}, {'long_name': 'Los Angeles County', 'short_name': 'Los Angeles County', 'types': ['administrative_area_level_2', 'political']}, {'long_name': 'California', 'short_name': 'CA', 'types': ['administrative_area_level_1', 'political']}, {'long_name': 'United States', 'short_name': 'US', 'types': ['country', 'political']}], 'formatted_address': 'Mount Washington, Los Angeles, CA, USA', 'geometry': {'bounds': {'northeast': {'lat': 34.1177877, 'lng': -118.2037531}, 'southwest': {'lat': 34.0885288, 'lng': -118.2341301}}, 'location': {'lat': 34.1030377, 'lng': -118.2169092}, 'location_type': 'APPROXIMATE', 'viewport': {'northeast': {'lat': 34.1177877, 'lng': -118.2037531}, 'southwest': {'lat': 34.0885288, 'lng': -118.2341301}}}, 'place_id': 'ChIJxf-lnqHGwoARNLkP2dQPWmE', 'types': ['neighborhood', 'political']}], 'status': 'OK'}}"
327,neighborhoods_218,"northeast antelope valley, CA","{'num_results': 1, 'error': None, 'data': {'results': [{'address_components': [{'long_name': 'Antelope Valley', 'short_name': 'Antelope Valley', 'types': ['establishment', 'natural_feature']}, {'long_name': 'Lancaster', 'short_name': 'Lancaster', 'types': ['locality', 'political']}, {'long_name': 'Los Angeles County', 'short_name': 'Los Angeles County', 'types': ['administrative_area_level_2', 'political']}, {'long_name': 'California', 'short_name': 'CA', 'types': ['administrative_area_level_1', 'political']}, {'long_name': 'United States', 'short_name': 'US', 'types': ['country', 'political']}, {'long_name': '93536', 'short_name': '93536', 'types': ['postal_code']}], 'formatted_address': 'Antelope Valley, Lancaster, CA 93536, USA', 'geometry': {'location': {'lat': 34.7513712, 'lng': -118.2522977}, 'location_type': 'APPROXIMATE', 'viewport': {'northeast': {'lat': 34.7527201802915, 'lng': -118.2509487197085}, 'southwest': {'lat': 34.75002221970851, 'lng': -118.2536466802915}}}, 'place_id': 'ChIJA3cgzNJDwoARX6xdvBafiAU', 'types': ['establishment', 'natural_feature']}], 'status': 'OK'}}"
328,neighborhoods_219,"north el monte, CA","{'num_results': 1, 'error': None, 'data': {'results': [{'address_components': [{'long_name': 'North El Monte', 'short_name': 'North El Monte', 'types': ['locality', 'political']}, {'long_name': 'Los Angeles County', 'short_name': 'Los Angeles County', 'types': ['administrative_area_level_2', 'political']}, {'long_name': 'California', 'short_name': 'CA', 'types': ['administrative_area_level_1', 'political']}, {'long_name': 'United States', 'short_name': 'US', 'types': ['country', 'political']}], 'formatted_address': 'North El Monte, CA, USA', 'geometry': {'bounds': {'northeast': {'lat': 34.108649, 'lng': -118.01659}, 'southwest': {'lat': 34.096304, 'lng': -118.030496}}, 'location': {'lat': 34.1027861, 'lng': -118.0242333}, 'location_type': 'APPROXIMATE', 'viewport': {'northeast': {'lat': 34.108649, 'lng': -118.01659}, 'southwest': {'lat': 34.096304, 'lng': -118.030496}}}, 'place_id': 'ChIJlUeA4yHawoAR8X7K_J7FQh8', 'types': ['locality', 'political']}], 'status': 'OK'}}"
329,neighborhoods_220,"north hills, CA","{'num_results': 1, 'error': None, 'data': {'results': [{'address_components': [{'long_name': 'North Hills', 'short_name': 'North Hills', 'types': ['neighborhood', 'political']}, {'long_name': 'Los Angeles', 'short_name': 'Los Angeles', 'types': ['locality', 'political']}, {'long_name': 'Los Angeles County', 'short_name': 'Los Angeles County', 'types': ['administrative_area_level_2', 'political']}, {'long_name': 'California', 'short_name': 'CA', 'types': ['administrative_area_level_1', 'political']}, {'long_name': 'United States', 'short_name': 'US', 'types': ['country', 'political']}], 'formatted_address': 'North Hills, Los Angeles, CA, USA', 'geometry': {'bounds': {'northeast': {'lat': 34.2575208, 'lng': -118.4518902}, 'southwest': {'lat': 34.2201307, 'lng': -118.5024162}}, 'location': {'lat': 34.2356114, 'lng': -118.4763844}, 'location_type': 'APPROXIMATE', 'viewport': {'northeast': {'lat': 34.2575208, 'lng': -118.4518902}, 'southwest': {'lat': 34.2201307, 'lng': -118.5024162}}}, 'navigation_points': [{'location': {'latitude': 34.2358187, 'longitude': -118.4849366}}], 'place_id': 'ChIJa4rfFieUwoARTXj3kUbSO04', 'types': ['neighborhood', 'political']}], 'status': 'OK'}}"
330,neighborhoods_221,"north hollywood, CA","{'num_results': 1, 'error': None, 'data': {'results': [{'address_components': [{'long_name': 'North Hollywood', 'short_name': 'NoHo', 'types': ['neighborhood', 'political']}, {'long_name': 'Los Angeles', 'short_name': 'Los Angeles', 'types': ['locality', 'political']}, {'long_name': 'Los Angeles County', 'short_name': 'Los Angeles County', 'types': ['administrative_area_level_2', 'political']}, {'long_name': 'California', 'short_name': 'CA', 'types': ['administrative_area_level_1', 'political']}, {'long_name': 'United States', 'short_name': 'US', 'types': ['country', 'political']}], 'formatted_address': 'North Hollywood, Los Angeles, CA, USA', 'geometry': {'bounds': {'northeast': {'lat': 34.2029858, 'lng': -118.3547393}, 'southwest': {'lat': 34.1528768, 'lng': -118.4046092}}, 'location': {'lat': 34.1866635, 'lng': -118.3877732}, 'location_type': 'APPROXIMATE', 'viewport': {'northeast': {'lat': 34.2029858, 'lng': -118.3547393}, 'southwest': {'lat': 34.1528768, 'lng': -118.4046092}}}, 'place_id': 'ChIJ0TEA7NOVwoARtPDh3nGzOC0', 'types': ['neighborhood', 'political']}], 'status': 'OK'}}"
331,neighborhoods_222,"northridge, CA","{'num_results': 1, 'error': None, 'data': {'results': [{'address_components': [{'long_name': 'Northridge', 'short_name': 'Northridge', 'types': ['neighborhood', 'political']}, {'long_name': 'Los Angeles', 'short_name': 'Los Angeles', 'types': ['locality', 'political']}, {'long_name': 'Los Angeles County', 'short_name': 'Los Angeles County', 'types': ['administrative_area_level_2', 'political']}, {'long_name': 'California', 'short_name': 'CA', 'types': ['administrative_area_level_1', 'political']}, {'long_name': 'United States', 'short_name': 'US', 'types': ['country', 'political']}], 'formatted_address': 'Northridge, Los Angeles, CA, USA', 'geometry': {'bounds': {'northeast': {'lat': 34.2576389, 'lng': -118.4915253}, 'southwest': {'lat': 34.2203358, 'lng': -118.5646853}}, 'location': {'lat': 34.2354576, 'lng': -118.5361381}, 'location_type': 'APPROXIMATE', 'viewport': {'northeast': {'lat': 34.2576389, 'lng': -118.4915253}, 'southwest': {'lat': 34.2203358, 'lng': -118.5646853}}}, 'place_id': 'ChIJiUtZIleawoARUmFdWw-rsjM', 'types': ['neighborhood', 'political']}], 'status': 'OK'}}"
332,neighborhoods_223,"northwest antelope valley, CA","{'num_results': 1, 'error': None, 'data': {'results': [{'address_components': [{'long_name': 'Antelope Valley', 'short_name': 'Antelope Valley', 'types': ['establishment', 'natural_feature']}, {'long_name': 'Lancaster', 'short_name': 'Lancaster', 'types': ['locality', 'political']}, {'long_name': 'Los Angeles County', 'short_name': 'Los Angeles County', 'types': ['administrative_area_level_2', 'political']}, {'long_name': 'California', 'short_name': 'CA', 'types': ['administrative_area_level_1', 'political']}, {'long_name': 'United States', 'short_name': 'US', 'types': ['country', 'political']}, {'long_name': '93536', 'short_name': '93536', 'types': ['postal_code']}], 'formatted_address': 'Antelope Valley, Lancaster, CA 93536, USA', 'geometry': {'location': {'lat': 34.7513712, 'lng': -118.2522977}, 'location_type': 'APPROXIMATE', 'viewport': {'northeast': {'lat': 34.7527201802915, 'lng': -118.2509487197085}, 'southwest': {'lat': 34.75002221970851, 'lng': -118.2536466802915}}}, 'place_id': 'ChIJA3cgzNJDwoARX6xdvBafiAU', 'types': ['establishment', 'natural_feature']}], 'status': 'OK'}}"
333,neighborhoods_224,"northwest palmdale, CA","{'num_results': 1, 'error': None, 'data': {'results': [{'address_components': [{'long_name': 'Palmdale', 'short_name': 'Palmdale', 'types': ['locality', 'political']}, {'long_name': 'Los Angeles County', 'short_name': 'Los Angeles County', 'types': ['administrative_area_level_2', 'political']}, {'long_name': 'California', 'short_name': 'CA', 'types': ['administrative_area_level_1', 'political']}, {'long_name': 'United States', 'short_name': 'US', 'types': ['country', 'political']}], 'formatted_address': 'Palmdale, CA, USA', 'geometry': {'bounds': {'northeast': {'lat': 34.6607901, 'lng': -117.916165}, 'southwest': {'lat': 34.510044, 'lng': -118.287746}}, 'location': {'lat': 34.577677, 'lng': -118.1158545}, 'location_type': 'APPROXIMATE', 'viewport': {'northeast': {'lat': 34.6607901, 'lng': -117.916165}, 'southwest': {'lat': 34.510044, 'lng': -118.287746}}}, 'place_id': 'ChIJtd1w7IRXwoAROuASrS15bGo', 'types': ['locality', 'political']}], 'status': 'OK'}}"
334,neighborhoods_225,"north whittier, CA","{'num_results': 1, 'error': None, 'data': {'results': [{'address_components': [{'long_name': 'Whittier', 'short_name': 'Whittier', 'types': ['locality', 'political']}, {'long_name': 'Los Angeles County', 'short_name': 'Los Angeles County', 'types': ['administrative_area_level_2', 'political']}, {'long_name': 'California', 'short_name': 'CA', 'types': ['administrative_area_level_1', 'political']}, {'long_name': 'United States', 'short_name': 'US', 'types': ['country', 'political']}], 'formatted_address': 'Whittier, CA, USA', 'geometry': {'bounds': {'northeast': {'lat': 34.030233, 'lng': -117.9651359}, 'southwest': {'lat': 33.928029, 'lng': -118.0722961}}, 'location': {'lat': 33.9754423, 'lng': -118.0326781}, 'location_type': 'APPROXIMATE', 'viewport': {'northeast': {'lat': 34.030233, 'lng': -117.9651359}, 'southwest': {'lat': 33.928029, 'lng': -118.0722961}}}, 'place_id': 'ChIJ94d6VYbTwoARWiRAwUd9qCc', 'types': ['locality', 'political']}], 'status': 'OK'}}"
335,neighborhoods_226,"norwalk, CA","{'num_results': 1, 'error': None, 'data': {'results': [{'address_components': [{'long_name': 'Norwalk', 'short_name': 'Norwalk', 'types': ['locality', 'political']}, {'long_name': 'Los Angeles County', 'short_name': 'Los Angeles County', 'types': ['administrative_area_level_2', 'political']}, {'long_name': 'California', 'short_name': 'CA', 'types': ['administrative_area_level_1', 'political']}, {'long_name': 'United States', 'short_name': 'US', 'types': ['country', 'political']}, {'long_name': '90650', 'short_name': '90650', 'types': ['postal_code']}], 'formatted_address': 'Norwalk, CA 90650, USA', 'geometry': {'bounds': {'northeast': {'lat': 33.933481, 'lng': -118.0422039}, 'southwest': {'lat': 33.8803139, 'lng': -118.1116109}}, 'location': {'lat': 33.9170666, 'lng': -118.0725134}, 'location_type': 'APPROXIMATE', 'viewport': {'northeast': {'lat': 33.933481, 'lng': -118.0422039}, 'southwest': {'lat': 33.8803139, 'lng': -118.1116109}}}, 'place_id': 'ChIJ0_EvDMzSwoARhERzb-kP0qc', 'types': ['locality', 'political']}], 'status': 'OK'}}"
336,neighborhoods_227,"pacific palisades, CA","{'num_results': 1, 'error': None, 'data': {'results': [{'address_components': [{'long_name': 'Pacific Palisades', 'short_name': 'Pacific Palisades', 'types': ['neighborhood', 'political']}, {'long_name': 'Los Angeles', 'short_name': 'Los Angeles', 'types': ['locality', 'political']}, {'long_name': 'Los Angeles County', 'short_name': 'Los Angeles County', 'types': ['administrative_area_level_2', 'political']}, {'long_name': 'California', 'short_name': 'CA', 'types': ['administrative_area_level_1', 'political']}, {'long_name': 'United States', 'short_name': 'US', 'types': ['country', 'political']}], 'formatted_address': 'Pacific Palisades, Los Angeles, CA, USA', 'geometry': {'bounds': {'northeast': {'lat': 34.1316778, 'lng': -118.4924603}, 'southwest': {'lat': 34.025732, 'lng': -118.5992163}}, 'location': {'lat': 34.0467365, 'lng': -118.546434}, 'location_type': 'APPROXIMATE', 'viewport': {'northeast': {'lat': 34.1316778, 'lng': -118.4924603}, 'southwest': {'lat': 34.025732, 'lng': -118.5992163}}}, 'place_id': 'ChIJiXqJCHqjwoARIzLoRT5rfE8', 'types': ['neighborhood', 'political']}], 'status': 'OK'}}"
337,neighborhoods_228,"pacoima, CA","{'num_results': 1, 'error': None, 'data': {'results': [{'address_components': [{'long_name': 'Pacoima', 'short_name': 'Pacoima', 'types': ['neighborhood', 'political']}, {'long_name': 'Los Angeles', 'short_name': 'Los Angeles', 'types': ['locality', 'political']}, {'long_name': 'Los Angeles County', 'short_name': 'Los Angeles County', 'types': ['administrative_area_level_2', 'political']}, {'long_name': 'California', 'short_name': 'CA', 'types': ['administrative_area_level_1', 'political']}, {'long_name': 'United States', 'short_name': 'US', 'types': ['country', 'political']}], 'formatted_address': 'Pacoima, Los Angeles, CA, USA', 'geometry': {'bounds': {'northeast': {'lat': 34.2939368, 'lng': -118.3876262}, 'southwest': {'lat': 34.2332228, 'lng': -118.4503031}}, 'location': {'lat': 34.2660906, 'lng': -118.4221196}, 'location_type': 'APPROXIMATE', 'viewport': {'northeast': {'lat': 34.2939368, 'lng': -118.3876262}, 'southwest': {'lat': 34.2332228, 'lng': -118.4503031}}}, 'navigation_points': [{'location': {'latitude': 34.2768332, 'longitude': -118.4105381}}], 'place_id': 'ChIJQT0LyXSRwoARIOuZNIcitn8', 'types': ['neighborhood', 'political']}], 'status': 'OK'}}"
338,neighborhoods_229,"palmdale, CA","{'num_results': 1, 'error': None, 'data': {'results': [{'address_components': [{'long_name': 'Palmdale', 'short_name': 'Palmdale', 'types': ['locality', 'political']}, {'long_name': 'Los Angeles County', 'short_name': 'Los Angeles County', 'types': ['administrative_area_level_2', 'political']}, {'long_name': 'California', 'short_name': 'CA', 'types': ['administrative_area_level_1', 'political']}, {'long_name': 'United States', 'short_name': 'US', 'types': ['country', 'political']}], 'formatted_address': 'Palmdale, CA, USA', 'geometry': {'bounds': {'northeast': {'lat': 34.6607901, 'lng': -117.916165}, 'southwest': {'lat': 34.510044, 'lng': -118.287746}}, 'location': {'lat': 34.577677, 'lng': -118.1158545}, 'location_type': 'APPROXIMATE', 'viewport': {'northeast': {'lat': 34.6607901, 'lng': -117.916165}, 'southwest': {'lat': 34.510044, 'lng': -118.287746}}}, 'place_id': 'ChIJtd1w7IRXwoAROuASrS15bGo', 'types': ['locality', 'political']}], 'status': 'OK'}}"
339,neighborhoods_230,"palms, CA","{'num_results': 1, 'error': None, 'data': {'results': [{'address_components': [{'long_name': 'Palms', 'short_name': 'Palms', 'types': ['neighborhood', 'political']}, {'long_name': 'Los Angeles', 'short_name': 'Los Angeles', 'types': ['locality', 'political']}, {'long_name': 'Los Angeles County', 'short_name': 'Los Angeles County', 'types': ['administrative_area_level_2', 'political']}, {'long_name': 'California', 'short_name': 'CA', 'types': ['administrative_area_level_1', 'political']}, {'long_name': 'United States', 'short_name': 'US', 'types': ['country', 'political']}], 'formatted_address': 'Palms, Los Angeles, CA, USA', 'geometry': {'bounds': {'northeast': {'lat': 34.0374239, 'lng': -118.3877756}, 'southwest': {'lat': 34.0120746, 'lng': -118.43014}}, 'location': {'lat': 34.0247288, 'lng': -118.4116534}, 'location_type': 'APPROXIMATE', 'viewport': {'northeast': {'lat': 34.0374239, 'lng': -118.3877756}, 'southwest': {'lat': 34.0120746, 'lng': -118.43014}}}, 'navigation_points': [{'location': {'latitude': 34.0244192, 'longitude': -118.407537}}], 'place_id': 'ChIJb8R8NCy6woAR5CjPshYZopk', 'types': ['neighborhood', 'political']}], 'status': 'OK'}}"
340,neighborhoods_231,"palos verdes estates, CA","{'num_results': 1, 'error': None, 'data': {'results': [{'address_components': [{'long_name': 'Palos Verdes Estates', 'short_name': 'Palos Verdes Estates', 'types': ['locality', 'political']}, {'long_name': 'Los Angeles County', 'short_name': 'Los Angeles County', 'types': ['administrative_area_level_2', 'political']}, {'long_name': 'California', 'short_name': 'CA', 'types': ['administrative_area_level_1', 'political']}, {'long_name': 'United States', 'short_name': 'US', 'types': ['country', 'political']}], 'formatted_address': 'Palos Verdes Estates, CA, USA', 'geometry': {'bounds': {'northeast': {'lat': 33.80441190000001, 'lng': -118.351054}, 'southwest': {'lat': 33.753452, 'lng': -118.487768}}, 'location': {'lat': 33.8005714, 'lng': -118.3900737}, 'location_type': 'APPROXIMATE', 'viewport': {'northeast': {'lat': 33.80441190000001, 'lng': -118.351054}, 'southwest': {'lat': 33.753452, 'lng': -118.487768}}}, 'place_id': 'ChIJb6sJroFL3YARRnT7838LugQ', 'types': ['locality', 'political']}], 'status': 'OK'}}"
341,neighborhoods_232,"panorama city, CA","{'num_results': 1, 'error': None, 'data': {'results': [{'address_components': [{'long_name': 'Panorama City', 'short_name': 'Panorama City', 'types': ['neighborhood', 'political']}, {'long_name': 'Los Angeles', 'short_name': 'Los Angeles', 'types': ['locality', 'political']}, {'long_name': 'Los Angeles County', 'short_name': 'Los Angeles County', 'types': ['administrative_area_level_2', 'political']}, {'long_name': 'California', 'short_name': 'CA', 'types': ['administrative_area_level_1', 'political']}, {'long_name': 'United States', 'short_name': 'US', 'types': ['country', 'political']}], 'formatted_address': 'Panorama City, Los Angeles, CA, USA', 'geometry': {'bounds': {'northeast': {'lat': 34.2518208, 'lng': -118.4227822}, 'southwest': {'lat': 34.2071377, 'lng': -118.4677381}}, 'location': {'lat': 34.2215391, 'lng': -118.4487995}, 'location_type': 'APPROXIMATE', 'viewport': {'northeast': {'lat': 34.2518208, 'lng': -118.4227822}, 'southwest': {'lat': 34.2071377, 'lng': -118.4677381}}}, 'place_id': 'ChIJGeY-0CyRwoARPGGaUmRaCXI', 'types': ['neighborhood', 'political']}], 'status': 'OK'}}"
342,neighborhoods_233,"paramount, CA","{'num_results': 1, 'error': None, 'data': {'results': [{'address_components': [{'long_name': 'Paramount', 'short_name': 'Paramount', 'types': ['locality', 'political']}, {'long_name': 'Los Angeles County', 'short_name': 'Los Angeles County', 'types': ['administrative_area_level_2', 'political']}, {'long_name': 'California', 'short_name': 'CA', 'types': ['administrative_area_level_1', 'political']}, {'long_name': 'United States', 'short_name': 'US', 'types': ['country', 'political']}], 'formatted_address': 'Paramount, CA, USA', 'geometry': {'bounds': {'northeast': {'lat': 33.91871, 'lng': -118.1427409}, 'southwest': {'lat': 33.879807, 'lng': -118.188149}}, 'location': {'lat': 33.8894598, 'lng': -118.1597911}, 'location_type': 'APPROXIMATE', 'viewport': {'northeast': {'lat': 33.91871, 'lng': -118.1427409}, 'southwest': {'lat': 33.879807, 'lng': -118.188149}}}, 'place_id': 'ChIJMzLLtN3MwoARVy-F8pmbodM', 'types': ['locality', 'political']}], 'status': 'OK'}}"
343,neighborhoods_234,"pasadena, CA","{'num_results': 1, 'error': None, 'data': {'results': [{'address_components': [{'long_name': 'Pasadena', 'short_name': 'Pasadena', 'types': ['locality', 'political']}, {'long_name': 'Los Angeles County', 'short_name': 'Los Angeles County', 'types': ['administrative_area_level_2', 'political']}, {'long_name': 'California', 'short_name': 'CA', 'types': ['administrative_area_level_1', 'political']}, {'long_name': 'United States', 'short_name': 'US', 'types': ['country', 'political']}], 'formatted_address': 'Pasadena, CA, USA', 'geometry': {'bounds': {'northeast': {'lat': 34.2515431, 'lng': -118.0656159}, 'southwest': {'lat': 34.117267, 'lng': -118.1982289}}, 'location': {'lat': 34.1476527, 'lng': -118.144302}, 'location_type': 'APPROXIMATE', 'viewport': {'northeast': {'lat': 34.2515431, 'lng': -118.0656159}, 'southwest': {'lat': 34.117267, 'lng': -118.1982289}}}, 'place_id': 'ChIJUQszONzCwoARSo_RGhZBKwU', 'types': ['locality', 'political']}], 'status': 'OK'}}"
344,neighborhoods_235,"pico rivera, CA","{'num_results': 1, 'error': None, 'data': {'results': [{'address_components': [{'long_name': 'Pico Rivera', 'short_name': 'Pico Rivera', 'types': ['locality', 'political']}, {'long_name': 'Los Angeles County', 'short_name': 'Los Angeles County', 'types': ['administrative_area_level_2', 'political']}, {'long_name': 'California', 'short_name': 'CA', 'types': ['administrative_area_level_1', 'political']}, {'long_name': 'United States', 'short_name': 'US', 'types': ['country', 'political']}], 'formatted_address': 'Pico Rivera, CA, USA', 'geometry': {'bounds': {'northeast': {'lat': 34.029302, 'lng': -118.040716}, 'southwest': {'lat': 33.95030500000001, 'lng': -118.122811}}, 'location': {'lat': 33.9830688, 'lng': -118.096735}, 'location_type': 'APPROXIMATE', 'viewport': {'northeast': {'lat': 34.029302, 'lng': -118.040716}, 'southwest': {'lat': 33.95030500000001, 'lng': -118.122811}}}, 'place_id': 'ChIJIe29AovRwoARkA7EgmjDsFc', 'types': ['locality', 'political']}], 'status': 'OK'}}"
345,neighborhoods_236,"pico-robertson, CA","{'num_results': 2, 'error': None, 'data': {'results': [{'address_components': [{'long_name': 'Pico-Robertson', 'short_name': 'Pico-Robertson', 'types': ['neighborhood', 'political']}, {'long_name': 'Los Angeles', 'short_name': 'Los Angeles', 'types': ['locality', 'political']}, {'long_name': 'Los Angeles County', 'short_name': 'Los Angeles County', 'types': ['administrative_area_level_2', 'political']}, {'long_name': 'California', 'short_name': 'CA', 'types': ['administrative_area_level_1', 'political']}, {'long_name': 'United States', 'short_name': 'US', 'types': ['country', 'political']}, {'long_name': '90035', 'short_name': '90035', 'types': ['postal_code']}], 'formatted_address': 'Pico-Robertson, Los Angeles, CA 90035, USA', 'geometry': {'bounds': {'northeast': {'lat': 34.0629588, 'lng': -118.3761342}, 'southwest': {'lat': 34.0445367, 'lng': -118.4066552}}, 'location': {'lat': 34.0547954, 'lng': -118.3837034}, 'location_type': 'APPROXIMATE', 'viewport': {'northeast': {'lat': 34.0629588, 'lng': -118.3761342}, 'southwest': {'lat': 34.0445367, 'lng': -118.4066552}}}, 'place_id': 'ChIJf7SAg0K5woARHB6Y180y7lE', 'types': ['neighborhood', 'political']}, {'address_components': [{'long_name': 'West Pico Boulevard', 'short_name': 'W Pico Blvd', 'types': ['route']}, {'long_name': 'Los Angeles', 'short_name': 'Los Angeles', 'types': ['locality', 'political']}, {'long_name': 'Los Angeles County', 'short_name': 'Los Angeles County', 'types': ['administrative_area_level_2', 'political']}, {'long_name': 'California', 'short_name': 'CA', 'types': ['administrative_area_level_1', 'political']}, {'long_name': 'United States', 'short_name': 'US', 'types': ['country', 'political']}], 'formatted_address': 'W Pico Blvd, Los Angeles, CA, USA', 'geometry': {'bounds': {'northeast': {'lat': 34.0642803, 'lng': -118.2526623}, 'southwest': {'lat': 34.0247442, 'lng': -118.4571974}}, 'location': {'lat': 34.0484218, 'lng': -118.3558073}, 'location_type': 'GEOMETRIC_CENTER', 'viewport': {'northeast': {'lat': 34.0642803, 'lng': -118.2526623}, 'southwest': {'lat': 34.0247442, 'lng': -118.4571974}}}, 'place_id': 'ChIJ67kzzAe5woAR2VjXnqBeBmY', 'types': ['route']}], 'status': 'OK'}}"
346,neighborhoods_237,"pico-union, CA","{'num_results': 1, 'error': None, 'data': {'results': [{'address_components': [{'long_name': 'Pico-Union', 'short_name': 'Pico-Union', 'types': ['neighborhood', 'political']}, {'long_name': 'Los Angeles', 'short_name': 'Los Angeles', 'types': ['locality', 'political']}, {'long_name': 'Los Angeles County', 'short_name': 'Los Angeles County', 'types': ['administrative_area_level_2', 'political']}, {'long_name': 'California', 'short_name': 'CA', 'types': ['administrative_area_level_1', 'political']}, {'long_name': 'United States', 'short_name': 'US', 'types': ['country', 'political']}], 'formatted_address': 'Pico-Union, Los Angeles, CA, USA', 'geometry': {'bounds': {'northeast': {'lat': 34.05332980000001, 'lng': -118.2682911}, 'southwest': {'lat': 34.0354029, 'lng': -118.300798}}, 'location': {'lat': 34.0437842, 'lng': -118.2841985}, 'location_type': 'APPROXIMATE', 'viewport': {'northeast': {'lat': 34.05332980000001, 'lng': -118.2682911}, 'southwest': {'lat': 34.0354029, 'lng': -118.300798}}}, 'place_id': 'ChIJSQ_X9K_HwoARn3vkVJ7520E', 'types': ['neighborhood', 'political']}], 'status': 'OK'}}"
347,neighborhoods_238,"playa del rey, CA","{'num_results': 1, 'error': None, 'data': {'results': [{'address_components': [{'long_name': 'Playa del Rey', 'short_name': 'Playa Del Rey', 'types': ['neighborhood', 'political']}, {'long_name': 'Los Angeles', 'short_name': 'Los Angeles', 'types': ['locality', 'political']}, {'long_name': 'Los Angeles County', 'short_name': 'Los Angeles County', 'types': ['administrative_area_level_2', 'political']}, {'long_name': 'California', 'short_name': 'CA', 'types': ['administrative_area_level_1', 'political']}, {'long_name': 'United States', 'short_name': 'US', 'types': ['country', 'political']}], 'formatted_address': 'Playa Del Rey, Los Angeles, CA, USA', 'geometry': {'bounds': {'northeast': {'lat': 33.9750208, 'lng': -118.4222333}, 'southwest': {'lat': 33.9163303, 'lng': -118.4573684}}, 'location': {'lat': 33.9564064, 'lng': -118.4424524}, 'location_type': 'APPROXIMATE', 'viewport': {'northeast': {'lat': 33.9750208, 'lng': -118.4222333}, 'southwest': {'lat': 33.9163303, 'lng': -118.4573684}}}, 'place_id': 'ChIJq21cfPSwwoARogpss4dx60s', 'types': ['neighborhood', 'political']}], 'status': 'OK'}}"
348,neighborhoods_239,"playa vista, CA","{'num_results': 1, 'error': None, 'data': {'results': [{'address_components': [{'long_name': 'Playa Vista', 'short_name': 'Playa Vista', 'types': ['neighborhood', 'political']}, {'long_name': 'Los Angeles', 'short_name': 'Los Angeles', 'types': ['locality', 'political']}, {'long_name': 'Los Angeles County', 'short_name': 'Los Angeles County', 'types': ['administrative_area_level_2', 'political']}, {'long_name': 'California', 'short_name': 'CA', 'types': ['administrative_area_level_1', 'political']}, {'long_name': 'United States', 'short_name': 'US', 'types': ['country', 'political']}], 'formatted_address': 'Playa Vista, Los Angeles, CA, USA', 'geometry': {'bounds': {'northeast': {'lat': 33.9881687, 'lng': -118.3950973}, 'southwest': {'lat': 33.9656408, 'lng': -118.4322711}}, 'location': {'lat': 33.9792232, 'lng': -118.4138353}, 'location_type': 'APPROXIMATE', 'viewport': {'northeast': {'lat': 33.9881687, 'lng': -118.3950973}, 'southwest': {'lat': 33.9656408, 'lng': -118.4322711}}}, 'place_id': 'ChIJZ8sJQpqwwoAR2nfkAOI8LbQ', 'types': ['neighborhood', 'political']}], 'status': 'OK'}}"
349,neighborhoods_240,"pomona, CA","{'num_results': 1, 'error': None, 'data': {'results': [{'address_components': [{'long_name': 'Pomona', 'short_name': 'Pomona', 'types': ['locality', 'political']}, {'long_name': 'Los Angeles County', 'short_name': 'Los Angeles County', 'types': ['administrative_area_level_2', 'political']}, {'long_name': 'California', 'short_name': 'CA', 'types': ['administrative_area_level_1', 'political']}, {'long_name': 'United States', 'short_name': 'US', 'types': ['country', 'political']}], 'formatted_address': 'Pomona, CA, USA', 'geometry': {'bounds': {'northeast': {'lat': 34.1126, 'lng': -117.7111701}, 'southwest': {'lat': 34.0185541, 'lng': -117.828719}}, 'location': {'lat': 34.055103, 'lng': -117.7499909}, 'location_type': 'APPROXIMATE', 'viewport': {'northeast': {'lat': 34.1126, 'lng': -117.7111701}, 'southwest': {'lat': 34.0185541, 'lng': -117.828719}}}, 'place_id': 'ChIJIaGfee8tw4ARM6nKAHCUCVI', 'types': ['locality', 'political']}], 'status': 'OK'}}"
350,neighborhoods_241,"porter ranch, CA","{'num_results': 1, 'error': None, 'data': {'results': [{'address_components': [{'long_name': 'Porter Ranch', 'short_name': 'Porter Ranch', 'types': ['neighborhood', 'political']}, {'long_name': 'Los Angeles', 'short_name': 'Los Angeles', 'types': ['locality', 'political']}, {'long_name': 'Los Angeles County', 'short_name': 'Los Angeles County', 'types': ['administrative_area_level_2', 'political']}, {'long_name': 'California', 'short_name': 'CA', 'types': ['administrative_area_level_1', 'political']}, {'long_name': 'United States', 'short_name': 'US', 'types': ['country', 'political']}], 'formatted_address': 'Porter Ranch, Los Angeles, CA, USA', 'geometry': {'bounds': {'northeast': {'lat': 34.2992478, 'lng': -118.5257041}, 'southwest': {'lat': 34.2572649, 'lng': -118.5729322}}, 'location': {'lat': 34.27549520000001, 'lng': -118.5472573}, 'location_type': 'APPROXIMATE', 'viewport': {'northeast': {'lat': 34.2992478, 'lng': -118.5257041}, 'southwest': {'lat': 34.2572649, 'lng': -118.5729322}}}, 'place_id': 'ChIJscK9TM-EwoAREDM5A4HhBv4', 'types': ['neighborhood', 'political']}], 'status': 'OK'}}"
351,neighborhoods_242,"quartz hill, CA","{'num_results': 1, 'error': None, 'data': {'results': [{'address_components': [{'long_name': 'Quartz Hill', 'short_name': 'Quartz Hill', 'types': ['locality', 'political']}, {'long_name': 'Los Angeles County', 'short_name': 'Los Angeles County', 'types': ['administrative_area_level_2', 'political']}, {'long_name': 'California', 'short_name': 'CA', 'types': ['administrative_area_level_1', 'political']}, {'long_name': 'United States', 'short_name': 'US', 'types': ['country', 'political']}, {'long_name': '93536', 'short_name': '93536', 'types': ['postal_code']}], 'formatted_address': 'Quartz Hill, CA 93536, USA', 'geometry': {'bounds': {'northeast': {'lat': 34.678901, 'lng': -118.201239}, 'southwest': {'lat': 34.630861, 'lng': -118.23616}}, 'location': {'lat': 34.6452645, 'lng': -118.2181308}, 'location_type': 'APPROXIMATE', 'viewport': {'northeast': {'lat': 34.678901, 'lng': -118.201239}, 'southwest': {'lat': 34.630861, 'lng': -118.23616}}}, 'place_id': 'ChIJD81lf4ZcwoARc4smzS1vHPk', 'types': ['locality', 'political']}], 'status': 'OK'}}"
352,neighborhoods_243,"ramona, CA","{'num_results': 2, 'error': None, 'data': {'results': [{'address_components': [{'long_name': 'Ramona', 'short_name': 'Ramona', 'types': ['locality', 'political']}, {'long_name': 'San Diego County', 'short_name': 'San Diego County', 'types': ['administrative_area_level_2', 'political']}, {'long_name': 'California', 'short_name': 'CA', 'types': ['administrative_area_level_1', 'political']}, {'long_name': 'United States', 'short_name': 'US', 'types': ['country', 'political']}, {'long_name': '92065', 'short_name': '92065', 'types': ['postal_code']}], 'formatted_address': 'Ramona, CA 92065, USA', 'geometry': {'bounds': {'northeast': {'lat': 33.0967801, 'lng': -116.807495}, 'southwest': {'lat': 32.997667, 'lng': -116.9574251}}, 'location': {'lat': 33.03763840000001, 'lng': -116.8765386}, 'location_type': 'APPROXIMATE', 'viewport': {'northeast': {'lat': 33.0967801, 'lng': -116.807495}, 'southwest': {'lat': 32.997667, 'lng': -116.9574251}}}, 'place_id': 'ChIJf-iEVqDo24ARWJdE4tnXE2Q', 'types': ['locality', 'political']}, {'address_components': [{'long_name': 'Ramona', 'short_name': 'Ramona', 'types': ['neighborhood', 'political']}, {'long_name': 'Ramona', 'short_name': 'Ramona', 'types': ['locality', 'political']}, {'long_name': 'San Diego County', 'short_name': 'San Diego County', 'types': ['administrative_area_level_2', 'political']}, {'long_name': 'California', 'short_name': 'CA', 'types': ['administrative_area_level_1', 'political']}, {'long_name': 'United States', 'short_name': 'US', 'types': ['country', 'political']}, {'long_name': '92065', 'short_name': '92065', 'types': ['postal_code']}], 'formatted_address': 'Ramona, CA 92065, USA', 'geometry': {'bounds': {'northeast': {'lat': 33.073093, 'lng': -116.824333}, 'southwest': {'lat': 32.997468, 'lng': -116.9160611}}, 'location': {'lat': 33.04136039999999, 'lng': -116.8792553}, 'location_type': 'APPROXIMATE', 'viewport': {'northeast': {'lat': 33.073093, 'lng': -116.824333}, 'southwest': {'lat': 32.997468, 'lng': -116.9160611}}}, 'place_id': 'ChIJH9SZeWTo24ARGcKz0MNnvVg', 'types': ['neighborhood', 'political']}], 'status': 'OK'}}"
353,neighborhoods_244,"rancho dominguez, CA","{'num_results': 1, 'error': None, 'data': {'results': [{'address_components': [{'long_name': 'Rancho Dominguez', 'short_name': 'Rancho Dominguez', 'types': ['neighborhood', 'political']}, {'long_name': 'Compton', 'short_name': 'Compton', 'types': ['locality', 'political']}, {'long_name': 'Los Angeles County', 'short_name': 'Los Angeles County', 'types': ['administrative_area_level_2', 'political']}, {'long_name': 'California', 'short_name': 'CA', 'types': ['administrative_area_level_1', 'political']}, {'long_name': 'United States', 'short_name': 'US', 'types': ['country', 'political']}], 'formatted_address': 'Rancho Dominguez, Compton, CA, USA', 'geometry': {'bounds': {'northeast': {'lat': 33.8541308, 'lng': -118.2213381}, 'southwest': {'lat': 33.84616, 'lng': -118.2343293}}, 'location': {'lat': 33.8508097, 'lng': -118.224885}, 'location_type': 'APPROXIMATE', 'viewport': {'northeast': {'lat': 33.8541308, 'lng': -118.2213381}, 'southwest': {'lat': 33.84616, 'lng': -118.2343293}}}, 'navigation_points': [{'location': {'latitude': 33.8508191, 'longitude': -118.2246944}}], 'place_id': 'ChIJJbP-LjvLwoARJjSBc2ssEtE', 'types': ['neighborhood', 'political']}], 'status': 'OK'}}"
354,neighborhoods_245,"rancho palos verdes, CA","{'num_results': 1, 'error': None, 'data': {'results': [{'address_components': [{'long_name': 'Rancho Palos Verdes', 'short_name': 'Rancho Palos Verdes', 'types': ['locality', 'political']}, {'long_name': 'Los Angeles County', 'short_name': 'Los Angeles County', 'types': ['administrative_area_level_2', 'political']}, {'long_name': 'California', 'short_name': 'CA', 'types': ['administrative_area_level_1', 'political']}, {'long_name': 'United States', 'short_name': 'US', 'types': ['country', 'political']}], 'formatted_address': 'Rancho Palos Verdes, CA, USA', 'geometry': {'bounds': {'northeast': {'lat': 33.795466, 'lng': -118.301}, 'southwest': {'lat': 33.672109, 'lng': -118.4854361}}, 'location': {'lat': 33.7444613, 'lng': -118.3870173}, 'location_type': 'APPROXIMATE', 'viewport': {'northeast': {'lat': 33.795466, 'lng': -118.301}, 'southwest': {'lat': 33.672109, 'lng': -118.4854361}}}, 'place_id': 'ChIJn41UcNpL3YARtJSWblt_RME', 'types': ['locality', 'political']}], 'status': 'OK'}}"
355,neighborhoods_246,"rancho park, CA","{'num_results': 1, 'error': None, 'data': {'results': [{'address_components': [{'long_name': 'Rancho Park', 'short_name': 'Rancho Park', 'types': ['neighborhood', 'political']}, {'long_name': 'Los Angeles', 'short_name': 'Los Angeles', 'types': ['locality', 'political']}, {'long_name': 'Los Angeles County', 'short_name': 'Los Angeles County', 'types': ['administrative_area_level_2', 'political']}, {'long_name': 'California', 'short_name': 'CA', 'types': ['administrative_area_level_1', 'political']}, {'long_name': 'United States', 'short_name': 'US', 'types': ['country', 'political']}, {'long_name': '90064', 'short_name': '90064', 'types': ['postal_code']}], 'formatted_address': 'Rancho Park, Los Angeles, CA 90064, USA', 'geometry': {'bounds': {'northeast': {'lat': 34.0419448, 'lng': -118.4121702}, 'southwest': {'lat': 34.0268658, 'lng': -118.4351582}}, 'location': {'lat': 34.036447, 'lng': -118.4255583}, 'location_type': 'APPROXIMATE', 'viewport': {'northeast': {'lat': 34.0419448, 'lng': -118.4121702}, 'southwest': {'lat': 34.0268658, 'lng': -118.4351582}}}, 'place_id': 'ChIJc7s1J767woARWn-L_DTR0ls', 'types': ['neighborhood', 'political']}], 'status': 'OK'}}"
356,neighborhoods_247,"redondo beach, CA","{'num_results': 1, 'error': None, 'data': {'results': [{'address_components': [{'long_name': 'Redondo Beach', 'short_name': 'Redondo Beach', 'types': ['locality', 'political']}, {'long_name': 'Los Angeles County', 'short_name': 'Los Angeles County', 'types': ['administrative_area_level_2', 'political']}, {'long_name': 'California', 'short_name': 'CA', 'types': ['administrative_area_level_1', 'political']}, {'long_name': 'United States', 'short_name': 'US', 'types': ['country', 'political']}], 'formatted_address': 'Redondo Beach, CA, USA', 'geometry': {'bounds': {'northeast': {'lat': 33.894653, 'lng': -118.352437}, 'southwest': {'lat': 33.8146149, 'lng': -118.470259}}, 'location': {'lat': 33.8491816, 'lng': -118.3884078}, 'location_type': 'APPROXIMATE', 'viewport': {'northeast': {'lat': 33.894653, 'lng': -118.352437}, 'southwest': {'lat': 33.8146149, 'lng': -118.470259}}}, 'place_id': 'ChIJE7lJQ5G0woARZfEcVNv4z_8', 'types': ['locality', 'political']}], 'status': 'OK'}}"
357,neighborhoods_248,"reseda, CA","{'num_results': 1, 'error': None, 'data': {'results': [{'address_components': [{'long_name': 'Reseda', 'short_name': 'Reseda', 'types': ['neighborhood', 'political']}, {'long_name': 'Los Angeles', 'short_name': 'Los Angeles', 'types': ['locality', 'political']}, {'long_name': 'Los Angeles County', 'short_name': 'Los Angeles County', 'types': ['administrative_area_level_2', 'political']}, {'long_name': 'California', 'short_name': 'CA', 'types': ['administrative_area_level_1', 'political']}, {'long_name': 'United States', 'short_name': 'US', 'types': ['country', 'political']}], 'formatted_address': 'Reseda, Los Angeles, CA, USA', 'geometry': {'bounds': {'northeast': {'lat': 34.2209898, 'lng': -118.5184932}, 'southwest': {'lat': 34.1865677, 'lng': -118.5623062}}, 'location': {'lat': 34.2011126, 'lng': -118.5360205}, 'location_type': 'APPROXIMATE', 'viewport': {'northeast': {'lat': 34.2209898, 'lng': -118.5184932}, 'southwest': {'lat': 34.1865677, 'lng': -118.5623062}}}, 'place_id': 'ChIJPZSimNWbwoAR4i0HIrDBH2k', 'types': ['neighborhood', 'political']}], 'status': 'OK'}}"
358,neighborhoods_249,"ridge route, CA","{'num_results': 1, 'error': None, 'data': {'results': [{'address_components': [{'long_name': 'Old Ridge Route', 'short_name': 'Old Ridge Route', 'types': ['route']}, {'long_name': 'Los Angeles County', 'short_name': 'Los Angeles County', 'types': ['administrative_area_level_2', 'political']}, {'long_name': 'California', 'short_name': 'CA', 'types': ['administrative_area_level_1', 'political']}, {'long_name': 'United States', 'short_name': 'US', 'types': ['country', 'political']}], 'formatted_address': 'Old Ridge Route, California, USA', 'geometry': {'bounds': {'northeast': {'lat': 34.77002210000001, 'lng': -118.6585644}, 'southwest': {'lat': 34.5658431, 'lng': -118.7431223}}, 'location': {'lat': 34.6622987, 'lng': -118.7242041}, 'location_type': 'GEOMETRIC_CENTER', 'viewport': {'northeast': {'lat': 34.77002210000001, 'lng': -118.6585644}, 'southwest': {'lat': 34.5658431, 'lng': -118.7431223}}}, 'place_id': 'ChIJf9RnQxXf6YARoe6ysEul7W0', 'types': ['route']}], 'status': 'OK'}}"
359,neighborhoods_250,"rolling hills, CA","{'num_results': 1, 'error': None, 'data': {'results': [{'address_components': [{'long_name': 'Rolling Hills', 'short_name': 'Rolling Hills', 'types': ['locality', 'political']}, {'long_name': 'Los Angeles County', 'short_name': 'Los Angeles County', 'types': ['administrative_area_level_2', 'political']}, {'long_name': 'California', 'short_name': 'CA', 'types': ['administrative_area_level_1', 'political']}, {'long_name': 'United States', 'short_name': 'US', 'types': ['country', 'political']}, {'long_name': '90274', 'short_name': '90274', 'types': ['postal_code']}], 'formatted_address': 'Rolling Hills, CA 90274, USA', 'geometry': {'bounds': {'northeast': {'lat': 33.7793859, 'lng': -118.3301699}, 'southwest': {'lat': 33.74232, 'lng': -118.3663269}}, 'location': {'lat': 33.7569615, 'lng': -118.3539613}, 'location_type': 'APPROXIMATE', 'viewport': {'northeast': {'lat': 33.7793859, 'lng': -118.3301699}, 'southwest': {'lat': 33.74232, 'lng': -118.3663269}}}, 'place_id': 'ChIJLXqyDCxK3YARZ0Z01s9RKrI', 'types': ['locality', 'political']}], 'status': 'OK'}}"
360,neighborhoods_251,"rolling hills estates, CA","{'num_results': 1, 'error': None, 'data': {'results': [{'address_components': [{'long_name': 'Rolling Hills Estates', 'short_name': 'Rolling Hills Estates', 'types': ['locality', 'political']}, {'long_name': 'Los Angeles County', 'short_name': 'Los Angeles County', 'types': ['administrative_area_level_2', 'political']}, {'long_name': 'California', 'short_name': 'CA', 'types': ['administrative_area_level_1', 'political']}, {'long_name': 'United States', 'short_name': 'US', 'types': ['country', 'political']}], 'formatted_address': 'Rolling Hills Estates, CA, USA', 'geometry': {'bounds': {'northeast': {'lat': 33.795206, 'lng': -118.315172}, 'southwest': {'lat': 33.7570741, 'lng': -118.393344}}, 'location': {'lat': 33.7877943, 'lng': -118.3581284}, 'location_type': 'APPROXIMATE', 'viewport': {'northeast': {'lat': 33.795206, 'lng': -118.315172}, 'southwest': {'lat': 33.7570741, 'lng': -118.393344}}}, 'place_id': 'ChIJ6SkBiLFL3YAR66NhV-yaDp4', 'types': ['locality', 'political']}], 'status': 'OK'}}"
361,neighborhoods_252,"rosemead, CA","{'num_results': 1, 'error': None, 'data': {'results': [{'address_components': [{'long_name': 'Rosemead', 'short_name': 'Rosemead', 'types': ['locality', 'political']}, {'long_name': 'Los Angeles County', 'short_name': 'Los Angeles County', 'types': ['administrative_area_level_2', 'political']}, {'long_name': 'California', 'short_name': 'CA', 'types': ['administrative_area_level_1', 'political']}, {'long_name': 'United States', 'short_name': 'US', 'types': ['country', 'political']}], 'formatted_address': 'Rosemead, CA, USA', 'geometry': {'bounds': {'northeast': {'lat': 34.0950169, 'lng': -118.0557679}, 'southwest': {'lat': 34.034409, 'lng': -118.1081079}}, 'location': {'lat': 34.0805651, 'lng': -118.072846}, 'location_type': 'APPROXIMATE', 'viewport': {'northeast': {'lat': 34.0950169, 'lng': -118.0557679}, 'southwest': {'lat': 34.034409, 'lng': -118.1081079}}}, 'navigation_points': [{'location': {'latitude': 34.0805646, 'longitude': -118.0727757}}], 'place_id': 'ChIJsXdsdnTQwoARfIhDlkgdNaA', 'types': ['locality', 'political']}], 'status': 'OK'}}"
362,neighborhoods_253,"rowland heights, CA","{'num_results': 1, 'error': None, 'data': {'results': [{'address_components': [{'long_name': 'Rowland Heights', 'short_name': 'Rowland Heights', 'types': ['locality', 'political']}, {'long_name': 'Los Angeles County', 'short_name': 'Los Angeles County', 'types': ['administrative_area_level_2', 'political']}, {'long_name': 'California', 'short_name': 'CA', 'types': ['administrative_area_level_1', 'political']}, {'long_name': 'United States', 'short_name': 'US', 'types': ['country', 'political']}], 'formatted_address': 'Rowland Heights, CA, USA', 'geometry': {'bounds': {'northeast': {'lat': 34.0017101, 'lng': -117.8548509}, 'southwest': {'lat': 33.94573099999999, 'lng': -117.9343529}}, 'location': {'lat': 33.9761238, 'lng': -117.9053395}, 'location_type': 'APPROXIMATE', 'viewport': {'northeast': {'lat': 34.0017101, 'lng': -117.8548509}, 'southwest': {'lat': 33.94573099999999, 'lng': -117.9343529}}}, 'place_id': 'ChIJp_QOnV0qw4ARxwbfYWDJuIA', 'types': ['locality', 'political']}], 'status': 'OK'}}"
363,neighborhoods_254,"san dimas, CA","{'num_results': 1, 'error': None, 'data': {'results': [{'address_components': [{'long_name': 'San Dimas', 'short_name': 'San Dimas', 'types': ['locality', 'political']}, {'long_name': 'Los Angeles County', 'short_name': 'Los Angeles County', 'types': ['administrative_area_level_2', 'political']}, {'long_name': 'California', 'short_name': 'CA', 'types': ['administrative_area_level_1', 'political']}, {'long_name': 'United States', 'short_name': 'US', 'types': ['country', 'political']}], 'formatted_address': 'San Dimas, CA, USA', 'geometry': {'bounds': {'northeast': {'lat': 34.16518, 'lng': -117.772254}, 'southwest': {'lat': 34.0636549, 'lng': -117.853969}}, 'location': {'lat': 34.1066756, 'lng': -117.8067257}, 'location_type': 'APPROXIMATE', 'viewport': {'northeast': {'lat': 34.16518, 'lng': -117.772254}, 'southwest': {'lat': 34.0636549, 'lng': -117.853969}}}, 'place_id': 'ChIJ39G4_KIWw4AREBzIr5r1mWI', 'types': ['locality', 'political']}], 'status': 'OK'}}"
364,neighborhoods_255,"san fernando, CA","{'num_results': 1, 'error': None, 'data': {'results': [{'address_components': [{'long_name': 'San Fernando', 'short_name': 'San Fernando', 'types': ['locality', 'political']}, {'long_name': 'Los Angeles County', 'short_name': 'Los Angeles County', 'types': ['administrative_area_level_2', 'political']}, {'long_name': 'California', 'short_name': 'CA', 'types': ['administrative_area_level_1', 'political']}, {'long_name': 'United States', 'short_name': 'US', 'types': ['country', 'political']}], 'formatted_address': 'San Fernando, CA, USA', 'geometry': {'bounds': {'northeast': {'lat': 34.304687, 'lng': -118.4157921}, 'southwest': {'lat': 34.2733101, 'lng': -118.4560079}}, 'location': {'lat': 34.2819461, 'lng': -118.4389719}, 'location_type': 'APPROXIMATE', 'viewport': {'northeast': {'lat': 34.304687, 'lng': -118.4157921}, 'southwest': {'lat': 34.2733101, 'lng': -118.4560079}}}, 'place_id': 'ChIJ70i_U1GQwoAR17cofW3ioUs', 'types': ['locality', 'political']}], 'status': 'OK'}}"
365,neighborhoods_256,"san gabriel, CA","{'num_results': 1, 'error': None, 'data': {'results': [{'address_components': [{'long_name': 'San Gabriel', 'short_name': 'San Gabriel', 'types': ['locality', 'political']}, {'long_name': 'Los Angeles County', 'short_name': 'Los Angeles County', 'types': ['administrative_area_level_2', 'political']}, {'long_name': 'California', 'short_name': 'CA', 'types': ['administrative_area_level_1', 'political']}, {'long_name': 'United States', 'short_name': 'US', 'types': ['country', 'political']}], 'formatted_address': 'San Gabriel, CA, USA', 'geometry': {'bounds': {'northeast': {'lat': 34.115308, 'lng': -118.077205}, 'southwest': {'lat': 34.07120099999999, 'lng': -118.121095}}, 'location': {'lat': 34.09611110000001, 'lng': -118.1058333}, 'location_type': 'APPROXIMATE', 'viewport': {'northeast': {'lat': 34.115308, 'lng': -118.077205}, 'southwest': {'lat': 34.07120099999999, 'lng': -118.121095}}}, 'place_id': 'ChIJK7PxJ9vawoAR7OFLP8rH-bE', 'types': ['locality', 'political']}], 'status': 'OK'}}"
366,neighborhoods_257,"san marino, CA","{'num_results': 1, 'error': None, 'data': {'results': [{'address_components': [{'long_name': 'San Marino', 'short_name': 'San Marino', 'types': ['locality', 'political']}, {'long_name': 'Los Angeles County', 'short_name': 'Los Angeles County', 'types': ['administrative_area_level_2', 'political']}, {'long_name': 'California', 'short_name': 'CA', 'types': ['administrative_area_level_1', 'political']}, {'long_name': 'United States', 'short_name': 'US', 'types': ['country', 'political']}, {'long_name': '91108', 'short_name': '91108', 'types': ['postal_code']}], 'formatted_address': 'San Marino, CA 91108, USA', 'geometry': {'bounds': {'northeast': {'lat': 34.13736, 'lng': -118.087946}, 'southwest': {'lat': 34.104976, 'lng': -118.1419949}}, 'location': {'lat': 34.121397, 'lng': -118.1064585}, 'location_type': 'APPROXIMATE', 'viewport': {'northeast': {'lat': 34.13736, 'lng': -118.087946}, 'southwest': {'lat': 34.104976, 'lng': -118.1419949}}}, 'place_id': 'ChIJ5fMpnLXEwoARyPk4Uf3afqo', 'types': ['locality', 'political']}], 'status': 'OK'}}"
367,neighborhoods_258,"san pasqual, CA","{'num_results': 2, 'error': None, 'data': {'results': [{'address_components': [{'long_name': 'San Pasqual', 'short_name': 'San Pasqual', 'types': ['locality', 'political']}, {'long_name': 'Los Angeles County', 'short_name': 'Los Angeles County', 'types': ['administrative_area_level_2', 'political']}, {'long_name': 'California', 'short_name': 'CA', 'types': ['administrative_area_level_1', 'political']}, {'long_name': 'United States', 'short_name': 'US', 'types': ['country', 'political']}, {'long_name': '91107', 'short_name': '91107', 'types': ['postal_code']}], 'formatted_address': 'San Pasqual, CA 91107, USA', 'geometry': {'bounds': {'northeast': {'lat': 34.1416419, 'lng': -118.095175}, 'southwest': {'lat': 34.1368151, 'lng': -118.1104829}}, 'location': {'lat': 34.1378448, 'lng': -118.0987702}, 'location_type': 'APPROXIMATE', 'viewport': {'northeast': {'lat': 34.1416419, 'lng': -118.095175}, 'southwest': {'lat': 34.1368151, 'lng': -118.1104829}}}, 'place_id': 'ChIJfwihL1fbwoARx2FSXOoH688', 'types': ['locality', 'political']}, {'address_components': [{'long_name': 'San Pasqual Valley', 'short_name': 'San Pasqual Valley', 'types': ['neighborhood', 'political']}, {'long_name': 'San Diego', 'short_name': 'San Diego', 'types': ['locality', 'political']}, {'long_name': 'San Diego County', 'short_name': 'San Diego County', 'types': ['administrative_area_level_2', 'political']}, {'long_name': 'California', 'short_name': 'CA', 'types': ['administrative_area_level_1', 'political']}, {'long_name': 'United States', 'short_name': 'US', 'types': ['country', 'political']}], 'formatted_address': 'San Pasqual Valley, San Diego, CA, USA', 'geometry': {'bounds': {'northeast': {'lat': 33.1334781, 'lng': -116.9057531}, 'southwest': {'lat': 33.0512411, 'lng': -117.0714289}}, 'location': {'lat': 33.0831683, 'lng': -116.9911288}, 'location_type': 'APPROXIMATE', 'viewport': {'northeast': {'lat': 33.1334781, 'lng': -116.9057531}, 'southwest': {'lat': 33.0512411, 'lng': -117.0714289}}}, 'place_id': 'ChIJ4xetNvzx24ARsGgpPANXuM4', 'types': ['neighborhood', 'political']}], 'status': 'OK'}}"
368,neighborhoods_259,"san pedro, CA","{'num_results': 1, 'error': None, 'data': {'results': [{'address_components': [{'long_name': 'San Pedro', 'short_name': 'San Pedro', 'types': ['neighborhood', 'political']}, {'long_name': 'Los Angeles', 'short_name': 'Los Angeles', 'types': ['locality', 'political']}, {'long_name': 'Los Angeles County', 'short_name': 'Los Angeles County', 'types': ['administrative_area_level_2', 'political']}, {'long_name': 'California', 'short_name': 'CA', 'types': ['administrative_area_level_1', 'political']}, {'long_name': 'United States', 'short_name': 'US', 'types': ['country', 'political']}], 'formatted_address': 'San Pedro, Los Angeles, CA, USA', 'geometry': {'bounds': {'northeast': {'lat': 33.7820847, 'lng': -118.2407797}, 'southwest': {'lat': 33.7046743, 'lng': -118.3330678}}, 'location': {'lat': 33.7360696, 'lng': -118.2923791}, 'location_type': 'APPROXIMATE', 'viewport': {'northeast': {'lat': 33.7820847, 'lng': -118.2407797}, 'southwest': {'lat': 33.7046743, 'lng': -118.3330678}}}, 'place_id': 'ChIJpYrtFq413YARX4eG8Fd9FAQ', 'types': ['neighborhood', 'political']}], 'status': 'OK'}}"
369,neighborhoods_260,"santa clarita, CA","{'num_results': 1, 'error': None, 'data': {'results': [{'address_components': [{'long_name': 'Santa Clarita', 'short_name': 'Santa Clarita', 'types': ['locality', 'political']}, {'long_name': 'Los Angeles County', 'short_name': 'Los Angeles County', 'types': ['administrative_area_level_2', 'political']}, {'long_name': 'California', 'short_name': 'CA', 'types': ['administrative_area_level_1', 'political']}, {'long_name': 'United States', 'short_name': 'US', 'types': ['country', 'political']}], 'formatted_address': 'Santa Clarita, CA, USA', 'geometry': {'bounds': {'northeast': {'lat': 34.50003, 'lng': -118.3787139}, 'southwest': {'lat': 34.341368, 'lng': -118.613308}}, 'location': {'lat': 34.3916641, 'lng': -118.542586}, 'location_type': 'APPROXIMATE', 'viewport': {'northeast': {'lat': 34.50003, 'lng': -118.3787139}, 'southwest': {'lat': 34.341368, 'lng': -118.613308}}}, 'place_id': 'ChIJJxjVrDOGwoARSNYFc-CPSlY', 'types': ['locality', 'political']}], 'status': 'OK'}}"
370,neighborhoods_261,"santa fe springs, CA","{'num_results': 1, 'error': None, 'data': {'results': [{'address_components': [{'long_name': 'Santa Fe Springs', 'short_name': 'Santa Fe Springs', 'types': ['locality', 'political']}, {'long_name': 'Los Angeles County', 'short_name': 'Los Angeles County', 'types': ['administrative_area_level_2', 'political']}, {'long_name': 'California', 'short_name': 'CA', 'types': ['administrative_area_level_1', 'political']}, {'long_name': 'United States', 'short_name': 'US', 'types': ['country', 'political']}], 'formatted_address': 'Santa Fe Springs, CA, USA', 'geometry': {'bounds': {'northeast': {'lat': 33.9749749, 'lng': -118.0288879}, 'southwest': {'lat': 33.8826291, 'lng': -118.0984211}}, 'location': {'lat': 33.9472359, 'lng': -118.0853451}, 'location_type': 'APPROXIMATE', 'viewport': {'northeast': {'lat': 33.9749749, 'lng': -118.0288879}, 'southwest': {'lat': 33.8826291, 'lng': -118.0984211}}}, 'navigation_points': [{'location': {'latitude': 33.9460204, 'longitude': -118.0803621}}], 'place_id': 'ChIJh2x1kwLTwoAR4zWXGfiJrzU', 'types': ['locality', 'political']}], 'status': 'OK'}}"
371,neighborhoods_262,"santa monica, CA","{'num_results': 1, 'error': None, 'data': {'results': [{'address_components': [{'long_name': 'Santa Monica', 'short_name': 'Santa Monica', 'types': ['locality', 'political']}, {'long_name': 'Los Angeles County', 'short_name': 'Los Angeles County', 'types': ['administrative_area_level_2', 'political']}, {'long_name': 'California', 'short_name': 'CA', 'types': ['administrative_area_level_1', 'political']}, {'long_name': 'United States', 'short_name': 'US', 'types': ['country', 'political']}], 'formatted_address': 'Santa Monica, CA, USA', 'geometry': {'bounds': {'northeast': {'lat': 34.05056, 'lng': -118.4435171}, 'southwest': {'lat': 33.9668839, 'lng': -118.5631109}}, 'location': {'lat': 34.0118828, 'lng': -118.4915504}, 'location_type': 'APPROXIMATE', 'viewport': {'northeast': {'lat': 34.05056, 'lng': -118.4435171}, 'southwest': {'lat': 33.9668839, 'lng': -118.5631109}}}, 'place_id': 'ChIJGQCRws6kwoARq_Uj_7UKF7Q', 'types': ['locality', 'political']}], 'status': 'OK'}}"
372,neighborhoods_263,"sawtelle, CA","{'num_results': 1, 'error': None, 'data': {'results': [{'address_components': [{'long_name': 'Sawtelle', 'short_name': 'Sawtelle', 'types': ['neighborhood', 'political']}, {'long_name': 'Los Angeles', 'short_name': 'Los Angeles', 'types': ['locality', 'political']}, {'long_name': 'Los Angeles County', 'short_name': 'Los Angeles County', 'types': ['administrative_area_level_2', 'political']}, {'long_name': 'California', 'short_name': 'CA', 'types': ['administrative_area_level_1', 'political']}, {'long_name': 'United States', 'short_name': 'US', 'types': ['country', 'political']}], 'formatted_address': 'Sawtelle, Los Angeles, CA, USA', 'geometry': {'bounds': {'northeast': {'lat': 34.0524116, 'lng': -118.4299302}, 'southwest': {'lat': 34.0172378, 'lng': -118.4709002}}, 'location': {'lat': 34.0342704, 'lng': -118.4479026}, 'location_type': 'APPROXIMATE', 'viewport': {'northeast': {'lat': 34.0524116, 'lng': -118.4299302}, 'southwest': {'lat': 34.0172378, 'lng': -118.4709002}}}, 'place_id': 'ChIJiaovKWO7woARW5z9dVWhK7w', 'types': ['neighborhood', 'political']}], 'status': 'OK'}}"
373,neighborhoods_264,"sepulveda basin, CA","{'num_results': 1, 'error': None, 'data': {'results': [{'address_components': [{'long_name': 'Sepulveda Basin', 'short_name': 'Sepulveda Basin', 'types': ['neighborhood', 'political']}, {'long_name': 'Los Angeles', 'short_name': 'Los Angeles', 'types': ['locality', 'political']}, {'long_name': 'Los Angeles County', 'short_name': 'Los Angeles County', 'types': ['administrative_area_level_2', 'political']}, {'long_name': 'California', 'short_name': 'CA', 'types': ['administrative_area_level_1', 'political']}, {'long_name': 'United States', 'short_name': 'US', 'types': ['country', 'political']}], 'formatted_address': 'Sepulveda Basin, Los Angeles, CA, USA', 'geometry': {'bounds': {'northeast': {'lat': 34.1866498, 'lng': -118.4661862}, 'southwest': {'lat': 34.1619167, 'lng': -118.5185173}}, 'location': {'lat': 34.1716993, 'lng': -118.4755666}, 'location_type': 'APPROXIMATE', 'viewport': {'northeast': {'lat': 34.1866498, 'lng': -118.4661862}, 'southwest': {'lat': 34.1619167, 'lng': -118.5185173}}}, 'place_id': 'ChIJd3uk_9OZwoARoKLA_1NqxFU', 'types': ['neighborhood', 'political']}], 'status': 'OK'}}"
374,neighborhoods_265,"shadow hills, CA","{'num_results': 1, 'error': None, 'data': {'results': [{'address_components': [{'long_name': 'Shadow Hills', 'short_name': 'Shadow Hills', 'types': ['neighborhood', 'political']}, {'long_name': 'Los Angeles', 'short_name': 'Los Angeles', 'types': ['locality', 'political']}, {'long_name': 'Los Angeles County', 'short_name': 'Los Angeles County', 'types': ['administrative_area_level_2', 'political']}, {'long_name': 'California', 'short_name': 'CA', 'types': ['administrative_area_level_1', 'political']}, {'long_name': 'United States', 'short_name': 'US', 'types': ['country', 'political']}], 'formatted_address': 'Shadow Hills, Los Angeles, CA, USA', 'geometry': {'bounds': {'northeast': {'lat': 34.2723719, 'lng': -118.2668193}, 'southwest': {'lat': 34.2065078, 'lng': -118.3901202}}, 'location': {'lat': 34.2342291, 'lng': -118.3671813}, 'location_type': 'APPROXIMATE', 'viewport': {'northeast': {'lat': 34.2723719, 'lng': -118.2668193}, 'southwest': {'lat': 34.2065078, 'lng': -118.3901202}}}, 'place_id': 'ChIJn_HFqiWTwoARjMFlj0YLH4Q', 'types': ['neighborhood', 'political']}], 'status': 'OK'}}"
375,neighborhoods_266,"sherman oaks, CA","{'num_results': 1, 'error': None, 'data': {'results': [{'address_components': [{'long_name': 'Sherman Oaks', 'short_name': 'Sherman Oaks', 'types': ['neighborhood', 'political']}, {'long_name': 'Los Angeles', 'short_name': 'Los Angeles', 'types': ['locality', 'political']}, {'long_name': 'Los Angeles County', 'short_name': 'Los Angeles County', 'types': ['administrative_area_level_2', 'political']}, {'long_name': 'California', 'short_name': 'CA', 'types': ['administrative_area_level_1', 'political']}, {'long_name': 'United States', 'short_name': 'US', 'types': ['country', 'political']}], 'formatted_address': 'Sherman Oaks, Los Angeles, CA, USA', 'geometry': {'bounds': {'northeast': {'lat': 34.1794153, 'lng': -118.4075252}, 'southwest': {'lat': 34.1263508, 'lng': -118.4756832}}, 'location': {'lat': 34.1509272, 'lng': -118.4486989}, 'location_type': 'APPROXIMATE', 'viewport': {'northeast': {'lat': 34.1794153, 'lng': -118.4075252}, 'southwest': {'lat': 34.1263508, 'lng': -118.4756832}}}, 'place_id': 'ChIJ87ycp9uXwoARFv9xgD9OmwM', 'types': ['neighborhood', 'political']}], 'status': 'OK'}}"
376,neighborhoods_267,"sierra madre, CA","{'num_results': 1, 'error': None, 'data': {'results': [{'address_components': [{'long_name': 'Sierra Madre', 'short_name': 'Sierra Madre', 'types': ['locality', 'political']}, {'long_name': 'Los Angeles County', 'short_name': 'Los Angeles County', 'types': ['administrative_area_level_2', 'political']}, {'long_name': 'California', 'short_name': 'CA', 'types': ['administrative_area_level_1', 'political']}, {'long_name': 'United States', 'short_name': 'US', 'types': ['country', 'political']}, {'long_name': '91024', 'short_name': '91024', 'types': ['postal_code']}], 'formatted_address': 'Sierra Madre, CA 91024, USA', 'geometry': {'bounds': {'northeast': {'lat': 34.1794049, 'lng': -118.0294729}, 'southwest': {'lat': 34.156821, 'lng': -118.0682049}}, 'location': {'lat': 34.16190040000001, 'lng': -118.0527046}, 'location_type': 'APPROXIMATE', 'viewport': {'northeast': {'lat': 34.1794049, 'lng': -118.0294729}, 'southwest': {'lat': 34.156821, 'lng': -118.0682049}}}, 'place_id': 'ChIJ2TsjdInbwoARBt8-8jRVXPg', 'types': ['locality', 'political']}], 'status': 'OK'}}"
377,neighborhoods_268,"signal hill, CA","{'num_results': 1, 'error': None, 'data': {'results': [{'address_components': [{'long_name': 'Signal Hill', 'short_name': 'Signal Hill', 'types': ['locality', 'political']}, {'long_name': 'Los Angeles County', 'short_name': 'Los Angeles County', 'types': ['administrative_area_level_2', 'political']}, {'long_name': 'California', 'short_name': 'CA', 'types': ['administrative_area_level_1', 'political']}, {'long_name': 'United States', 'short_name': 'US', 'types': ['country', 'political']}], 'formatted_address': 'Signal Hill, CA, USA', 'geometry': {'bounds': {'northeast': {'lat': 33.8189161, 'lng': -118.1496479}, 'southwest': {'lat': 33.7897569, 'lng': -118.1845859}}, 'location': {'lat': 33.8044614, 'lng': -118.1678456}, 'location_type': 'APPROXIMATE', 'viewport': {'northeast': {'lat': 33.8189161, 'lng': -118.1496479}, 'southwest': {'lat': 33.7897569, 'lng': -118.184925}}}, 'place_id': 'ChIJ5YZ9qM8z3YARyXxmX3G13es', 'types': ['locality', 'political']}], 'status': 'OK'}}"
378,neighborhoods_269,"silver lake, CA","{'num_results': 1, 'error': None, 'data': {'results': [{'address_components': [{'long_name': 'Silver Lake', 'short_name': 'Silver Lake', 'types': ['neighborhood', 'political']}, {'long_name': 'Los Angeles', 'short_name': 'Los Angeles', 'types': ['locality', 'political']}, {'long_name': 'Los Angeles County', 'short_name': 'Los Angeles County', 'types': ['administrative_area_level_2', 'political']}, {'long_name': 'California', 'short_name': 'CA', 'types': ['administrative_area_level_1', 'political']}, {'long_name': 'United States', 'short_name': 'US', 'types': ['country', 'political']}], 'formatted_address': 'Silver Lake, Los Angeles, CA, USA', 'geometry': {'bounds': {'northeast': {'lat': 34.1135098, 'lng': -118.2506142}, 'southwest': {'lat': 34.0752959, 'lng': -118.2845972}}, 'location': {'lat': 34.082936, 'lng': -118.2733457}, 'location_type': 'APPROXIMATE', 'viewport': {'northeast': {'lat': 34.1135098, 'lng': -118.2506142}, 'southwest': {'lat': 34.0752959, 'lng': -118.2845972}}}, 'place_id': 'ChIJP4gldDrHwoARBtekJz4FLe0', 'types': ['neighborhood', 'political']}], 'status': 'OK'}}"
379,neighborhoods_270,"south diamond bar, CA","{'num_results': 1, 'error': None, 'data': {'results': [{'address_components': [{'long_name': 'South Diamond Bar Boulevard', 'short_name': 'S Diamond Bar Blvd', 'types': ['route']}, {'long_name': 'Diamond Bar', 'short_name': 'Diamond Bar', 'types': ['locality', 'political']}, {'long_name': 'Los Angeles County', 'short_name': 'Los Angeles County', 'types': ['administrative_area_level_2', 'political']}, {'long_name': 'California', 'short_name': 'CA', 'types': ['administrative_area_level_1', 'political']}, {'long_name': 'United States', 'short_name': 'US', 'types': ['country', 'political']}, {'long_name': '91765', 'short_name': '91765', 'types': ['postal_code']}], 'formatted_address': 'S Diamond Bar Blvd, Diamond Bar, CA 91765, USA', 'geometry': {'bounds': {'northeast': {'lat': 34.0268229, 'lng': -117.8018337}, 'southwest': {'lat': 33.9653893, 'lng': -117.8516564}}, 'location': {'lat': 33.988964, 'lng': -117.8216041}, 'location_type': 'GEOMETRIC_CENTER', 'viewport': {'northeast': {'lat': 34.0268229, 'lng': -117.8018337}, 'southwest': {'lat': 33.9653893, 'lng': -117.8516564}}}, 'place_id': 'ChIJHagc14Isw4AR-sdEzBm8kMo', 'types': ['route']}], 'status': 'OK'}}"
380,neighborhoods_271,"southeast antelope valley, CA","{'num_results': 1, 'error': None, 'data': {'results': [{'address_components': [{'long_name': 'Antelope Valley', 'short_name': 'Antelope Valley', 'types': ['establishment', 'natural_feature']}, {'long_name': 'Lancaster', 'short_name': 'Lancaster', 'types': ['locality', 'political']}, {'long_name': 'Los Angeles County', 'short_name': 'Los Angeles County', 'types': ['administrative_area_level_2', 'political']}, {'long_name': 'California', 'short_name': 'CA', 'types': ['administrative_area_level_1', 'political']}, {'long_name': 'United States', 'short_name': 'US', 'types': ['country', 'political']}, {'long_name': '93536', 'short_name': '93536', 'types': ['postal_code']}], 'formatted_address': 'Antelope Valley, Lancaster, CA 93536, USA', 'geometry': {'location': {'lat': 34.7513712, 'lng': -118.2522977}, 'location_type': 'APPROXIMATE', 'viewport': {'northeast': {'lat': 34.7527201802915, 'lng': -118.2509487197085}, 'southwest': {'lat': 34.75002221970851, 'lng': -118.2536466802915}}}, 'place_id': 'ChIJA3cgzNJDwoARX6xdvBafiAU', 'types': ['establishment', 'natural_feature']}], 'status': 'OK'}}"
381,neighborhoods_272,"south el monte, CA","{'num_results': 1, 'error': None, 'data': {'results': [{'address_components': [{'long_name': 'South El Monte', 'short_name': 'South El Monte', 'types': ['locality', 'political']}, {'long_name': 'Los Angeles County', 'short_name': 'Los Angeles County', 'types': ['administrative_area_level_2', 'political']}, {'long_name': 'California', 'short_name': 'CA', 'types': ['administrative_area_level_1', 'political']}, {'long_name': 'United States', 'short_name': 'US', 'types': ['country', 'political']}, {'long_name': '91733', 'short_name': '91733', 'types': ['postal_code']}], 'formatted_address': 'South El Monte, CA 91733, USA', 'geometry': {'bounds': {'northeast': {'lat': 34.064534, 'lng': -118.0260319}, 'southwest': {'lat': 34.033053, 'lng': -118.0703541}}, 'location': {'lat': 34.0519548, 'lng': -118.0467339}, 'location_type': 'APPROXIMATE', 'viewport': {'northeast': {'lat': 34.064534, 'lng': -118.0260319}, 'southwest': {'lat': 34.033053, 'lng': -118.0703541}}}, 'place_id': 'ChIJryT2NenQwoARtVqLSgSvZv0', 'types': ['locality', 'political']}], 'status': 'OK'}}"
382,neighborhoods_273,"south gate, CA","{'num_results': 1, 'error': None, 'data': {'results': [{'address_components': [{'long_name': 'South Gate', 'short_name': 'South Gate', 'types': ['locality', 'political']}, {'long_name': 'Los Angeles County', 'short_name': 'Los Angeles County', 'types': ['administrative_area_level_2', 'political']}, {'long_name': 'California', 'short_name': 'CA', 'types': ['administrative_area_level_1', 'political']}, {'long_name': 'United States', 'short_name': 'US', 'types': ['country', 'political']}, {'long_name': '90280', 'short_name': '90280', 'types': ['postal_code']}], 'formatted_address': 'South Gate, CA 90280, USA', 'geometry': {'bounds': {'northeast': {'lat': 33.966265, 'lng': -118.156237}, 'southwest': {'lat': 33.909917, 'lng': -118.231485}}, 'location': {'lat': 33.954737, 'lng': -118.2120161}, 'location_type': 'APPROXIMATE', 'viewport': {'northeast': {'lat': 33.966265, 'lng': -118.156237}, 'southwest': {'lat': 33.909917, 'lng': -118.231485}}}, 'place_id': 'ChIJH7dFoxHMwoAR0mrfGYQGQ5E', 'types': ['locality', 'political']}], 'status': 'OK'}}"
383,neighborhoods_274,"south park, CA","{'num_results': 1, 'error': None, 'data': {'results': [{'address_components': [{'long_name': 'South Park', 'short_name': 'South Park', 'types': ['neighborhood', 'political']}, {'long_name': 'San Diego', 'short_name': 'San Diego', 'types': ['locality', 'political']}, {'long_name': 'San Diego County', 'short_name': 'San Diego County', 'types': ['administrative_area_level_2', 'political']}, {'long_name': 'California', 'short_name': 'CA', 'types': ['administrative_area_level_1', 'political']}, {'long_name': 'United States', 'short_name': 'US', 'types': ['country', 'political']}], 'formatted_address': 'South Park, San Diego, CA, USA', 'geometry': {'bounds': {'northeast': {'lat': 32.7296749, 'lng': -117.1172619}, 'southwest': {'lat': 32.716131, 'lng': -117.133913}}, 'location': {'lat': 32.7247468, 'lng': -117.1294166}, 'location_type': 'APPROXIMATE', 'viewport': {'northeast': {'lat': 32.7296749, 'lng': -117.1172619}, 'southwest': {'lat': 32.716131, 'lng': -117.133913}}}, 'place_id': 'ChIJz0fW939U2YARTheDdl8MXV0', 'types': ['neighborhood', 'political']}], 'status': 'OK'}}"
384,neighborhoods_275,"south pasadena, CA","{'num_results': 1, 'error': None, 'data': {'results': [{'address_components': [{'long_name': 'South Pasadena', 'short_name': 'South Pasadena', 'types': ['locality', 'political']}, {'long_name': 'Los Angeles County', 'short_name': 'Los Angeles County', 'types': ['administrative_area_level_2', 'political']}, {'long_name': 'California', 'short_name': 'CA', 'types': ['administrative_area_level_1', 'political']}, {'long_name': 'United States', 'short_name': 'US', 'types': ['country', 'political']}, {'long_name': '91030', 'short_name': '91030', 'types': ['postal_code']}], 'formatted_address': 'South Pasadena, CA 91030, USA', 'geometry': {'bounds': {'northeast': {'lat': 34.125662, 'lng': -118.134694}, 'southwest': {'lat': 34.098595, 'lng': -118.177996}}, 'location': {'lat': 34.1161196, 'lng': -118.1503488}, 'location_type': 'APPROXIMATE', 'viewport': {'northeast': {'lat': 34.125662, 'lng': -118.134694}, 'southwest': {'lat': 34.098595, 'lng': -118.177996}}}, 'place_id': 'ChIJn1E36IrEwoARX8XYgRvgJ1I', 'types': ['locality', 'political']}], 'status': 'OK'}}"
385,neighborhoods_276,"south san gabriel, CA","{'num_results': 1, 'error': None, 'data': {'results': [{'address_components': [{'long_name': 'South San Gabriel', 'short_name': 'South San Gabriel', 'types': ['locality', 'political']}, {'long_name': 'Los Angeles County', 'short_name': 'Los Angeles County', 'types': ['administrative_area_level_2', 'political']}, {'long_name': 'California', 'short_name': 'CA', 'types': ['administrative_area_level_1', 'political']}, {'long_name': 'United States', 'short_name': 'US', 'types': ['country', 'political']}, {'long_name': '91770', 'short_name': '91770', 'types': ['postal_code']}], 'formatted_address': 'South San Gabriel, CA 91770, USA', 'geometry': {'bounds': {'northeast': {'lat': 34.0553731, 'lng': -118.081825}, 'southwest': {'lat': 34.040434, 'lng': -118.1080479}}, 'location': {'lat': 34.0492126, 'lng': -118.0949198}, 'location_type': 'APPROXIMATE', 'viewport': {'northeast': {'lat': 34.0553731, 'lng': -118.081825}, 'southwest': {'lat': 34.040434, 'lng': -118.1080479}}}, 'place_id': 'ChIJE7Bn1BDQwoARudgcvp7khaE', 'types': ['locality', 'political']}], 'status': 'OK'}}"
386,neighborhoods_277,"south san jose hills, CA","{'num_results': 1, 'error': None, 'data': {'results': [{'address_components': [{'long_name': 'South San Jose Hills', 'short_name': 'South San Jose Hills', 'types': ['locality', 'political']}, {'long_name': 'Los Angeles County', 'short_name': 'Los Angeles County', 'types': ['administrative_area_level_2', 'political']}, {'long_name': 'California', 'short_name': 'CA', 'types': ['administrative_area_level_1', 'political']}, {'long_name': 'United States', 'short_name': 'US', 'types': ['country', 'political']}], 'formatted_address': 'South San Jose Hills, CA, USA', 'geometry': {'bounds': {'northeast': {'lat': 34.026382, 'lng': -117.880072}, 'southwest': {'lat': 34.003416, 'lng': -117.9233559}}, 'location': {'lat': 34.0098285, 'lng': -117.9090408}, 'location_type': 'APPROXIMATE', 'viewport': {'northeast': {'lat': 34.026382, 'lng': -117.880072}, 'southwest': {'lat': 34.003416, 'lng': -117.9233559}}}, 'place_id': 'ChIJL2eMMhQqw4ARFy7oYlNmtZg', 'types': ['locality', 'political']}], 'status': 'OK'}}"
387,neighborhoods_278,"south whittier, CA","{'num_results': 1, 'error': None, 'data': {'results': [{'address_components': [{'long_name': 'South Whittier', 'short_name': 'South Whittier', 'types': ['locality', 'political']}, {'long_name': 'Los Angeles County', 'short_name': 'Los Angeles County', 'types': ['administrative_area_level_2', 'political']}, {'long_name': 'California', 'short_name': 'CA', 'types': ['administrative_area_level_1', 'political']}, {'long_name': 'United States', 'short_name': 'US', 'types': ['country', 'political']}], 'formatted_address': 'South Whittier, CA, USA', 'geometry': {'bounds': {'northeast': {'lat': 33.955344, 'lng': -118.000819}, 'southwest': {'lat': 33.916882, 'lng': -118.055205}}, 'location': {'lat': 33.9510283, 'lng': -118.0402852}, 'location_type': 'APPROXIMATE', 'viewport': {'northeast': {'lat': 33.955344, 'lng': -118.000819}, 'southwest': {'lat': 33.916882, 'lng': -118.055205}}}, 'place_id': 'ChIJG17Eb2jTwoARD972RkU3IP0', 'types': ['locality', 'political']}], 'status': 'OK'}}"
388,neighborhoods_279,"stevenson ranch, CA","{'num_results': 1, 'error': None, 'data': {'results': [{'address_components': [{'long_name': 'Stevenson Ranch', 'short_name': 'Stevenson Ranch', 'types': ['locality', 'political']}, {'long_name': 'Los Angeles County', 'short_name': 'Los Angeles County', 'types': ['administrative_area_level_2', 'political']}, {'long_name': 'California', 'short_name': 'CA', 'types': ['administrative_area_level_1', 'political']}, {'long_name': 'United States', 'short_name': 'US', 'types': ['country', 'political']}, {'long_name': '91381', 'short_name': '91381', 'types': ['postal_code']}], 'formatted_address': 'Stevenson Ranch, CA 91381, USA', 'geometry': {'bounds': {'northeast': {'lat': 34.417989, 'lng': -118.5607001}, 'southwest': {'lat': 34.3670579, 'lng': -118.6223051}}, 'location': {'lat': 34.3931105, 'lng': -118.5907538}, 'location_type': 'APPROXIMATE', 'viewport': {'northeast': {'lat': 34.417989, 'lng': -118.5607001}, 'southwest': {'lat': 34.3670579, 'lng': -118.6223051}}}, 'place_id': 'ChIJk9gjzVeAwoAReHogmOjXLgU', 'types': ['locality', 'political']}], 'status': 'OK'}}"
389,neighborhoods_280,"studio city, CA","{'num_results': 1, 'error': None, 'data': {'results': [{'address_components': [{'long_name': 'Studio City', 'short_name': 'Studio City', 'types': ['neighborhood', 'political']}, {'long_name': 'Los Angeles', 'short_name': 'Los Angeles', 'types': ['locality', 'political']}, {'long_name': 'Los Angeles County', 'short_name': 'Los Angeles County', 'types': ['administrative_area_level_2', 'political']}, {'long_name': 'California', 'short_name': 'CA', 'types': ['administrative_area_level_1', 'political']}, {'long_name': 'United States', 'short_name': 'US', 'types': ['country', 'political']}], 'formatted_address': 'Studio City, Los Angeles, CA, USA', 'geometry': {'bounds': {'northeast': {'lat': 34.1567959, 'lng': -118.3519512}, 'southwest': {'lat': 34.1190968, 'lng': -118.4225142}}, 'location': {'lat': 34.1435864, 'lng': -118.3952727}, 'location_type': 'APPROXIMATE', 'viewport': {'northeast': {'lat': 34.1567959, 'lng': -118.3519512}, 'southwest': {'lat': 34.1190968, 'lng': -118.4225142}}}, 'place_id': 'ChIJ9QK_aQm-woARDtBe_FLmNZA', 'types': ['neighborhood', 'political']}], 'status': 'OK'}}"
390,neighborhoods_281,"sunland, CA","{'num_results': 1, 'error': None, 'data': {'results': [{'address_components': [{'long_name': 'Sunland', 'short_name': 'Sunland', 'types': ['neighborhood', 'political']}, {'long_name': 'Los Angeles', 'short_name': 'Los Angeles', 'types': ['locality', 'political']}, {'long_name': 'Los Angeles County', 'short_name': 'Los Angeles County', 'types': ['administrative_area_level_2', 'political']}, {'long_name': 'California', 'short_name': 'CA', 'types': ['administrative_area_level_1', 'political']}, {'long_name': 'United States', 'short_name': 'US', 'types': ['country', 'political']}, {'long_name': '91040', 'short_name': '91040', 'types': ['postal_code']}], 'formatted_address': 'Sunland, Los Angeles, CA 91040, USA', 'geometry': {'bounds': {'northeast': {'lat': 34.2932638, 'lng': -118.2863256}, 'southwest': {'lat': 34.2481288, 'lng': -118.3381131}}, 'location': {'lat': 34.2596694, 'lng': -118.3114218}, 'location_type': 'APPROXIMATE', 'viewport': {'northeast': {'lat': 34.2932638, 'lng': -118.2863256}, 'southwest': {'lat': 34.2481288, 'lng': -118.3381131}}}, 'place_id': 'ChIJJ6DaMKuUwoARyppiMp9zu2E', 'types': ['neighborhood', 'political']}], 'status': 'OK'}}"
391,neighborhoods_282,"sun valley, CA","{'num_results': 1, 'error': None, 'data': {'results': [{'address_components': [{'long_name': 'Sun Valley', 'short_name': 'Sun Valley', 'types': ['neighborhood', 'political']}, {'long_name': 'Los Angeles', 'short_name': 'Los Angeles', 'types': ['locality', 'political']}, {'long_name': 'Los Angeles County', 'short_name': 'Los Angeles County', 'types': ['administrative_area_level_2', 'political']}, {'long_name': 'California', 'short_name': 'CA', 'types': ['administrative_area_level_1', 'political']}, {'long_name': 'United States', 'short_name': 'US', 'types': ['country', 'political']}], 'formatted_address': 'Sun Valley, Los Angeles, CA, USA', 'geometry': {'bounds': {'northeast': {'lat': 34.2523539, 'lng': -118.3413592}, 'southwest': {'lat': 34.2008928, 'lng': -118.4267743}}, 'location': {'lat': 34.2225413, 'lng': -118.3878208}, 'location_type': 'APPROXIMATE', 'viewport': {'northeast': {'lat': 34.2523539, 'lng': -118.3413592}, 'southwest': {'lat': 34.2008928, 'lng': -118.4267743}}}, 'place_id': 'ChIJ41W8cD-UwoARa9yZhNFXXYg', 'types': ['neighborhood', 'political']}], 'status': 'OK'}}"
392,neighborhoods_283,"sun village, CA","{'num_results': 1, 'error': None, 'data': {'results': [{'address_components': [{'long_name': 'Sun Village', 'short_name': 'Sun Village', 'types': ['locality', 'political']}, {'long_name': 'Los Angeles County', 'short_name': 'Los Angeles County', 'types': ['administrative_area_level_2', 'political']}, {'long_name': 'California', 'short_name': 'CA', 'types': ['administrative_area_level_1', 'political']}, {'long_name': 'United States', 'short_name': 'US', 'types': ['country', 'political']}], 'formatted_address': 'Sun Village, CA, USA', 'geometry': {'bounds': {'northeast': {'lat': 34.5873469, 'lng': -117.9162409}, 'southwest': {'lat': 34.52828, 'lng': -117.996945}}, 'location': {'lat': 34.5579731, 'lng': -117.9519666}, 'location_type': 'APPROXIMATE', 'viewport': {'northeast': {'lat': 34.5873469, 'lng': -117.9162409}, 'southwest': {'lat': 34.52828, 'lng': -117.996945}}}, 'place_id': 'ChIJBynEh7D_woARa4oiWy-hIAA', 'types': ['locality', 'political']}], 'status': 'OK'}}"
393,neighborhoods_284,"sylmar, CA","{'num_results': 1, 'error': None, 'data': {'results': [{'address_components': [{'long_name': 'Sylmar', 'short_name': 'Sylmar', 'types': ['neighborhood', 'political']}, {'long_name': 'Los Angeles', 'short_name': 'Los Angeles', 'types': ['locality', 'political']}, {'long_name': 'Los Angeles County', 'short_name': 'Los Angeles County', 'types': ['administrative_area_level_2', 'political']}, {'long_name': 'California', 'short_name': 'CA', 'types': ['administrative_area_level_1', 'political']}, {'long_name': 'United States', 'short_name': 'US', 'types': ['country', 'political']}], 'formatted_address': 'Sylmar, Los Angeles, CA, USA', 'geometry': {'bounds': {'northeast': {'lat': 34.3373108, 'lng': -118.3962754}, 'southwest': {'lat': 34.2792708, 'lng': -118.5077782}}, 'location': {'lat': 34.2994874, 'lng': -118.4588292}, 'location_type': 'APPROXIMATE', 'viewport': {'northeast': {'lat': 34.3373108, 'lng': -118.3962754}, 'southwest': {'lat': 34.2792708, 'lng': -118.5077782}}}, 'place_id': 'ChIJVdlNNCaQwoARpmARhUYseDY', 'types': ['neighborhood', 'political']}], 'status': 'OK'}}"
394,neighborhoods_285,"tarzana, CA","{'num_results': 1, 'error': None, 'data': {'results': [{'address_components': [{'long_name': 'Tarzana', 'short_name': 'Tarzana', 'types': ['neighborhood', 'political']}, {'long_name': 'Los Angeles', 'short_name': 'Los Angeles', 'types': ['locality', 'political']}, {'long_name': 'Los Angeles County', 'short_name': 'Los Angeles County', 'types': ['administrative_area_level_2', 'political']}, {'long_name': 'California', 'short_name': 'CA', 'types': ['administrative_area_level_1', 'political']}, {'long_name': 'United States', 'short_name': 'US', 'types': ['country', 'political']}], 'formatted_address': 'Tarzana, Los Angeles, CA, USA', 'geometry': {'bounds': {'northeast': {'lat': 34.1866097, 'lng': -118.5251412}, 'southwest': {'lat': 34.1258258, 'lng': -118.5689073}}, 'location': {'lat': 34.1722605, 'lng': -118.5447573}, 'location_type': 'APPROXIMATE', 'viewport': {'northeast': {'lat': 34.1866097, 'lng': -118.5251412}, 'southwest': {'lat': 34.1258258, 'lng': -118.5689073}}}, 'place_id': 'ChIJSzfwWiCZwoARmo8uvoxfa18', 'types': ['neighborhood', 'political']}], 'status': 'OK'}}"
395,neighborhoods_286,"temple city, CA","{'num_results': 1, 'error': None, 'data': {'results': [{'address_components': [{'long_name': 'Temple City', 'short_name': 'Temple City', 'types': ['locality', 'political']}, {'long_name': 'Los Angeles County', 'short_name': 'Los Angeles County', 'types': ['administrative_area_level_2', 'political']}, {'long_name': 'California', 'short_name': 'CA', 'types': ['administrative_area_level_1', 'political']}, {'long_name': 'United States', 'short_name': 'US', 'types': ['country', 'political']}], 'formatted_address': 'Temple City, CA, USA', 'geometry': {'bounds': {'northeast': {'lat': 34.1209961, 'lng': -118.02842}, 'southwest': {'lat': 34.0853589, 'lng': -118.0813779}}, 'location': {'lat': 34.1072305, 'lng': -118.0578456}, 'location_type': 'APPROXIMATE', 'viewport': {'northeast': {'lat': 34.1209961, 'lng': -118.02842}, 'southwest': {'lat': 34.0853589, 'lng': -118.0813779}}}, 'place_id': 'ChIJ5S-vG_3QwoAR3tuU4KHWU1Y', 'types': ['locality', 'political']}], 'status': 'OK'}}"
396,neighborhoods_287,"toluca lake, CA","{'num_results': 1, 'error': None, 'data': {'results': [{'address_components': [{'long_name': 'Toluca Lake', 'short_name': 'Toluca Lake', 'types': ['neighborhood', 'political']}, {'long_name': 'Los Angeles', 'short_name': 'Los Angeles', 'types': ['locality', 'political']}, {'long_name': 'Los Angeles County', 'short_name': 'Los Angeles County', 'types': ['administrative_area_level_2', 'political']}, {'long_name': 'California', 'short_name': 'CA', 'types': ['administrative_area_level_1', 'political']}, {'long_name': 'United States', 'short_name': 'US', 'types': ['country', 'political']}], 'formatted_address': 'Toluca Lake, Los Angeles, CA, USA', 'geometry': {'bounds': {'northeast': {'lat': 34.1649128, 'lng': -118.3451783}, 'southwest': {'lat': 34.1421848, 'lng': -118.3702412}}, 'location': {'lat': 34.1522225, 'lng': -118.3614667}, 'location_type': 'APPROXIMATE', 'viewport': {'northeast': {'lat': 34.1649128, 'lng': -118.3451783}, 'southwest': {'lat': 34.1421848, 'lng': -118.3702412}}}, 'place_id': 'ChIJHeib5jO-woARekf-TO20oyE', 'types': ['neighborhood', 'political']}], 'status': 'OK'}}"
397,neighborhoods_288,"topanga, CA","{'num_results': 1, 'error': None, 'data': {'results': [{'address_components': [{'long_name': 'Topanga', 'short_name': 'Topanga', 'types': ['neighborhood', 'political']}, {'long_name': 'Los Angeles County', 'short_name': 'Los Angeles County', 'types': ['administrative_area_level_2', 'political']}, {'long_name': 'California', 'short_name': 'CA', 'types': ['administrative_area_level_1', 'political']}, {'long_name': 'United States', 'short_name': 'US', 'types': ['country', 'political']}], 'formatted_address': 'Topanga, CA, USA', 'geometry': {'bounds': {'northeast': {'lat': 34.1472477, 'lng': -118.5647768}, 'southwest': {'lat': 34.0377108, 'lng': -118.651776}}, 'location': {'lat': 34.0900384, 'lng': -118.6050361}, 'location_type': 'APPROXIMATE', 'viewport': {'northeast': {'lat': 34.1472477, 'lng': -118.5647768}, 'southwest': {'lat': 34.0377108, 'lng': -118.651776}}}, 'place_id': 'ChIJ4d7gcdyhwoARTf9E9wDtgdU', 'types': ['neighborhood', 'political']}], 'status': 'OK'}}"
398,neighborhoods_289,"torrance, CA","{'num_results': 1, 'error': None, 'data': {'results': [{'address_components': [{'long_name': 'Torrance', 'short_name': 'Torrance', 'types': ['locality', 'political']}, {'long_name': 'Los Angeles County', 'short_name': 'Los Angeles County', 'types': ['administrative_area_level_2', 'political']}, {'long_name': 'California', 'short_name': 'CA', 'types': ['administrative_area_level_1', 'political']}, {'long_name': 'United States', 'short_name': 'US', 'types': ['country', 'political']}], 'formatted_address': 'Torrance, CA, USA', 'geometry': {'bounds': {'northeast': {'lat': 33.887061, 'lng': -118.308254}, 'southwest': {'lat': 33.78052, 'lng': -118.4832399}}, 'location': {'lat': 33.8369217, 'lng': -118.3407451}, 'location_type': 'APPROXIMATE', 'viewport': {'northeast': {'lat': 33.887061, 'lng': -118.308254}, 'southwest': {'lat': 33.78052, 'lng': -118.4832399}}}, 'place_id': 'ChIJ096zWNFK3YARHmYKTm7TS60', 'types': ['locality', 'political']}], 'status': 'OK'}}"
399,neighborhoods_290,"tujunga, CA","{'num_results': 1, 'error': None, 'data': {'results': [{'address_components': [{'long_name': 'Sunland', 'short_name': 'Sunland', 'types': ['neighborhood', 'political']}, {'long_name': 'Los Angeles', 'short_name': 'Los Angeles', 'types': ['locality', 'political']}, {'long_name': 'Los Angeles County', 'short_name': 'Los Angeles County', 'types': ['administrative_area_level_2', 'political']}, {'long_name': 'California', 'short_name': 'CA', 'types': ['administrative_area_level_1', 'political']}, {'long_name': 'United States', 'short_name': 'US', 'types': ['country', 'political']}, {'long_name': '91040', 'short_name': '91040', 'types': ['postal_code']}], 'formatted_address': 'Sunland, Los Angeles, CA 91040, USA', 'geometry': {'bounds': {'northeast': {'lat': 34.2932638, 'lng': -118.2863256}, 'southwest': {'lat': 34.2481288, 'lng': -118.3381131}}, 'location': {'lat': 34.2596694, 'lng': -118.3114218}, 'location_type': 'APPROXIMATE', 'viewport': {'northeast': {'lat': 34.2932638, 'lng': -118.2863256}, 'southwest': {'lat': 34.2481288, 'lng': -118.3381131}}}, 'place_id': 'ChIJJ6DaMKuUwoARyppiMp9zu2E', 'types': ['neighborhood', 'political']}], 'status': 'OK'}}"
400,neighborhoods_291,"tujunga canyons, CA","{'num_results': 1, 'error': None, 'data': {'results': [{'address_components': [{'long_name': 'Big Tujunga Creek', 'short_name': 'Big Tujunga Creek', 'types': ['establishment', 'natural_feature']}, {'long_name': 'Los Angeles', 'short_name': 'Los Angeles', 'types': ['locality', 'political']}, {'long_name': 'Los Angeles County', 'short_name': 'Los Angeles County', 'types': ['administrative_area_level_2', 'political']}, {'long_name': 'California', 'short_name': 'CA', 'types': ['administrative_area_level_1', 'political']}, {'long_name': 'United States', 'short_name': 'US', 'types': ['country', 'political']}], 'formatted_address': 'Big Tujunga Creek, Los Angeles, CA, USA', 'geometry': {'bounds': {'northeast': {'lat': 34.2750775, 'lng': -118.3255563}, 'southwest': {'lat': 34.2650125, 'lng': -118.3505779}}, 'location': {'lat': 34.2700450318349, 'lng': -118.3380671158641}, 'location_type': 'APPROXIMATE', 'viewport': {'northeast': {'lat': 34.2750775, 'lng': -118.3255563}, 'southwest': {'lat': 34.2650125, 'lng': -118.3505779}}}, 'place_id': 'ChIJI_peDqCTwoAR1yPrzBVdVU4', 'types': ['establishment', 'natural_feature']}], 'status': 'OK'}}"
401,neighborhoods_292,"unincorporated catalina island, CA","{'num_results': 1, 'error': None, 'data': {'results': [{'address_components': [{'long_name': 'Santa Catalina Island', 'short_name': 'Santa Catalina Island', 'types': ['establishment', 'natural_feature']}, {'long_name': 'Los Angeles County', 'short_name': 'Los Angeles County', 'types': ['administrative_area_level_2', 'political']}, {'long_name': 'California', 'short_name': 'CA', 'types': ['administrative_area_level_1', 'political']}, {'long_name': 'United States', 'short_name': 'US', 'types': ['country', 'political']}, {'long_name': '90704', 'short_name': '90704', 'types': ['postal_code']}], 'formatted_address': 'Santa Catalina Island, California 90704, USA', 'geometry': {'bounds': {'northeast': {'lat': 33.47900250000001, 'lng': -118.3035646}, 'southwest': {'lat': 33.2989672, 'lng': -118.6063219}}, 'location': {'lat': 33.3878856, 'lng': -118.4163103}, 'location_type': 'APPROXIMATE', 'viewport': {'northeast': {'lat': 33.47900250000001, 'lng': -118.3035646}, 'southwest': {'lat': 33.2989672, 'lng': -118.6063219}}}, 'partial_match': True, 'place_id': 'ChIJJYvheyNv3YARqw71xdWjWT4', 'types': ['establishment', 'natural_feature']}], 'status': 'OK'}}"
402,neighborhoods_293,"unincorporated santa monica mountains, CA","{'num_results': 1, 'error': None, 'data': {'results': [{'address_components': [{'long_name': 'Santa Monica Mountains', 'short_name': 'Santa Monica Mountains', 'types': ['establishment', 'natural_feature']}, {'long_name': 'Ventura County', 'short_name': 'Ventura County', 'types': ['administrative_area_level_2', 'political']}, {'long_name': 'California', 'short_name': 'CA', 'types': ['administrative_area_level_1', 'political']}, {'long_name': 'United States', 'short_name': 'US', 'types': ['country', 'political']}, {'long_name': '91361', 'short_name': '91361', 'types': ['postal_code']}], 'formatted_address': 'Santa Monica Mountains, California 91361, USA', 'geometry': {'location': {'lat': 34.1203, 'lng': -118.9318}, 'location_type': 'APPROXIMATE', 'viewport': {'northeast': {'lat': 34.1216489802915, 'lng': -118.9304510197085}, 'southwest': {'lat': 34.1189510197085, 'lng': -118.9331489802915}}}, 'partial_match': True, 'place_id': 'ChIJxwqnSMA76IARR97SiN3nGzc', 'types': ['establishment', 'natural_feature']}], 'status': 'OK'}}"
403,neighborhoods_294,"unincorporated santa susana mountains, CA","{'num_results': 1, 'error': None, 'data': {'results': [{'address_components': [{'long_name': 'Santa Susana Mountains', 'short_name': 'Santa Susana Mountains', 'types': ['establishment', 'natural_feature']}, {'long_name': 'Los Angeles County', 'short_name': 'Los Angeles County', 'types': ['administrative_area_level_2', 'political']}, {'long_name': 'California', 'short_name': 'CA', 'types': ['administrative_area_level_1', 'political']}, {'long_name': 'United States', 'short_name': 'US', 'types': ['country', 'political']}, {'long_name': '91311', 'short_name': '91311', 'types': ['postal_code']}], 'formatted_address': 'Santa Susana Mountains, California 91311, USA', 'geometry': {'location': {'lat': 34.3333332, 'lng': -118.6009211}, 'location_type': 'APPROXIMATE', 'viewport': {'northeast': {'lat': 34.33468218029149, 'lng': -118.5995721197085}, 'southwest': {'lat': 34.3319842197085, 'lng': -118.6022700802915}}}, 'partial_match': True, 'place_id': 'ChIJNSWEUuiDwoAR21FBOqyYkUQ', 'types': ['establishment', 'natural_feature']}], 'status': 'OK'}}"
404,neighborhoods_295,"universal city, CA","{'num_results': 1, 'error': None, 'data': {'results': [{'address_components': [{'long_name': 'Universal City', 'short_name': 'Universal City', 'types': ['neighborhood', 'political']}, {'long_name': 'Los Angeles', 'short_name': 'Los Angeles', 'types': ['locality', 'political']}, {'long_name': 'Los Angeles County', 'short_name': 'Los Angeles County', 'types': ['administrative_area_level_2', 'political']}, {'long_name': 'California', 'short_name': 'CA', 'types': ['administrative_area_level_1', 'political']}, {'long_name': 'United States', 'short_name': 'US', 'types': ['country', 'political']}], 'formatted_address': 'Universal City, Los Angeles, CA, USA', 'geometry': {'bounds': {'northeast': {'lat': 34.1432688, 'lng': -118.3432441}, 'southwest': {'lat': 34.131548, 'lng': -118.3624646}}, 'location': {'lat': 34.1397694, 'lng': -118.3505779}, 'location_type': 'APPROXIMATE', 'viewport': {'northeast': {'lat': 34.1432688, 'lng': -118.3432441}, 'southwest': {'lat': 34.131548, 'lng': -118.3624646}}}, 'place_id': 'ChIJgbqKQEm-woARJM6ebUSUUVk', 'types': ['neighborhood', 'political']}], 'status': 'OK'}}"
405,neighborhoods_296,"university park, CA","{'num_results': 1, 'error': None, 'data': {'results': [{'address_components': [{'long_name': 'University Park', 'short_name': 'University Park', 'types': ['neighborhood', 'political']}, {'long_name': 'Los Angeles', 'short_name': 'Los Angeles', 'types': ['locality', 'political']}, {'long_name': 'Los Angeles County', 'short_name': 'Los Angeles County', 'types': ['administrative_area_level_2', 'political']}, {'long_name': 'California', 'short_name': 'CA', 'types': ['administrative_area_level_1', 'political']}, {'long_name': 'United States', 'short_name': 'US', 'types': ['country', 'political']}], 'formatted_address': 'University Park, Los Angeles, CA, USA', 'geometry': {'bounds': {'northeast': {'lat': 34.0378218, 'lng': -118.2742952}, 'southwest': {'lat': 34.0183558, 'lng': -118.2915611}}, 'location': {'lat': 34.0273396, 'lng': -118.2840095}, 'location_type': 'APPROXIMATE', 'viewport': {'northeast': {'lat': 34.0378218, 'lng': -118.2742952}, 'southwest': {'lat': 34.0183558, 'lng': -118.2915611}}}, 'place_id': 'ChIJE5KYDunHwoARO4IgFA2pu44', 'types': ['neighborhood', 'political']}], 'status': 'OK'}}"
406,neighborhoods_297,"valinda, CA","{'num_results': 1, 'error': None, 'data': {'results': [{'address_components': [{'long_name': 'Valinda', 'short_name': 'Valinda', 'types': ['locality', 'political']}, {'long_name': 'Los Angeles County', 'short_name': 'Los Angeles County', 'types': ['administrative_area_level_2', 'political']}, {'long_name': 'California', 'short_name': 'CA', 'types': ['administrative_area_level_1', 'political']}, {'long_name': 'United States', 'short_name': 'US', 'types': ['country', 'political']}], 'formatted_address': 'Valinda, CA, USA', 'geometry': {'bounds': {'northeast': {'lat': 34.052342, 'lng': -117.9124581}, 'southwest': {'lat': 34.02468, 'lng': -117.948901}}, 'location': {'lat': 34.0452924, 'lng': -117.9430983}, 'location_type': 'APPROXIMATE', 'viewport': {'northeast': {'lat': 34.052342, 'lng': -117.9124581}, 'southwest': {'lat': 34.02468, 'lng': -117.948901}}}, 'place_id': 'ChIJlY4NTRnWwoAR9Bry4j5EDXE', 'types': ['locality', 'political']}], 'status': 'OK'}}"
407,neighborhoods_298,"valley glen, CA","{'num_results': 1, 'error': None, 'data': {'results': [{'address_components': [{'long_name': 'Valley Glen', 'short_name': 'Valley Glen', 'types': ['neighborhood', 'political']}, {'long_name': 'Los Angeles', 'short_name': 'Los Angeles', 'types': ['locality', 'political']}, {'long_name': 'Los Angeles County', 'short_name': 'Los Angeles County', 'types': ['administrative_area_level_2', 'political']}, {'long_name': 'California', 'short_name': 'CA', 'types': ['administrative_area_level_1', 'political']}, {'long_name': 'United States', 'short_name': 'US', 'types': ['country', 'political']}], 'formatted_address': 'Valley Glen, Los Angeles, CA, USA', 'geometry': {'bounds': {'northeast': {'lat': 34.2071377, 'lng': -118.3891233}, 'southwest': {'lat': 34.1721268, 'lng': -118.4399983}}, 'location': {'lat': 34.1866903, 'lng': -118.4225597}, 'location_type': 'APPROXIMATE', 'viewport': {'northeast': {'lat': 34.2071377, 'lng': -118.3891233}, 'southwest': {'lat': 34.1721268, 'lng': -118.4399983}}}, 'place_id': 'ChIJr1bGbIqWwoARbUHdoW93RR0', 'types': ['neighborhood', 'political']}], 'status': 'OK'}}"
408,neighborhoods_299,"valley village, CA","{'num_results': 1, 'error': None, 'data': {'results': [{'address_components': [{'long_name': 'Valley Village', 'short_name': 'Valley Village', 'types': ['neighborhood', 'political']}, {'long_name': 'Los Angeles', 'short_name': 'Los Angeles', 'types': ['locality', 'political']}, {'long_name': 'Los Angeles County', 'short_name': 'Los Angeles County', 'types': ['administrative_area_level_2', 'political']}, {'long_name': 'California', 'short_name': 'CA', 'types': ['administrative_area_level_1', 'political']}, {'long_name': 'United States', 'short_name': 'US', 'types': ['country', 'political']}], 'formatted_address': 'Valley Village, Los Angeles, CA, USA', 'geometry': {'bounds': {'northeast': {'lat': 34.1721528, 'lng': -118.3776863}, 'southwest': {'lat': 34.1544507, 'lng': -118.4140332}}, 'location': {'lat': 34.1648781, 'lng': -118.3965123}, 'location_type': 'APPROXIMATE', 'viewport': {'northeast': {'lat': 34.1721528, 'lng': -118.3776863}, 'southwest': {'lat': 34.1544507, 'lng': -118.4140332}}}, 'place_id': 'ChIJRVAs-vuVwoARZib9HQ1JZsM', 'types': ['neighborhood', 'political']}], 'status': 'OK'}}"
409,neighborhoods_300,"val verde, CA","{'num_results': 1, 'error': None, 'data': {'results': [{'address_components': [{'long_name': 'Val Verde', 'short_name': 'Val Verde', 'types': ['locality', 'political']}, {'long_name': 'Los Angeles County', 'short_name': 'Los Angeles County', 'types': ['administrative_area_level_2', 'political']}, {'long_name': 'California', 'short_name': 'CA', 'types': ['administrative_area_level_1', 'political']}, {'long_name': 'United States', 'short_name': 'US', 'types': ['country', 'political']}, {'long_name': '91384', 'short_name': '91384', 'types': ['postal_code']}], 'formatted_address': 'Val Verde, CA 91384, USA', 'geometry': {'bounds': {'northeast': {'lat': 34.46626, 'lng': -118.6489641}, 'southwest': {'lat': 34.4382391, 'lng': -118.694087}}, 'location': {'lat': 34.4449952, 'lng': -118.657589}, 'location_type': 'APPROXIMATE', 'viewport': {'northeast': {'lat': 34.46626, 'lng': -118.6489641}, 'southwest': {'lat': 34.4382391, 'lng': -118.694087}}}, 'place_id': 'ChIJCwGPIJp_woARPkcT4kqRZjE', 'types': ['locality', 'political']}], 'status': 'OK'}}"
410,neighborhoods_301,"van nuys, CA","{'num_results': 1, 'error': None, 'data': {'results': [{'address_components': [{'long_name': 'Van Nuys', 'short_name': 'Van Nuys', 'types': ['neighborhood', 'political']}, {'long_name': 'Los Angeles', 'short_name': 'Los Angeles', 'types': ['locality', 'political']}, {'long_name': 'Los Angeles County', 'short_name': 'Los Angeles County', 'types': ['administrative_area_level_2', 'political']}, {'long_name': 'California', 'short_name': 'CA', 'types': ['administrative_area_level_1', 'political']}, {'long_name': 'United States', 'short_name': 'US', 'types': ['country', 'political']}], 'formatted_address': 'Van Nuys, Los Angeles, CA, USA', 'geometry': {'bounds': {'northeast': {'lat': 34.2214218, 'lng': -118.4267452}, 'southwest': {'lat': 34.1793896, 'lng': -118.5013553}}, 'location': {'lat': 34.2012166, 'lng': -118.466222}, 'location_type': 'APPROXIMATE', 'viewport': {'northeast': {'lat': 34.2214218, 'lng': -118.4267452}, 'southwest': {'lat': 34.1793896, 'lng': -118.5013553}}}, 'place_id': 'ChIJa-i6-hqXwoARSIjZDHu_cMg', 'types': ['neighborhood', 'political']}], 'status': 'OK'}}"
411,neighborhoods_302,"venice, CA","{'num_results': 1, 'error': None, 'data': {'results': [{'address_components': [{'long_name': 'Venice', 'short_name': 'Venice', 'types': ['neighborhood', 'political']}, {'long_name': 'Los Angeles', 'short_name': 'Los Angeles', 'types': ['locality', 'political']}, {'long_name': 'Los Angeles County', 'short_name': 'Los Angeles County', 'types': ['administrative_area_level_2', 'political']}, {'long_name': 'California', 'short_name': 'CA', 'types': ['administrative_area_level_1', 'political']}, {'long_name': 'United States', 'short_name': 'US', 'types': ['country', 'political']}], 'formatted_address': 'Venice, Los Angeles, CA, USA', 'geometry': {'bounds': {'northeast': {'lat': 34.0098859, 'lng': -118.4416162}, 'southwest': {'lat': 33.961905, 'lng': -118.4834853}}, 'location': {'lat': 33.994091, 'lng': -118.4527302}, 'location_type': 'APPROXIMATE', 'viewport': {'northeast': {'lat': 34.0098859, 'lng': -118.4416162}, 'southwest': {'lat': 33.961905, 'lng': -118.4834853}}}, 'navigation_points': [{'location': {'latitude': 33.9850483, 'longitude': -118.4694806}}], 'place_id': 'ChIJXWhSMMC6woARPI1cDbQBEY8', 'types': ['neighborhood', 'political']}], 'status': 'OK'}}"
412,neighborhoods_303,"vermont knolls, CA","{'num_results': 1, 'error': None, 'data': {'results': [{'address_components': [{'long_name': 'Vermont Knolls', 'short_name': 'Vermont Knolls', 'types': ['neighborhood', 'political']}, {'long_name': 'Los Angeles', 'short_name': 'Los Angeles', 'types': ['locality', 'political']}, {'long_name': 'Los Angeles County', 'short_name': 'Los Angeles County', 'types': ['administrative_area_level_2', 'political']}, {'long_name': 'California', 'short_name': 'CA', 'types': ['administrative_area_level_1', 'political']}, {'long_name': 'United States', 'short_name': 'US', 'types': ['country', 'political']}], 'formatted_address': 'Vermont Knolls, Los Angeles, CA, USA', 'geometry': {'bounds': {'northeast': {'lat': 33.9746698, 'lng': -118.2807191}, 'southwest': {'lat': 33.9594857, 'lng': -118.300301}}, 'location': {'lat': 33.9636301, 'lng': -118.2917021}, 'location_type': 'APPROXIMATE', 'viewport': {'northeast': {'lat': 33.9746698, 'lng': -118.2807191}, 'southwest': {'lat': 33.9594857, 'lng': -118.300301}}}, 'place_id': 'ChIJzTiClQTKwoARSOxYeu2UYn0', 'types': ['neighborhood', 'political']}], 'status': 'OK'}}"
413,neighborhoods_304,"vermont-slauson, CA","{'num_results': 1, 'error': None, 'data': {'results': [{'address_components': [{'long_name': 'Vermont-Slauson', 'short_name': 'Vermont-Slauson', 'types': ['neighborhood', 'political']}, {'long_name': 'Los Angeles', 'short_name': 'Los Angeles', 'types': ['locality', 'political']}, {'long_name': 'Los Angeles County', 'short_name': 'Los Angeles County', 'types': ['administrative_area_level_2', 'political']}, {'long_name': 'California', 'short_name': 'CA', 'types': ['administrative_area_level_1', 'political']}, {'long_name': 'United States', 'short_name': 'US', 'types': ['country', 'political']}], 'formatted_address': 'Vermont-Slauson, Los Angeles, CA, USA', 'geometry': {'bounds': {'northeast': {'lat': 33.9933018, 'lng': -118.280402}, 'southwest': {'lat': 33.9745818, 'lng': -118.300301}}, 'location': {'lat': 33.9891372, 'lng': -118.287114}, 'location_type': 'APPROXIMATE', 'viewport': {'northeast': {'lat': 33.9933018, 'lng': -118.280402}, 'southwest': {'lat': 33.9745818, 'lng': -118.300301}}}, 'place_id': 'ChIJ-TdXGCbIwoARyhCDwmiWQDM', 'types': ['neighborhood', 'political']}], 'status': 'OK'}}"
414,neighborhoods_305,"vermont square, CA","{'num_results': 1, 'error': None, 'data': {'results': [{'address_components': [{'long_name': 'Vermont Square', 'short_name': 'Vermont Square', 'types': ['neighborhood', 'political']}, {'long_name': 'Los Angeles', 'short_name': 'Los Angeles', 'types': ['locality', 'political']}, {'long_name': 'Los Angeles County', 'short_name': 'Los Angeles County', 'types': ['administrative_area_level_2', 'political']}, {'long_name': 'California', 'short_name': 'CA', 'types': ['administrative_area_level_1', 'political']}, {'long_name': 'United States', 'short_name': 'US', 'types': ['country', 'political']}], 'formatted_address': 'Vermont Square, Los Angeles, CA, USA', 'geometry': {'bounds': {'northeast': {'lat': 34.0111479, 'lng': -118.2805021}, 'southwest': {'lat': 33.9932208, 'lng': -118.3171351}}, 'location': {'lat': 34.0037118, 'lng': -118.3002231}, 'location_type': 'APPROXIMATE', 'viewport': {'northeast': {'lat': 34.0111479, 'lng': -118.2805021}, 'southwest': {'lat': 33.9932208, 'lng': -118.3171351}}}, 'place_id': 'ChIJq7UlieS3woARcRyxqZVdVlg', 'types': ['neighborhood', 'political']}], 'status': 'OK'}}"
415,neighborhoods_306,"vermont vista, CA","{'num_results': 1, 'error': None, 'data': {'results': [{'address_components': [{'long_name': 'Vermont Vista', 'short_name': 'Vermont Vista', 'types': ['neighborhood', 'political']}, {'long_name': 'Los Angeles', 'short_name': 'Los Angeles', 'types': ['locality', 'political']}, {'long_name': 'Los Angeles County', 'short_name': 'Los Angeles County', 'types': ['administrative_area_level_2', 'political']}, {'long_name': 'California', 'short_name': 'CA', 'types': ['administrative_area_level_1', 'political']}, {'long_name': 'United States', 'short_name': 'US', 'types': ['country', 'political']}], 'formatted_address': 'Vermont Vista, Los Angeles, CA, USA', 'geometry': {'bounds': {'northeast': {'lat': 33.9600849, 'lng': -118.279372}, 'southwest': {'lat': 33.9236897, 'lng': -118.2916531}}, 'location': {'lat': 33.9455373, 'lng': -118.2826272}, 'location_type': 'APPROXIMATE', 'viewport': {'northeast': {'lat': 33.9600849, 'lng': -118.279372}, 'southwest': {'lat': 33.9236897, 'lng': -118.2916531}}}, 'place_id': 'ChIJj7Sb2ejJwoARwO1BckAnZbM', 'types': ['neighborhood', 'political']}], 'status': 'OK'}}"
416,neighborhoods_307,"vernon, CA","{'num_results': 1, 'error': None, 'data': {'results': [{'address_components': [{'long_name': 'Vernon', 'short_name': 'Vernon', 'types': ['locality', 'political']}, {'long_name': 'Los Angeles County', 'short_name': 'Los Angeles County', 'types': ['administrative_area_level_2', 'political']}, {'long_name': 'California', 'short_name': 'CA', 'types': ['administrative_area_level_1', 'political']}, {'long_name': 'United States', 'short_name': 'US', 'types': ['country', 'political']}], 'formatted_address': 'Vernon, CA, USA', 'geometry': {'bounds': {'northeast': {'lat': 34.015636, 'lng': -118.1701219}, 'southwest': {'lat': 33.9830941, 'lng': -118.2397449}}, 'location': {'lat': 34.003903, 'lng': -118.230073}, 'location_type': 'APPROXIMATE', 'viewport': {'northeast': {'lat': 34.015636, 'lng': -118.1701219}, 'southwest': {'lat': 33.9830941, 'lng': -118.2397449}}}, 'place_id': 'ChIJr-7gz9PIwoARk3YHNju1ZSE', 'types': ['locality', 'political']}], 'status': 'OK'}}"
417,neighborhoods_308,"veterans administration, CA","{'num_results': 1, 'error': None, 'data': {'results': [{'address_components': [{'long_name': 'California', 'short_name': 'CA', 'types': ['administrative_area_level_1', 'political']}, {'long_name': 'United States', 'short_name': 'US', 'types': ['country', 'political']}], 'formatted_address': 'California, USA', 'geometry': {'bounds': {'northeast': {'lat': 42.009503, 'lng': -114.131211}, 'southwest': {'lat': 32.528832, 'lng': -124.482003}}, 'location': {'lat': 36.778261, 'lng': -119.4179324}, 'location_type': 'APPROXIMATE', 'viewport': {'northeast': {'lat': 42.009503, 'lng': -114.131211}, 'southwest': {'lat': 32.528832, 'lng': -124.482003}}}, 'partial_match': True, 'place_id': 'ChIJPV4oX_65j4ARVW8IJ6IJUYs', 'types': ['administrative_area_level_1', 'political']}], 'status': 'OK'}}"
418,neighborhoods_309,"view park-windsor hills, CA","{'num_results': 1, 'error': None, 'data': {'results': [{'address_components': [{'long_name': 'View Park-Windsor Hills', 'short_name': 'View Park-Windsor Hills', 'types': ['locality', 'political']}, {'long_name': 'South Los Angeles', 'short_name': 'South Los Angeles', 'types': ['neighborhood', 'political']}, {'long_name': 'Los Angeles County', 'short_name': 'Los Angeles County', 'types': ['administrative_area_level_2', 'political']}, {'long_name': 'California', 'short_name': 'CA', 'types': ['administrative_area_level_1', 'political']}, {'long_name': 'United States', 'short_name': 'US', 'types': ['country', 'political']}], 'formatted_address': 'View Park-Windsor Hills, CA, USA', 'geometry': {'bounds': {'northeast': {'lat': 34.0082579, 'lng': -118.331485}, 'southwest': {'lat': 33.983034, 'lng': -118.3656339}}, 'location': {'lat': 33.9942689, 'lng': -118.344711}, 'location_type': 'APPROXIMATE', 'viewport': {'northeast': {'lat': 34.0082579, 'lng': -118.331485}, 'southwest': {'lat': 33.983034, 'lng': -118.3656339}}}, 'place_id': 'ChIJqdhP9nm3woARWErHu4NVNCU', 'types': ['locality', 'political']}], 'status': 'OK'}}"
419,neighborhoods_310,"vincent, CA","{'num_results': 1, 'error': None, 'data': {'results': [{'address_components': [{'long_name': 'Vincent', 'short_name': 'Vincent', 'types': ['locality', 'political']}, {'long_name': 'Los Angeles County', 'short_name': 'Los Angeles County', 'types': ['administrative_area_level_2', 'political']}, {'long_name': 'California', 'short_name': 'CA', 'types': ['administrative_area_level_1', 'political']}, {'long_name': 'United States', 'short_name': 'US', 'types': ['country', 'political']}], 'formatted_address': 'Vincent, CA, USA', 'geometry': {'bounds': {'northeast': {'lat': 34.1143209, 'lng': -117.907733}, 'southwest': {'lat': 34.08471790000001, 'lng': -117.942028}}, 'location': {'lat': 34.0982802, 'lng': -117.9227605}, 'location_type': 'APPROXIMATE', 'viewport': {'northeast': {'lat': 34.1143209, 'lng': -117.907733}, 'southwest': {'lat': 34.08471790000001, 'lng': -117.942028}}}, 'place_id': 'ChIJRcgdYAIow4ARieMRoowc1wI', 'types': ['locality', 'political']}], 'status': 'OK'}}"
420,neighborhoods_311,"walnut, CA","{'num_results': 1, 'error': None, 'data': {'results': [{'address_components': [{'long_name': 'Walnut', 'short_name': 'Walnut', 'types': ['locality', 'political']}, {'long_name': 'Los Angeles County', 'short_name': 'Los Angeles County', 'types': ['administrative_area_level_2', 'political']}, {'long_name': 'California', 'short_name': 'CA', 'types': ['administrative_area_level_1', 'political']}, {'long_name': 'United States', 'short_name': 'US', 'types': ['country', 'political']}], 'formatted_address': 'Walnut, CA, USA', 'geometry': {'bounds': {'northeast': {'lat': 34.0624779, 'lng': -117.824606}, 'southwest': {'lat': 34.002645, 'lng': -117.8957359}}, 'location': {'lat': 34.0202894, 'lng': -117.8653386}, 'location_type': 'APPROXIMATE', 'viewport': {'northeast': {'lat': 34.0624779, 'lng': -117.824606}, 'southwest': {'lat': 34.002645, 'lng': -117.8957359}}}, 'navigation_points': [{'location': {'latitude': 34.02027, 'longitude': -117.8653276}}], 'place_id': 'ChIJMyel7Zcrw4AReYg0hj99Lq8', 'types': ['locality', 'political']}], 'status': 'OK'}}"
421,neighborhoods_312,"walnut park, CA","{'num_results': 1, 'error': None, 'data': {'results': [{'address_components': [{'long_name': 'Walnut Park', 'short_name': 'Walnut Park', 'types': ['locality', 'political']}, {'long_name': 'Los Angeles County', 'short_name': 'Los Angeles County', 'types': ['administrative_area_level_2', 'political']}, {'long_name': 'California', 'short_name': 'CA', 'types': ['administrative_area_level_1', 'political']}, {'long_name': 'United States', 'short_name': 'US', 'types': ['country', 'political']}, {'long_name': '90255', 'short_name': '90255', 'types': ['postal_code']}], 'formatted_address': 'Walnut Park, CA 90255, USA', 'geometry': {'bounds': {'northeast': {'lat': 33.974745, 'lng': -118.210738}, 'southwest': {'lat': 33.9590289, 'lng': -118.230233}}, 'location': {'lat': 33.9688867, 'lng': -118.2224284}, 'location_type': 'APPROXIMATE', 'viewport': {'northeast': {'lat': 33.974745, 'lng': -118.210738}, 'southwest': {'lat': 33.9590289, 'lng': -118.230233}}}, 'place_id': 'ChIJ987UTkbJwoARj1_SMmzquWk', 'types': ['locality', 'political']}], 'status': 'OK'}}"
422,neighborhoods_313,"watts, CA","{'num_results': 1, 'error': None, 'data': {'results': [{'address_components': [{'long_name': 'Watts', 'short_name': 'Watts', 'types': ['neighborhood', 'political']}, {'long_name': 'Los Angeles', 'short_name': 'Los Angeles', 'types': ['locality', 'political']}, {'long_name': 'Los Angeles County', 'short_name': 'Los Angeles County', 'types': ['administrative_area_level_2', 'political']}, {'long_name': 'California', 'short_name': 'CA', 'types': ['administrative_area_level_1', 'political']}, {'long_name': 'United States', 'short_name': 'US', 'types': ['country', 'political']}], 'formatted_address': 'Watts, Los Angeles, CA, USA', 'geometry': {'bounds': {'northeast': {'lat': 33.9542715, 'lng': -118.2286582}, 'southwest': {'lat': 33.9289962, 'lng': -118.25428}}, 'location': {'lat': 33.9432188, 'lng': -118.2435083}, 'location_type': 'APPROXIMATE', 'viewport': {'northeast': {'lat': 33.9542715, 'lng': -118.2286582}, 'southwest': {'lat': 33.9289962, 'lng': -118.25428}}}, 'place_id': 'ChIJe68sc3rJwoARyOf6EPtoOH0', 'types': ['neighborhood', 'political']}], 'status': 'OK'}}"
423,neighborhoods_314,"west adams, CA","{'num_results': 1, 'error': None, 'data': {'results': [{'address_components': [{'long_name': 'West Adams', 'short_name': 'West Adams', 'types': ['neighborhood', 'political']}, {'long_name': 'Los Angeles', 'short_name': 'Los Angeles', 'types': ['locality', 'political']}, {'long_name': 'Los Angeles County', 'short_name': 'Los Angeles County', 'types': ['administrative_area_level_2', 'political']}, {'long_name': 'California', 'short_name': 'CA', 'types': ['administrative_area_level_1', 'political']}, {'long_name': 'United States', 'short_name': 'US', 'types': ['country', 'political']}], 'formatted_address': 'West Adams, Los Angeles, CA, USA', 'geometry': {'bounds': {'northeast': {'lat': 34.0367182, 'lng': -118.2915573}, 'southwest': {'lat': 34.0254766, 'lng': -118.3090236}}, 'location': {'lat': 34.0327118, 'lng': -118.3002738}, 'location_type': 'APPROXIMATE', 'viewport': {'northeast': {'lat': 34.0367182, 'lng': -118.2915573}, 'southwest': {'lat': 34.0254766, 'lng': -118.3090236}}}, 'place_id': 'ChIJC8YRGqS5woAR00M9x1yvpdY', 'types': ['neighborhood', 'political']}], 'status': 'OK'}}"
424,neighborhoods_315,"west carson, CA","{'num_results': 1, 'error': None, 'data': {'results': [{'address_components': [{'long_name': 'West Carson', 'short_name': 'West Carson', 'types': ['locality', 'political']}, {'long_name': 'Los Angeles County', 'short_name': 'Los Angeles County', 'types': ['administrative_area_level_2', 'political']}, {'long_name': 'California', 'short_name': 'CA', 'types': ['administrative_area_level_1', 'political']}, {'long_name': 'United States', 'short_name': 'US', 'types': ['country', 'political']}], 'formatted_address': 'West Carson, CA, USA', 'geometry': {'bounds': {'northeast': {'lat': 33.846349, 'lng': -118.2849171}, 'southwest': {'lat': 33.7977609, 'lng': -118.2996379}}, 'location': {'lat': 33.8216836, 'lng': -118.2925722}, 'location_type': 'APPROXIMATE', 'viewport': {'northeast': {'lat': 33.846349, 'lng': -118.2849171}, 'southwest': {'lat': 33.7977609, 'lng': -118.2996379}}}, 'place_id': 'ChIJ4TCQh2M13YARqCaciUQehkk', 'types': ['locality', 'political']}], 'status': 'OK'}}"
425,neighborhoods_316,"westchester, CA","{'num_results': 1, 'error': None, 'data': {'results': [{'address_components': [{'long_name': 'Westchester', 'short_name': 'Westchester', 'types': ['neighborhood', 'political']}, {'long_name': 'Los Angeles', 'short_name': 'Los Angeles', 'types': ['locality', 'political']}, {'long_name': 'Los Angeles County', 'short_name': 'Los Angeles County', 'types': ['administrative_area_level_2', 'political']}, {'long_name': 'California', 'short_name': 'CA', 'types': ['administrative_area_level_1', 'political']}, {'long_name': 'United States', 'short_name': 'US', 'types': ['country', 'political']}], 'formatted_address': 'Westchester, Los Angeles, CA, USA', 'geometry': {'bounds': {'northeast': {'lat': 33.9830469, 'lng': -118.3584742}, 'southwest': {'lat': 33.9290128, 'lng': -118.4397551}}, 'location': {'lat': 33.957255, 'lng': -118.3962589}, 'location_type': 'APPROXIMATE', 'viewport': {'northeast': {'lat': 33.9830469, 'lng': -118.3584742}, 'southwest': {'lat': 33.9290128, 'lng': -118.4397551}}}, 'place_id': 'ChIJkdSA9s6wwoARCzVuPfS7KSo', 'types': ['neighborhood', 'political']}], 'status': 'OK'}}"
426,neighborhoods_317,"west compton, CA","{'num_results': 1, 'error': None, 'data': {'results': [{'address_components': [{'long_name': 'West Rancho Dominguez', 'short_name': 'West Rancho Dominguez', 'types': ['locality', 'political']}, {'long_name': 'Los Angeles County', 'short_name': 'Los Angeles County', 'types': ['administrative_area_level_2', 'political']}, {'long_name': 'California', 'short_name': 'CA', 'types': ['administrative_area_level_1', 'political']}, {'long_name': 'United States', 'short_name': 'US', 'types': ['country', 'political']}], 'formatted_address': 'West Rancho Dominguez, CA, USA', 'geometry': {'bounds': {'northeast': {'lat': 33.923754, 'lng': -118.2455109}, 'southwest': {'lat': 33.885466, 'lng': -118.2832041}}, 'location': {'lat': 33.8939048, 'lng': -118.2706282}, 'location_type': 'APPROXIMATE', 'viewport': {'northeast': {'lat': 33.923754, 'lng': -118.2455109}, 'southwest': {'lat': 33.885466, 'lng': -118.2832041}}}, 'place_id': 'ChIJ97Kxm_bKwoARfd5ktr70Zqw', 'types': ['locality', 'political']}], 'status': 'OK'}}"
427,neighborhoods_318,"west covina, CA","{'num_results': 1, 'error': None, 'data': {'results': [{'address_components': [{'long_name': 'West Covina', 'short_name': 'West Covina', 'types': ['locality', 'political']}, {'long_name': 'Los Angeles County', 'short_name': 'Los Angeles County', 'types': ['administrative_area_level_2', 'political']}, {'long_name': 'California', 'short_name': 'CA', 'types': ['administrative_area_level_1', 'political']}, {'long_name': 'United States', 'short_name': 'US', 'types': ['country', 'political']}], 'formatted_address': 'West Covina, CA, USA', 'geometry': {'bounds': {'northeast': {'lat': 34.0924931, 'lng': -117.8578969}, 'southwest': {'lat': 34.0017281, 'lng': -117.9671439}}, 'location': {'lat': 34.0686208, 'lng': -117.9389526}, 'location_type': 'APPROXIMATE', 'viewport': {'northeast': {'lat': 34.0924931, 'lng': -117.8578969}, 'southwest': {'lat': 34.0017281, 'lng': -117.9671439}}}, 'navigation_points': [{'location': {'latitude': 34.0689249, 'longitude': -117.9371957}}], 'place_id': 'ChIJqQ7XZsQpw4AR6oEJqkv0XuQ', 'types': ['locality', 'political']}], 'status': 'OK'}}"
428,neighborhoods_319,"west hills, CA","{'num_results': 1, 'error': None, 'data': {'results': [{'address_components': [{'long_name': 'West Hills', 'short_name': 'West Hills', 'types': ['neighborhood', 'political']}, {'long_name': 'Los Angeles', 'short_name': 'Los Angeles', 'types': ['locality', 'political']}, {'long_name': 'Los Angeles County', 'short_name': 'Los Angeles County', 'types': ['administrative_area_level_2', 'political']}, {'long_name': 'California', 'short_name': 'CA', 'types': ['administrative_area_level_1', 'political']}, {'long_name': 'United States', 'short_name': 'US', 'types': ['country', 'political']}], 'formatted_address': 'West Hills, Los Angeles, CA, USA', 'geometry': {'bounds': {'northeast': {'lat': 34.2354508, 'lng': -118.6026472}, 'southwest': {'lat': 34.1826778, 'lng': -118.6681172}}, 'location': {'lat': 34.2082515, 'lng': -118.6322268}, 'location_type': 'APPROXIMATE', 'viewport': {'northeast': {'lat': 34.2354508, 'lng': -118.6026472}, 'southwest': {'lat': 34.1826778, 'lng': -118.6681172}}}, 'place_id': 'ChIJo1cio4OdwoAR6edV3EL6zz4', 'types': ['neighborhood', 'political']}], 'status': 'OK'}}"
429,neighborhoods_320,"west hollywood, CA","{'num_results': 1, 'error': None, 'data': {'results': [{'address_components': [{'long_name': 'West Hollywood', 'short_name': 'West Hollywood', 'types': ['locality', 'political']}, {'long_name': 'Central LA', 'short_name': 'Central LA', 'types': ['neighborhood', 'political']}, {'long_name': 'Los Angeles County', 'short_name': 'Los Angeles County', 'types': ['administrative_area_level_2', 'political']}, {'long_name': 'California', 'short_name': 'CA', 'types': ['administrative_area_level_1', 'political']}, {'long_name': 'United States', 'short_name': 'US', 'types': ['country', 'political']}], 'formatted_address': 'West Hollywood, CA, USA', 'geometry': {'bounds': {'northeast': {'lat': 34.09798, 'lng': -118.34338}, 'southwest': {'lat': 34.07639, 'lng': -118.3958459}}, 'location': {'lat': 34.0907087, 'lng': -118.3703284}, 'location_type': 'APPROXIMATE', 'viewport': {'northeast': {'lat': 34.09798, 'lng': -118.34338}, 'southwest': {'lat': 34.07639, 'lng': -118.3958459}}}, 'place_id': 'ChIJ4zPwIdm-woARpyaKDi1M5FA', 'types': ['locality', 'political']}], 'status': 'OK'}}"
430,neighborhoods_321,"westlake, CA","{'num_results': 1, 'error': None, 'data': {'results': [{'address_components': [{'long_name': 'Westlake Village', 'short_name': 'Westlake Village', 'types': ['locality', 'political']}, {'long_name': 'Los Angeles County', 'short_name': 'Los Angeles County', 'types': ['administrative_area_level_2', 'political']}, {'long_name': 'California', 'short_name': 'CA', 'types': ['administrative_area_level_1', 'political']}, {'long_name': 'United States', 'short_name': 'US', 'types': ['country', 'political']}], 'formatted_address': 'Westlake Village, CA, USA', 'geometry': {'bounds': {'northeast': {'lat': 34.168214, 'lng': -118.788889}, 'southwest': {'lat': 34.1103199, 'lng': -118.8564729}}, 'location': {'lat': 34.1466467, 'lng': -118.8073729}, 'location_type': 'APPROXIMATE', 'viewport': {'northeast': {'lat': 34.168214, 'lng': -118.788889}, 'southwest': {'lat': 34.1103199, 'lng': -118.8564729}}}, 'place_id': 'ChIJCesyTno66IARBNfilAxLV9s', 'types': ['locality', 'political']}], 'status': 'OK'}}"
431,neighborhoods_322,"westlake village, CA","{'num_results': 1, 'error': None, 'data': {'results': [{'address_components': [{'long_name': 'Westlake Village', 'short_name': 'Westlake Village', 'types': ['locality', 'political']}, {'long_name': 'Los Angeles County', 'short_name': 'Los Angeles County', 'types': ['administrative_area_level_2', 'political']}, {'long_name': 'California', 'short_name': 'CA', 'types': ['administrative_area_level_1', 'political']}, {'long_name': 'United States', 'short_name': 'US', 'types': ['country', 'political']}], 'formatted_address': 'Westlake Village, CA, USA', 'geometry': {'bounds': {'northeast': {'lat': 34.168214, 'lng': -118.788889}, 'southwest': {'lat': 34.1103199, 'lng': -118.8564729}}, 'location': {'lat': 34.1466467, 'lng': -118.8073729}, 'location_type': 'APPROXIMATE', 'viewport': {'northeast': {'lat': 34.168214, 'lng': -118.788889}, 'southwest': {'lat': 34.1103199, 'lng': -118.8564729}}}, 'place_id': 'ChIJCesyTno66IARBNfilAxLV9s', 'types': ['locality', 'political']}], 'status': 'OK'}}"
432,neighborhoods_323,"west los angeles, CA","{'num_results': 1, 'error': None, 'data': {'results': [{'address_components': [{'long_name': 'West Los Angeles', 'short_name': 'West Los Angeles', 'types': ['neighborhood', 'political']}, {'long_name': 'Los Angeles', 'short_name': 'Los Angeles', 'types': ['locality', 'political']}, {'long_name': 'Los Angeles County', 'short_name': 'Los Angeles County', 'types': ['administrative_area_level_2', 'political']}, {'long_name': 'California', 'short_name': 'CA', 'types': ['administrative_area_level_1', 'political']}, {'long_name': 'United States', 'short_name': 'US', 'types': ['country', 'political']}], 'formatted_address': 'West Los Angeles, Los Angeles, CA, USA', 'geometry': {'bounds': {'northeast': {'lat': 34.0575688, 'lng': -118.4170782}, 'southwest': {'lat': 34.0369558, 'lng': -118.4443131}}, 'location': {'lat': 34.0438972, 'lng': -118.4317487}, 'location_type': 'APPROXIMATE', 'viewport': {'northeast': {'lat': 34.0575688, 'lng': -118.4170782}, 'southwest': {'lat': 34.0369558, 'lng': -118.4443131}}}, 'place_id': 'ChIJLXegS3e7woAR3h2JEXm49yk', 'types': ['neighborhood', 'political']}], 'status': 'OK'}}"
433,neighborhoods_324,"westmont, CA","{'num_results': 1, 'error': None, 'data': {'results': [{'address_components': [{'long_name': 'Westmont', 'short_name': 'Westmont', 'types': ['locality', 'political']}, {'long_name': 'South Los Angeles', 'short_name': 'South Los Angeles', 'types': ['neighborhood', 'political']}, {'long_name': 'Los Angeles County', 'short_name': 'Los Angeles County', 'types': ['administrative_area_level_2', 'political']}, {'long_name': 'California', 'short_name': 'CA', 'types': ['administrative_area_level_1', 'political']}, {'long_name': 'United States', 'short_name': 'US', 'types': ['country', 'political']}], 'formatted_address': 'Westmont, CA, USA', 'geometry': {'bounds': {'northeast': {'lat': 33.9595139, 'lng': -118.291525}, 'southwest': {'lat': 33.930711, 'lng': -118.317753}}, 'location': {'lat': 33.9399781, 'lng': -118.3046915}, 'location_type': 'APPROXIMATE', 'viewport': {'northeast': {'lat': 33.9595139, 'lng': -118.291525}, 'southwest': {'lat': 33.930711, 'lng': -118.317753}}}, 'place_id': 'ChIJP1J3ph62woARBEc3bl1pjls', 'types': ['locality', 'political']}], 'status': 'OK'}}"
434,neighborhoods_325,"west puente valley, CA","{'num_results': 1, 'error': None, 'data': {'results': [{'address_components': [{'long_name': 'West Puente Valley', 'short_name': 'West Puente Valley', 'types': ['locality', 'political']}, {'long_name': 'Los Angeles County', 'short_name': 'Los Angeles County', 'types': ['administrative_area_level_2', 'political']}, {'long_name': 'California', 'short_name': 'CA', 'types': ['administrative_area_level_1', 'political']}, {'long_name': 'United States', 'short_name': 'US', 'types': ['country', 'political']}], 'formatted_address': 'West Puente Valley, CA, USA', 'geometry': {'bounds': {'northeast': {'lat': 34.0660291, 'lng': -117.949345}, 'southwest': {'lat': 34.03369199999999, 'lng': -117.990504}}, 'location': {'lat': 34.0561121, 'lng': -117.9684985}, 'location_type': 'APPROXIMATE', 'viewport': {'northeast': {'lat': 34.0660291, 'lng': -117.949345}, 'southwest': {'lat': 34.03369199999999, 'lng': -117.990504}}}, 'place_id': 'ChIJAyLeX1TWwoARJ0dFMnrh1BM', 'types': ['locality', 'political']}], 'status': 'OK'}}"
435,neighborhoods_326,"west san dimas, CA","{'num_results': 1, 'error': None, 'data': {'results': [{'address_components': [{'long_name': 'West San Dimas', 'short_name': 'West San Dimas', 'types': ['neighborhood', 'political']}, {'long_name': 'Los Angeles County', 'short_name': 'Los Angeles County', 'types': ['administrative_area_level_2', 'political']}, {'long_name': 'California', 'short_name': 'CA', 'types': ['administrative_area_level_1', 'political']}, {'long_name': 'United States', 'short_name': 'US', 'types': ['country', 'political']}], 'formatted_address': 'West San Dimas, CA, USA', 'geometry': {'bounds': {'northeast': {'lat': 34.092839, 'lng': -117.8195502}, 'southwest': {'lat': 34.0822321, 'lng': -117.8505404}}, 'location': {'lat': 34.0850386, 'lng': -117.8437156}, 'location_type': 'APPROXIMATE', 'viewport': {'northeast': {'lat': 34.092839, 'lng': -117.8195502}, 'southwest': {'lat': 34.0822321, 'lng': -117.8505404}}}, 'place_id': 'ChIJI9NnISgpw4AR_wQSFqNQEo4', 'types': ['neighborhood', 'political']}], 'status': 'OK'}}"
436,neighborhoods_327,"west whittier-los nietos, CA","{'num_results': 1, 'error': None, 'data': {'results': [{'address_components': [{'long_name': 'West Whittier-Los Nietos', 'short_name': 'West Whittier-Los Nietos', 'types': ['locality', 'political']}, {'long_name': 'Los Angeles County', 'short_name': 'Los Angeles County', 'types': ['administrative_area_level_2', 'political']}, {'long_name': 'California', 'short_name': 'CA', 'types': ['administrative_area_level_1', 'political']}, {'long_name': 'United States', 'short_name': 'US', 'types': ['country', 'political']}, {'long_name': '90606', 'short_name': '90606', 'types': ['postal_code']}], 'formatted_address': 'West Whittier-Los Nietos, CA 90606, USA', 'geometry': {'bounds': {'northeast': {'lat': 33.995155, 'lng': -118.0510329}, 'southwest': {'lat': 33.9600609, 'lng': -118.0888461}}, 'location': {'lat': 33.9800552, 'lng': -118.0679147}, 'location_type': 'APPROXIMATE', 'viewport': {'northeast': {'lat': 33.995155, 'lng': -118.0510329}, 'southwest': {'lat': 33.9600609, 'lng': -118.0888461}}}, 'place_id': 'ChIJW1t_bzHSwoARBb0kLOsQTWk', 'types': ['locality', 'political']}], 'status': 'OK'}}"
437,neighborhoods_328,"westwood, CA","{'num_results': 1, 'error': None, 'data': {'results': [{'address_components': [{'long_name': 'Westwood', 'short_name': 'Westwood', 'types': ['locality', 'political']}, {'long_name': 'Lassen County', 'short_name': 'Lassen County', 'types': ['administrative_area_level_2', 'political']}, {'long_name': 'California', 'short_name': 'CA', 'types': ['administrative_area_level_1', 'political']}, {'long_name': 'United States', 'short_name': 'US', 'types': ['country', 'political']}, {'long_name': '96137', 'short_name': '96137', 'types': ['postal_code']}], 'formatted_address': 'Westwood, CA 96137, USA', 'geometry': {'bounds': {'northeast': {'lat': 40.3171291, 'lng': -120.9564841}, 'southwest': {'lat': 40.287948, 'lng': -121.0485369}}, 'location': {'lat': 40.3059999, 'lng': -121.0057931}, 'location_type': 'APPROXIMATE', 'viewport': {'northeast': {'lat': 40.3171291, 'lng': -120.9564841}, 'southwest': {'lat': 40.287948, 'lng': -121.0485369}}}, 'place_id': 'ChIJYXG4gERwnYAR2YUUxks-QW4', 'types': ['locality', 'political']}], 'status': 'OK'}}"
438,neighborhoods_329,"whittier, CA","{'num_results': 1, 'error': None, 'data': {'results': [{'address_components': [{'long_name': 'Whittier', 'short_name': 'Whittier', 'types': ['locality', 'political']}, {'long_name': 'Los Angeles County', 'short_name': 'Los Angeles County', 'types': ['administrative_area_level_2', 'political']}, {'long_name': 'California', 'short_name': 'CA', 'types': ['administrative_area_level_1', 'political']}, {'long_name': 'United States', 'short_name': 'US', 'types': ['country', 'political']}], 'formatted_address': 'Whittier, CA, USA', 'geometry': {'bounds': {'northeast': {'lat': 34.030233, 'lng': -117.9651359}, 'southwest': {'lat': 33.928029, 'lng': -118.0722961}}, 'location': {'lat': 33.9754423, 'lng': -118.0326781}, 'location_type': 'APPROXIMATE', 'viewport': {'northeast': {'lat': 34.030233, 'lng': -117.9651359}, 'southwest': {'lat': 33.928029, 'lng': -118.0722961}}}, 'place_id': 'ChIJ94d6VYbTwoARWiRAwUd9qCc', 'types': ['locality', 'political']}], 'status': 'OK'}}"
439,neighborhoods_330,"whittier narrows, CA","{'num_results': 1, 'error': None, 'data': {'results': [{'address_components': [{'long_name': 'Whittier Narrows', 'short_name': 'Whittier Narrows', 'types': ['establishment', 'natural_feature']}, {'long_name': 'Los Angeles County', 'short_name': 'Los Angeles County', 'types': ['administrative_area_level_2', 'political']}, {'long_name': 'California', 'short_name': 'CA', 'types': ['administrative_area_level_1', 'political']}, {'long_name': 'United States', 'short_name': 'US', 'types': ['country', 'political']}, {'long_name': '90601', 'short_name': '90601', 'types': ['postal_code']}], 'formatted_address': 'Whittier Narrows, California 90601, USA', 'geometry': {'location': {'lat': 34.029178, 'lng': -118.0495117}, 'location_type': 'APPROXIMATE', 'viewport': {'northeast': {'lat': 34.0305269802915, 'lng': -118.0481627197085}, 'southwest': {'lat': 34.02782901970851, 'lng': -118.0508606802915}}}, 'place_id': 'ChIJu5j5dBzRwoARktvD7mJwnjY', 'types': ['establishment', 'natural_feature']}], 'status': 'OK'}}"
440,neighborhoods_331,"willowbrook, CA","{'num_results': 1, 'error': None, 'data': {'results': [{'address_components': [{'long_name': 'Willowbrook', 'short_name': 'Willowbrook', 'types': ['locality', 'political']}, {'long_name': 'South Los Angeles', 'short_name': 'South Los Angeles', 'types': ['neighborhood', 'political']}, {'long_name': 'Los Angeles County', 'short_name': 'Los Angeles County', 'types': ['administrative_area_level_2', 'political']}, {'long_name': 'California', 'short_name': 'CA', 'types': ['administrative_area_level_1', 'political']}, {'long_name': 'United States', 'short_name': 'US', 'types': ['country', 'political']}], 'formatted_address': 'Willowbrook, CA, USA', 'geometry': {'bounds': {'northeast': {'lat': 33.937366, 'lng': -118.222371}, 'southwest': {'lat': 33.9059729, 'lng': -118.254269}}, 'location': {'lat': 33.9195693, 'lng': -118.2321952}, 'location_type': 'APPROXIMATE', 'viewport': {'northeast': {'lat': 33.937366, 'lng': -118.222371}, 'southwest': {'lat': 33.902756, 'lng': -118.269302}}}, 'navigation_points': [{'location': {'latitude': 33.9167822, 'longitude': -118.2550697}}], 'place_id': 'ChIJI77TqkzKwoARrmqsyFCSbOo', 'types': ['locality', 'political']}], 'status': 'OK'}}"
441,neighborhoods_332,"wilmington, CA","{'num_results': 1, 'error': None, 'data': {'results': [{'address_components': [{'long_name': 'Wilmington', 'short_name': 'Wilmington', 'types': ['neighborhood', 'political']}, {'long_name': 'Los Angeles', 'short_name': 'Los Angeles', 'types': ['locality', 'political']}, {'long_name': 'Los Angeles County', 'short_name': 'Los Angeles County', 'types': ['administrative_area_level_2', 'political']}, {'long_name': 'California', 'short_name': 'CA', 'types': ['administrative_area_level_1', 'political']}, {'long_name': 'United States', 'short_name': 'US', 'types': ['country', 'political']}], 'formatted_address': 'Wilmington, Los Angeles, CA, USA', 'geometry': {'bounds': {'northeast': {'lat': 33.8294901, 'lng': -118.2206815}, 'southwest': {'lat': 33.7495809, 'lng': -118.2975041}}, 'location': {'lat': 33.7911608, 'lng': -118.2633204}, 'location_type': 'APPROXIMATE', 'viewport': {'northeast': {'lat': 33.8294901, 'lng': -118.2206815}, 'southwest': {'lat': 33.7495809, 'lng': -118.2975041}}}, 'place_id': 'ChIJQbN0A3823YARlkDKfJIWAik', 'types': ['neighborhood', 'political']}], 'status': 'OK'}}"
442,neighborhoods_333,"windsor square, CA","{'num_results': 1, 'error': None, 'data': {'results': [{'address_components': [{'long_name': 'Windsor Square', 'short_name': 'Windsor Square', 'types': ['neighborhood', 'political']}, {'long_name': 'Los Angeles', 'short_name': 'Los Angeles', 'types': ['locality', 'political']}, {'long_name': 'Los Angeles County', 'short_name': 'Los Angeles County', 'types': ['administrative_area_level_2', 'political']}, {'long_name': 'California', 'short_name': 'CA', 'types': ['administrative_area_level_1', 'political']}, {'long_name': 'United States', 'short_name': 'US', 'types': ['country', 'political']}], 'formatted_address': 'Windsor Square, Los Angeles, CA, USA', 'geometry': {'bounds': {'northeast': {'lat': 34.0762358, 'lng': -118.3134462}, 'southwest': {'lat': 34.0616997, 'lng': -118.3259972}}, 'location': {'lat': 34.0689566, 'lng': -118.32144}, 'location_type': 'APPROXIMATE', 'viewport': {'northeast': {'lat': 34.0762358, 'lng': -118.3134462}, 'southwest': {'lat': 34.0616997, 'lng': -118.3259972}}}, 'place_id': 'ChIJleJeeJW4woAR9roEut3_aq4', 'types': ['neighborhood', 'political']}], 'status': 'OK'}}"
443,neighborhoods_334,"winnetka, CA","{'num_results': 1, 'error': None, 'data': {'results': [{'address_components': [{'long_name': 'Winnetka', 'short_name': 'Winnetka', 'types': ['neighborhood', 'political']}, {'long_name': 'Los Angeles', 'short_name': 'Los Angeles', 'types': ['locality', 'political']}, {'long_name': 'Los Angeles County', 'short_name': 'Los Angeles County', 'types': ['administrative_area_level_2', 'political']}, {'long_name': 'California', 'short_name': 'CA', 'types': ['administrative_area_level_1', 'political']}, {'long_name': 'United States', 'short_name': 'US', 'types': ['country', 'political']}], 'formatted_address': 'Winnetka, Los Angeles, CA, USA', 'geometry': {'bounds': {'northeast': {'lat': 34.2357739, 'lng': -118.5622322}, 'southwest': {'lat': 34.1854607, 'lng': -118.5890751}}, 'location': {'lat': 34.208337, 'lng': -118.5710684}, 'location_type': 'APPROXIMATE', 'viewport': {'northeast': {'lat': 34.2357739, 'lng': -118.5622322}, 'southwest': {'lat': 34.1854607, 'lng': -118.5890751}}}, 'place_id': 'ChIJ0fd4S_KbwoAR2hRDrsr3HmQ', 'types': ['neighborhood', 'political']}], 'status': 'OK'}}"
444,neighborhoods_335,"woodland hills, CA","{'num_results': 1, 'error': None, 'data': {'results': [{'address_components': [{'long_name': 'Woodland Hills', 'short_name': 'Woodland Hills', 'types': ['neighborhood', 'political']}, {'long_name': 'Los Angeles', 'short_name': 'Los Angeles', 'types': ['locality', 'political']}, {'long_name': 'Los Angeles County', 'short_name': 'Los Angeles County', 'types': ['administrative_area_level_2', 'political']}, {'long_name': 'California', 'short_name': 'CA', 'types': ['administrative_area_level_1', 'political']}, {'long_name': 'United States', 'short_name': 'US', 'types': ['country', 'political']}], 'formatted_address': 'Woodland Hills, Los Angeles, CA, USA', 'geometry': {'bounds': {'northeast': {'lat': 34.1883598, 'lng': -118.5622021}, 'southwest': {'lat': 34.1305777, 'lng': -118.6681177}}, 'location': {'lat': 34.1685035, 'lng': -118.6058267}, 'location_type': 'APPROXIMATE', 'viewport': {'northeast': {'lat': 34.1883598, 'lng': -118.5622021}, 'southwest': {'lat': 34.1305777, 'lng': -118.6681177}}}, 'place_id': 'ChIJVfY28eyewoARiBIkRG5Qhvo', 'types': ['neighborhood', 'political']}], 'status': 'OK'}}"
445,neighborhoods_64,"acton, CA","{'num_results': 1, 'error': None, 'data': {'results': [{'address_components': [{'long_name': 'Acton', 'short_name': 'Acton', 'types': ['locality', 'political']}, {'long_name': 'Los Angeles County', 'short_name': 'Los Angeles County', 'types': ['administrative_area_level_2', 'political']}, {'long_name': 'California', 'short_name': 'CA', 'types': ['administrative_area_level_1', 'political']}, {'long_name': 'United States', 'short_name': 'US', 'types': ['country', 'political']}], 'formatted_address': 'Acton, CA, USA', 'geometry': {'bounds': {'northeast': {'lat': 34.542752, 'lng': -118.0796299}, 'southwest': {'lat': 34.451935, 'lng': -118.2599001}}, 'location': {'lat': 34.469994, 'lng': -118.1967418}, 'location_type': 'APPROXIMATE', 'viewport': {'northeast': {'lat': 34.542752, 'lng': -118.0796299}, 'southwest': {'lat': 34.451935, 'lng': -118.2599001}}}, 'place_id': 'ChIJ72TQn532woARzGcGB6mge5g', 'types': ['locality', 'political']}], 'status': 'OK'}}"
446,neighborhoods_65,"adams-normandie, CA","{'num_results': 1, 'error': None, 'data': {'results': [{'address_components': [{'long_name': 'Adams-Normandie', 'short_name': 'Adams-Normandie', 'types': ['neighborhood', 'political']}, {'long_name': 'Los Angeles', 'short_name': 'Los Angeles', 'types': ['locality', 'political']}, {'long_name': 'Los Angeles County', 'short_name': 'Los Angeles County', 'types': ['administrative_area_level_2', 'political']}, {'long_name': 'California', 'short_name': 'CA', 'types': ['administrative_area_level_1', 'political']}, {'long_name': 'United States', 'short_name': 'US', 'types': ['country', 'political']}], 'formatted_address': 'Adams-Normandie, Los Angeles, CA, USA', 'geometry': {'bounds': {'northeast': {'lat': 34.0374328, 'lng': -118.29155}, 'southwest': {'lat': 34.0255017, 'lng': -118.309}}, 'location': {'lat': 34.0327181, 'lng': -118.3003141}, 'location_type': 'APPROXIMATE', 'viewport': {'northeast': {'lat': 34.0374328, 'lng': -118.29155}, 'southwest': {'lat': 34.0255017, 'lng': -118.309}}}, 'place_id': 'ChIJ--ukp4rHwoARi9OiSjq5hGw', 'types': ['neighborhood', 'political']}], 'status': 'OK'}}"
447,neighborhoods_66,"agoura hills, CA","{'num_results': 1, 'error': None, 'data': {'results': [{'address_components': [{'long_name': 'Agoura Hills', 'short_name': 'Agoura Hills', 'types': ['locality', 'political']}, {'long_name': 'Los Angeles County', 'short_name': 'Los Angeles County', 'types': ['administrative_area_level_2', 'political']}, {'long_name': 'California', 'short_name': 'CA', 'types': ['administrative_area_level_1', 'political']}, {'long_name': 'United States', 'short_name': 'US', 'types': ['country', 'political']}, {'long_name': '91301', 'short_name': '91301', 'types': ['postal_code']}], 'formatted_address': 'Agoura Hills, CA 91301, USA', 'geometry': {'bounds': {'northeast': {'lat': 34.168214, 'lng': -118.719776}, 'southwest': {'lat': 34.125329, 'lng': -118.8004199}}, 'location': {'lat': 34.1533395, 'lng': -118.7616764}, 'location_type': 'APPROXIMATE', 'viewport': {'northeast': {'lat': 34.168214, 'lng': -118.719776}, 'southwest': {'lat': 34.125329, 'lng': -118.8004199}}}, 'place_id': 'ChIJlRyqIx4h6IAR1v3fLa72Dqw', 'types': ['locality', 'political']}], 'status': 'OK'}}"
448,neighborhoods_67,"agua dulce, CA","{'num_results': 1, 'error': None, 'data': {'results': [{'address_components': [{'long_name': 'Agua Dulce', 'short_name': 'Agua Dulce', 'types': ['locality', 'political']}, {'long_name': 'Los Angeles County', 'short_name': 'Los Angeles County', 'types': ['administrative_area_level_2', 'political']}, {'long_name': 'California', 'short_name': 'CA', 'types': ['administrative_area_level_1', 'political']}, {'long_name': 'United States', 'short_name': 'US', 'types': ['country', 'political']}, {'long_name': '91390', 'short_name': '91390', 'types': ['postal_code']}], 'formatted_address': 'Agua Dulce, CA 91390, USA', 'geometry': {'bounds': {'northeast': {'lat': 34.544962, 'lng': -118.2553411}, 'southwest': {'lat': 34.4611, 'lng': -118.3789821}}, 'location': {'lat': 34.4963443, 'lng': -118.3261969}, 'location_type': 'APPROXIMATE', 'viewport': {'northeast': {'lat': 34.544962, 'lng': -118.2553411}, 'southwest': {'lat': 34.4611, 'lng': -118.3789821}}}, 'place_id': 'ChIJ_3rHcstjwoARlLU9bP8L0uc', 'types': ['locality', 'political']}], 'status': 'OK'}}"
449,neighborhoods_68,"alhambra, CA","{'num_results': 1, 'error': None, 'data': {'results': [{'address_components': [{'long_name': 'Alhambra', 'short_name': 'Alhambra', 'types': ['locality', 'political']}, {'long_name': 'Los Angeles County', 'short_name': 'Los Angeles County', 'types': ['administrative_area_level_2', 'political']}, {'long_name': 'California', 'short_name': 'CA', 'types': ['administrative_area_level_1', 'political']}, {'long_name': 'United States', 'short_name': 'US', 'types': ['country', 'political']}], 'formatted_address': 'Alhambra, CA, USA', 'geometry': {'bounds': {'northeast': {'lat': 34.1111459, 'lng': -118.108181}, 'southwest': {'lat': 34.060043, 'lng': -118.1652931}}, 'location': {'lat': 34.0927549, 'lng': -118.1268211}, 'location_type': 'APPROXIMATE', 'viewport': {'northeast': {'lat': 34.1111459, 'lng': -118.108181}, 'southwest': {'lat': 34.060043, 'lng': -118.1652931}}}, 'place_id': 'ChIJIbZmgz3FwoARZkZyerE4-Ns', 'types': ['locality', 'political']}], 'status': 'OK'}}"
450,neighborhoods_69,"alondra park, CA","{'num_results': 1, 'error': None, 'data': {'results': [{'address_components': [{'long_name': 'El Camino Village', 'short_name': 'El Camino Village', 'types': ['locality', 'political']}, {'long_name': 'Los Angeles County', 'short_name': 'Los Angeles County', 'types': ['administrative_area_level_2', 'political']}, {'long_name': 'California', 'short_name': 'CA', 'types': ['administrative_area_level_1', 'political']}, {'long_name': 'United States', 'short_name': 'US', 'types': ['country', 'political']}], 'formatted_address': 'El Camino Village, CA, USA', 'geometry': {'bounds': {'northeast': {'lat': 33.901811, 'lng': -118.3264881}, 'southwest': {'lat': 33.877234, 'lng': -118.343823}}, 'location': {'lat': 33.8894595, 'lng': -118.3309073}, 'location_type': 'APPROXIMATE', 'viewport': {'northeast': {'lat': 33.901811, 'lng': -118.3264881}, 'southwest': {'lat': 33.877234, 'lng': -118.343823}}}, 'place_id': 'ChIJi2A2jq-1woAR4DP8iCWkQj0', 'types': ['locality', 'political']}], 'status': 'OK'}}"
451,neighborhoods_70,"altadena, CA","{'num_results': 1, 'error': None, 'data': {'results': [{'address_components': [{'long_name': 'Altadena', 'short_name': 'Altadena', 'types': ['locality', 'political']}, {'long_name': 'Los Angeles County', 'short_name': 'Los Angeles County', 'types': ['administrative_area_level_2', 'political']}, {'long_name': 'California', 'short_name': 'CA', 'types': ['administrative_area_level_1', 'political']}, {'long_name': 'United States', 'short_name': 'US', 'types': ['country', 'political']}], 'formatted_address': 'Altadena, CA, USA', 'geometry': {'bounds': {'northeast': {'lat': 34.217335, 'lng': -118.094997}, 'southwest': {'lat': 34.167557, 'lng': -118.17172}}, 'location': {'lat': 34.190162, 'lng': -118.1313188}, 'location_type': 'APPROXIMATE', 'viewport': {'northeast': {'lat': 34.217335, 'lng': -118.094997}, 'southwest': {'lat': 34.167557, 'lng': -118.17172}}}, 'place_id': 'ChIJRUXtQLvCwoARhX06ubgzUIs', 'types': ['locality', 'political']}], 'status': 'OK'}}"
452,neighborhoods_71,"angeles crest, CA","{'num_results': 1, 'error': None, 'data': {'results': [{'address_components': [{'long_name': 'Angeles Crest Highway', 'short_name': 'Angeles Crest Hwy', 'types': ['route']}, {'long_name': 'California', 'short_name': 'CA', 'types': ['administrative_area_level_1', 'political']}, {'long_name': 'United States', 'short_name': 'US', 'types': ['country', 'political']}], 'formatted_address': 'Angeles Crest Hwy, California, USA', 'geometry': {'bounds': {'northeast': {'lat': 34.3971191, 'lng': -117.5730639}, 'southwest': {'lat': 34.20024340000001, 'lng': -118.2058768}}, 'location': {'lat': 34.3436289, 'lng': -117.909687}, 'location_type': 'GEOMETRIC_CENTER', 'viewport': {'northeast': {'lat': 34.3971191, 'lng': -117.5730639}, 'southwest': {'lat': 34.20024340000001, 'lng': -118.2058768}}}, 'place_id': 'ChIJde_GRpgfw4ARX5UMYkgiMNY', 'types': ['route']}], 'status': 'OK'}}"
453,neighborhoods_72,"arcadia, CA","{'num_results': 1, 'error': None, 'data': {'results': [{'address_components': [{'long_name': 'Arcadia', 'short_name': 'Arcadia', 'types': ['locality', 'political']}, {'long_name': 'Los Angeles County', 'short_name': 'Los Angeles County', 'types': ['administrative_area_level_2', 'political']}, {'long_name': 'California', 'short_name': 'CA', 'types': ['administrative_area_level_1', 'political']}, {'long_name': 'United States', 'short_name': 'US', 'types': ['country', 'political']}], 'formatted_address': 'Arcadia, CA, USA', 'geometry': {'bounds': {'northeast': {'lat': 34.1794531, 'lng': -117.99219}, 'southwest': {'lat': 34.087265, 'lng': -118.069208}}, 'location': {'lat': 34.1397292, 'lng': -118.0353449}, 'location_type': 'APPROXIMATE', 'viewport': {'northeast': {'lat': 34.1794531, 'lng': -117.99219}, 'southwest': {'lat': 34.087265, 'lng': -118.069208}}}, 'place_id': 'ChIJK8q408XbwoARiymu0ttQqEw', 'types': ['locality', 'political']}], 'status': 'OK'}}"
454,neighborhoods_73,"arleta, CA","{'num_results': 1, 'error': None, 'data': {'results': [{'address_components': [{'long_name': 'Arleta', 'short_name': 'Arleta', 'types': ['neighborhood', 'political']}, {'long_name': 'Los Angeles', 'short_name': 'Los Angeles', 'types': ['locality', 'political']}, {'long_name': 'Los Angeles County', 'short_name': 'Los Angeles County', 'types': ['administrative_area_level_2', 'political']}, {'long_name': 'California', 'short_name': 'CA', 'types': ['administrative_area_level_1', 'political']}, {'long_name': 'United States', 'short_name': 'US', 'types': ['country', 'political']}], 'formatted_address': 'Arleta, Los Angeles, CA, USA', 'geometry': {'bounds': {'northeast': {'lat': 34.2641558, 'lng': -118.4097563}, 'southwest': {'lat': 34.2216658, 'lng': -118.4518932}}, 'location': {'lat': 34.2480577, 'lng': -118.4324035}, 'location_type': 'APPROXIMATE', 'viewport': {'northeast': {'lat': 34.2641558, 'lng': -118.4097563}, 'southwest': {'lat': 34.2216658, 'lng': -118.4518932}}}, 'place_id': 'ChIJB5Zn5RmRwoAR0DAc3fhUDXI', 'types': ['neighborhood', 'political']}], 'status': 'OK'}}"
455,neighborhoods_74,"arlington heights, CA","{'num_results': 1, 'error': None, 'data': {'results': [{'address_components': [{'long_name': 'Arlington Heights', 'short_name': 'Arlington Heights', 'types': ['neighborhood', 'political']}, {'long_name': 'Los Angeles', 'short_name': 'Los Angeles', 'types': ['locality', 'political']}, {'long_name': 'Los Angeles County', 'short_name': 'Los Angeles County', 'types': ['administrative_area_level_2', 'political']}, {'long_name': 'California', 'short_name': 'CA', 'types': ['administrative_area_level_1', 'political']}, {'long_name': 'United States', 'short_name': 'US', 'types': ['country', 'political']}], 'formatted_address': 'Arlington Heights, Los Angeles, CA, USA', 'geometry': {'bounds': {'northeast': {'lat': 34.0546858, 'lng': -118.3130171}, 'southwest': {'lat': 34.0351617, 'lng': -118.3336812}}, 'location': {'lat': 34.0435627, 'lng': -118.3212779}, 'location_type': 'APPROXIMATE', 'viewport': {'northeast': {'lat': 34.0546858, 'lng': -118.3130171}, 'southwest': {'lat': 34.0351617, 'lng': -118.3336812}}}, 'place_id': 'ChIJaYBq7ma4woARuSHkN9vLzA4', 'types': ['neighborhood', 'political']}], 'status': 'OK'}}"
456,neighborhoods_75,"artesia, CA","{'num_results': 1, 'error': None, 'data': {'results': [{'address_components': [{'long_name': 'Artesia', 'short_name': 'Artesia', 'types': ['locality', 'political']}, {'long_name': 'Los Angeles County', 'short_name': 'Los Angeles County', 'types': ['administrative_area_level_2', 'political']}, {'long_name': 'California', 'short_name': 'CA', 'types': ['administrative_area_level_1', 'political']}, {'long_name': 'United States', 'short_name': 'US', 'types': ['country', 'political']}, {'long_name': '90701', 'short_name': '90701', 'types': ['postal_code']}], 'formatted_address': 'Artesia, CA 90701, USA', 'geometry': {'bounds': {'northeast': {'lat': 33.880383, 'lng': -118.068915}, 'southwest': {'lat': 33.853411, 'lng': -118.091038}}, 'location': {'lat': 33.8658484, 'lng': -118.0831212}, 'location_type': 'APPROXIMATE', 'viewport': {'northeast': {'lat': 33.880383, 'lng': -118.068915}, 'southwest': {'lat': 33.853411, 'lng': -118.091038}}}, 'navigation_points': [{'location': {'latitude': 33.8658496, 'longitude': -118.0830749}}], 'place_id': 'ChIJhe3MBVQs3YARQyZP6i6i5Zs', 'types': ['locality', 'political']}], 'status': 'OK'}}"
457,neighborhoods_76,"athens, CA","{'num_results': 1, 'error': None, 'data': {'results': [{'address_components': [{'long_name': 'Athens', 'short_name': 'Athens', 'types': ['neighborhood', 'political']}, {'long_name': 'West Rancho Dominguez', 'short_name': 'West Rancho Dominguez', 'types': ['locality', 'political']}, {'long_name': 'Los Angeles County', 'short_name': 'Los Angeles County', 'types': ['administrative_area_level_2', 'political']}, {'long_name': 'California', 'short_name': 'CA', 'types': ['administrative_area_level_1', 'political']}, {'long_name': 'United States', 'short_name': 'US', 'types': ['country', 'political']}, {'long_name': '90061', 'short_name': '90061', 'types': ['postal_code']}], 'formatted_address': 'Athens, West Rancho Dominguez, CA 90061, USA', 'geometry': {'location': {'lat': 33.9200153, 'lng': -118.2811844}, 'location_type': 'APPROXIMATE', 'viewport': {'northeast': {'lat': 33.9213642802915, 'lng': -118.2798354197085}, 'southwest': {'lat': 33.9186663197085, 'lng': -118.2825333802915}}}, 'place_id': 'ChIJUzksAxTKwoARv5UYVwj3AyA', 'types': ['neighborhood', 'political']}], 'status': 'OK'}}"
458,neighborhoods_77,"atwater village, CA","{'num_results': 1, 'error': None, 'data': {'results': [{'address_components': [{'long_name': 'Atwater Village', 'short_name': 'Atwater Village', 'types': ['neighborhood', 'political']}, {'long_name': 'Los Angeles', 'short_name': 'Los Angeles', 'types': ['locality', 'political']}, {'long_name': 'Los Angeles County', 'short_name': 'Los Angeles County', 'types': ['administrative_area_level_2', 'political']}, {'long_name': 'California', 'short_name': 'CA', 'types': ['administrative_area_level_1', 'political']}, {'long_name': 'United States', 'short_name': 'US', 'types': ['country', 'political']}, {'long_name': '90039', 'short_name': '90039', 'types': ['postal_code']}], 'formatted_address': 'Atwater Village, Los Angeles, CA 90039, USA', 'geometry': {'bounds': {'northeast': {'lat': 34.1532157, 'lng': -118.2464501}, 'southwest': {'lat': 34.1082478, 'lng': -118.2783402}}, 'location': {'lat': 34.1162065, 'lng': -118.2627862}, 'location_type': 'APPROXIMATE', 'viewport': {'northeast': {'lat': 34.1532157, 'lng': -118.2464501}, 'southwest': {'lat': 34.1082478, 'lng': -118.2783402}}}, 'place_id': 'ChIJO87LdejAwoARb-F6l_2565k', 'types': ['neighborhood', 'political']}], 'status': 'OK'}}"
459,neighborhoods_78,"avalon, CA","{'num_results': 1, 'error': None, 'data': {'results': [{'address_components': [{'long_name': 'Avalon', 'short_name': 'Avalon', 'types': ['locality', 'political']}, {'long_name': 'Los Angeles County', 'short_name': 'Los Angeles County', 'types': ['administrative_area_level_2', 'political']}, {'long_name': 'California', 'short_name': 'CA', 'types': ['administrative_area_level_1', 'political']}, {'long_name': 'United States', 'short_name': 'US', 'types': ['country', 'political']}, {'long_name': '90704', 'short_name': '90704', 'types': ['postal_code']}], 'formatted_address': 'Avalon, CA 90704, USA', 'geometry': {'bounds': {'northeast': {'lat': 33.396224, 'lng': -118.2794159}, 'southwest': {'lat': 33.31807, 'lng': -118.346662}}, 'location': {'lat': 33.3428193, 'lng': -118.3282279}, 'location_type': 'APPROXIMATE', 'viewport': {'northeast': {'lat': 33.396224, 'lng': -118.2794159}, 'southwest': {'lat': 33.31807, 'lng': -118.346662}}}, 'place_id': 'ChIJK5XS4Zhy3YARtGJqTXDeypk', 'types': ['locality', 'political']}], 'status': 'OK'}}"
460,neighborhoods_79,"avocado heights, CA","{'num_results': 1, 'error': None, 'data': {'results': [{'address_components': [{'long_name': 'Avocado Heights', 'short_name': 'Avocado Heights', 'types': ['locality', 'political']}, {'long_name': 'Los Angeles County', 'short_name': 'Los Angeles County', 'types': ['administrative_area_level_2', 'political']}, {'long_name': 'California', 'short_name': 'CA', 'types': ['administrative_area_level_1', 'political']}, {'long_name': 'United States', 'short_name': 'US', 'types': ['country', 'political']}], 'formatted_address': 'Avocado Heights, CA, USA', 'geometry': {'bounds': {'northeast': {'lat': 34.055831, 'lng': -117.96439}, 'southwest': {'lat': 34.0262141, 'lng': -118.021666}}, 'location': {'lat': 34.0361217, 'lng': -117.9911765}, 'location_type': 'APPROXIMATE', 'viewport': {'northeast': {'lat': 34.055831, 'lng': -117.96439}, 'southwest': {'lat': 34.0262141, 'lng': -118.021666}}}, 'place_id': 'ChIJzctQgtvWwoARCoNsD1C75Qw', 'types': ['locality', 'political']}], 'status': 'OK'}}"
461,neighborhoods_80,"azusa, CA","{'num_results': 1, 'error': None, 'data': {'results': [{'address_components': [{'long_name': 'Azusa', 'short_name': 'Azusa', 'types': ['locality', 'political']}, {'long_name': 'Los Angeles County', 'short_name': 'Los Angeles County', 'types': ['administrative_area_level_2', 'political']}, {'long_name': 'California', 'short_name': 'CA', 'types': ['administrative_area_level_1', 'political']}, {'long_name': 'United States', 'short_name': 'US', 'types': ['country', 'political']}], 'formatted_address': 'Azusa, CA, USA', 'geometry': {'bounds': {'northeast': {'lat': 34.168522, 'lng': -117.8813459}, 'southwest': {'lat': 34.10673, 'lng': -117.9443321}}, 'location': {'lat': 34.1336186, 'lng': -117.9075627}, 'location_type': 'APPROXIMATE', 'viewport': {'northeast': {'lat': 34.168522, 'lng': -117.8813459}, 'southwest': {'lat': 34.10673, 'lng': -117.9443321}}}, 'place_id': 'ChIJ40sVQULpwoARW3UvffMbmiU', 'types': ['locality', 'political']}], 'status': 'OK'}}"
462,neighborhoods_81,"baldwin hills/crenshaw, CA","{'num_results': 2, 'error': None, 'data': {'results': [{'address_components': [{'long_name': 'Crenshaw', 'short_name': 'Crenshaw', 'types': ['neighborhood', 'political']}, {'long_name': 'Los Angeles', 'short_name': 'Los Angeles', 'types': ['locality', 'political']}, {'long_name': 'Los Angeles County', 'short_name': 'Los Angeles County', 'types': ['administrative_area_level_2', 'political']}, {'long_name': 'California', 'short_name': 'CA', 'types': ['administrative_area_level_1', 'political']}, {'long_name': 'United States', 'short_name': 'US', 'types': ['country', 'political']}], 'formatted_address': 'Crenshaw, Los Angeles, CA, USA', 'geometry': {'bounds': {'northeast': {'lat': 34.027811, 'lng': -118.3350871}, 'southwest': {'lat': 33.997112, 'lng': -118.3592091}}, 'location': {'lat': 34.0181993, 'lng': -118.3403506}, 'location_type': 'APPROXIMATE', 'viewport': {'northeast': {'lat': 34.027811, 'lng': -118.3350871}, 'southwest': {'lat': 33.997112, 'lng': -118.3592091}}}, 'place_id': 'ChIJdX-EmzK4woAR9Hk-DXQigHs', 'types': ['neighborhood', 'political']}, {'address_components': [{'long_name': 'Baldwin Hills/Crenshaw', 'short_name': 'Baldwin Hills/Crenshaw', 'types': ['neighborhood', 'political']}, {'long_name': 'Los Angeles', 'short_name': 'Los Angeles', 'types': ['locality', 'political']}, {'long_name': 'Los Angeles County', 'short_name': 'Los Angeles County', 'types': ['administrative_area_level_2', 'political']}, {'long_name': 'California', 'short_name': 'CA', 'types': ['administrative_area_level_1', 'political']}, {'long_name': 'United States', 'short_name': 'US', 'types': ['country', 'political']}], 'formatted_address': 'Baldwin Hills/Crenshaw, CA, USA', 'geometry': {'bounds': {'northeast': {'lat': 34.0268707, 'lng': -118.3351071}, 'southwest': {'lat': 33.9971561, 'lng': -118.3813544}}, 'location': {'lat': 34.0215679, 'lng': -118.3556719}, 'location_type': 'APPROXIMATE', 'viewport': {'northeast': {'lat': 34.0268707, 'lng': -118.3351071}, 'southwest': {'lat': 33.9971561, 'lng': -118.3813544}}}, 'place_id': 'ChIJLzYyicW5woARtiv5e6_3jrM', 'types': ['neighborhood', 'political']}], 'status': 'OK'}}"
463,neighborhoods_82,"baldwin park, CA","{'num_results': 1, 'error': None, 'data': {'results': [{'address_components': [{'long_name': 'Baldwin Park', 'short_name': 'Baldwin Park', 'types': ['locality', 'political']}, {'long_name': 'Los Angeles County', 'short_name': 'Los Angeles County', 'types': ['administrative_area_level_2', 'political']}, {'long_name': 'California', 'short_name': 'CA', 'types': ['administrative_area_level_1', 'political']}, {'long_name': 'United States', 'short_name': 'US', 'types': ['country', 'political']}], 'formatted_address': 'Baldwin Park, CA, USA', 'geometry': {'bounds': {'northeast': {'lat': 34.1069319, 'lng': -117.9429551}, 'southwest': {'lat': 34.055103, 'lng': -118.0077321}}, 'location': {'lat': 34.0852868, 'lng': -117.9608978}, 'location_type': 'APPROXIMATE', 'viewport': {'northeast': {'lat': 34.1069319, 'lng': -117.9429551}, 'southwest': {'lat': 34.055103, 'lng': -118.0077321}}}, 'place_id': 'ChIJuawuuoDXwoAR_xcaQMKbVgo', 'types': ['locality', 'political']}], 'status': 'OK'}}"
464,neighborhoods_83,"bel-air, CA","{'num_results': 1, 'error': None, 'data': {'results': [{'address_components': [{'long_name': 'Bel Air', 'short_name': 'Bel Air', 'types': ['neighborhood', 'political']}, {'long_name': 'Los Angeles', 'short_name': 'Los Angeles', 'types': ['locality', 'political']}, {'long_name': 'Los Angeles County', 'short_name': 'Los Angeles County', 'types': ['administrative_area_level_2', 'political']}, {'long_name': 'California', 'short_name': 'CA', 'types': ['administrative_area_level_1', 'political']}, {'long_name': 'United States', 'short_name': 'US', 'types': ['country', 'political']}], 'formatted_address': 'Bel Air, Los Angeles, CA, USA', 'geometry': {'bounds': {'northeast': {'lat': 34.1310798, 'lng': -118.4346551}, 'southwest': {'lat': 34.0731008, 'lng': -118.4822592}}, 'location': {'lat': 34.1002272, 'lng': -118.4594893}, 'location_type': 'APPROXIMATE', 'viewport': {'northeast': {'lat': 34.1310798, 'lng': -118.4346551}, 'southwest': {'lat': 34.0731008, 'lng': -118.4822592}}}, 'place_id': 'ChIJ-_JObBm9woARWNTU1yslUeQ', 'types': ['neighborhood', 'political']}], 'status': 'OK'}}"
465,neighborhoods_84,"bell, CA","{'num_results': 0, 'error': 'ZERO_RESULTS', 'data': None}"
466,neighborhoods_85,"bellflower, CA","{'num_results': 1, 'error': None, 'data': {'results': [{'address_components': [{'long_name': 'Bellflower', 'short_name': 'Bellflower', 'types': ['locality', 'political']}, {'long_name': 'Los Angeles County', 'short_name': 'Los Angeles County', 'types': ['administrative_area_level_2', 'political']}, {'long_name': 'California', 'short_name': 'CA', 'types': ['administrative_area_level_1', 'political']}, {'long_name': 'United States', 'short_name': 'US', 'types': ['country', 'political']}, {'long_name': '90706', 'short_name': '90706', 'types': ['postal_code']}], 'formatted_address': 'Bellflower, CA 90706, USA', 'geometry': {'bounds': {'northeast': {'lat': 33.910453, 'lng': -118.1069101}, 'southwest': {'lat': 33.865574, 'lng': -118.151311}}, 'location': {'lat': 33.8816818, 'lng': -118.1170117}, 'location_type': 'APPROXIMATE', 'viewport': {'northeast': {'lat': 33.910453, 'lng': -118.1069101}, 'southwest': {'lat': 33.865574, 'lng': -118.151311}}}, 'place_id': 'ChIJc0O-9bAy3YARCZtI9k9VBrY', 'types': ['locality', 'political']}], 'status': 'OK'}}"
467,neighborhoods_86,"bell gardens, CA","{'num_results': 1, 'error': None, 'data': {'results': [{'address_components': [{'long_name': 'Bell Gardens', 'short_name': 'Bell Gardens', 'types': ['locality', 'political']}, {'long_name': 'Los Angeles County', 'short_name': 'Los Angeles County', 'types': ['administrative_area_level_2', 'political']}, {'long_name': 'California', 'short_name': 'CA', 'types': ['administrative_area_level_1', 'political']}, {'long_name': 'United States', 'short_name': 'US', 'types': ['country', 'political']}, {'long_name': '90201', 'short_name': '90201', 'types': ['postal_code']}], 'formatted_address': 'Bell Gardens, CA 90201, USA', 'geometry': {'bounds': {'northeast': {'lat': 33.9793639, 'lng': -118.1293701}, 'southwest': {'lat': 33.9518939, 'lng': -118.1702849}}, 'location': {'lat': 33.9652918, 'lng': -118.1514588}, 'location_type': 'APPROXIMATE', 'viewport': {'northeast': {'lat': 33.9793639, 'lng': -118.1293701}, 'southwest': {'lat': 33.9518939, 'lng': -118.1702849}}}, 'place_id': 'ChIJFZG_A9bNwoARm9_9Cfsrat4', 'types': ['locality', 'political']}], 'status': 'OK'}}"
468,neighborhoods_87,"beverly crest, CA","{'num_results': 1, 'error': None, 'data': {'results': [{'address_components': [{'long_name': 'Beverly Crest', 'short_name': 'Beverly Crest', 'types': ['neighborhood', 'political']}, {'long_name': 'Los Angeles', 'short_name': 'Los Angeles', 'types': ['locality', 'political']}, {'long_name': 'Los Angeles County', 'short_name': 'Los Angeles County', 'types': ['administrative_area_level_2', 'political']}, {'long_name': 'California', 'short_name': 'CA', 'types': ['administrative_area_level_1', 'political']}, {'long_name': 'United States', 'short_name': 'US', 'types': ['country', 'political']}], 'formatted_address': 'Beverly Crest, Los Angeles, CA, USA', 'geometry': {'bounds': {'northeast': {'lat': 34.1329128, 'lng': -118.3867252}, 'southwest': {'lat': 34.0792028, 'lng': -118.4596232}}, 'location': {'lat': 34.1189633, 'lng': -118.4316053}, 'location_type': 'APPROXIMATE', 'viewport': {'northeast': {'lat': 34.1329128, 'lng': -118.3867252}, 'southwest': {'lat': 34.0792028, 'lng': -118.4596232}}}, 'place_id': 'ChIJ18jfATa8woARzu7lBGckE70', 'types': ['neighborhood', 'political']}], 'status': 'OK'}}"
469,neighborhoods_88,"beverly grove, CA","{'num_results': 1, 'error': None, 'data': {'results': [{'address_components': [{'long_name': 'Beverly Grove', 'short_name': 'Beverly Grove', 'types': ['neighborhood', 'political']}, {'long_name': 'Los Angeles', 'short_name': 'Los Angeles', 'types': ['locality', 'political']}, {'long_name': 'Los Angeles County', 'short_name': 'Los Angeles County', 'types': ['administrative_area_level_2', 'political']}, {'long_name': 'California', 'short_name': 'CA', 'types': ['administrative_area_level_1', 'political']}, {'long_name': 'United States', 'short_name': 'US', 'types': ['country', 'political']}], 'formatted_address': 'Beverly Grove, Los Angeles, CA, USA', 'geometry': {'bounds': {'northeast': {'lat': 34.0902609, 'lng': -118.3613871}, 'southwest': {'lat': 34.0629719, 'lng': -118.3909922}}, 'location': {'lat': 34.0733968, 'lng': -118.3765247}, 'location_type': 'APPROXIMATE', 'viewport': {'northeast': {'lat': 34.0902609, 'lng': -118.3613871}, 'southwest': {'lat': 34.0629719, 'lng': -118.3909922}}}, 'place_id': 'ChIJYybs30y5woAR2E5KeV-HQ-o', 'types': ['neighborhood', 'political']}], 'status': 'OK'}}"
470,neighborhoods_89,"beverly hills, CA","{'num_results': 1, 'error': None, 'data': {'results': [{'address_components': [{'long_name': 'Beverly Hills', 'short_name': 'Beverly Hills', 'types': ['locality', 'political']}, {'long_name': 'Los Angeles County', 'short_name': 'Los Angeles County', 'types': ['administrative_area_level_2', 'political']}, {'long_name': 'California', 'short_name': 'CA', 'types': ['administrative_area_level_1', 'political']}, {'long_name': 'United States', 'short_name': 'US', 'types': ['country', 'political']}], 'formatted_address': 'Beverly Hills, CA, USA', 'geometry': {'bounds': {'northeast': {'lat': 34.112432, 'lng': -118.3720269}, 'southwest': {'lat': 34.052781, 'lng': -118.4270409}}, 'location': {'lat': 34.0730715, 'lng': -118.4016265}, 'location_type': 'APPROXIMATE', 'viewport': {'northeast': {'lat': 34.112432, 'lng': -118.3720269}, 'southwest': {'lat': 34.052781, 'lng': -118.4270409}}}, 'place_id': 'ChIJq0fR1gS8woAR0R4I_XnDx9Y', 'types': ['locality', 'political']}], 'status': 'OK'}}"
471,neighborhoods_90,"beverlywood, CA","{'num_results': 1, 'error': None, 'data': {'results': [{'address_components': [{'long_name': 'Beverlywood', 'short_name': 'Beverlywood', 'types': ['neighborhood', 'political']}, {'long_name': 'Los Angeles', 'short_name': 'Los Angeles', 'types': ['locality', 'political']}, {'long_name': 'Los Angeles County', 'short_name': 'Los Angeles County', 'types': ['administrative_area_level_2', 'political']}, {'long_name': 'California', 'short_name': 'CA', 'types': ['administrative_area_level_1', 'political']}, {'long_name': 'United States', 'short_name': 'US', 'types': ['country', 'political']}], 'formatted_address': 'Beverlywood, Los Angeles, CA, USA', 'geometry': {'bounds': {'northeast': {'lat': 34.0524489, 'lng': -118.3855142}, 'southwest': {'lat': 34.0348348, 'lng': -118.4025653}}, 'location': {'lat': 34.0494207, 'lng': -118.3952651}, 'location_type': 'APPROXIMATE', 'viewport': {'northeast': {'lat': 34.0524489, 'lng': -118.3855142}, 'southwest': {'lat': 34.0348348, 'lng': -118.4025653}}}, 'place_id': 'ChIJIV22eNy7woARWG2Rd9SvUNg', 'types': ['neighborhood', 'political']}], 'status': 'OK'}}"
472,neighborhoods_91,"boyle heights, CA","{'num_results': 1, 'error': None, 'data': {'results': [{'address_components': [{'long_name': 'Boyle Heights', 'short_name': 'Boyle Heights', 'types': ['neighborhood', 'political']}, {'long_name': 'Los Angeles', 'short_name': 'Los Angeles', 'types': ['locality', 'political']}, {'long_name': 'Los Angeles County', 'short_name': 'Los Angeles County', 'types': ['administrative_area_level_2', 'political']}, {'long_name': 'California', 'short_name': 'CA', 'types': ['administrative_area_level_1', 'political']}, {'long_name': 'United States', 'short_name': 'US', 'types': ['country', 'political']}], 'formatted_address': 'Boyle Heights, Los Angeles, CA, USA', 'geometry': {'bounds': {'northeast': {'lat': 34.0655667, 'lng': -118.1914099}, 'southwest': {'lat': 34.0126314, 'lng': -118.2303451}}, 'location': {'lat': 34.0406351, 'lng': -118.2117726}, 'location_type': 'APPROXIMATE', 'viewport': {'northeast': {'lat': 34.0655667, 'lng': -118.1914099}, 'southwest': {'lat': 34.0126314, 'lng': -118.2303451}}}, 'place_id': 'ChIJ6VmanALGwoARlDo5dgynnuw', 'types': ['neighborhood', 'political']}], 'status': 'OK'}}"
473,neighborhoods_92,"bradbury, CA","{'num_results': 1, 'error': None, 'data': {'results': [{'address_components': [{'long_name': 'Bradbury', 'short_name': 'Bradbury', 'types': ['locality', 'political']}, {'long_name': 'Los Angeles County', 'short_name': 'Los Angeles County', 'types': ['administrative_area_level_2', 'political']}, {'long_name': 'California', 'short_name': 'CA', 'types': ['administrative_area_level_1', 'political']}, {'long_name': 'United States', 'short_name': 'US', 'types': ['country', 'political']}, {'long_name': '91008', 'short_name': '91008', 'types': ['postal_code']}], 'formatted_address': 'Bradbury, CA 91008, USA', 'geometry': {'bounds': {'northeast': {'lat': 34.16516, 'lng': -117.951279}, 'southwest': {'lat': 34.1436161, 'lng': -117.9859209}}, 'location': {'lat': 34.1469511, 'lng': -117.9708982}, 'location_type': 'APPROXIMATE', 'viewport': {'northeast': {'lat': 34.16516, 'lng': -117.951279}, 'southwest': {'lat': 34.1436161, 'lng': -117.9859209}}}, 'place_id': 'ChIJO0Br_uDYwoART1MTAvgTUUw', 'types': ['locality', 'political']}], 'status': 'OK'}}"
474,neighborhoods_93,"brentwood, CA","{'num_results': 1, 'error': None, 'data': {'results': [{'address_components': [{'long_name': 'Brentwood', 'short_name': 'Brentwood', 'types': ['locality', 'political']}, {'long_name': 'Contra Costa County', 'short_name': 'Contra Costa County', 'types': ['administrative_area_level_2', 'political']}, {'long_name': 'California', 'short_name': 'CA', 'types': ['administrative_area_level_1', 'political']}, {'long_name': 'United States', 'short_name': 'US', 'types': ['country', 'political']}, {'long_name': '94513', 'short_name': '94513', 'types': ['postal_code']}], 'formatted_address': 'Brentwood, CA 94513, USA', 'geometry': {'bounds': {'northeast': {'lat': 37.9712481, 'lng': -121.677919}, 'southwest': {'lat': 37.8888311, 'lng': -121.76004}}, 'location': {'lat': 37.931868, 'lng': -121.6957863}, 'location_type': 'APPROXIMATE', 'viewport': {'northeast': {'lat': 37.9712481, 'lng': -121.677919}, 'southwest': {'lat': 37.8888311, 'lng': -121.76004}}}, 'place_id': 'ChIJzciH8Jn5j4ARAprSVluDGX4', 'types': ['locality', 'political']}], 'status': 'OK'}}"
475,neighborhoods_94,"broadway-manchester, CA","{'num_results': 1, 'error': None, 'data': {'results': [{'address_components': [{'long_name': 'Broadway-Manchester', 'short_name': 'Broadway-Manchester', 'types': ['neighborhood', 'political']}, {'long_name': 'Los Angeles', 'short_name': 'Los Angeles', 'types': ['locality', 'political']}, {'long_name': 'Los Angeles County', 'short_name': 'Los Angeles County', 'types': ['administrative_area_level_2', 'political']}, {'long_name': 'California', 'short_name': 'CA', 'types': ['administrative_area_level_1', 'political']}, {'long_name': 'United States', 'short_name': 'US', 'types': ['country', 'political']}], 'formatted_address': 'Broadway-Manchester, CA, USA', 'geometry': {'bounds': {'northeast': {'lat': 33.9601137, 'lng': -118.2695031}, 'southwest': {'lat': 33.9225703, 'lng': -118.2812661}}, 'location': {'lat': 33.9455621, 'lng': -118.2739043}, 'location_type': 'APPROXIMATE', 'viewport': {'northeast': {'lat': 33.9601137, 'lng': -118.2695031}, 'southwest': {'lat': 33.9225703, 'lng': -118.2812661}}}, 'place_id': 'ChIJJ7J2T4vJwoARl3VDIZYEHdU', 'types': ['neighborhood', 'political']}], 'status': 'OK'}}"
476,neighborhoods_95,"burbank, CA","{'num_results': 1, 'error': None, 'data': {'results': [{'address_components': [{'long_name': 'Burbank', 'short_name': 'Burbank', 'types': ['locality', 'political']}, {'long_name': 'Los Angeles County', 'short_name': 'Los Angeles County', 'types': ['administrative_area_level_2', 'political']}, {'long_name': 'California', 'short_name': 'CA', 'types': ['administrative_area_level_1', 'political']}, {'long_name': 'United States', 'short_name': 'US', 'types': ['country', 'political']}], 'formatted_address': 'Burbank, CA, USA', 'geometry': {'bounds': {'northeast': {'lat': 34.221654, 'lng': -118.279981}, 'southwest': {'lat': 34.142636, 'lng': -118.3703131}}, 'location': {'lat': 34.1819029, 'lng': -118.3079264}, 'location_type': 'APPROXIMATE', 'viewport': {'northeast': {'lat': 34.221654, 'lng': -118.279981}, 'southwest': {'lat': 34.142636, 'lng': -118.3703131}}}, 'navigation_points': [{'location': {'latitude': 34.17928759999999, 'longitude': -118.3094461}}], 'place_id': 'ChIJlcUYKBWVwoAR1IofkK-RdzA', 'types': ['locality', 'political']}], 'status': 'OK'}}"
477,neighborhoods_96,"calabasas, CA","{'num_results': 1, 'error': None, 'data': {'results': [{'address_components': [{'long_name': 'Calabasas', 'short_name': 'Calabasas', 'types': ['locality', 'political']}, {'long_name': 'Los Angeles County', 'short_name': 'Los Angeles County', 'types': ['administrative_area_level_2', 'political']}, {'long_name': 'California', 'short_name': 'CA', 'types': ['administrative_area_level_1', 'political']}, {'long_name': 'United States', 'short_name': 'US', 'types': ['country', 'political']}], 'formatted_address': 'Calabasas, CA, USA', 'geometry': {'bounds': {'northeast': {'lat': 34.1686191, 'lng': -118.6062}, 'southwest': {'lat': 34.103912, 'lng': -118.7198121}}, 'location': {'lat': 34.1539731, 'lng': -118.6473801}, 'location_type': 'APPROXIMATE', 'viewport': {'northeast': {'lat': 34.1686191, 'lng': -118.6062}, 'southwest': {'lat': 34.103912, 'lng': -118.7198121}}}, 'place_id': 'ChIJwdPvFyOewoARrhXmb8LiomE', 'types': ['locality', 'political']}], 'status': 'OK'}}"
478,neighborhoods_97,"canoga park, CA","{'num_results': 1, 'error': None, 'data': {'results': [{'address_components': [{'long_name': 'Canoga Park', 'short_name': 'Canoga Park', 'types': ['neighborhood', 'political']}, {'long_name': 'Los Angeles', 'short_name': 'Los Angeles', 'types': ['locality', 'political']}, {'long_name': 'Los Angeles County', 'short_name': 'Los Angeles County', 'types': ['administrative_area_level_2', 'political']}, {'long_name': 'California', 'short_name': 'CA', 'types': ['administrative_area_level_1', 'political']}, {'long_name': 'United States', 'short_name': 'US', 'types': ['country', 'political']}], 'formatted_address': 'Canoga Park, Los Angeles, CA, USA', 'geometry': {'bounds': {'northeast': {'lat': 34.23546580000001, 'lng': -118.5884571}, 'southwest': {'lat': 34.1864558, 'lng': -118.6147302}}, 'location': {'lat': 34.2083086, 'lng': -118.5975318}, 'location_type': 'APPROXIMATE', 'viewport': {'northeast': {'lat': 34.23546580000001, 'lng': -118.5884571}, 'southwest': {'lat': 34.1864558, 'lng': -118.6147302}}}, 'place_id': 'ChIJQ_UeYxScwoARAZGazbRh1_A', 'types': ['neighborhood', 'political']}], 'status': 'OK'}}"
479,neighborhoods_98,"carson, CA","{'num_results': 1, 'error': None, 'data': {'results': [{'address_components': [{'long_name': 'Carson', 'short_name': 'Carson', 'types': ['locality', 'political']}, {'long_name': 'Los Angeles County', 'short_name': 'Los Angeles County', 'types': ['administrative_area_level_2', 'political']}, {'long_name': 'California', 'short_name': 'CA', 'types': ['administrative_area_level_1', 'political']}, {'long_name': 'United States', 'short_name': 'US', 'types': ['country', 'political']}], 'formatted_address': 'Carson, CA, USA', 'geometry': {'bounds': {'northeast': {'lat': 33.8861879, 'lng': -118.205903}, 'southwest': {'lat': 33.792547, 'lng': -118.2888819}}, 'location': {'lat': 33.8316745, 'lng': -118.281693}, 'location_type': 'APPROXIMATE', 'viewport': {'northeast': {'lat': 33.8861879, 'lng': -118.205903}, 'southwest': {'lat': 33.792547, 'lng': -118.2888819}}}, 'place_id': 'ChIJfcS6fx7LwoARZYDiqXgXL6E', 'types': ['locality', 'political']}], 'status': 'OK'}}"
480,neighborhoods_99,"carthay, CA","{'num_results': 1, 'error': None, 'data': {'results': [{'address_components': [{'long_name': 'Carthay Square', 'short_name': 'Carthay Square', 'types': ['neighborhood', 'political']}, {'long_name': 'Los Angeles', 'short_name': 'Los Angeles', 'types': ['locality', 'political']}, {'long_name': 'Los Angeles County', 'short_name': 'Los Angeles County', 'types': ['administrative_area_level_2', 'political']}, {'long_name': 'California', 'short_name': 'CA', 'types': ['administrative_area_level_1', 'political']}, {'long_name': 'United States', 'short_name': 'US', 'types': ['country', 'political']}, {'long_name': '90035', 'short_name': '90035', 'types': ['postal_code']}], 'formatted_address': 'Carthay Square, Los Angeles, CA 90035, USA', 'geometry': {'location': {'lat': 34.0558382, 'lng': -118.3680295}, 'location_type': 'APPROXIMATE', 'viewport': {'northeast': {'lat': 34.05718718029149, 'lng': -118.3666805197085}, 'southwest': {'lat': 34.05448921970849, 'lng': -118.3693784802915}}}, 'place_id': 'ChIJddWUFRW5woARhytvUj8ifuw', 'types': ['neighborhood', 'political']}], 'status': 'OK'}}"
481,neighborhoods_178,"la caã±ada flintridge, CA","{'num_results': 1, 'error': None, 'data': {'results': [{'address_components': [{'long_name': 'La Cañada Flintridge', 'short_name': 'La Cañada Flintridge', 'types': ['locality', 'political']}, {'long_name': 'Los Angeles County', 'short_name': 'Los Angeles County', 'types': ['administrative_area_level_2', 'political']}, {'long_name': 'California', 'short_name': 'CA', 'types': ['administrative_area_level_1', 'political']}, {'long_name': 'United States', 'short_name': 'US', 'types': ['country', 'political']}, {'long_name': '91011', 'short_name': '91011', 'types': ['postal_code']}], 'formatted_address': 'La Cañada Flintridge, CA 91011, USA', 'geometry': {'bounds': {'northeast': {'lat': 34.2427381, 'lng': -118.1674189}, 'southwest': {'lat': 34.1778761, 'lng': -118.231873}}, 'location': {'lat': 34.2068182, 'lng': -118.2000277}, 'location_type': 'APPROXIMATE', 'viewport': {'northeast': {'lat': 34.2427381, 'lng': -118.1674189}, 'southwest': {'lat': 34.1778761, 'lng': -118.231873}}}, 'partial_match': True, 'place_id': 'ChIJEcDTpOHpwoAR1lGHwDbx4_U', 'types': ['locality', 'political']}], 'status': 'OK'}}"
