geo_id,name,pop,pop_sqmi,med_income,pct_own,pct_rent,year,enviroscreen_tracts,sqmi,solar_pot,net_solar_pot,count
cogs_5,Westside Cities COG,785154,3929.84567,78816.75,0.051352439,0.622422867,2010,16,199.7925786,2993136585,-8888,218333
cities_39,la habra heights,6310,702.9933514,111373.5,0.934310019,0.065689981,2010,0,8.975902812,23439562.5,-8888,2247
cities_40,hawaiian gardens,14076,10142.29607,67831,0.450913242,0.549086758,2010,1,1.38785142,42713643.75,-8888,2569
cities_41,hawthorne,86783,9801.098133,48678.25,0.272886058,0.727079695,2010,15,8.854415988,388952580,-8888,12879
cities_42,palmdale,148945,947.2839525,59654.75,0.675368763,0.32460733,2010,0,157.2337414,1077349901,-8888,48080
cities_43,palos verdes estates,13532,1952.769605,147039,0.886799843,0.113787701,2010,0,6.929644935,53095777.5,-8888,5479
cities_44,paramount,54335,7746.049753,40845.5,0.434107412,0.566323963,2010,10,7.01454312,271967092.5,-8888,8773
cities_46,pico rivera,64487,4964.575515,59577.25,0.692638651,0.307302411,2010,10,12.98942877,367601625,-8888,14924
cities_47,pomona,147887,4407.418777,58554.25,0.551885799,0.447956174,2010,23,33.55410672,843068261.3,-8888,32991
cities_48,rancho palos verdes,41134,2104.19733,121976.75,0.79570449,0.204166128,2010,0,19.54854681,236110428.8,-8888,15593
cities_50,rolling hills,1930,444.8518254,137370,0.957971014,0.043478261,2010,0,4.338523279,9037222.5,-8888,785
cities_51,hermosa beach,19276,9118.197688,98874,0.447438209,0.552455712,2010,0,2.114014267,71895480,-8888,7135
cities_52,hidden hills,1856,751.0509208,143929,0.928721174,0.071278826,2010,0,2.471203947,8315317.5,-8888,780
cities_53,la mirada,48558,4251.360732,75384.5,0.79015033,0.209917693,2010,2,11.42175484,455122548.8,-8888,14307
cities_54,la verne,29909,2399.307996,73607.25,0.747474747,0.252710592,2010,0,12.46567762,266448877.5,-8888,9496
cities_55,lakewood,79722,5802.785403,79014.5,0.718023366,0.281901017,2010,2,13.73857458,286382283.8,-8888,24407
cities_56,rolling hills estates,9487,1818.419149,109693.5,0.877721943,0.122836404,2010,0,5.217168993,38459880,-8888,3418
cities_57,rosemead,53535,7083.183716,49560.75,0.485219236,0.514497878,2010,7,7.558041998,200181686.3,-8888,10926
cities_58,san dimas,32473,1440.746314,75163.75,0.726137147,0.273518263,2010,0,22.53901306,219059613.8,-8888,10752
cities_59,san fernando,23499,6747.027563,50948,0.543646781,0.455679137,2010,3,3.482867052,147274766.3,-8888,5165
cities_60,san gabriel,40663,6729.588923,62814,0.490645463,0.509510446,2010,2,6.042419599,154920142.5,-8888,9647
cities_61,san marino,13249,2404.453514,115060,0.908510153,0.091718001,2010,0,5.510191785,34109452.5,-8888,4759
cities_62,santa clarita,189378,1995.922762,90024.5,0.694049425,0.306013778,2010,0,94.88242914,1116165146,-8888,61618
cities_64,santa monica,89197,7184.118622,76707.75,0.284597543,0.715509836,2010,1,12.41585846,376808707.5,-8888,23454
cities_65,lawndale,32455,11336.19662,57618.75,0.344493116,0.655611181,2010,3,2.862953166,97386772.5,-8888,5910
cities_66,lomita,20048,7199.963478,62529.5,0.46946469,0.530283991,2010,0,2.784458569,74347275,-8888,5119
cities_67,long beach,462149,6160.480863,58906,0.416568627,0.583400735,2010,57,75.01833222,1554371539,-8888,105920
cities_68,los angeles,3785479,5471.052245,53577,0.381775038,0.618217359,2010,536,691.9105924,13753623986,-8888,793881
cities_69,lynwood,69021,9788.532434,44457.5,0.470923838,0.528594996,2010,11,7.051210226,191305942.5,-8888,10541
cities_70,malibu,12645,439.8878541,115662,0.72150924,0.279004107,2010,0,28.74596305,94191840,-8888,7028
cities_72,south pasadena,25497,5105.340943,73191,0.458285275,0.541714725,2010,0,4.99418164,59514138.75,-8888,7098
cities_73,temple city,126683,21522.43669,64031,0.640435115,0.358885017,2010,0,5.88609003,128421423.8,-8888,10120
cities_76,walnut,29260,2232.114392,96376.5,0.881526575,0.118590494,2010,0,13.10864716,153696480,-8888,9371
cities_77,west covina,105871,4511.306936,71721.75,0.669597023,0.330595483,2010,4,23.46792216,424226467.5,-8888,26568
cities_81,monrovia,37657,1870.053259,71953,0.507172936,0.492969809,2010,1,20.13685964,187750057.5,-8888,10782
cities_82,montebello,62370,5107.309228,51041.25,0.457708553,0.542238648,2010,12,12.21190988,397175145,-8888,13009
cities_83,monterey park,60042,5313.977774,54829,0.553801287,0.446198713,2010,1,11.29888053,256700366.3,-8888,16194
cities_85,sierra madre,10933,2524.360366,99380,0.618595041,0.381198347,2010,0,4.33099812,26222696.25,-8888,4221
cities_87,south el monte,19830,4764.756978,48742.25,0.461659193,0.538565022,2010,10,4.161807222,246939003.8,-8888,4508
cities_88,south gate,93714,8749.794225,43661.5,0.45755819,0.542485074,2010,16,10.71042331,337975023.8,-8888,16401
counties_19,Los Angeles County,9818605,1636.323879,56250,0.476597277,0.523402723,2010,1020,6000.404397,47143272073,-8888,2392100
neighborhoods_69,alondra park,8987,5419.469459,68821,0.63039663,0.507897508,2010,2,1.658280403,34912935,-8888,1775
neighborhoods_70,altadena,41913,3283.74515,84868.5,1.058396125,0.280610872,2010,0,12.7637798,117925305,-8888,14325
neighborhoods_72,arcadia,58439,3581.516303,81033.75,0.903980568,0.364794527,2010,0,16.31683205,264465315,-8888,16678
neighborhoods_73,arleta,34107,7508.904126,59952.25,1.002741157,0.24200496,2010,2,4.542207415,109378106.3,-8888,7034
neighborhoods_74,arlington heights,20592,13673.10333,38134.5,0.239212718,0.814685844,2010,4,1.506022408,47172468.75,-8888,2349
neighborhoods_75,artesia,16549,6972.998201,63620.5,0.558681319,0.44043956,2010,1,2.373297615,71454626.25,-8888,4002
neighborhoods_77,atwater village,15455,5945.101947,60725.5,0.476392124,0.584586068,2010,2,2.599619004,86994022.5,-8888,3591
neighborhoods_79,avocado heights,17415,4045.653862,56875,0.743295019,0.257589154,2010,2,4.304619375,91046636.25,-8888,4251
neighborhoods_81,baldwin hills/crenshaw,30249,7188.805621,38959.75,0.436568323,0.703804348,2010,6,4.20779217,107014593.8,-8888,5947
neighborhoods_82,baldwin park,75218,7593.085807,54500.25,0.90080131,0.389775984,2010,15,9.906117474,306768836.3,-8888,15155
neighborhoods_83,bel-air,8025,861.2089394,195227,0.838005215,0.161994785,2010,0,9.318296215,41677721.25,-8888,3577
neighborhoods_84,bell,35132,9434.984222,39652.5,0.395764919,0.706828219,2010,7,3.723588633,150375828.8,-8888,4339
neighborhoods_85,bellflower,76937,8536.598055,60154.25,0.632130678,0.597777123,2010,14,9.012606603,254178727.5,-8888,13175
neighborhoods_86,bell gardens,41963,11608.34839,40034.75,0.350435323,0.757980929,2010,9,3.614898397,115294151.3,-8888,4304
neighborhoods_87,beverly crest,11098,921.3532181,173922,0.889674994,0.109661729,2010,0,12.04532614,39444397.5,-8888,6984
neighborhoods_88,beverly grove,20527,8520.455705,77986,0.299810247,0.731585303,2010,0,2.409143444,90566111.25,-8888,5754
neighborhoods_89,beverly hills,34070,4088.566591,83981.5,0.589369708,0.559064642,2010,0,8.332993787,154884382.5,-8888,10055
neighborhoods_90,beverlywood,6483,5589.377962,146487.25,0.956110155,0.182013769,2010,0,1.159878621,17277108.75,-8888,2308
neighborhoods_91,boyle heights,90838,9544.286081,33921.25,0.424018436,0.75277186,2010,22,9.51752695,332998237.5,-8888,11378
neighborhoods_93,brentwood,32797,1473.843248,132743,0.710468427,0.463574017,2010,0,22.25270566,104698575,-8888,11325
neighborhoods_94,broadway-manchester,25966,11438.33186,29372.5,0.513207547,0.653459119,2010,5,2.27008626,53318718.75,-8888,4654
neighborhoods_95,burbank,103314,4066.095146,66680.75,0.74819938,0.560076318,2010,7,25.40865284,593267340,-8888,28881
neighborhoods_96,calabasas,25168,927.4130246,106622.5,0.856566318,0.229821117,2010,0,27.1378548,132342172.5,-8888,9445
neighborhoods_97,canoga park,57619,9038.980307,52483.5,0.434889435,0.700566179,2010,5,6.374502216,288642986.3,-8888,8640
neighborhoods_98,carson,91171,3276.641025,65296.25,1.274898193,0.233147511,2010,15,27.82453107,1187933231,-8888,24032
neighborhoods_99,carthay,4843,6569.894842,79610,0.469368954,0.604329802,2010,0,0.737150307,19464615,-8888,1265
neighborhoods_100,castaic,16843,2084.580591,101353,0.90743748,0.09223774,2010,0,8.079802752,70059986.25,-8888,5641
neighborhoods_101,castaic canyons,44730,157.0628544,93462.5,0.842109726,0.177817349,2010,0,284.7904437,122702617.5,-8888,11220
neighborhoods_102,central-alameda,43587,13688.82988,31159.5,0.393652501,0.715330823,2010,10,3.184128987,118860093.8,-8888,5827
neighborhoods_103,century city,5618,5490.265839,80725.25,0.962143086,0.348091113,2010,0,1.023265569,26271307.5,-8888,3092
neighborhoods_105,charter oak,8541,6338.576566,65417,0.628641629,0.371709372,2010,0,1.347463411,41075947.5,-8888,2118
neighborhoods_106,chatsworth,44310,1980.654864,90230.75,0.988231651,0.287767111,2010,0,22.37138878,526512360,-8888,14574
neighborhoods_108,chesterfield square,6820,7384.833262,38790.5,0.622271715,0.508685969,2010,2,0.923514419,40654650,-8888,1850
neighborhoods_109,cheviot hills,8182,3647.418729,133069.25,0.911321312,0.331362696,2010,0,2.243230242,20525122.5,-8888,2439
neighborhoods_110,chinatown,28839,21708.89282,21889.5,0.088530575,0.917858229,2010,3,1.32844177,56019716.25,-8888,1219
neighborhoods_111,citrus,12533,8470.902038,64974,0.602452404,0.397224911,2010,0,1.479535467,37068592.5,-8888,2719
neighborhoods_113,commerce,13809,1438.779063,44765.5,0.667696629,0.531179775,2010,3,9.597720982,760732537.5,-8888,4104
neighborhoods_114,compton,100342,6721.677214,45011,0.900633017,0.43807263,2010,22,14.9281194,606064391.3,-8888,20788
neighborhoods_115,covina,52546,4727.362084,65578,0.783328493,0.40307871,2010,0,11.11528989,337840365,-8888,13809
neighborhoods_116,cudahy,24565,13714.76551,40798,0.221264863,0.817508185,2010,6,1.791135254,61851948.75,-8888,1807
neighborhoods_117,culver city,38198,5042.424229,71393.25,0.681906971,0.468074716,2010,0,7.575324539,207668936.3,-8888,13688
neighborhoods_118,cypress park,9586,9051.842422,48821,0.469737343,0.606014465,2010,3,1.059010923,36904320,-8888,1669
neighborhoods_119,del aire,8829,6127.271891,76061,0.695160721,0.303779583,2010,1,1.440934915,35323616.25,-8888,2835
neighborhoods_120,del rey,32976,9219.876943,68044.5,0.559739931,0.558135608,2010,0,3.576620405,99965403.75,-8888,7664
neighborhoods_121,desert view highlands,2255,3439.623065,58135.5,0.674174174,0.325825826,2010,0,0.655595092,18957828.75,-8888,771
neighborhoods_122,diamond bar,56784,2573.776782,90935,1.223433071,0.18607874,2010,0,22.06251933,234924202.5,-8888,18291
neighborhoods_123,downey,111460,6107.793367,62330,0.858827005,0.495050968,2010,6,18.24881644,523685643.8,-8888,23585
neighborhoods_124,downtown,47909,5620.737407,21147.75,0.189942221,0.883244169,2010,8,8.523614702,464392211.3,-8888,13082
neighborhoods_126,eagle rock,32684,5254.334236,62109.5,0.786574566,0.464576691,2010,0,6.220388451,77242717.5,-8888,8613
neighborhoods_127,east compton,13333,10982.80855,55334.25,0.529390018,0.493530499,2010,2,1.213988201,20657546.25,-8888,2406
neighborhoods_128,east hollywood,78192,22488.23934,32674,0.133450886,0.917770514,2010,18,3.477017423,146161177.5,-8888,5196
neighborhoods_130,east los angeles,125962,11557.73186,38607.25,0.539045447,0.642515068,2010,28,10.89850513,330605670,-8888,19371
neighborhoods_131,east pasadena,5687,2971.199241,94551,0.689428427,0.310065756,2010,0,1.914041953,22184051.25,-8888,2101
neighborhoods_132,east san gabriel,21523,6741.585153,65173.5,0.58957927,0.433825578,2010,0,3.192572594,68075865,-8888,5595
neighborhoods_133,echo park,43832,12506.37023,40519.25,0.356591494,0.760102921,2010,8,3.504773904,50351197.5,-8888,6315
neighborhoods_134,elizabeth lake,1379,147.5944117,94518,0.831858407,0.171091445,2010,0,9.343172173,11124153.75,-8888,2005
neighborhoods_135,el monte,109955,7764.352462,48576.25,0.675046348,0.579644049,2010,24,14.16151579,445937816.3,-8888,18320
neighborhoods_139,elysian valley,7338,6355.255485,54179.75,0.643911439,0.511531365,2010,2,1.154634934,21397890,-8888,1634
neighborhoods_140,encino,41723,3000.165727,72306.5,0.911792744,0.373633152,2010,0,13.90689842,149160547.5,-8888,15536
neighborhoods_141,exposition park,34029,12627.14571,32073.25,0.470458368,0.718881413,2010,7,2.694908318,65682180,-8888,4878
neighborhoods_142,fairfax,12602,6988.363721,73640,0.350645055,0.722957327,2010,0,1.803283358,69709091.25,-8888,3083
neighborhoods_143,florence,49158,12053.55498,29890.5,0.554112554,0.670562771,2010,13,4.078298899,171570892.5,-8888,7786
neighborhoods_144,florence-firestone,62152,11913.06976,34721.25,0.562852745,0.633731584,2010,13,5.217127176,140899987.5,-8888,9990
neighborhoods_145,gardena,58703,6904.050964,52450.25,0.718187582,0.520704287,2010,10,8.502689262,392139690,-8888,14055
neighborhoods_147,glendale,191049,4257.95957,59414.75,0.637680556,0.61783846,2010,23,44.86867404,672045189.6,-8888,44417
neighborhoods_148,glendora,52468,1834.439384,75802,1.162706083,0.276691302,2010,0,28.6016537,328857341.3,-8888,16083
neighborhoods_150,granada hills,52928,2384.694282,73352.5,1.202007528,0.297764344,2010,0,22.19487856,255166597.5,-8888,15468
neighborhoods_151,green meadows,33396,10328.41143,35495.5,0.665296974,0.554849956,2010,8,3.233411085,80638800,-8888,6458
neighborhoods_152,green valley,754,195.5089625,84484.5,0.787878788,0.212121212,2010,0,3.856600691,0,-8888,1351
neighborhoods_154,hacienda heights,52773,3043.781658,77528.75,1.131344416,0.217622148,2010,5,17.33797162,156677970,-8888,15966
neighborhoods_155,hancock park,10290,4639.318791,105853.25,0.57008547,0.551282051,2010,0,2.217998043,39519270,-8888,3088
neighborhoods_157,harbor city,23823,6358.345664,47880.5,0.519840776,0.510511258,2010,3,3.7467293,97916467.5,-8888,5407
neighborhoods_158,harbor gateway,39900,5337.87538,59610.5,0.459725793,0.596743787,2010,8,7.474884136,367818978.8,-8888,7347
neighborhoods_159,harvard heights,19042,16469.12148,26602.75,0.21663837,0.833616299,2010,5,1.156224394,37140671.25,-8888,2013
neighborhoods_160,harvard park,10644,11394.53352,35704,0.702898551,0.487922705,2010,1,0.934132142,27335167.5,-8888,2479
neighborhoods_161,hasley canyon,1513,330.6251322,114148,0.926267281,0.071428571,2010,0,4.576179644,9468577.5,-8888,315
neighborhoods_162,hawaiian gardens,14303,9994.615988,66829,0.45444351,0.546117185,2010,1,1.43107049,43251161.25,-8888,2630
neighborhoods_163,hawthorne,88513,9760.713903,48635,0.396049299,0.723822387,2010,13,9.068291611,392935908.8,-8888,13234
neighborhoods_164,hermosa beach,19434,9045.735051,96288.75,0.584707489,0.554353534,2010,0,2.148415788,71789317.5,-8888,7115
neighborhoods_165,hidden hills,1875,751.4553372,143929,0.929606625,0.072463768,2010,0,2.495158271,8455563.75,-8888,782
neighborhoods_166,highland park,53357,10668.43597,49607,0.583921277,0.606634484,2010,0,5.001389159,104569503.8,-8888,9936
neighborhoods_167,historic south-central,48926,13130.47932,27034.5,0.38322308,0.79015068,2010,11,3.726139678,170099703.8,-8888,5965
neighborhoods_168,hollywood,85489,16687.78943,37517,0.109137056,0.915897554,2010,14,5.122847477,223254150,-8888,8462
neighborhoods_169,hollywood hills,22267,2159.544742,70067,0.644119784,0.581483574,2010,0,10.31096951,40739021.25,-8888,8998
neighborhoods_170,hollywood hills west,15740,2207.944292,102151,0.848881281,0.376818682,2010,0,7.128803047,50698740,-8888,8799
neighborhoods_171,huntington park,59824,13521.55665,38242.75,0.397637007,0.728389293,2010,18,4.424342665,194522666.3,-8888,7666
neighborhoods_172,hyde park,36781,8744.404039,42488.5,0.643619092,0.561317449,2010,8,4.206232905,117606817.5,-8888,8769
neighborhoods_174,inglewood,111523,8389.717587,45743,0.601828739,0.63202735,2010,16,13.29281932,420200673.8,-8888,21473
neighborhoods_175,irwindale,2066,147.4209472,57177,0.673469388,0.330241187,2010,1,14.01429064,227895686.3,-8888,1127
neighborhoods_176,jefferson park,24392,11776.41039,33400,0.374296787,0.716339542,2010,7,2.071259339,54594903.75,-8888,3651
neighborhoods_177,koreatown,124281,31503.33648,35717.25,0.122843538,0.929174742,2010,9,3.945010716,162282791.3,-8888,7509
neighborhoods_179,la crescenta-montrose,19368,3853.862173,82717.75,0.80593343,0.357163531,2010,0,5.025607852,80309696.25,-8888,6197
neighborhoods_181,la habra heights,6494,715.6263896,113264.5,1.142332415,0.065197429,2010,0,9.074567532,27413392.5,-8888,2492
neighborhoods_182,lake balboa,25648,5598.260554,65683.5,0.929655812,0.349287287,2010,3,4.58142306,82662592.5,-8888,7733
neighborhoods_183,lake hughes,571,41.04537595,73933,0.659574468,0.333333333,2010,0,13.91143306,0,-8888,819
neighborhoods_184,lake los angeles,11141,1081.739967,53026,0.721912351,0.278087649,2010,0,10.29914798,94339908.75,-8888,4531
neighborhoods_185,lake view terrace,12941,2082.921416,73395.5,1.063161076,0.25294651,2010,2,6.212908417,44922941.25,-8888,2935
neighborhoods_186,lakewood,80277,5806.73833,79659.25,1.132365083,0.282931772,2010,2,13.82480068,285733016.3,-8888,24358
neighborhoods_187,la mirada,48447,4245.649897,75354,1.164700266,0.20964332,2010,2,11.41097386,455532112.5,-8888,14308
neighborhoods_188,lancaster,155083,1021.261697,58744,0.983867558,0.405890562,2010,0,151.8543195,1271564138,-8888,53228
neighborhoods_189,la puente,40279,7913.503174,58027,0.688352904,0.375965302,2010,6,5.089907607,144000491.3,-8888,7675
neighborhoods_190,larchmont,9195,12937.44514,49412.75,0.335320417,0.695081967,2010,0,0.710727651,23195947.5,-8888,1642
neighborhoods_191,la verne,31180,2486.341356,70168.5,1.061392629,0.258504607,2010,0,12.54051457,272723640,-8888,9896
neighborhoods_192,lawndale,32511,11352.98773,61830.25,0.503956685,0.655976676,2010,3,2.863651471,97377273.75,-8888,5913
neighborhoods_193,leimert park,12387,7119.12166,45470,0.711908768,0.538418396,2010,3,1.739961837,41023425,-8888,3605
neighborhoods_194,lennox,22950,14800.77471,37857.25,0.349977708,0.695051271,2010,5,1.55059451,50650687.5,-8888,2462
neighborhoods_196,lincoln heights,28267,7705.925165,31051,0.347594262,0.762599975,2010,6,3.668216261,116342366.3,-8888,4162
neighborhoods_197,littlerock,1384,516.897897,47960.5,0.711538462,0.283653846,2010,0,2.677511377,18001807.5,-8888,715
neighborhoods_198,lomita,19986,7182.078845,64136.75,0.549590422,0.530938878,2010,0,2.78275976,74224908.75,-8888,5085
neighborhoods_199,long beach,463166,6122.956264,58419,0.737796246,0.582289912,2010,55,75.64417906,1559258366,-8888,106726
neighborhoods_201,los feliz,32590,8545.150913,63685.75,0.350217162,0.759478812,2010,3,3.813858916,95913907.5,-8888,6556
neighborhoods_202,lynwood,69117,9687.443212,44413,0.714864401,0.529419842,2010,11,7.134699888,191561291.3,-8888,10540
neighborhoods_203,malibu,12514,431.0392809,115662,0.719949495,0.280050505,2010,0,29.03215682,94147140,-8888,7020
neighborhoods_204,manchester square,11553,7827.708408,43063,0.660925197,0.468011811,2010,2,1.475910879,44947526.25,-8888,3276
neighborhoods_206,marina del rey,8884,4188.956275,93404.75,0.131311329,0.882783229,2010,0,2.120814689,30416673.75,-8888,59
neighborhoods_207,mar vista,34708,8216.792107,79050.75,0.532375996,0.60806271,2010,0,4.224032877,88965292.5,-8888,8190
neighborhoods_208,mayflower village,10840,6097.350282,67830,0.759114583,0.242513021,2010,0,1.77782143,28518600,-8888,3194
neighborhoods_210,mid-city,51917,10252.8988,45531.75,0.475635059,0.671059272,2010,9,5.063641122,152481198.8,-8888,9516
neighborhoods_211,mid-wilshire,43441,10693.84307,59735,0.316769297,0.808535014,2010,2,4.062244015,114796863.8,-8888,6519
neighborhoods_213,monrovia,37816,1853.846999,69687.5,0.705418089,0.491823094,2010,1,20.3986629,187949531.3,-8888,10831
neighborhoods_214,montebello,62222,5043.861236,50754,0.656160762,0.541406663,2010,12,12.33618394,390054435,-8888,12996
neighborhoods_215,montecito heights,17665,5014.754961,61277,0.713070505,0.447897922,2010,1,3.522604821,20931333.75,-8888,5886
neighborhoods_216,monterey park,60029,5365.656595,56342.75,0.858997585,0.44701087,2010,1,11.1876336,256705953.8,-8888,16223
neighborhoods_217,mount washington,13042,4820.196415,68105,0.648596112,0.351403888,2010,1,2.705698871,14835930,-8888,5545
neighborhoods_219,north el monte,3703,5934.055053,78515.5,0.703030303,0.296969697,2010,0,0.624025218,9376942.5,-8888,1181
neighborhoods_220,north hills,57624,7400.346566,53638,0.733096537,0.489978435,2010,4,7.786662352,183026943.8,-8888,-9999
neighborhoods_221,north hollywood,80753,9392.290733,51477.5,0.387795741,0.767086301,2010,16,8.597796033,354721878.8,-8888,12775
neighborhoods_222,northridge,62847,4525.182116,61632,0.794145376,0.492552088,2010,3,13.88828082,366772998.8,-8888,13812
neighborhoods_223,northwest antelope valley,5387,16.95888857,81428.5,0.842702424,0.156781846,2010,0,317.6505334,57017085,-8888,17231
neighborhoods_226,norwalk,105379,7415.729501,64033.75,1.106833032,0.350695854,2010,18,14.21020009,382759395,-8888,22998
neighborhoods_227,pacific palisades,24542,735.3740975,149201.5,1.272535211,0.193460765,2010,0,33.37348988,99524550,-8888,10475
neighborhoods_228,pacoima,78104,7455.054319,46855.25,0.881372312,0.466900217,2010,16,10.47665069,375637008.8,-8888,12257
neighborhoods_229,palmdale,151589,762.1994881,59654.75,1.072693493,0.326473978,2010,0,198.8836287,1083960473,-8888,49363
neighborhoods_231,palos verdes estates,13346,1945.353681,150929,0.938828203,0.113207547,2010,0,6.860449145,53171208.75,-8888,5448
neighborhoods_232,panorama city,67680,12651.48555,45420.5,0.591530055,0.648167122,2010,12,5.349569403,213234645,-8888,9116
neighborhoods_233,paramount,54737,7748.849611,44255.25,0.605959085,0.565471523,2010,10,7.063887254,272065432.5,-8888,8785
neighborhoods_235,pico rivera,64384,5024.584713,59281.5,1.105201015,0.308341697,2010,10,12.8137953,364936946.3,-8888,14923
neighborhoods_236,pico-robertson,17667,11726.54644,61139.5,0.232501816,0.77670138,2010,0,1.506581677,56628195,-8888,3870
neighborhoods_237,pico-union,41161,16885.04743,27058,0.154723907,0.905521864,2010,14,2.437718945,80799720,-8888,3580
neighborhoods_238,playa del rey,11114,2769.697705,95828.25,0.731047235,0.534375525,2010,0,4.012712283,45105652.5,-8888,4289
neighborhoods_239,playa vista,8498,4486.26902,83654,0.43864598,0.561824165,2010,0,1.894224346,59668353.75,-8888,2929
neighborhoods_240,pomona,148318,4430.182326,58700.25,0.882129178,0.448082271,2010,23,33.47898327,847870717.5,-8888,33098
neighborhoods_241,porter ranch,30571,3727.106963,109785.5,1.12431466,0.105244338,2010,0,8.202340396,131416882.5,-8888,9080
neighborhoods_242,quartz hill,10928,1951.992876,62894.5,0.801260965,0.282346491,2010,0,5.598381087,98557353.75,-8888,3664
neighborhoods_243,ramona,4291,813.13593,106908,0.840595112,0.161530287,2010,0,5.277100472,25921530,-8888,833
neighborhoods_244,rancho dominguez,2297,592.5867145,81543.5,0.889018692,0.10864486,2010,1,3.87622595,364399987.5,-8888,532
neighborhoods_245,rancho palos verdes,40934,2107.415939,103720,0.831372294,0.203601378,2010,0,19.42378779,235876312.5,-8888,15592
neighborhoods_246,rancho park,4402,5033.116088,92576.5,0.73059867,0.408536585,2010,0,0.874607286,16033331.25,-8888,1460
neighborhoods_248,reseda,67824,7889.16732,58567,0.779567799,0.48393848,2010,5,8.597105024,200472795,-8888,15026
neighborhoods_249,ridge route,5322,12.27240059,73933,0.834302326,0.165697674,2010,0,433.6559878,12143313.75,-8888,-9999
neighborhoods_250,rolling hills,3317,634.8857969,140718,0.940049958,0.058284763,2010,0,5.224561671,12667421.25,-8888,1296
neighborhoods_252,rosemead,53445,7093.897679,49589.25,0.637697597,0.514496349,2010,6,7.533940073,200148161.3,-8888,10885
neighborhoods_253,rowland heights,45916,2389.038841,68837,1.01516928,0.333724168,2010,0,19.21944475,205666935,-8888,12197
neighborhoods_254,san dimas,32767,1433.712049,74445.25,0.814305247,0.272688429,2010,0,22.85465902,219241766.3,-8888,10768
neighborhoods_255,san fernando,23649,6743.60364,50948,0.625502681,0.455931635,2010,2,3.506878705,147692711.3,-8888,5211
neighborhoods_256,san gabriel,41045,6737.891413,60625.75,0.658678005,0.509393119,2010,2,6.091668369,154520636.3,-8888,9652
neighborhoods_257,san marino,13312,2404.714856,115060,0.971162579,0.092415985,2010,0,5.535791475,34142418.75,-8888,4778
neighborhoods_258,san pasqual,2027,5345.11993,86989,0.583610188,0.414174972,2010,0,0.379224419,4646006.25,-8888,736
neighborhoods_259,san pedro,79456,4545.547038,68391.5,0.673496997,0.566455487,2010,9,17.47996431,289292812.5,-8888,20321
neighborhoods_260,santa clarita,179318,2122.67687,90750.25,1.158143468,0.31758034,2010,0,84.47729495,1057528245,-8888,57737
neighborhoods_262,santa monica,89820,7185.594506,74101.75,0.459482465,0.716249574,2010,1,12.50000956,376808707.5,-8888,23440
neighborhoods_263,sawtelle,37068,9434.93562,65891,0.318519321,0.760121403,2010,0,3.928802643,149596372.5,-8888,7836
neighborhoods_265,shadow hills,13660,727.0767928,74167,0.800127578,0.199659792,2010,0,18.78756156,84438858.75,-8888,5790
neighborhoods_266,sherman oaks,65090,4861.122412,80822.25,0.65119703,0.570445526,2010,0,13.38991173,195477570,-8888,19710
neighborhoods_267,sierra madre,10941,2516.455279,99801.5,0.82535095,0.381296449,2010,0,4.347782411,26443961.25,-8888,4229
neighborhoods_269,silver lake,29822,7420.389344,57235.5,0.561139149,0.644051911,2010,3,4.018926584,47844086.25,-8888,7878
neighborhoods_271,southeast antelope valley,8665,30.4528928,69245.5,0.765436132,0.233910487,2010,0,284.5378289,91999863.75,-8888,-9999
neighborhoods_272,south el monte,20281,4743.487484,50107.75,0.712190851,0.539286496,2010,5,4.275546224,247868205,-8888,4550
neighborhoods_273,south gate,94680,8726.177963,43977.25,0.697927372,0.542822885,2010,16,10.85011106,340746423.8,-8888,16520
neighborhoods_274,south park,33207,16154.82578,30452.5,0.431880482,0.720120614,2010,8,2.055546773,57263493.75,-8888,4056
neighborhoods_275,south pasadena,25521,5107.911822,73944,0.567710334,0.541778717,2010,0,4.996366596,59557721.25,-8888,7086
neighborhoods_276,south san gabriel,8694,4195.651952,59286,0.722244172,0.277360727,2010,1,2.072145187,20726831.25,-8888,2387
neighborhoods_278,south whittier,54646,6984.531864,69988.25,0.909053328,0.362684305,2010,3,7.823860076,164617248.8,-8888,12470
neighborhoods_279,stevenson ranch,7627,1663.704769,108023,0.763210972,0.236789028,2010,0,4.584347021,85529538.75,-8888,5708
neighborhoods_280,studio city,36523,3956.317966,81381.75,0.660839544,0.554526523,2010,1,9.231563365,109765878.8,-8888,12018
neighborhoods_281,sunland,15790,2686.269909,62501.25,0.922902098,0.330594406,2010,0,5.878039265,51517867.5,-8888,5210
neighborhoods_282,sun valley,74293,5376.440585,46220.5,0.870191274,0.477433914,2010,18,13.81824998,466524401.3,-8888,14914
neighborhoods_284,sylmar,77176,4216.078702,61055,1.015144562,0.331956555,2010,4,18.30516114,419213362.5,-8888,16734
neighborhoods_285,tarzana,37378,2904.17123,69380,0.872214172,0.421030842,2010,2,12.87045323,131143095,-8888,11567
neighborhoods_286,temple city,35415,6085.61521,65292.75,0.873333907,0.359446212,2010,0,5.819460938,128205187.5,-8888,10092
neighborhoods_287,toluca lake,8622,4838.605771,68930.5,0.534031414,0.600500797,2010,0,1.781918265,25162188.75,-8888,2691
neighborhoods_288,topanga,8280,294.3946132,126594,0.759171598,0.240532544,2010,0,28.12551463,31715208.75,-8888,5959
neighborhoods_290,tujunga,28009,1905.431222,65094,0.890654298,0.429290437,2010,0,14.6995597,98698717.5,-8888,9376
neighborhoods_294,unincorporated santa susana mountains,18826,163.7702319,107139.5,0.685059697,0.315262988,2010,0,114.953736,162065996.3,-8888,3375
neighborhoods_297,valinda,20468,6986.192011,67133,0.810227022,0.226581441,2010,2,2.929779194,61011030,-8888,4676
neighborhoods_298,valley glen,59550,8458.003421,44891.75,0.614931996,0.647390759,2010,7,7.040668706,216682691.3,-8888,10508
neighborhoods_299,valley village,23552,7712.690586,63812.75,0.487848146,0.693808764,2010,0,3.053668462,75557527.5,-8888,5247
neighborhoods_300,val verde,1888,1755.3144,62798,0.805555556,0.194444444,2010,0,1.075590789,2491466.25,-8888,1829
neighborhoods_301,van nuys,104566,7935.815323,41847,0.428592571,0.741275714,2010,25,13.1764659,583480275,-8888,15213
neighborhoods_302,venice,35910,7766.043493,77172.5,0.549438629,0.651787167,2010,0,4.623976164,96802320,-8888,11702
neighborhoods_303,vermont knolls,21909,13166.26154,30049.25,0.351190476,0.745495495,2010,6,1.664025884,48387191.25,-8888,3150
neighborhoods_304,vermont-slauson,27580,13113.40733,34625.5,0.565487704,0.629041172,2010,7,2.103190979,59481172.5,-8888,4812
neighborhoods_305,vermont square,49344,13294.98212,31550,0.543060009,0.644296839,2010,9,3.711475468,94404165,-8888,7774
neighborhoods_306,vermont vista,24983,10423.04037,30792.25,0.536175903,0.62219581,2010,6,2.396901394,55736430,-8888,4456
neighborhoods_309,view park-windsor hills,10899,4057.002573,84909.25,0.876316379,0.277615953,2010,0,2.68646613,47611087.5,-8888,4181
neighborhoods_311,walnut,29250,2223.129959,90411,1.292338239,0.119831815,2010,0,13.15712556,151064767.5,-8888,9363
neighborhoods_312,walnut park,15705,14669.63944,40974,0.53005618,0.469662921,2010,3,1.07057846,33683685,-8888,2656
neighborhoods_313,watts,41721,13496.00314,32590.75,0.462941487,0.686346863,2010,9,3.091359684,66885727.5,-8888,5753
neighborhoods_314,west adams,22725,10505.20543,36941,0.592052023,0.635404624,2010,5,2.16321329,70516485,-8888,4432
neighborhoods_315,west carson,21686,6550.977904,68959,0.847367686,0.239491691,2010,1,3.310345466,107261002.5,-8888,-9999
neighborhoods_316,westchester,40180,2551.250729,90914,0.885589187,0.46703471,2010,2,15.74913808,244077645,-8888,12502
neighborhoods_317,west compton,5444,2261.683897,49352,0.69986631,0.30013369,2010,2,2.407056091,176329207.5,-8888,1904
neighborhoods_318,west covina,106592,4528.857907,71403.75,1.005320335,0.332919176,2010,5,23.53617671,425920038.8,-8888,26643
neighborhoods_319,west hills,38361,3068.7418,82193.25,1.370093743,0.148692935,2010,0,12.50056293,180267277.5,-8888,14160
neighborhoods_320,west hollywood,34657,12563.01707,62628,0.239230226,0.779131356,2010,0,2.758652624,122153925,-8888,9581
neighborhoods_321,westlake,104385,26297.53381,30148.5,0.08595806,0.950026317,2010,22,3.969383622,143223270,-8888,6269
neighborhoods_322,westlake village,8663,1048.417819,97250,0.814800613,0.18404908,2010,0,8.262927088,78493758.75,-8888,3786
neighborhoods_323,west los angeles,13274,8660.912969,106886.75,0.616733068,0.523027888,2010,0,1.532632881,41169258.75,-8888,4549
neighborhoods_324,westmont,31743,11819.20589,35098.5,0.347817091,0.689323402,2010,5,2.68571343,72925256.25,-8888,5235
neighborhoods_325,west puente valley,23866,8802.044961,55108,0.741813321,0.257741145,2010,2,2.711415371,68867613.75,-8888,4894
neighborhoods_327,west whittier-los nietos,23879,6265.642478,69456,0.896299825,0.271399079,2010,4,3.811101589,70857881.25,-8888,6184
neighborhoods_329,whittier,84086,3913.753765,68750,0.873435528,0.430658251,2010,7,21.48474458,315085271.3,-8888,22549
neighborhoods_331,willowbrook,35931,6553.386649,38240.5,0.683117181,0.482497418,2010,7,5.48281399,172877808.8,-8888,7928
neighborhoods_334,winnetka,54825,7828.534621,63466,0.958607779,0.405047494,2010,5,7.003226358,168564817.5,-8888,11740
neighborhoods_335,woodland hills,62731,2900.606348,94833.25,0.98431524,0.375468418,2010,0,21.62685745,253250643.8,-8888,22020
cogs_1,South Bay Cities COG,1053354,5003.919537,56169.25,0.030995352,0.49420823,2010,109,210.505783,5968556325,-8888,262777
cogs_2,Gateway Cities COG,2047709,3689.062446,53857.75,0.056681975,0.503582013,2010,299,555.0757219,12349117579,-8888,439747
cogs_3,Las Virgenes-Malibu COG,85657,361.2219054,112236.75,0.440148204,0.229400215,2010,0,237.1312446,475899108.8,-8888,41245
cities_16,el segundo,16464,2079.02301,94093.5,0.428041649,0.57238625,2010,0,7.919104271,244782228.8,-8888,-9999
cities_49,redondo beach,66459,7358.692616,93422.75,0.515735054,0.484126158,2010,0,9.031359709,272506845,-8888,-9999
cities_63,santa fe springs,19491,1507.779262,64334.25,0.61579236,0.384755986,2010,3,12.92695853,1006295899,-8888,-9999
cities_71,manhattan beach,34805,6095.690063,126516.25,0.674257711,0.325742289,2010,0,5.709771927,163411466.3,-8888,-9999
cities_74,torrance,145199,4861.4108,74073,0.564006657,0.43590386,2010,5,29.86766722,959931382.5,-8888,40761
cities_86,signal hill,10974,3438.178836,60069.5,0.511250907,0.488507138,2010,1,3.191806047,110399501.3,-8888,-9999
neighborhoods_65,adams-normandie,17450,14843.71575,29951.25,0.329448943,0.789847916,2010,5,1.17558166,28814178.75,-8888,-9999
neighborhoods_71,angeles crest,1506,2.381886034,118354,0.813704497,0.188436831,2010,0,632.2720644,742020,-8888,-9999
neighborhoods_76,athens,8898,4585.521109,43455.5,0.622634222,0.458478177,2010,2,1.940455575,41321797.5,-8888,-9999
neighborhoods_92,bradbury,1429,506.1767175,77361.5,0.638938053,0.359292035,2010,0,2.823124712,8518702.5,-8888,-9999
neighborhoods_107,chatsworth reservoir,216,81.76535427,73393,0.522222222,0.466666667,2010,0,2.64170567,211207.5,-8888,-9999
neighborhoods_112,claremont,37528,1539.414535,77756.5,0.900214848,0.331105276,2010,0,24.37809905,230262551.3,-8888,-9999
neighborhoods_125,duarte,21161,2160.603635,63160.25,0.733543668,0.329843683,2010,1,9.794022217,110345861.3,-8888,-9999
neighborhoods_136,el segundo,16634,2093.131031,94093.5,0.625176604,0.571347838,2010,0,7.946946346,244782228.8,-8888,-9999
neighborhoods_137,el sereno,40635,6671.657985,47138.5,0.757194403,0.511044618,2010,4,6.090689914,132272887.5,-8888,-9999
neighborhoods_138,elysian park,2659,1106.037828,31442.5,0.240650407,0.764227642,2010,1,2.404076906,4788487.5,-8888,-9999
neighborhoods_153,griffith park,314,36.78237358,79853,0.570422535,0.443661972,2010,0,8.536697592,1050450,-8888,-9999
neighborhoods_156,hansen dam,152,52.80139183,64282,0.510638298,0.468085106,2010,0,2.878711995,672735,-8888,-9999
neighborhoods_180,ladera heights,8464,1974.023526,74381.5,0.754528251,0.245471749,2010,0,4.287689528,62300066.25,-8888,-9999
neighborhoods_200,lopez/kagel canyons,746,142.0578633,72356,0.80620155,0.19379845,2010,0,5.25138125,7086067.5,-8888,-9999
neighborhoods_205,manhattan beach,35094,6075.210933,124146.25,1.114937611,0.328912656,2010,0,5.776589552,163411466.3,-8888,-9999
neighborhoods_218,northeast antelope valley,18286,27.90497398,46337,0.733385457,0.267396403,2010,1,655.295361,75476508.75,-8888,35288
neighborhoods_224,northwest palmdale,3762,439.1997651,88000,0.858108108,0.141047297,2010,0,8.565578351,58999530,-8888,-9999
neighborhoods_225,north whittier,5771,724.5182733,73750,0.844765343,0.155234657,2010,1,7.965292544,50018182.5,-8888,-9999
neighborhoods_247,redondo beach,66799,7357.43904,92992.75,0.763224962,0.485569638,2010,0,9.079110222,272442588.8,-8888,-9999
neighborhoods_261,santa fe springs,19521,1513.691352,59293,0.866630177,0.385148695,2010,4,12.89628825,1003504384,-8888,-9999
neighborhoods_264,sepulveda basin,657,143.0014843,71667,0.615384615,0.380769231,2010,0,4.594357906,5610408.75,-8888,-9999
neighborhoods_268,signal hill,11363,3520.181229,65371,0.507648859,0.49282184,2010,1,3.227958807,112692052.5,-8888,-9999
neighborhoods_277,south san jose hills,20237,9343.519927,56748.75,0.802743614,0.283349101,2010,3,2.165886107,81095857.5,-8888,-9999
neighborhoods_289,torrance,145669,4870.970117,75721.5,0.945360549,0.435671628,2010,1,29.90554171,960486780,-8888,40820
neighborhoods_291,tujunga canyons,8202,24.24341225,93108,0.860252005,0.140511646,2010,0,338.3187118,8286821.25,-8888,1964
neighborhoods_292,unincorporated catalina island,679,6.51508061,65000,0.090566038,0.913207547,2010,0,104.2197389,0,-8888,321
neighborhoods_293,unincorporated santa monica mountains,14020,107.4771175,114557,0.84953508,0.214708369,2010,0,130.4463716,31935915,-8888,-9999
neighborhoods_295,universal city,33,46.94148459,99000,0.388888889,0.666666667,2010,0,0.703002904,11662788.75,-8888,-9999
neighborhoods_296,university park,22746,13351.9685,17057,0.07549691,0.938700518,2010,6,1.703569028,45001166.25,-8888,-9999
neighborhoods_308,veterans administration,1121,842.2017107,63421,0.192926045,0.797427653,2010,0,1.331035055,11094540,-8888,-9999
neighborhoods_326,west san dimas,967,2006.058737,112250,0.909883721,0.093023256,2010,0,0.482039724,2163480,-8888,-9999
neighborhoods_330,whittier narrows,2846,672.3751992,62601,0.748670213,0.251329787,2010,1,4.232755764,9868083.75,-8888,-9999
neighborhoods_332,wilmington,53713,4049.326105,52363,0.682561505,0.589797395,2010,14,13.26467629,257213857.5,-8888,-9999
neighborhoods_270,south diamond bar,2791,358.0670724,114316.5,0.784204672,0.215795328,2010,0,7.794629037,110632.5,-8888,-9999
cities_75,vernon,408,54.29663373,39760,0.319587629,0.639175258,2010,0,7.514277994,725701147.5,-8888,-9999
neighborhoods_80,azusa,45245,3131.907564,61917.5,0.823634445,0.432594757,2010,4,14.44646724,255183918.8,-8888,-9999
neighborhoods_104,cerritos,49318,3828.924517,88999,1.003976143,0.183928686,2010,0,12.88037928,421089086.3,-8888,16481
counties_30,Orange County,-7777,-7777,-7777,-7777,-7777,2010,69,1157.080517,,-8888,-7777
neighborhoods_173,industry,219,12.15166301,57422,0,0,2010,3,18.02222459,1244945846,-8888,2153
neighborhoods_310,vincent,14311,6618.094302,70167,0.909613804,0.235825801,2010,0,2.162404968,48687798.75,-8888,3923
neighborhoods_307,vernon,413,54.2000005,38625,0.298969072,0.670103093,2010,0,7.619926128,726233077.5,-8888,-9999
neighborhoods_234,pasadena,139948,3800.860377,72125.5,0.709614394,0.545247864,2010,1,36.82008444,521689230,-8888,39499
cities_45,pasadena,137908,4076.197015,72783.5,0.449346817,0.550617195,2010,1,33.83251582,514181865,-8888,38779
cities_116,colton,-7777,-7777,-7777,-7777,-7777,2010,10,23.53327371,,-8888,-7777
cities_126,redlands,-7777,-7777,-7777,-7777,-7777,2010,3,53.1135993,,-8888,-7777
cities_127,rialto,-7777,-7777,-7777,-7777,-7777,2010,13,32.65060591,,-8888,-7777
cities_128,san bernardino,-7777,-7777,-7777,-7777,-7777,2010,36,87.78889141,,-8888,-7777
cities_119,hesperia,-7777,-7777,-7777,-7777,-7777,2010,1,107.6750573,,-8888,-7777
cities_169,fountain valley,-7777,-7777,-7777,-7777,-7777,2010,0,13.11073411,,-8888,-7777
cities_191,tustin,-7777,-7777,-7777,-7777,-7777,2010,0,16.14177328,,-8888,-7777
cities_32,downey,111780,6106.434935,61030.5,0.504463628,0.49541852,2010,6,18.30527979,524858460,-8888,23596
cities_34,el monte,109640,7804.710546,47594.25,0.418003797,0.582033431,2010,21,14.04792649,446205457.5,-8888,18324
cities_35,gardena,58765,6896.807793,51338.75,0.479133187,0.520769418,2010,16,8.52060863,392588925,-8888,14077
cities_36,inglewood,111277,8392.978516,45895,0.367149496,0.632823328,2010,21,13.25834443,418963042.5,-8888,21406
cities_38,la canada flintridge,20815,1642.214825,127401.5,0.867754643,0.131963984,2010,0,12.6749556,91559010,-8888,-9999
cities_130,upland,-7777,-7777,-7777,-7777,-7777,2010,8,22.89652882,,-8888,-7777
cities_11,cerritos,49155,3818.832522,87820.25,0.816819906,0.183437279,2010,0,12.87173494,420097863.8,-8888,16308
cities_21,industry,219,12.46449361,57377.5,0,0,2010,1,17.56990752,1219284135,-8888,1952
cities_104,santa paula,-7777,-7777,-7777,-7777,-7777,2010,0,6.900416356,,-8888,-7777
cities_105,simi valley,-7777,-7777,-7777,-7777,-7777,2010,0,61.69518599,,-8888,-7777
cities_106,thousand oaks,-7777,-7777,-7777,-7777,-7777,2010,0,80.39443565,,-8888,-7777
cities_107,port hueneme,-7777,-7777,-7777,-7777,-7777,2010,0,6.607425431,,-8888,-7777
cities_108,oxnard,-7777,-7777,-7777,-7777,-7777,2010,6,39.42620289,,-8888,-7777
cities_109,san buenaventura,-7777,-7777,-7777,-7777,-7777,2010,2,32.19612312,,-8888,-7777
cities_122,montclair,-7777,-7777,-7777,-7777,-7777,2010,7,8.074457828,,-8888,-7777
cities_110,adelanto,-7777,-7777,-7777,-7777,-7777,2010,2,78.17267909,,-8888,-7777
cities_124,ontario,-7777,-7777,-7777,-7777,-7777,2010,32,72.90065807,,-8888,-7777
cities_115,chino hills,-7777,-7777,-7777,-7777,-7777,2010,0,65.2882218,,-8888,-7777
cities_129,twentynine palms,-7777,-7777,-7777,-7777,-7777,2010,0,86.35973128,,-8888,-7777
cities_120,highland,-7777,-7777,-7777,-7777,-7777,2010,1,27.30603321,,-8888,-7777
cities_158,temecula,-7777,-7777,-7777,-7777,-7777,2010,0,43.47066012,,-7777,-7777
counties_33,Riverside County,-7777,-7777,-7777,-7777,-7777,2010,101,10588.57663,,-7777,-7777
cities_151,norco,-7777,-7777,-7777,-7777,-7777,2010,0,20.11107531,,-7777,-7777
cities_157,san jacinto,-7777,-7777,-7777,-7777,-7777,2010,1,37.80727473,,-7777,-7777
cities_159,wildomar,-7777,-7777,-7777,-7777,-7777,2010,0,34.26753825,,-7777,-7777
cities_160,jurupa valley,-7777,-7777,-7777,-7777,-7777,2010,2,63.70339892,,-7777,-7777
cities_161,eastvale,-7777,-7777,-7777,-7777,-7777,2010,0,19.17644278,,-7777,-7777
cities_134,banning,-7777,-7777,-7777,-7777,-7777,2010,0,33.76580703,,-7777,-7777
cities_135,beaumont,-7777,-7777,-7777,-7777,-7777,2010,1,43.52070399,,-7777,-7777
cities_136,blythe,-7777,-7777,-7777,-7777,-7777,2010,1,39.38862173,,-7777,-7777
cities_137,calimesa,-7777,-7777,-7777,-7777,-7777,2010,0,21.71162229,,-7777,-7777
cities_138,canyon lake,-7777,-7777,-7777,-7777,-7777,2010,0,6.723212689,,-7777,-7777
cities_141,corona,-7777,-7777,-7777,-7777,-7777,2010,7,57.09137966,,-7777,-7777
cities_142,desert hot springs,-7777,-7777,-7777,-7777,-7777,2010,0,34.22040521,,-7777,-7777
cities_143,hemet,-7777,-7777,-7777,-7777,-7777,2010,3,40.16945404,,-7777,-7777
cities_144,indian wells,-7777,-7777,-7777,-7777,-7777,2010,0,21.12871281,,-7777,-7777
cities_147,lake elsinore,-7777,-7777,-7777,-7777,-7777,2010,2,61.20570984,,-7777,-7777
cities_148,menifee,-7777,-7777,-7777,-7777,-7777,2010,0,67.43829583,,-7777,-7777
cities_149,moreno valley,-7777,-7777,-7777,-7777,-7777,2010,22,75.03721362,,-7777,-7777
cities_150,murrieta,-7777,-7777,-7777,-7777,-7777,2010,0,48.52698611,,-7777,-7777
cities_153,palm springs,-7777,-7777,-7777,-7777,-7777,2010,0,137.1256191,,-7777,-7777
cities_154,perris,-7777,-7777,-7777,-7777,-7777,2010,8,46.00337166,,-7777,-7777
cities_155,rancho mirage,-7777,-7777,-7777,-7777,-7777,2010,0,35.88829264,,-7777,-7777
cities_156,riverside,-7777,-7777,-7777,-7777,-7777,2010,45,118.6834894,,-7777,-7777
cities_204,riverside unincorporated area,-7777,-7777,-7777,-7777,-7777,2010,3,9275.889599,,-7777,-7777
cities_176,laguna hills,-7777,-7777,-7777,-7777,-7777,2010,0,9.596483327,,-7777,-7777
cities_177,laguna niguel,-7777,-7777,-7777,-7777,-7777,2010,0,21.3370663,,-7777,-7777
cities_162,aliso viejo,-7777,-7777,-7777,-7777,-7777,2010,0,9.998496307,,-7777,-7777
cities_181,mission viejo,-7777,-7777,-7777,-7777,-7777,2010,0,25.92455332,,-7777,-7777
neighborhoods_78,avalon,3352,850.5857466,52112.5,0.335820896,0.729104478,2010,0,3.940813743,0,-8888,1321
cities_25,avalon,3509,846.8029879,48797,0.267945984,0.731343284,2010,0,4.143820995,0,-8888,1327
cities_199,calipatria,-7777,-7777,-7777,-7777,-7777,2010,1,5.380320744,-7777,-8888,-7777
cities_201,calexico,-7777,-7777,-7777,-7777,-7777,2010,4,11.68595006,-7777,-8888,-7777
cities_113,big bear lake,-7777,-7777,-7777,-7777,-7777,2010,0,9.403212212,-7777,-8888,-7777
cities_195,westmorland,-7777,-7777,-7777,-7777,-7777,2010,1,0.870786451,-7777,-8888,-7777
cities_197,imperial,-7777,-7777,-7777,-7777,-7777,2010,0,8.249162798,-7777,-8888,-7777
cities_196,el centro,-7777,-7777,-7777,-7777,-7777,2010,5,15.60044538,-7777,-8888,-7777
cities_198,holtville,-7777,-7777,-7777,-7777,-7777,2010,0,1.643493189,-7777,-8888,-7777
cities_145,indio,-7777,-7777,-7777,-7777,-7777,2010,3,42.19514868,-7777,-7777,-7777
cities_146,la quinta,-7777,-7777,-7777,-7777,-7777,2010,0,51.67745865,-7777,-7777,-7777
cities_140,coachella,-7777,-7777,-7777,-7777,-7777,2010,3,41.97624532,-7777,-7777,-7777
cities_168,dana point,-7777,-7777,-7777,-7777,-7777,2010,0,9.255930511,-7777,-7777,-7777
cities_186,san clemente,-7777,-7777,-7777,-7777,-7777,2010,0,26.41377993,-7777,-7777,-7777
cities_121,loma linda,-7777,-7777,-7777,-7777,-7777,2010,2,10.97432662,,-8888,-7777
cities_166,costa mesa,-7777,-7777,-7777,-7777,-7777,2010,2,22.90964002,,-8888,-7777
cities_180,los alamitos,-7777,-7777,-7777,-7777,-7777,2010,0,5.934982966,,-8888,-7777
cities_170,fullerton,-7777,-7777,-7777,-7777,-7777,2010,6,32.6522392,,-8888,-7777
cities_194,yorba linda,-7777,-7777,-7777,-7777,-7777,2010,0,28.90428643,,-8888,-7777
cities_171,garden grove,-7777,-7777,-7777,-7777,-7777,2010,5,26.00969244,,-8888,-7777
cities_172,huntington beach,-7777,-7777,-7777,-7777,-7777,2010,1,39.16556062,,-8888,-7777
cities_174,la habra,-7777,-7777,-7777,-7777,-7777,2010,5,10.71635939,,-8888,-7777
cities_190,stanton,-7777,-7777,-7777,-7777,-7777,2010,2,4.482185913,,-8888,-7777
cities_179,lake forest,-7777,-7777,-7777,-7777,-7777,2010,0,24.2925648,,-8888,-7777
cities_184,placentia,-7777,-7777,-7777,-7777,-7777,2010,2,9.631565143,,-8888,-7777
cities_185,rancho santa margarita,-7777,-7777,-7777,-7777,-7777,2010,0,18.71165075,,-8888,-7777
cities_188,santa ana,-7777,-7777,-7777,-7777,-7777,2010,17,39.65509376,,-8888,-7777
cities_189,seal beach,-7777,-7777,-7777,-7777,-7777,2010,0,17.28069,,-8888,-7777
cities_203,san bernardino unincorporated area,-7777,-7777,-7777,-7777,-7777,2010,4,28641.92331,,-8888,-7777
counties_36,San Bernardino County,-7777,-7777,-7777,-7777,-7777,2010,156,29920.50948,,-8888,-7777
cities_37,irwindale,2389,169.5711661,58298.5,0.676518883,0.318555008,2010,0,14.08848011,226517808.8,-8888,1115
neighborhoods_67,agua dulce,4216,90.75893812,93207,0.88538092,0.115305422,2010,0,46.45272507,51700578.75,-8888,2192
neighborhoods_149,gramercy park,10259,6209.220929,50023,0.74126253,0.358981306,2010,2,1.65222016,49862850,-8888,3335
neighborhoods_178,la caã±ada flintridge,20749,1644.955576,127401.5,1.278741713,0.133022993,2010,0,12.6137145,91008641.25,-8888,-9999
neighborhoods_212,mission hills,18813,4020.722229,68169.5,1.021188044,0.282633371,2010,0,4.67901012,86766052.5,-8888,4717
neighborhoods_251,rolling hills estates,9994,1805.750788,109453,0.869031742,0.129901307,2010,0,5.53454002,38741490,-8888,3824
neighborhoods_283,sun village,9375,620.020758,49814.5,0.719432314,0.279475983,2010,0,15.1204615,94537147.5,-8888,4218
neighborhoods_328,westwood,50627,9427.679015,95944,0.55478216,0.650167569,2010,0,5.370038577,82931910,-8888,11028
cities_125,rancho cucamonga,-7777,-7777,-7777,-7777,-7777,2010,5,58.82826044,,-8888,-7777
cities_133,yucca valley,-7777,-7777,-7777,-7777,-7777,2010,0,58.34775834,,-8888,-7777
cities_192,villa park,-7777,-7777,-7777,-7777,-7777,2010,0,3.018971746,,-8888,-7777
cities_139,cathedral city,-7777,-7777,-7777,-7777,-7777,2010,0,31.72177839,,-7777,-7777
cities_152,palm desert,-7777,-7777,-7777,-7777,-7777,2010,0,39.09286374,,-7777,-7777
counties_56,Ventura County,835790,305.4439899,75863,0.64457919,0.35542081,2014,8,2736.31182,-7777,-7777,-7777
neighborhoods_296,university park,24834,14577.63061,16810.75,0.079543459,0.919929763,2014,6,1.703569028,-7777,-7777,-7777
cities_133,yucca valley,20165,345.6002522,42477.5,0.576453603,0.423415146,2014,0,58.34775834,-7777,-7777,-7777
neighborhoods_240,pomona,151261,4518.088222,55067.25,0.527475081,0.472679853,2014,23,33.47898327,-7777,-7777,-7777
neighborhoods_128,east hollywood,69492,19986.09485,31044.75,0.085165765,0.914918809,2014,18,3.477017423,-7777,-7777,-7777
cities_187,san juan capistrano,-7777,-7777,-7777,-7777,-7777,2010,0,20.39776318,,-7777,-7777
neighborhoods_129,east la mirada,9675,5986.042899,80492.5,0.645635528,0.354977029,2010,0,1.616259717,41890046.25,-8888,2464
neighborhoods_195,leona valley,2288,100.8492855,95036,0.88946684,0.11053316,2010,0,22.68731987,19160655,-8888,1038
counties_56,Ventura County,-7777,-7777,-7777,-7777,-7777,2010,8,2736.31182,,-8888,-7777
cities_163,anaheim,-7777,-7777,-7777,-7777,-7777,2010,21,74.00265354,,-8888,-7777
cities_112,barstow,-7777,-7777,-7777,-7777,-7777,2010,4,61.10257211,,-8888,-7777
cities_117,fontana,-7777,-7777,-7777,-7777,-7777,2010,19,61.79348363,,-8888,-7777
cities_118,grand terrace,-7777,-7777,-7777,-7777,-7777,2010,2,5.176470985,,-8888,-7777
cities_131,victorville,-7777,-7777,-7777,-7777,-7777,2010,3,109.2444126,,-8888,-7777
cities_165,buena park,-7777,-7777,-7777,-7777,-7777,2010,4,15.33725487,,-8888,-7777
cities_167,cypress,-7777,-7777,-7777,-7777,-7777,2010,0,9.617502753,,-8888,-7777
cities_193,westminster,-7777,-7777,-7777,-7777,-7777,2010,3,14.60529504,,-8888,-7777
cities_200,brawley,-7777,-7777,-7777,-7777,-7777,2010,4,10.90971983,-7777,-8888,-7777
cities_114,chino,-7777,-7777,-7777,-7777,-7777,2010,4,43.24114273,,-8888,-7777
cities_103,ojai,-7777,-7777,-7777,-7777,-7777,2010,0,6.437871103,,-8888,-7777
cities_111,apple valley,-7777,-7777,-7777,-7777,-7777,2010,0,108.9394678,,-8888,-7777
cities_164,brea,-7777,-7777,-7777,-7777,-7777,2010,0,17.79368073,,-8888,-7777
cities_202,ventura unincorporated area,-7777,-7777,-7777,-7777,-7777,2010,0,2451.358174,,-8888,-7777
cities_205,orange unincorporated area,-7777,-7777,-7777,-7777,-7777,2010,,277.2822878,,-7777,
cities_343,los angeles unincorporated area,1046448,398.7542896,57823,62.27375094,37.72624906,2010,,2624.292772,4724530181,-8888,
cities_123,needles,-7777,-7777,-7777,-7777,-7777,2010,0,46.85866645,-7777,-8888,-7777
cities_342,la palma,-7777,-7777,-7777,-7777,-7777,2010,,1.804193056,-7777,-8888,
cities_206,imperial unincorporated area,-7777,-7777,-7777,-7777,-7777,2010,0,6338.946507,-7777,-8888,-7777
cities_78,west hollywood,34825,12572.48808,50823,0.220595992,0.779667722,2010,0,2.769937007,122126546.3,-8888,9595
cities_79,westlake village,8270,1027.113228,97250,0.816199377,0.184190031,2010,0,8.051692619,78584276.25,-8888,3791
cities_80,maywood,25852,15050.12973,41995.5,0.302516941,0.697160374,2010,7,1.717726057,59358806.25,-8888,-9999
cities_84,norwalk,105538,7431.607986,64318.75,0.649601946,0.350508625,2010,18,14.20123346,381234566.3,-8888,23012
cogs_6,San Gabriel Valley COG,1812153,3379.399438,69509.5,0.064528522,0.399077241,2010,130,536.2352196,9788050076,-8888,469279
cogs_4,San Fernando Valley COG,2010738,2351.315089,77975,0.040940909,0.48055016,2010,163,855.1546365,9399859318,-8888,505099
neighborhoods_198,lomita,20191,7255.746721,55877.25,0.425425682,0.574830367,2014,0,2.78275976,-7777,-7777,-7777
cities_204,riverside unincorporated area,448124,48.31062242,52809.5,0.737197714,0.262765646,2014,3,9275.889599,-7777,-7777,-7777
cities_206,imperial unincorporated area,71761,11.32065082,35129,0.640045249,0.359671946,2014,0,6338.946507,-7777,-7777,-7777
neighborhoods_74,arlington heights,21436,14233.51995,39614,0.191448439,0.808699512,2014,4,1.506022408,-7777,-7777,-7777
neighborhoods_298,valley glen,59061,8388.549791,48597.75,0.322922181,0.677125944,2014,7,7.040668706,-7777,-7777,-7777
neighborhoods_316,westchester,41474,2633.413956,79749.5,0.52892562,0.471260797,2014,2,15.74913808,-7777,-7777,-7777
neighborhoods_201,los feliz,33326,8738.131308,69750.25,0.242081312,0.757918688,2014,3,3.813858916,-7777,-7777,-7777
cities_146,la quinta,36317,702.7628863,67134.5,0.700948905,0.298978102,2014,0,51.67745865,-7777,-7777,-7777
cities_180,los alamitos,12346,2080.208161,80464.25,0.503134432,0.496865568,2014,0,5.934982966,-7777,-7777,-7777
cities_58,san dimas,33238,1474.687463,74864.25,0.711746253,0.287992332,2014,0,22.53901306,-7777,-7777,-7777
cities_1,agoura hills,20236,1768.204637,120088,0.73825784,0.26174216,2014,0,11.44437673,-7777,-7777,-7777
cities_26,bradbury,1088,378.942434,83214,0.65462754,0.34537246,2014,0,2.871148498,-7777,-7777,-7777
cities_189,seal beach,25331,1465.85582,78908.5,0.751627834,0.248372166,2014,0,17.28069,-7777,-7777,-7777
cities_137,calimesa,11638,536.0262739,50026.5,0.88042204,0.11957796,2014,0,21.71162229,-7777,-7777,-7777
cities_185,rancho santa margarita,47254,2525.378474,111110,0.713807635,0.286254338,2014,0,18.71165075,-7777,-7777,-7777
cities_111,apple valley,67548,620.0507617,48698.5,0.675092613,0.324863805,2014,0,108.9394678,-7777,-7777,-7777
cities_178,laguna woods,16187,3389.247433,45560.25,0.730949536,0.269510065,2014,0,4.775986504,-7777,-7777,-7777
cities_169,fountain valley,56270,4291.903071,85173,0.701352589,0.298539635,2014,0,13.11073411,-7777,-7777,-7777
cities_107,port hueneme,21684,3281.762349,46694.5,0.432507695,0.567199179,2014,0,6.607425431,-7777,-7777,-7777
cities_50,rolling hills,1754,404.2850268,146187.5,0.98136646,0.017080745,2014,0,4.338523279,-7777,-7777,-7777
cities_110,adelanto,29281,374.5682039,32417.5,0.527637486,0.472362514,2014,2,78.17267909,-7777,-7777,-7777
cities_46,pico rivera,65508,5043.177894,58016,0.681543385,0.318160266,2014,10,12.98942877,-7777,-7777,-7777
cities_83,monterey park,61233,5419.386447,54864.75,0.521167806,0.478991151,2014,1,11.29888053,-7777,-7777,-7777
cities_36,inglewood,113129,8532.664131,45217.75,0.355699426,0.64438184,2014,21,13.25834443,-7777,-7777,-7777
cities_174,la habra,60681,5662.464068,72080.75,0.56641779,0.433421067,2014,5,10.71635939,-7777,-7777,-7777
cities_15,covina,49089,4769.305355,68082,0.584318285,0.415875476,2014,1,10.29269387,-7777,-7777,-7777
neighborhoods_147,glendale,195420,4355.377202,59940.25,0.362720155,0.637322013,2014,23,44.86867404,-7777,-7777,-7777
cities_125,rancho cucamonga,168291,2860.71692,77418,0.635620379,0.364397829,2014,5,58.82826044,-7777,-7777,-7777
cities_6,bell,35452,9281.403287,36868.25,0.290308321,0.710023207,2014,22,3.819681023,-7777,-7777,-7777
cities_122,montclair,38768,4801.313082,50448.75,0.597103918,0.402801439,2014,7,8.074457828,-7777,-7777,-7777
cities_131,victorville,112468,1029.50803,46882,0.582883034,0.417049841,2014,3,109.2444126,-7777,-7777,-7777
cities_67,long beach,464599,6193.139547,62698.5,0.401702223,0.598285334,2014,57,75.01833222,-7777,-7777,-7777
cities_161,eastvale,55298,2883.642218,105902,0.818023309,0.181884922,2014,0,19.17644278,-7777,-7777,-7777
cities_14,compton,100520,6841.084,45455,0.55535692,0.444227331,2014,29,14.6935778,-7777,-7777,-7777
counties_33,Riverside County,2266899,214.0891149,56016,0.656668424,0.343331576,2014,101,10588.57663,-7777,-7777,-7777
cities_171,garden grove,177629,6829.338732,57841,0.561447741,0.438656443,2014,5,26.00969244,-7777,-7777,-7777
cities_23,lancaster,155742,1111.253751,58506,0.573387944,0.426612056,2014,1,140.1498081,-7777,-7777,-7777
cities_127,rialto,105938,3244.595224,52223.75,0.638837496,0.361123959,2014,13,32.65060591,-7777,-7777,-7777
cities_35,gardena,59574,6991.754062,48674.75,0.501672727,0.498181818,2014,16,8.52060863,-7777,-7777,-7777
cities_65,lawndale,32854,11475.5632,49328.25,0.333789186,0.666421208,2014,3,2.862953166,-7777,-7777,-7777
cities_124,ontario,171471,2352.118685,55781.5,0.554147171,0.445937899,2014,32,72.90065807,-7777,-7777,-7777
cities_20,huntington park,60167,13692.16924,37656.25,0.26011638,0.739482309,2014,21,4.394263533,-7777,-7777,-7777
cities_69,lynwood,69670,9880.573372,43020.5,0.446623966,0.553309314,2014,11,7.051210226,-7777,-7777,-7777
cities_87,south el monte,20756,4987.256471,51338.5,0.462279623,0.537515375,2014,10,4.161807222,-7777,-7777,-7777
cities_44,paramount,54557,7777.698286,44651,0.382701595,0.617371579,2014,10,7.01454312,-7777,-7777,-7777
cities_141,corona,154521,2706.555717,75237.5,0.658957473,0.341042527,2014,7,57.09137966,-7777,-7777,-7777
cities_5,baldwin park,76385,7713.023106,54806.25,0.593092748,0.407079646,2014,16,9.90338016,-7777,-7777,-7777
cities_114,chino,78895,1824.535501,71437.25,0.698192497,0.301807503,2014,4,43.24114273,-7777,-7777,-7777
cities_34,el monte,111077,7907.003223,43898.5,0.396429317,0.603744693,2014,21,14.04792649,-7777,-7777,-7777
cities_106,thousand oaks,129588,1611.902602,104416.5,0.715492775,0.284550556,2014,0,80.39443565,-7777,-7777,-7777
cities_138,canyon lake,11900,1769.98714,76611.5,0.825328615,0.175176946,2014,0,6.723212689,-7777,-7777,-7777
cities_179,lake forest,75176,3094.609425,93365,0.704037304,0.295882986,2014,0,24.2925648,-7777,-7777,-7777
cities_54,la verne,30537,2449.686325,71587.25,0.734976303,0.26492891,2014,0,12.46567762,-7777,-7777,-7777
cities_82,montebello,63351,5187.640643,47646,0.459166539,0.540782578,2014,12,12.21190988,-7777,-7777,-7777
cities_118,grand terrace,11832,2285.727097,59438,0.6104789,0.389995258,2014,2,5.176470985,-7777,-7777,-7777
cities_88,south gate,95402,8907.397706,43001,0.470462329,0.53005137,2014,16,10.71042331,-7777,-7777,-7777
neighborhoods_285,tarzana,38600,2999.117381,74149.5,0.539104771,0.460543883,2014,2,12.87045323,-7777,-7777,-7777
neighborhoods_280,studio city,37541,4066.591813,88432.5,0.445666056,0.554333944,2014,1,9.231563365,-7777,-7777,-7777
cities_203,san bernardino unincorporated area,322930,11.27473168,52491.25,0.649743481,0.350306915,2014,4,28641.92331,-7777,-7777,-7777
cities_16,el segundo,16664,2104.278392,93958,0.424283973,0.575868373,2014,0,7.919104271,-7777,-7777,-7777
neighborhoods_305,vermont square,48251,13000.49008,29570.75,0.340939698,0.659209936,2014,9,3.711475468,-7777,-7777,-7777
neighborhoods_80,azusa,45422,3144.159694,57663.25,0.555555556,0.444444444,2014,4,14.44646724,-7777,-7777,-7777
neighborhoods_297,valinda,21297,7269.148489,61799.5,0.789438798,0.210119311,2014,2,2.929779194,-7777,-7777,-7777
neighborhoods_318,west covina,108466,4608.480015,69711.5,0.657041819,0.34305551,2014,5,23.53617671,-7777,-7777,-7777
neighborhoods_312,walnut park,15708,14672.44167,37368,0.483114708,0.517722579,2014,3,1.07057846,-7777,-7777,-7777
neighborhoods_314,west adams,22356,10334.62586,40588,0.333659628,0.666200531,2014,5,2.16321329,-7777,-7777,-7777
neighborhoods_209,maywood,26584,15344.51457,38045.75,0.254557618,0.745442382,2014,7,1.732475789,-7777,-7777,-7777
neighborhoods_276,south san gabriel,9306,4490.998052,50268,0.759188361,0.239663093,2014,1,2.072145187,-7777,-7777,-7777
neighborhoods_176,jefferson park,24884,12013.94704,34350.25,0.295418253,0.704704582,2014,7,2.071259339,-7777,-7777,-7777
cities_136,blythe,20101,510.325041,44221.5,0.522268326,0.477178423,2014,1,39.38862173,-7777,-7777,-7777
neighborhoods_175,irwindale,2174,155.1273665,59474,0.710280374,0.285981308,2014,1,14.01429064,-7777,-7777,-7777
neighborhoods_211,mid-wilshire,43656,10746.76948,70756,0.189801161,0.810246409,2014,2,4.062244015,-7777,-7777,-7777
neighborhoods_255,san fernando,24329,6937.508265,47419.5,0.573139159,0.426537217,2014,2,3.506878705,-7777,-7777,-7777
neighborhoods_94,broadway-manchester,26562,11700.87695,31790.25,0.31317163,0.686521339,2014,5,2.27008626,-7777,-7777,-7777
neighborhoods_313,watts,41957,13572.34495,29764,0.308406286,0.691804662,2014,9,3.091359684,-7777,-7777,-7777
neighborhoods_108,chesterfield square,6833,7398.909924,40720,0.409659336,0.590340664,2014,2,0.923514419,-7777,-7777,-7777
neighborhoods_157,harbor city,26519,7077.906589,50965.75,0.480612733,0.519267592,2014,3,3.7467293,-7777,-7777,-7777
neighborhoods_222,northridge,64721,4660.116024,63194,0.488828132,0.510936174,2014,3,13.88828082,-7777,-7777,-7777
neighborhoods_277,south san jose hills,20619,9519.891159,72560.25,0.700683594,0.299804688,2014,3,2.165886107,-7777,-7777,-7777
neighborhoods_268,signal hill,11791,3652.77276,61470.25,0.456187454,0.543568465,2014,1,3.227958807,-7777,-7777,-7777
neighborhoods_123,downey,112851,6184.017489,63406.25,0.506694068,0.493245489,2014,6,18.24881644,-7777,-7777,-7777
neighborhoods_261,santa fe springs,20105,1558.975699,63455,0.575211674,0.424788326,2014,4,12.89628825,-7777,-7777,-7777
neighborhoods_154,hacienda heights,54198,3125.971203,91347,0.791658596,0.208341404,2014,5,17.33797162,-7777,-7777,-7777
neighborhoods_214,montebello,63079,5113.331666,48049,0.460242071,0.539400439,2014,12,12.33618394,-7777,-7777,-7777
neighborhoods_65,adams-normandie,18110,15405.13996,28752.25,0.22791417,0.772472453,2014,5,1.17558166,-7777,-7777,-7777
cities_167,cypress,49502,5147.07417,85773,0.682532751,0.317592015,2014,0,9.617502753,-7777,-7777,-7777
cities_158,temecula,95755,2202.750079,83044.5,0.666598438,0.333469792,2014,0,43.47066012,-7777,-7777,-7777
neighborhoods_317,west compton,4792,1990.813599,52277,0.645423729,0.353898305,2014,2,2.407056091,-7777,-7777,-7777
neighborhoods_69,alondra park,9355,5641.38609,53065,0.494661922,0.505338078,2014,2,1.658280403,-7777,-7777,-7777
neighborhoods_334,winnetka,51358,7333.477082,66296,0.567128396,0.432938199,2014,5,7.003226358,-7777,-7777,-7777
neighborhoods_332,wilmington,57226,4314.164834,50434.5,0.417168129,0.58268687,2014,14,13.26467629,-7777,-7777,-7777
neighborhoods_330,whittier narrows,2487,587.560478,64757,0.72876304,0.27123696,2014,1,4.232755764,-7777,-7777,-7777
neighborhoods_85,bellflower,77541,8603.615293,56569.5,0.39655539,0.603487136,2014,14,9.012606603,-7777,-7777,-7777
neighborhoods_173,industry,384,21.30702556,61891,0,0,2014,3,18.02222459,-7777,-7777,-7777
neighborhoods_82,baldwin park,76375,7709.882323,52132.25,0.593199862,0.407030261,2014,15,9.906117474,-7777,-7777,-7777
neighborhoods_81,baldwin hills/crenshaw,29912,7108.716114,40007,0.289184543,0.710890201,2014,6,4.20779217,-7777,-7777,-7777
neighborhoods_274,south park,32655,15886.28409,27869,0.27296266,0.727446171,2014,8,2.055546773,-7777,-7777,-7777
neighborhoods_273,south gate,96445,8888.849109,43876.75,0.46925813,0.530868902,2014,16,10.85011106,-7777,-7777,-7777
neighborhoods_324,westmont,30766,11455.42918,28854.25,0.317832552,0.681967867,2014,5,2.68571343,-7777,-7777,-7777
neighborhoods_213,monrovia,38672,1895.810534,72040.5,0.503949329,0.495976155,2014,1,20.3986629,-7777,-7777,-7777
neighborhoods_189,la puente,40584,7973.425676,51887.5,0.585460599,0.414428413,2014,6,5.089907607,-7777,-7777,-7777
neighborhoods_137,el sereno,42488,6975.892814,47752.5,0.491604639,0.508481911,2014,4,6.090689914,-7777,-7777,-7777
neighborhoods_331,willowbrook,36071,6578.920982,38207.5,0.484861977,0.514581478,2014,7,5.48281399,-7777,-7777,-7777
neighborhoods_232,panorama city,69511,12993.75609,46297,0.346591224,0.653353303,2014,12,5.349569403,-7777,-7777,-7777
neighborhoods_86,bell gardens,42514,11760.77315,40027.25,0.229017903,0.770982097,2014,9,3.614898397,-7777,-7777,-7777
neighborhoods_226,norwalk,106432,7489.831202,62979.5,0.651909466,0.348053671,2014,18,14.21020009,-7777,-7777,-7777
cities_168,dana point,33113,3577.490125,87000,0.578336827,0.42152341,2014,0,9.255930511,-7777,-7777,-7777
neighborhoods_102,central-alameda,43628,13701.70624,31173.75,0.289530144,0.710148037,2014,10,3.184128987,-7777,-7777,-7777
neighborhoods_149,gramercy park,10493,6350.848544,40073.75,0.585803644,0.414196356,2014,2,1.65222016,-7777,-7777,-7777
neighborhoods_327,west whittier-los nietos,24715,6485.001626,66643.75,0.742048346,0.257792621,2014,4,3.811101589,-7777,-7777,-7777
neighborhoods_159,harvard heights,20368,17615.95768,29582.75,0.120987654,0.878683128,2014,5,1.156224394,-7777,-7777,-7777
neighborhoods_97,canoga park,61801,9695.031534,59544.5,0.282272472,0.71762544,2014,5,6.374502216,-7777,-7777,-7777
neighborhoods_216,monterey park,61230,5473.007268,55402.75,0.520354076,0.479857946,2014,1,11.1876336,-7777,-7777,-7777
neighborhoods_234,pasadena,141965,3855.640262,81983,0.443634253,0.556420163,2014,1,36.82008444,-7777,-7777,-7777
neighborhoods_186,lakewood,81628,5904.461258,79892.75,0.706335198,0.293552142,2014,2,13.82480068,-7777,-7777,-7777
cities_172,huntington beach,192046,4903.440598,88505,0.592893387,0.407175556,2014,1,39.16556062,-7777,-7777,-7777
neighborhoods_215,montecito heights,16928,4805.534785,51740.5,0.534039088,0.466286645,2014,1,3.522604821,-7777,-7777,-7777
neighborhoods_217,mount washington,12978,4796.542637,50906.5,0.605869565,0.393695652,2014,1,2.705698871,-7777,-7777,-7777
cities_121,loma linda,23648,2154.847474,57200,0.37419438,0.626192318,2014,2,10.97432662,-7777,-7777,-7777
cities_151,norco,28005,1392.516291,79729.75,0.766457898,0.23368128,2014,0,20.11107531,-7777,-7777,-7777
cities_162,aliso viejo,46059,4606.59269,93501,0.60137081,0.398513996,2014,0,9.998496307,-7777,-7777,-7777
cities_30,culver city,38460,5134.13259,73165.25,0.536157734,0.463842266,2014,0,7.491041442,-7777,-7777,-7777
cities_153,palm springs,48816,355.9947465,48551.25,0.58157267,0.41842733,2014,0,137.1256191,-7777,-7777,-7777
cities_73,temple city,36454,6193.2454,64246.25,0.654377482,0.345449836,2014,0,5.88609003,-7777,-7777,-7777
cities_49,redondo beach,66525,7366.000485,99487,0.514609794,0.485426914,2014,0,9.031359709,-7777,-7777,-7777
neighborhoods_239,playa vista,9467,4997.824055,94312.5,0.429618117,0.570825933,2014,0,1.894224346,-7777,-7777,-7777
neighborhoods_290,tujunga,28085,1910.601445,72663.5,0.548522784,0.451377066,2014,0,14.6995597,-7777,-7777,-7777
neighborhoods_161,hasley canyon,1555,339.8030936,113529,0.913716814,0.088495575,2014,0,4.576179644,-7777,-7777,-7777
neighborhoods_326,west san dimas,916,1900.258328,81968,0.880368098,0.116564417,2014,0,0.482039724,-7777,-7777,-7777
neighborhoods_281,sunland,16477,2803.145616,64701.75,0.643417611,0.356059285,2014,0,5.878039265,-7777,-7777,-7777
neighborhoods_229,palmdale,154410,776.3836622,59120.5,0.640707326,0.359292674,2014,0,198.8836287,-7777,-7777,-7777
neighborhoods_245,rancho palos verdes,41205,2121.367904,109521.75,0.791642559,0.208293153,2014,0,19.42378779,-7777,-7777,-7777
neighborhoods_181,la habra heights,7103,782.7370257,100256.5,0.920201596,0.078958421,2014,0,9.074567532,-7777,-7777,-7777
neighborhoods_107,chatsworth reservoir,218,82.52244089,80982,0.494505495,0.516483516,2014,0,2.64170567,-7777,-7777,-7777
neighborhoods_156,hansen dam,42,14.58985827,64579,0.642857143,0.357142857,2014,0,2.878711995,-7777,-7777,-7777
neighborhoods_295,universal city,11,15.64716153,145365,0.5,0.5,2014,0,0.703002904,-7777,-7777,-7777
neighborhoods_153,griffith park,302,35.37667778,64819,0.53125,0.46875,2014,0,8.536697592,-7777,-7777,-7777
cities_186,san clemente,63087,2388.412419,90719,0.641211295,0.358788705,2014,0,26.41377993,-7777,-7777,-7777
cities_202,ventura unincorporated area,166370,67.8684991,80303,0.705371479,0.294537294,2014,0,2451.358174,-7777,-7777,-7777
cities_177,laguna niguel,62399,2924.441399,98530,0.725100274,0.274941946,2014,0,21.3370663,-7777,-7777,-7777
neighborhoods_271,southeast antelope valley,8385,29.46884086,55711.5,0.779734219,0.219601329,2014,0,284.5378289,-7777,-7777,-7777
neighborhoods_243,ramona,4495,851.7935226,96265,0.787819253,0.215127701,2014,0,5.277100472,-7777,-7777,-7777
neighborhoods_250,rolling hills,3156,604.0698146,144219,0.953526971,0.047302905,2014,0,5.224561671,-7777,-7777,-7777
neighborhoods_143,florence,49619,12166.5923,29572.75,0.300593723,0.699745547,2014,13,4.078298899,-7777,-7777,-7777
neighborhoods_192,lawndale,32952,11506.98691,50382.75,0.332494495,0.66761036,2014,3,2.863651471,-7777,-7777,-7777
cogs_3,Las Virgenes-Malibu COG,86729,365.7426087,116950,0.762228174,0.237867483,2014,0,237.1312446,-7777,-7777,-7777
neighborhoods_251,rolling hills estates,10273,1856.161481,113333,0.856404959,0.143853306,2014,0,5.53454002,-7777,-7777,-7777
neighborhoods_195,leona valley,2415,106.4471261,92308,0.872289157,0.130120482,2014,0,22.68731987,-7777,-7777,-7777
neighborhoods_129,east la mirada,10365,6412.954486,89479,0.641412617,0.358889224,2014,0,1.616259717,-7777,-7777,-7777
neighborhoods_106,chatsworth,47391,2118.375415,86845,0.695929816,0.304070184,2014,0,22.37138878,-7777,-7777,-7777
neighborhoods_120,del rey,30365,8489.858181,78503.75,0.399513504,0.600402617,2014,0,3.576620405,-7777,-7777,-7777
neighborhoods_264,sepulveda basin,669,145.6133836,90481,0.643382353,0.352941176,2014,0,4.594357906,-7777,-7777,-7777
neighborhoods_179,la crescenta-montrose,19465,3873.163321,88031.25,0.648312078,0.351687922,2014,0,5.025607852,-7777,-7777,-7777
neighborhoods_99,carthay,5201,7055.548848,79500,0.448201127,0.55136541,2014,0,0.737150307,-7777,-7777,-7777
cogs_5,Westside Cities COG,805395,4031.15574,84054.5,0.369161898,0.630835352,2014,16,199.7925786,-7777,-7777,-7777
cogs_1,South Bay Cities COG,1068515,5075.941311,55611.25,0.496571532,0.50342296,2014,109,210.505783,-7777,-7777,-7777
neighborhoods_320,west hollywood,34885,12645.66611,55081.5,0.220456848,0.779589205,2014,0,2.758652624,-7777,-7777,-7777
neighborhoods_103,century city,5516,5390.584972,103019.5,0.632538105,0.366799205,2014,0,1.023265569,-7777,-7777,-7777
neighborhoods_115,covina,53290,4794.296911,65987.25,0.591110845,0.408829175,2014,0,11.11528989,-7777,-7777,-7777
neighborhoods_148,glendora,54295,1898.31681,74492.5,0.688488113,0.311394777,2014,0,28.6016537,-7777,-7777,-7777
neighborhoods_236,pico-robertson,19430,12896.7452,73269,0.228691687,0.771308313,2014,0,1.506581677,-7777,-7777,-7777
neighborhoods_208,mayflower village,10762,6053.476359,63971,0.710927152,0.287748344,2014,0,1.77782143,-7777,-7777,-7777
neighborhoods_323,west los angeles,13037,8506.277112,108328.5,0.455816276,0.544516558,2014,0,1.532632881,-7777,-7777,-7777
neighborhoods_294,unincorporated santa susana mountains,20147,175.2618114,99018,0.654128297,0.345715624,2014,0,114.953736,-7777,-7777,-7777
neighborhoods_83,bel-air,7415,795.7463284,180508,0.827191413,0.172093023,2014,0,9.318296215,-7777,-7777,-7777
neighborhoods_221,north hollywood,82229,9563.962635,48231.25,0.221327902,0.778967772,2014,16,8.597796033,-7777,-7777,-7777
neighborhoods_160,harvard park,10686,11439.49504,34963.75,0.476544808,0.522484633,2014,1,0.934132142,-7777,-7777,-7777
neighborhoods_119,del aire,9019,6259.130726,68869,0.646754144,0.352209945,2014,1,1.440934915,-7777,-7777,-7777
neighborhoods_284,sylmar,77108,4212.363902,62806.5,0.671261234,0.328789256,2014,4,18.30516114,-7777,-7777,-7777
cities_195,westmorland,1747,2006.232411,32362,0.46875,0.53125,2014,1,0.870786451,-7777,-7777,-7777
cities_129,twentynine palms,25601,296.4460359,42381.25,0.381958479,0.618225243,2014,0,86.35973128,-7777,-7777,-7777
cities_199,calipatria,7599,1412.369329,32218,0.525146963,0.474853037,2014,1,5.380320744,-7777,-7777,-7777
neighborhoods_110,chinatown,28839,21708.89282,23161.25,0.088805503,0.910881801,2014,3,1.32844177,-7777,-7777,-7777
neighborhoods_325,west puente valley,23866,8802.044961,60775.75,0.690512541,0.309269357,2014,2,2.711415371,-7777,-7777,-7777
cities_150,murrieta,106326,2191.069516,80176.5,0.669993847,0.329937786,2014,0,48.52698611,-7777,-7777,-7777
cities_100,camarillo,65985,2289.851328,90827,0.698341656,0.301658344,2014,0,28.8162813,-7777,-7777,-7777
cities_28,calabasas,23956,1189.758693,112385,0.753250199,0.247015123,2014,0,20.13517542,-7777,-7777,-7777
neighborhoods_79,avocado heights,17415,4045.653862,63250.5,0.750439367,0.250146456,2014,2,4.304619375,-7777,-7777,-7777
neighborhoods_168,hollywood,85489,16687.78943,35601.5,0.079103641,0.92092437,2014,14,5.122847477,-7777,-7777,-7777
cities_70,malibu,12830,446.3235404,135000,0.745654397,0.25408998,2014,0,28.74596305,-7777,-7777,-7777
neighborhoods_152,green valley,754,195.5089625,75345,0.727272727,0.272727273,2014,0,3.856600691,-7777,-7777,-7777
neighborhoods_183,lake hughes,571,41.04537595,47376,0.666666667,0.333333333,2014,0,13.91143306,-7777,-7777,-7777
neighborhoods_300,val verde,1888,1755.3144,67576,0.742857143,0.285714286,2014,0,1.075590789,-7777,-7777,-7777
neighborhoods_302,venice,40885,8841.957344,93520.25,0.35832636,0.641617852,2014,0,4.623976164,-7777,-7777,-7777
neighborhoods_279,stevenson ranch,8609,1877.911938,106014.5,0.704377767,0.296114117,2014,0,4.584347021,-7777,-7777,-7777
neighborhoods_100,castaic,16843,2084.580591,107139,0.880611906,0.119720652,2014,0,8.079802752,-7777,-7777,-7777
neighborhoods_133,echo park,43832,12506.37023,48351.5,0.22790663,0.771944217,2014,8,3.504773904,-7777,-7777,-7777
neighborhoods_283,sun village,9375,620.020758,51060.5,0.833513514,0.166486486,2014,0,15.1204615,-7777,-7777,-7777
neighborhoods_194,lennox,22950,14800.77471,35610,0.302990033,0.697231451,2014,5,1.55059451,-7777,-7777,-7777
neighborhoods_122,diamond bar,56784,2573.776782,88742.5,0.789570835,0.210297317,2014,0,22.06251933,-7777,-7777,-7777
neighborhoods_322,westlake village,8663,1048.417819,99608,0.800786838,0.199570815,2014,0,8.262927088,-7777,-7777,-7777
neighborhoods_203,malibu,12514,431.0392809,186948.25,0.747067823,0.253697093,2014,0,29.03215682,-7777,-7777,-7777
neighborhoods_219,north el monte,3703,5934.055053,57314.5,0.676438654,0.323561346,2014,0,0.624025218,-7777,-7777,-7777
neighborhoods_134,elizabeth lake,1379,147.5944117,72068.5,0.834862385,0.165137615,2014,0,9.343172173,-7777,-7777,-7777
neighborhoods_171,huntington park,60406,13653.10162,37726.25,0.260226516,0.739506995,2014,18,4.424342665,-7777,-7777,-7777
neighborhoods_127,east compton,13591,11195.33121,39721.25,0.506095437,0.494949495,2014,2,1.213988201,-7777,-7777,-7777
neighborhoods_76,athens,8794,4531.925447,43705.5,0.47447668,0.52552332,2014,2,1.940455575,-7777,-7777,-7777
neighborhoods_207,mar vista,36563,8655.945886,81420.5,0.389026295,0.610908618,2014,0,4.224032877,-7777,-7777,-7777
neighborhoods_104,cerritos,49956,3878.45722,88967.5,0.806050641,0.194080894,2014,0,12.88037928,-7777,-7777,-7777
neighborhoods_71,angeles crest,1549,2.449894732,103750,0.822546973,0.177453027,2014,0,632.2720644,-7777,-7777,-7777
neighborhoods_246,rancho park,4426,5060.556975,102095.5,0.576539589,0.424633431,2014,0,0.874607286,-7777,-7777,-7777
neighborhoods_72,arcadia,59766,3662.843364,77431.25,0.609079633,0.391019598,2014,0,16.31683205,-7777,-7777,-7777
neighborhoods_267,sierra madre,11061,2544.055556,99064.25,0.575241085,0.42498318,2014,0,4.347782411,-7777,-7777,-7777
cities_60,san gabriel,41102,6802.241938,57286.5,0.492432781,0.507567219,2014,2,6.042419599,-7777,-7777,-7777
neighborhoods_256,san gabriel,41471,6807.822994,56131,0.49261477,0.50762475,2014,2,6.091668369,-7777,-7777,-7777
neighborhoods_75,artesia,16657,7018.504504,105514.75,0.516500554,0.48372093,2014,1,2.373297615,-7777,-7777,-7777
cities_200,brawley,25478,2335.348697,43964.75,0.550498339,0.449169435,2014,4,10.90971983,-7777,-7777,-7777
neighborhoods_177,koreatown,124281,31503.33648,34760,0.067727391,0.932390642,2014,9,3.945010716,-7777,-7777,-7777
neighborhoods_138,elysian park,2659,1106.037828,32250,0.233974359,0.769230769,2014,1,2.404076906,-7777,-7777,-7777
cities_113,big bear lake,4909,522.0556432,38958.5,0.544844125,0.453717026,2014,0,9.403212212,-7777,-7777,-7777
cities_9,beverly hills,34793,4167.064658,95339.75,0.406288115,0.593644125,2014,0,8.349522471,-7777,-7777,-7777
neighborhoods_249,ridge route,5130,11.82965333,66666,0.819642857,0.180357143,2014,0,433.6559878,-7777,-7777,-7777
neighborhoods_140,encino,43636,3137.723358,86998.25,0.613775734,0.386169514,2014,0,13.90689842,-7777,-7777,-7777
neighborhoods_257,san marino,13337,2409.230922,131932,0.884115444,0.117206433,2014,0,5.535791475,-7777,-7777,-7777
neighborhoods_200,lopez/kagel canyons,638,121.4918456,87929,0.816513761,0.183486239,2014,0,5.25138125,-7777,-7777,-7777
cities_61,san marino,13259,2406.268333,136639,0.883082374,0.116917626,2014,0,5.510191785,-7777,-7777,-7777
cities_176,laguna hills,28915,3013.08292,82044.25,0.708907254,0.290990715,2014,0,9.596483327,-7777,-7777,-7777
cities_147,lake elsinore,54599,892.0572957,54071,0.612822928,0.387244349,2014,2,61.20570984,-7777,-7777,-7777
cities_4,azusa,45443,3214.618613,57676.5,0.55516851,0.44483149,2014,4,14.13635814,-7777,-7777,-7777
cities_160,jurupa valley,101266,1589.648303,57749.5,0.640838263,0.359123072,2014,2,63.70339892,-7777,-7777,-7777
cities_119,hesperia,89517,831.3624548,47020.25,0.638824259,0.361214518,2014,1,107.6750573,-7777,-7777,-7777
cities_105,simi valley,115258,1868.184659,96600.5,0.729518482,0.270455377,2014,0,61.69518599,-7777,-7777,-7777
neighborhoods_206,marina del rey,9145,4312.02219,99444,0.066175115,0.933640553,2014,0,2.120814689,-7777,-7777,-7777
neighborhoods_111,citrus,12433,8403.313256,56749.5,0.560216509,0.440121786,2014,0,1.479535467,-7777,-7777,-7777
neighborhoods_70,altadena,43504,3408.394746,86038.75,0.714673373,0.285128069,2014,0,12.7637798,-7777,-7777,-7777
neighborhoods_293,unincorporated santa monica mountains,13969,107.0861522,126664.5,0.764922943,0.234859996,2014,0,130.4463716,-7777,-7777,-7777
neighborhoods_287,toluca lake,9081,5096.193344,76475.75,0.409530232,0.590244999,2014,0,1.781918265,-7777,-7777,-7777
neighborhoods_105,charter oak,8806,6535.242389,67083,0.645744681,0.353546099,2014,0,1.347463411,-7777,-7777,-7777
neighborhoods_260,santa clarita,182506,2160.41482,88619.75,0.658113846,0.341852982,2014,0,84.47729495,-7777,-7777,-7777
neighborhoods_170,hollywood hills west,16616,2330.826071,95070.5,0.57408579,0.425787676,2014,0,7.128803047,-7777,-7777,-7777
neighborhoods_88,beverly grove,21575,8955.465087,81667.75,0.27048764,0.729427701,2014,0,2.409143444,-7777,-7777,-7777
neighborhoods_197,littlerock,1629,608.4007762,51060.5,0.765625,0.232142857,2014,0,2.677511377,-7777,-7777,-7777
neighborhoods_275,south pasadena,25887,5181.165053,74685.25,0.434560524,0.565150347,2014,0,4.996366596,-7777,-7777,-7777
neighborhoods_92,bradbury,1123,397.7861818,73821,0.657836645,0.344370861,2014,0,2.823124712,-7777,-7777,-7777
neighborhoods_333,windsor square,6062,6070.735982,156844.5,0.462394304,0.536270583,2014,0,0.998560968,-7777,-7777,-7777
neighborhoods_188,lancaster,157107,1034.59026,54409.25,0.574338635,0.42572366,2014,0,151.8543195,-7777,-7777,-7777
neighborhoods_164,hermosa beach,19604,9124.863124,97127.5,0.450384158,0.549615842,2014,0,2.148415788,-7777,-7777,-7777
neighborhoods_78,avalon,3135,795.5209772,69063,0.208926876,0.791073124,2014,0,3.940813743,-7777,-7777,-7777
neighborhoods_150,granada hills,54405,2451.241166,81415,0.685526017,0.314530788,2014,0,22.19487856,-7777,-7777,-7777
neighborhoods_308,veterans administration,1058,794.8701249,67085,0.163265306,0.843537415,2014,0,1.331035055,-7777,-7777,-7777
neighborhoods_303,vermont knolls,21226,12755.81119,27460,0.246060799,0.753461722,2014,6,1.664025884,-7777,-7777,-7777
neighborhoods_130,east los angeles,127087,11660.95703,41340.25,0.344089101,0.655974543,2014,28,10.89850513,-7777,-7777,-7777
neighborhoods_288,topanga,8515,302.7500158,117257,0.826947637,0.173371648,2014,0,28.12551463,-7777,-7777,-7777
neighborhoods_90,beverlywood,6472,5579.894211,161728,0.820258621,0.180172414,2014,0,1.159878621,-7777,-7777,-7777
neighborhoods_230,palms,44863,15801.08536,61656.25,0.120707795,0.879244381,2014,1,2.839235342,-7777,-7777,-7777
neighborhoods_272,south el monte,21162,4949.543027,51338.5,0.461183551,0.538415246,2014,5,4.275546224,-7777,-7777,-7777
neighborhoods_124,downtown,44709,5245.309832,24228,0.129481304,0.870518696,2014,8,8.523614702,-7777,-7777,-7777
neighborhoods_202,lynwood,70008,9812.32583,41824.5,0.445131273,0.555001662,2014,11,7.134699888,-7777,-7777,-7777
neighborhoods_141,exposition park,34131,12664.99486,31210.25,0.250858391,0.748725419,2014,7,2.694908318,-7777,-7777,-7777
neighborhoods_301,van nuys,106656,8094.431451,44683,0.246975894,0.753024106,2014,25,13.1764659,-7777,-7777,-7777
neighborhoods_187,la mirada,49183,4310.149213,76347.75,0.782240133,0.217898833,2014,2,11.41097386,-7777,-7777,-7777
cities_17,whittier,85720,4011.649033,73455.75,0.57062627,0.42955847,2014,16,21.36777153,-7777,-7777,-7777
cities_135,beaumont,39620,910.3713031,45680,0.76939461,0.230769231,2014,1,43.52070399,-7777,-7777,-7777
cities_74,torrance,146997,4921.609676,84839,0.555752983,0.444337673,2014,5,29.86766722,-7777,-7777,-7777
cities_163,anaheim,339551,4588.362494,62463,0.484438833,0.515550902,2014,21,74.00265354,-7777,-7777,-7777
cities_33,duarte,21492,2190.899998,60006,0.639489898,0.360796676,2014,1,9.80966727,-7777,-7777,-7777
cities_165,buena park,83683,5456.191521,70474,0.525459186,0.474457136,2014,4,15.33725487,-7777,-7777,-7777
cities_8,bellflower,77423,8607.939671,57487.75,0.395559911,0.604354866,2014,14,8.994370658,-7777,-7777,-7777
cities_80,maywood,26560,15462.30256,39700.75,0.255533199,0.744969819,2014,7,1.717726057,-7777,-7777,-7777
cities_47,pomona,150929,4498.07832,58159.75,0.527108668,0.472813545,2014,23,33.55410672,-7777,-7777,-7777
cities_115,chino hills,72078,1103.996985,100723.5,0.79047402,0.209434822,2014,0,65.2882218,-7777,-7777,-7777
counties_19,Los Angeles County,9974203,1662.255131,57083,0.463829008,0.536170992,2014,1020,6000.404397,-7777,-7777,-7777
counties_36,San Bernardino County,2078586,69.47027428,52457,0.609001916,0.390998084,2014,156,29920.50948,-7777,-7777,-7777
counties_30,Orange County,3086331,2667.343331,76904.5,0.581816549,0.418183451,2014,69,1157.080517,-7777,-7777,-7777
counties_13,Imperial County,177026,27.68934886,36494.5,0.556632305,0.443367695,2014,15,6393.288658,-7777,-7777,-7777
cities_148,menifee,77416,1147.953089,61096.5,0.743009788,0.256912218,2014,0,67.43829583,-7777,-7777,-7777
cities_48,rancho palos verdes,41492,2122.510711,110933,0.790716976,0.209155334,2014,0,19.54854681,-7777,-7777,-7777
cities_62,santa clarita,192950,2033.569353,91221,0.672034099,0.327950114,2014,0,94.88242914,-7777,-7777,-7777
cities_19,glendora,53968,1876.57428,75037,0.688858776,0.311200141,2014,0,28.75878699,-7777,-7777,-7777
cities_51,hermosa beach,19503,9225.576339,98986.5,0.451072167,0.549145532,2014,0,2.114014267,-7777,-7777,-7777
cities_76,walnut,29957,2285.285402,99722,0.85487877,0.14512123,2014,0,13.10864716,-7777,-7777,-7777
cities_37,irwindale,1970,139.8305555,53750,0.704781705,0.286902287,2014,0,14.08848011,-7777,-7777,-7777
cities_85,sierra madre,11058,2553.222073,99064.25,0.574921489,0.425078511,2014,0,4.33099812,-7777,-7777,-7777
cities_173,irvine,219838,2292.497817,97720.25,0.508939425,0.491060575,2014,0,95.89452969,-7777,-7777,-7777
cities_12,claremont,35484,1800.612056,79381.25,0.650528612,0.349555295,2014,0,19.70663247,-7777,-7777,-7777
cities_42,palmdale,151939,966.3256669,58569.5,0.641600704,0.358545881,2014,0,157.2337414,-7777,-7777,-7777
cities_164,brea,37716,2119.628905,86023,0.618754746,0.381169324,2014,0,17.79368073,-7777,-7777,-7777
cities_78,west hollywood,35072,12661.65978,54960,0.219854255,0.780374903,2014,0,2.769937007,-7777,-7777,-7777
cities_139,cathedral city,48897,1541.433125,48180,0.616537076,0.383399709,2014,0,31.72177839,-7777,-7777,-7777
neighborhoods_126,eagle rock,33570,5396.769071,68869.5,0.560049893,0.439682823,2014,0,6.220388451,-7777,-7777,-7777
neighborhoods_132,east san gabriel,21895,6858.105604,67087.75,0.591116824,0.409311625,2014,0,3.192572594,-7777,-7777,-7777
cities_156,riverside,310961,2620.086429,60607,0.553487648,0.446478999,2014,45,118.6834894,-7777,-7777,-7777
neighborhoods_151,green meadows,35635,11020.869,34514,0.424967582,0.575150301,2014,8,3.233411085,-7777,-7777,-7777
neighborhoods_125,duarte,21510,2196.237615,60006,0.638705983,0.36100773,2014,1,9.794022217,-7777,-7777,-7777
cities_77,west covina,107808,4593.845134,69558.5,0.659408462,0.340624184,2014,4,23.46792216,-7777,-7777,-7777
cities_130,upland,75418,3293.861729,64236,0.570648565,0.429388327,2014,8,22.89652882,-7777,-7777,-7777
cities_128,san bernardino,222867,2538.669716,39818,0.495079384,0.50487032,2014,36,87.78889141,-7777,-7777,-7777
cities_140,coachella,41985,1000.208563,40811,0.636052659,0.363947341,2014,3,41.97624532,-7777,-7777,-7777
cities_53,la mirada,49282,4314.74854,78703.25,0.781945504,0.217777161,2014,2,11.42175484,-7777,-7777,-7777
cities_108,oxnard,186913,4740.831891,56750,0.544903593,0.455225812,2014,6,39.42620289,-7777,-7777,-7777
cities_40,hawaiian gardens,14061,10131.48799,66884,0.396195652,0.604076087,2014,1,1.38785142,-7777,-7777,-7777
cities_157,san jacinto,42238,1117.1924,44041.25,0.64040404,0.359434343,2014,1,37.80727473,-7777,-7777,-7777
cities_154,perris,67861,1475.131008,42295.5,0.645552561,0.35406238,2014,8,46.00337166,-7777,-7777,-7777
cities_2,alhambra,84358,7562.78217,53101,0.398553968,0.601377173,2014,3,11.15436067,-7777,-7777,-7777
cities_57,rosemead,53790,7116.922612,50224.75,0.469451806,0.530548194,2014,7,7.558041998,-7777,-7777,-7777
cities_21,industry,384,21.85555044,61569,0,0,2014,1,17.56990752,-7777,-7777,-7777
cities_166,costa mesa,112852,4925.961293,72183.5,0.395612671,0.604363036,2014,2,22.90964002,-7777,-7777,-7777
cities_41,hawthorne,88153,9955.823187,47935.75,0.26122752,0.738671256,2014,15,8.854415988,-7777,-7777,-7777
cities_81,monrovia,38543,1914.052176,76092,0.503511131,0.496488869,2014,1,20.13685964,-7777,-7777,-7777
cities_32,downey,113107,6178.927681,61071.5,0.506345139,0.493504145,2014,6,18.30527979,-7777,-7777,-7777
cities_188,santa ana,331180,8351.512218,58389,0.456610601,0.543349193,2014,17,39.65509376,-7777,-7777,-7777
cities_56,rolling hills estates,9706,1860.395938,112270,0.868571429,0.130884354,2014,0,5.217168993,-7777,-7777,-7777
cities_10,carson,91578,3327.806736,68359.5,0.74674953,0.253414016,2014,12,27.51902597,-7777,-7777,-7777
cities_18,glendale,195449,4359.696847,60067,0.36235509,0.63757465,2014,23,44.83086941,-7777,-7777,-7777
cities_117,fontana,199630,3230.599544,55571.75,0.651098901,0.348798589,2014,19,61.79348363,-7777,-7777,-7777
cities_182,newport beach,84998,2278.284326,110589.5,0.556312636,0.443713877,2014,0,37.30789833,-7777,-7777,-7777
cities_59,san fernando,24166,6938.536452,56729.5,0.573311635,0.427013832,2014,3,3.482867052,-7777,-7777,-7777
cities_143,hemet,74704,1859.721567,36229.5,0.572415014,0.427691218,2014,3,40.16945404,-7777,-7777,-7777
cities_193,westminster,92559,6337.35914,56899,0.503447778,0.496299505,2014,3,14.60529504,-7777,-7777,-7777
cities_86,signal hill,11341,3553.16076,58885.5,0.460301508,0.539949749,2014,1,3.191806047,-7777,-7777,-7777
cities_196,el centro,40107,2570.888139,36511.5,0.481440678,0.518728814,2014,5,15.60044538,-7777,-7777,-7777
cities_84,norwalk,106652,7510.051876,62156.25,0.652313128,0.347613264,2014,18,14.20123346,-7777,-7777,-7777
cities_145,indio,81070,1921.310922,47183,0.645320197,0.354639753,2014,3,42.19514868,-7777,-7777,-7777
neighborhoods_262,santa monica,91639,7331.114395,84825.75,0.270868239,0.729153241,2014,1,12.50000956,-7777,-7777,-7777
neighborhoods_174,inglewood,113304,8523.699698,43693.5,0.356426002,0.643573998,2014,16,13.29281932,-7777,-7777,-7777
neighborhoods_304,vermont-slauson,26897,12788.66269,29480.75,0.372232595,0.627634036,2014,7,2.103190979,-7777,-7777,-7777
neighborhoods_204,manchester square,11791,7988.964757,42030.25,0.5455662,0.45418816,2014,2,1.475910879,-7777,-7777,-7777
neighborhoods_162,hawaiian gardens,14257,9962.472218,66884,0.400427122,0.599305926,2014,1,1.43107049,-7777,-7777,-7777
neighborhoods_73,arleta,34171,7522.994191,63295.75,0.742578229,0.257421771,2014,2,4.542207415,-7777,-7777,-7777
neighborhoods_210,mid-city,52428,10353.81433,43653,0.351869866,0.648076092,2014,9,5.063641122,-7777,-7777,-7777
neighborhoods_182,lake balboa,27147,5925.451469,61947.25,0.642276423,0.357384824,2014,3,4.58142306,-7777,-7777,-7777
neighborhoods_329,whittier,85754,3991.390247,72644.25,0.570726843,0.429383956,2014,7,21.48474458,-7777,-7777,-7777
neighborhoods_282,sun valley,73336,5307.184347,49850,0.499418297,0.500581703,2014,18,13.81824998,-7777,-7777,-7777
cities_116,colton,52380,2225.784676,42252.25,0.506318793,0.493273543,2014,10,23.53327371,-7777,-7777,-7777
neighborhoods_321,westlake,105542,26589.01483,29501,0.047660667,0.95231202,2014,22,3.969383622,-7777,-7777,-7777
neighborhoods_228,pacoima,76363,7288.875256,51621,0.527469173,0.472408741,2014,16,10.47665069,-7777,-7777,-7777
neighborhoods_166,highland park,53029,10602.85419,53581,0.382354772,0.61745844,2014,0,5.001389159,-7777,-7777,-7777
neighborhoods_291,tujunga canyons,8131,24.03355096,95945.5,0.853354134,0.148205928,2014,0,338.3187118,-7777,-7777,-7777
neighborhoods_112,claremont,38167,1565.626587,76626.5,0.664894449,0.335105551,2014,0,24.37809905,-7777,-7777,-7777
neighborhoods_252,rosemead,53607,7115.400372,49274.75,0.470032869,0.53024687,2014,6,7.533940073,-7777,-7777,-7777
cities_192,villa park,6013,1991.737752,133750,0.920100503,0.079396985,2014,0,3.018971746,-7777,-7777,-7777
cities_13,commerce,14064,1471.301874,45687.5,0.431564626,0.568435374,2014,0,9.55888132,-7777,-7777,-7777
cities_155,rancho mirage,16330,455.0230396,66681.25,0.740119178,0.259880822,2014,0,35.88829264,-7777,-7777,-7777
cities_152,palm desert,45799,1171.543745,57884.5,0.635660334,0.364248112,2014,0,39.09286374,-7777,-7777,-7777
cities_75,vernon,342,45.51335475,38500,0.207317073,0.792682927,2014,0,7.514277994,-7777,-7777,-7777
cities_187,san juan capistrano,37138,1820.689831,77834.5,0.712515188,0.287565816,2014,0,20.39776318,-7777,-7777,-7777
cities_181,mission viejo,92602,3571.980541,106610.5,0.769071348,0.230989607,2014,0,25.92455332,-7777,-7777,-7777
cities_43,palos verdes estates,13296,1918.713026,199957.25,0.883457844,0.116542156,2014,0,6.929644935,-7777,-7777,-7777
cities_191,tustin,79457,4922.445547,76987.5,0.494197848,0.505687258,2014,0,16.14177328,-7777,-7777,-7777
cities_11,cerritos,49732,3863.659424,89121.5,0.807132028,0.192802057,2014,0,12.87173494,-7777,-7777,-7777
cities_194,yorba linda,62759,2171.269654,116316.25,0.83237731,0.167426582,2014,0,28.90428643,-7777,-7777,-7777
cities_39,la habra heights,6786,756.0242286,106935,0.924528302,0.075471698,2014,0,8.975902812,-7777,-7777,-7777
cities_132,yucaipa,51244,1263.980895,62638.5,0.710832998,0.288937367,2014,0,40.54175201,-7777,-7777,-7777
cities_3,arcadia,59632,3668.219915,77163.25,0.608851318,0.391098956,2014,0,16.25638631,-7777,-7777,-7777
neighborhoods_131,east pasadena,5453,2848.944868,102768,0.661956522,0.339673913,2014,0,1.914041953,-7777,-7777,-7777
neighborhoods_178,la caã±ada flintridge,20853,1653.20057,133647,0.862539959,0.137169427,2014,0,12.6137145,-7777,-7777,-7777
neighborhoods_67,agua dulce,3912,84.21465036,82339,0.900584795,0.100877193,2014,0,46.45272507,-7777,-7777,-7777
neighborhoods_142,fairfax,12665,7023.299994,73976.5,0.269750774,0.729760547,2014,0,1.803283358,-7777,-7777,-7777
neighborhoods_66,agoura hills,20410,1711.412303,119037,0.738463664,0.261812655,2014,0,11.92582288,-7777,-7777,-7777
neighborhoods_224,northwest palmdale,4072,475.3911333,89904,0.82566586,0.172719935,2014,0,8.565578351,-7777,-7777,-7777
cities_63,santa fe springs,20159,1559.454217,62438,0.576149425,0.423491379,2014,3,12.92695853,-7777,-7777,-7777
cities_22,la puente,40631,8011.325181,55719,0.584663121,0.415226064,2014,17,5.071695267,-7777,-7777,-7777
cities_183,orange,133426,3654.253463,83400,0.565301813,0.434673916,2014,1,36.51251928,-7777,-7777,-7777
neighborhoods_89,beverly hills,34677,4161.409559,87639,0.406545554,0.593522488,2014,0,8.332993787,-7777,-7777,-7777
neighborhoods_109,cheviot hills,8615,3840.443944,150587,0.666864608,0.333432304,2014,0,2.243230242,-7777,-7777,-7777
neighborhoods_254,san dimas,33474,1464.64666,74551,0.713208528,0.286704802,2014,0,22.85465902,-7777,-7777,-7777
neighborhoods_96,calabasas,25656,945.3952861,113118.5,0.74419105,0.255378657,2014,0,27.1378548,-7777,-7777,-7777
neighborhoods_87,beverly crest,10680,886.6509614,159875,0.88288492,0.116436808,2014,0,12.04532614,-7777,-7777,-7777
neighborhoods_169,hollywood hills,22085,2141.893638,70927.5,0.423309871,0.576608283,2014,0,10.31096951,-7777,-7777,-7777
neighborhoods_319,west hills,39255,3140.25858,87261.5,0.850245561,0.149905553,2014,0,12.50056293,-7777,-7777,-7777
neighborhoods_121,desert view highlands,2280,3477.756358,67928,0.535384615,0.464615385,2014,0,0.655595092,-7777,-7777,-7777
neighborhoods_258,san pasqual,2177,5740.664079,92644,0.54989154,0.449023861,2014,0,0.379224419,-7777,-7777,-7777
neighborhoods_231,palos verdes estates,13095,1908.767155,203318,0.884356693,0.115643307,2014,0,6.860449145,-7777,-7777,-7777
neighborhoods_212,mission hills,18530,3960.239351,63229.25,0.701412753,0.298205422,2014,0,4.67901012,-7777,-7777,-7777
neighborhoods_328,westwood,53197,9906.260307,96354,0.322615048,0.677331627,2014,0,5.370038577,-7777,-7777,-7777
neighborhoods_263,sawtelle,40784,10380.77086,69495,0.234579537,0.765420463,2014,0,3.928802643,-7777,-7777,-7777
neighborhoods_266,sherman oaks,67980,5076.956545,83686.5,0.424240492,0.575791386,2014,0,13.38991173,-7777,-7777,-7777
neighborhoods_185,lake view terrace,13387,2154.707441,72859.5,0.74540146,0.254306569,2014,2,6.212908417,-7777,-7777,-7777
neighborhoods_233,paramount,54834,7762.581427,45527.25,0.383631342,0.616150603,2014,10,7.063887254,-7777,-7777,-7777
neighborhoods_98,carson,92200,3313.622781,65577.5,0.745550589,0.254530679,2014,15,27.82453107,-7777,-7777,-7777
neighborhoods_193,leimert park,12700,7299.010663,43374.75,0.420429312,0.579940785,2014,3,1.739961837,-7777,-7777,-7777
neighborhoods_289,torrance,147510,4932.530613,83086,0.556253724,0.443692108,2014,1,29.90554171,-7777,-7777,-7777
neighborhoods_237,pico-union,42245,17329.72543,28648,0.080381042,0.919855141,2014,14,2.437718945,-7777,-7777,-7777
neighborhoods_163,hawthorne,89805,9903.188369,47552,0.265623439,0.734376561,2014,13,9.068291611,-7777,-7777,-7777
neighborhoods_315,west carson,20729,6261.88421,73837,0.720110957,0.279750347,2014,1,3.310345466,-7777,-7777,-7777
neighborhoods_144,florence-firestone,61419,11772.57098,32608.75,0.348732596,0.651338808,2014,13,5.217127176,-7777,-7777,-7777
neighborhoods_114,compton,102267,6850.628488,44770.75,0.558233259,0.441888866,2014,22,14.9281194,-7777,-7777,-7777
neighborhoods_220,north hills,58888,7562.675423,58506.75,0.51498963,0.485136069,2014,4,7.786662352,-7777,-7777,-7777
neighborhoods_259,san pedro,80494,4604.92931,71199.75,0.412457463,0.587575899,2014,9,17.47996431,-7777,-7777,-7777
neighborhoods_269,silver lake,30809,7665.977308,66297.5,0.331345214,0.668654786,2014,3,4.018926584,-7777,-7777,-7777
neighborhoods_135,el monte,111431,7868.578593,44094.75,0.397822242,0.602108402,2014,24,14.16151579,-7777,-7777,-7777
cities_103,ojai,7558,1173.990575,56687.5,0.55483871,0.446082949,2014,0,6.437871103,-7777,-7777,-7777
cities_68,los angeles,3855286,5571.942448,55365.25,0.370930849,0.629063122,2014,536,691.9105924,-7777,-7777,-7777
cities_144,indian wells,7977,377.5431127,104904.5,0.703761755,0.296238245,2014,0,21.12871281,-7777,-7777,-7777
cities_7,bell gardens,42565,11846.64923,40017.25,0.227649007,0.772247517,2014,0,3.592999099,-7777,-7777,-7777
neighborhoods_253,rowland heights,48264,2511.206782,72009,0.669163636,0.330836364,2014,0,19.21944475,-7777,-7777,-7777
neighborhoods_299,valley village,25251,8269.070567,56582,0.316994321,0.683005679,2014,0,3.053668462,-7777,-7777,-7777
neighborhoods_270,south diamond bar,2589,332.1517917,109118,0.836385836,0.162393162,2014,0,7.794629037,-7777,-7777,-7777
neighborhoods_310,vincent,15376,7110.601495,71090.75,0.786537946,0.213193886,2014,0,2.162404968,-7777,-7777,-7777
neighborhoods_180,ladera heights,9484,2211.913885,83217,0.763849885,0.235894817,2014,0,4.287689528,-7777,-7777,-7777
neighborhoods_101,castaic canyons,46516,163.3341323,80242.5,0.806504065,0.193577236,2014,0,284.7904437,-7777,-7777,-7777
neighborhoods_117,culver city,38527,5085.854712,73566.5,0.540232036,0.459705589,2014,0,7.575324539,-7777,-7777,-7777
neighborhoods_265,shadow hills,12700,675.9791558,78173,0.764976959,0.235461927,2014,0,18.78756156,-7777,-7777,-7777
neighborhoods_292,unincorporated catalina island,588,5.641925476,59793.5,0.173469388,0.831632653,2014,0,104.2197389,-7777,-7777,-7777
neighborhoods_136,el segundo,16848,2120.059614,94393.5,0.424653406,0.575045208,2014,0,7.946946346,-7777,-7777,-7777
neighborhoods_309,view park-windsor hills,11402,4244.237392,80400.5,0.700657197,0.299342803,2014,0,2.68646613,-7777,-7777,-7777
neighborhoods_238,playa del rey,11040,2751.256313,103485.5,0.482363014,0.517465753,2014,0,4.012712283,-7777,-7777,-7777
neighborhoods_247,redondo beach,66564,7331.555447,101955.5,0.514121396,0.485951866,2014,0,9.079110222,-7777,-7777,-7777
neighborhoods_311,walnut,30096,2287.429718,99722,0.851895317,0.14740054,2014,0,13.15712556,-7777,-7777,-7777
neighborhoods_91,boyle heights,90404,9498.686,34156,0.232770226,0.767360056,2014,22,9.51752695,-7777,-7777,-7777
neighborhoods_225,north whittier,6183,776.2426761,86650,0.851365015,0.149140546,2014,1,7.965292544,-7777,-7777,-7777
neighborhoods_68,alhambra,84271,7563.002474,53090,0.398373143,0.601523455,2014,3,11.14253239,-7777,-7777,-7777
neighborhoods_199,long beach,466428,6166.079212,61619.5,0.404108616,0.595916098,2014,55,75.64417906,-7777,-7777,-7777
neighborhoods_248,reseda,70702,8223.931173,60544.25,0.49846213,0.501874279,2014,5,8.597105024,-7777,-7777,-7777
neighborhoods_145,gardena,59503,6998.138843,49907.75,0.501529795,0.49851877,2014,10,8.502689262,-7777,-7777,-7777
cogs_6,San Gabriel Valley COG,1845123,3440.88365,73221.5,0.586742899,0.413262534,2014,130,536.2352196,-7777,-7777,-7777
cogs_4,San Fernando Valley COG,2059031,2407.787916,77981.75,0.503078604,0.49690823,2014,163,855.1546365,-7777,-7777,-7777
neighborhoods_95,burbank,104565,4115.330342,69954,0.415806234,0.584121393,2014,7,25.40865284,-7777,-7777,-7777
cities_126,redlands,73323,1380.493903,66054,0.587137342,0.412743264,2014,3,53.1135993,-7777,-7777,-7777
neighborhoods_77,atwater village,15455,5945.101947,62809.5,0.373071232,0.626928768,2014,2,2.599619004,-7777,-7777,-7777
cities_120,highland,54032,1978.75684,59459,0.633841373,0.366380586,2014,1,27.30603321,-7777,-7777,-7777
cities_190,stanton,38455,8579.519177,48499.25,0.471969996,0.52852349,2014,2,4.482185913,-7777,-7777,-7777
cities_175,laguna beach,23114,1811.351352,104387.5,0.599723265,0.400079067,2014,0,12.76063861,-7777,-7777,-7777
cities_123,needles,4923,105.0606083,33025,0.547237077,0.453654189,2014,0,46.85866645,-7777,-7777,-7777
cities_101,fillmore,15203,3129.950981,66229.5,0.596943231,0.401746725,2014,0,4.857264568,-7777,-7777,-7777
cities_25,avalon,3768,909.3056878,70397,0.212094654,0.787028922,2014,0,4.143820995,-7777,-7777,-7777
cities_142,desert hot springs,27678,808.815671,33371.25,0.452565522,0.547065338,2014,0,34.22040521,-7777,-7777,-7777
cities_31,diamond bar,56259,2590.053626,90387.25,0.789089234,0.21104238,2014,0,21.72117188,-7777,-7777,-7777
cities_52,hidden hills,1749,707.7521878,132536.5,0.964454976,0.035545024,2014,0,2.471203947,-7777,-7777,-7777
cities_79,westlake village,8393,1042.389519,91512.5,0.802524128,0.197104677,2014,0,8.051692619,-7777,-7777,-7777
cities_134,banning,30281,896.7947951,40015.75,0.617083639,0.383230399,2014,0,33.76580703,-7777,-7777,-7777
cities_201,calexico,39281,3361.386949,32669,0.452487245,0.547512755,2014,4,11.68595006,-7777,-7777,-7777
cities_149,moreno valley,198872,2650.311631,61086.5,0.593924459,0.406075541,2014,22,75.03721362,-7777,-7777,-7777
cities_109,san buenaventura,108449,3368.38692,69565.75,0.52611041,0.473946976,2014,2,32.19612312,-7777,-7777,-7777
cities_184,placentia,49687,5158.766957,87778.5,0.651833996,0.348491758,2014,2,9.631565143,-7777,-7777,-7777
cities_64,santa monica,91542,7372.989976,85358.5,0.271004925,0.72901658,2014,1,12.41585846,-7777,-7777,-7777
cities_55,lakewood,81074,5901.194447,77252,0.70791405,0.29197246,2014,2,13.73857458,-7777,-7777,-7777
neighborhoods_84,bell,35027,9406.785619,37189.5,0.289853451,0.710258418,2014,7,3.723588633,-7777,-7777,-7777
cities_24,artesia,16578,7030.946799,72850,0.515583259,0.484861977,2014,1,2.357861676,-7777,-7777,-7777
cities_170,fullerton,138085,4228.959587,68772.25,0.530670278,0.469307154,2014,6,32.6522392,-7777,-7777,-7777
cities_45,pasadena,139976,4137.321645,81600.75,0.438197914,0.561710256,2014,1,33.83251582,-7777,-7777,-7777
neighborhoods_227,pacific palisades,24686,739.6888994,158949,0.796577366,0.203524498,2014,0,33.37348988,-7777,-7777,-7777
cities_66,lomita,20280,7283.283087,57269.25,0.426913265,0.572959184,2014,0,2.784458569,-7777,-7777,-7777
neighborhoods_64,acton,6522,112.3257591,84466,0.881948782,0.116801999,2014,0,58.06326219,-7777,-7777,-7777
neighborhoods_306,vermont vista,23368,9749.253789,34532.25,0.379758308,0.620090634,2014,6,2.396901394,-7777,-7777,-7777
neighborhoods_139,elysian valley,7319,6338.800068,48451.25,0.437246964,0.562303194,2014,2,1.154634934,-7777,-7777,-7777
neighborhoods_146,glassell park,23135,5745.684307,47243,0.420385601,0.57988405,2014,4,4.026500372,-7777,-7777,-7777
neighborhoods_278,south whittier,55740,7124.36054,70101.75,0.653658537,0.346205962,2014,3,7.823860076,-7777,-7777,-7777
neighborhoods_118,cypress park,10168,9601.411824,44365,0.379272326,0.620727674,2014,3,1.059010923,-7777,-7777,-7777
neighborhoods_223,northwest antelope valley,4923,15.4981638,68350.5,0.817354044,0.181574719,2014,0,317.6505334,-7777,-7777,-7777
neighborhoods_218,northeast antelope valley,16517,25.20542794,40290.5,0.690583882,0.308799342,2014,1,655.295361,-7777,-7777,-7777
neighborhoods_196,lincoln heights,28165,7678.118735,33589.5,0.241496172,0.758127275,2014,6,3.668216261,-7777,-7777,-7777
neighborhoods_167,historic south-central,47936,12864.7888,28974.5,0.194243285,0.805756715,2014,11,3.726139678,-7777,-7777,-7777
neighborhoods_158,harbor gateway,40107,5365.568117,46937,0.401164754,0.598413234,2014,8,7.474884136,-7777,-7777,-7777
neighborhoods_113,commerce,14110,1470.140675,46068,0.431590355,0.567596857,2014,3,9.597720982,-7777,-7777,-7777
neighborhoods_172,hyde park,34927,8303.629588,41786.75,0.422876418,0.577123582,2014,8,4.206232905,-7777,-7777,-7777
neighborhoods_116,cudahy,24664,13770.03772,37977,0.177597515,0.822402485,2014,6,1.791135254,-7777,-7777,-7777
cogs_2,Gateway Cities COG,2070508,3730.136121,53291.5,0.485285632,0.514709277,2014,299,555.0757219,-7777,-7777,-7777
neighborhoods_242,quartz hill,10910,1948.777661,61146,0.702872777,0.296580027,2014,0,5.598381087,-7777,-7777,-7777
neighborhoods_190,larchmont,8071,11355.96735,45094.25,0.262878551,0.737121449,2014,0,0.710727651,-7777,-7777,-7777
cities_112,barstow,24231,396.5626841,45665.75,0.489882467,0.510238701,2014,4,61.10257211,-7777,-7777,-7777
cities_197,imperial,15782,1913.163843,61777,0.610981852,0.388552815,2014,0,8.249162798,-7777,-7777,-7777
neighborhoods_241,porter ranch,30571,3727.106963,103172.75,0.83965049,0.160467588,2014,0,8.202340396,-7777,-7777,-7777
neighborhoods_165,hidden hills,1875,751.4553372,114304,0.962529274,0.035128806,2014,0,2.495158271,-7777,-7777,-7777
neighborhoods_184,lake los angeles,11141,1081.739967,40236,0.64137931,0.35862069,2014,0,10.29914798,-7777,-7777,-7777
cities_27,burbank,104450,4110.272568,73975.25,0.416147418,0.583828431,2014,7,25.41194003,-7777,-7777,-7777
cities_38,la canada flintridge,21022,1658.546243,133831.5,0.863531448,0.136757069,2014,0,12.6749556,-7777,-7777,-7777
cities_71,manhattan beach,35171,6159.790697,136035,0.689229428,0.310843198,2014,0,5.709771927,-7777,-7777,-7777
cities_29,cudahy,24730,13807.87851,37977,0.176409726,0.823072944,2014,0,1.791006488,-7777,-7777,-7777
cities_159,wildomar,37036,1080.78963,69864,0.7327658,0.267141667,2014,0,34.26753825,-7777,-7777,-7777
cities_72,south pasadena,25837,5173.420165,75256,0.435345244,0.5648479,2014,0,4.99418164,-7777,-7777,-7777
cities_198,holtville,6067,3691.527315,41967.5,0.6022187,0.396988906,2014,0,1.643493189,-7777,-7777,-7777
cities_104,santa paula,29990,4346.114561,58026.75,0.518524029,0.481624758,2014,0,6.900416356,-7777,-7777,-7777
cities_102,moorpark,35033,1912.789781,107847.75,0.695964691,0.304035309,2014,0,18.31513339,-7777,-7777,-7777
neighborhoods_286,temple city,36109,6204.870242,65146,0.654826322,0.345348228,2014,0,5.819460938,-7777,-7777,-7777
neighborhoods_155,hancock park,10517,4741.663336,97735,0.380123168,0.62030155,2014,0,2.217998043,-7777,-7777,-7777
neighborhoods_93,brentwood,32871,1477.168687,145437,0.531708284,0.468093539,2014,0,22.25270566,-7777,-7777,-7777
neighborhoods_307,vernon,365,47.90072684,37322.5,0.206896552,0.781609195,2014,0,7.619926128,-7777,-7777,-7777
neighborhoods_335,woodland hills,66155,3058.928009,92371,0.596968889,0.402954952,2014,0,21.62685745,-7777,-7777,-7777
neighborhoods_205,manhattan beach,35383,6125.240453,136070.25,0.686838124,0.313305958,2014,0,5.776589552,-7777,-7777,-7777
neighborhoods_191,la verne,31772,2533.54835,69295,0.726439909,0.273378685,2014,0,12.54051457,-7777,-7777,-7777
neighborhoods_244,rancho dominguez,2619,675.6572073,75446,0.903868699,0.096131301,2014,1,3.87622595,-7777,-7777,-7777
neighborhoods_235,pico rivera,65594,5119.014191,58623.5,0.68009703,0.319784641,2014,10,12.8137953,-7777,-7777,-7777
cities_343,los angeles unincorporated area,1066167,406.2683141,64348,61.01736109,38.98263891,2014,,2624.292772,-7777,-7777,
cities_342,la palma,14241,7893.279465,96875,76.30645543,23.69354457,2014,,1.804193056,-7777,-7777,
cities_205,orange unincorporated area,186184,671.4601264,123589,73.06707963,26.93292037,2014,,277.2822878,-7777,-7777,
counties_13,Imperial County,-7777,-7777,-7777,-7777,-7777,2010,15,6393.288658,-7777,-8888,-7777
neighborhoods_230,palms,43061,15166.40743,58928,0.206357578,0.871841588,2010,1,2.839235342,119734537.5,-8888,5220
cities_1,agoura hills,19973,1745.223918,114998,0.768528761,0.231886062,2010,0,11.44437673,98426047.5,-8888,7823
neighborhoods_64,acton,6522,112.3257591,92853.5,0.883489461,0.117096019,2010,0,58.06326219,110330775,-8888,4167
neighborhoods_66,agoura hills,20199,1693.719603,114998,1.180538472,0.232198989,2010,0,11.92582288,98549531.25,-8888,7837
neighborhoods_68,alhambra,83021,7450.819718,51220,0.584914709,0.592553264,2010,3,11.14253239,329459115,-8888,18986
neighborhoods_209,maywood,25950,14978.56429,35213.5,0.362262938,0.698328512,2010,7,1.732475789,58311150,-8888,3353
neighborhoods_333,windsor square,5790,5798.344002,111265.25,0.747680071,0.507733098,2010,0,0.998560968,14000040,-8888,1459
cities_12,claremont,35004,1776.254774,77523.25,0.650592145,0.349322655,2010,0,19.70663247,219531198.8,-8888,-9999
cities_33,duarte,21033,2144.10942,63160.25,0.669457275,0.330687067,2010,1,9.80966727,109164105,-8888,-9999
cities_175,laguna beach,-7777,-7777,-7777,-7777,-7777,2010,0,12.76063861,,-8888,-7777
cities_2,alhambra,83172,7456.45604,51542.25,0.407516329,0.59258626,2010,3,11.15436067,329452968.8,-8888,18984
cities_3,arcadia,58295,3585.975314,79135.5,0.635225127,0.365122751,2010,0,16.25638631,264436818.8,-8888,16675
cities_5,baldwin park,74917,7564.790888,54161,0.610080976,0.390153738,2010,16,9.90338016,307695243.8,-8888,15111
cities_6,bell,35529,9301.562038,40059,0.292879534,0.706672638,2010,22,3.819681023,150404883.8,-8888,4347
cities_7,bell gardens,41899,11661.28876,43198.5,0.241712564,0.758287436,2010,0,3.592999099,115288005,-8888,4306
cities_8,bellflower,76882,8547.790938,55638,0.401787596,0.598170243,2010,14,8.994370658,253656296.3,-8888,13122
cities_9,beverly hills,34182,4093.88682,83641.5,0.440465832,0.559467238,2010,0,8.349522471,154855327.5,-8888,10056
cities_10,carson,90803,3299.644402,66174.25,0.767463089,0.232576599,2010,12,27.51902597,1176331905,-8888,24003
cities_13,commerce,13783,1441.905129,44719,0.469382022,0.530337079,2010,0,9.55888132,753698433.8,-8888,4090
cities_14,compton,98852,6727.565017,45105,0.558635032,0.441280081,2010,29,14.6935778,603566778.8,-8888,20349
cities_15,covina,48659,4727.528148,60677.75,0.583899308,0.415726837,2010,1,10.29269387,322045061.3,-8888,12590
cities_17,whittier,84133,3937.378303,69397.5,0.569414395,0.430333189,2010,16,21.36777153,314912617.5,-8888,22525
cities_18,glendale,191007,4260.613335,59391.25,0.381870915,0.618198471,2010,23,44.83086941,672760389.6,-8888,44466
cities_19,glendora,52059,1810.194568,78222.25,0.723320158,0.276679842,2010,0,28.75878699,326921272.5,-8888,15977
cities_20,huntington park,59589,13560.63412,38124.5,0.272087411,0.728515887,2010,21,4.394263533,193425840,-8888,7631
cities_22,la puente,40316,7949.215771,55006.5,0.623692275,0.37620205,2010,17,5.071695267,144416760,-8888,7676
cities_23,lancaster,153488,1095.170961,58312.5,0.593491758,0.406422608,2010,1,140.1498081,1256530410,-8888,51537
cities_24,artesia,16454,6978.356776,63620.5,0.559116022,0.440441989,2010,1,2.357861676,71314380,-8888,4001
cities_26,bradbury,1455,506.7658469,84450,0.648695652,0.347826087,2010,0,2.871148498,7611851.25,-8888,-9999
cities_27,burbank,103214,4061.634015,66973.25,0.440081165,0.559894963,2010,7,25.41194003,593201966.3,-8888,28862
cities_28,calabasas,23058,1145.160125,126372.5,0.783395923,0.216738197,2010,0,20.13517542,111850575,-8888,8780
cities_29,cudahy,24559,13712.40147,40696.75,0.181739731,0.818950639,2010,0,1.791006488,62281068.75,-8888,1843
cities_30,culver city,38027,5076.330213,69488.25,0.529108959,0.470768477,2010,0,7.491041442,206963235,-8888,13643
cities_31,diamond bar,55544,2557.136434,91209,0.81323548,0.186637986,2010,0,21.72117188,235594143.8,-8888,18351
neighborhoods_146,glassell park,23241,5772.009898,58281.25,0.568792177,0.570031676,2010,4,4.026500372,109284236.3,-8888,5160
cities_132,yucaipa,-7777,-7777,-7777,-7777,-7777,2010,0,40.54175201,,-8888,-7777
cities_100,camarillo,-7777,-7777,-7777,-7777,-7777,2010,0,28.8162813,,-8888,-7777
cities_101,fillmore,-7777,-7777,-7777,-7777,-7777,2010,0,4.857264568,,-8888,-7777
cities_102,moorpark,-7777,-7777,-7777,-7777,-7777,2010,0,18.31513339,,-8888,-7777
cities_4,azusa,45301,3204.573593,59007,0.56702119,0.432654055,2010,4,14.13635814,255537607.5,-8888,-9999
cities_173,irvine,-7777,-7777,-7777,-7777,-7777,2010,0,95.89452969,,-8888,-7777
cities_182,newport beach,-7777,-7777,-7777,-7777,-7777,2010,0,37.30789833,,-8888,-7777
cities_183,orange,-7777,-7777,-7777,-7777,-7777,2010,1,36.51251928,,-8888,-7777
cities_178,laguna woods,-7777,-7777,-7777,-7777,-7777,2010,0,4.775986504,,-8888,-7777
