geo_id,sqft,sqft_id,usage,usage_med,usage_med_sqft,usetype,year,name
cities_1,NA,1,NA,NA,NA,multi_family,2016,agoura hills
cities_1,29932,2,masked,masked,masked,multi_family,2016,agoura hills
cities_1,25601,3,masked,masked,masked,multi_family,2016,agoura hills
cities_1,46427,4,masked,masked,masked,multi_family,2016,agoura hills
cities_1,NA,5,NA,NA,NA,multi_family,2016,agoura hills
cities_1,40749,6,masked,masked,masked,multi_family,2016,agoura hills
cities_1,NA,7,NA,NA,NA,multi_family,2016,agoura hills
cities_1,0,1,masked,masked,masked,nonres,2016,agoura hills
cities_1,305704,2,12283597.0000,66439.0000,11.7841,nonres,2016,agoura hills
cities_1,418245,3,6928983.0000,110569.5000,7.5205,nonres,2016,agoura hills
cities_1,285098,4,3136692.0000,223335.0000,8.9000,nonres,2016,agoura hills
cities_1,252785,5,masked,masked,masked,nonres,2016,agoura hills
cities_1,222498,6,masked,masked,masked,nonres,2016,agoura hills
cities_1,155444,7,masked,masked,masked,nonres,2016,agoura hills
cities_10,0,1,masked,masked,masked,multi_family,2016,carson
cities_10,1353251,2,5571232.0000,8302.0000,3.9941,multi_family,2016,carson
cities_10,122124,3,746280.0000,67190.0000,4.9172,multi_family,2016,carson
cities_10,171849,4,713121.0000,107030.0000,3.9512,multi_family,2016,carson
cities_10,60704,5,masked,masked,masked,multi_family,2016,carson
cities_10,136502,6,660524.0000,206368.0000,4.4268,multi_family,2016,carson
cities_10,169299,7,526343.0000,242290.0000,4.4799,multi_family,2016,carson
cities_10,0,1,masked,masked,masked,nonres,2016,carson
cities_10,1138537,2,masked,masked,masked,nonres,2016,carson
cities_10,723927,3,8500284.0000,122340.5000,8.0984,nonres,2016,carson
cities_10,893246,4,masked,masked,masked,nonres,2016,carson
cities_10,419677,5,masked,masked,masked,nonres,2016,carson
cities_10,182052,6,masked,masked,masked,nonres,2016,carson
cities_10,212905,7,masked,masked,masked,nonres,2016,carson
cities_100,0,1,251974.0000,251974.0000,NA,multi_family,2016,camarillo
cities_100,362905,2,1801730.0000,7430.0000,4.1694,multi_family,2016,camarillo
cities_100,69400,3,217786.0000,58495.0000,3.7517,multi_family,2016,camarillo
cities_100,200345,4,827337.0000,85274.0000,3.3495,multi_family,2016,camarillo
cities_100,105812,5,562671.0000,205856.0000,6.0086,multi_family,2016,camarillo
cities_100,91520,6,519186.0000,259593.0000,5.6831,multi_family,2016,camarillo
cities_100,221113,7,670147.0000,210198.5000,3.8516,multi_family,2016,camarillo
cities_100,0,1,20365416.5000,9550.0000,NA,nonres,2016,camarillo
cities_100,1115556,2,45367404.0000,16578.0000,8.3815,nonres,2016,camarillo
cities_100,568193,3,15002875.0000,198113.0000,13.4589,nonres,2016,camarillo
cities_100,465297,4,6953539.0000,366698.0000,15.1303,nonres,2016,camarillo
cities_100,259899,5,masked,masked,masked,nonres,2016,camarillo
cities_100,259140,6,2808202.0000,434152.0000,10.3903,nonres,2016,camarillo
cities_100,219012,7,2678531.0000,689423.0000,12.0064,nonres,2016,camarillo
cities_101,0,1,masked,masked,masked,multi_family,2016,fillmore
cities_101,533921,2,2349503.5000,8039.0000,4.1531,multi_family,2016,fillmore
cities_101,108252,3,433133.0000,64633.0000,4.1575,multi_family,2016,fillmore
cities_101,52471,4,masked,masked,masked,multi_family,2016,fillmore
cities_101,NA,5,NA,NA,NA,multi_family,2016,fillmore
cities_101,NA,6,NA,NA,NA,multi_family,2016,fillmore
cities_101,NA,7,NA,NA,NA,multi_family,2016,fillmore
cities_101,0,1,masked,masked,masked,nonres,2016,fillmore
cities_101,326075,2,6200052.0000,15000.0000,7.7138,nonres,2016,fillmore
cities_101,83756,3,masked,masked,masked,nonres,2016,fillmore
cities_101,92782,4,masked,masked,masked,nonres,2016,fillmore
cities_101,NA,5,NA,NA,NA,nonres,2016,fillmore
cities_101,43521,6,masked,masked,masked,nonres,2016,fillmore
cities_101,NA,7,NA,NA,NA,nonres,2016,fillmore
cities_102,0,1,masked,masked,masked,multi_family,2016,moorpark
cities_102,54349,2,708577.0000,5236.0000,2.9027,multi_family,2016,moorpark
cities_102,NA,3,NA,NA,NA,multi_family,2016,moorpark
cities_102,NA,4,NA,NA,NA,multi_family,2016,moorpark
cities_102,NA,5,NA,NA,NA,multi_family,2016,moorpark
cities_102,135062,6,1066381.0000,103683.0000,2.2203,multi_family,2016,moorpark
cities_102,NA,7,masked,masked,masked,multi_family,2016,moorpark
cities_102,0,1,masked,masked,masked,nonres,2016,moorpark
cities_102,287550,2,masked,masked,masked,nonres,2016,moorpark
cities_102,254082,3,masked,masked,masked,nonres,2016,moorpark
cities_102,174109,4,masked,masked,masked,nonres,2016,moorpark
cities_102,135191,5,masked,masked,masked,nonres,2016,moorpark
cities_102,41230,6,masked,masked,masked,nonres,2016,moorpark
cities_102,162833,7,masked,masked,masked,nonres,2016,moorpark
cities_103,0,1,masked,masked,masked,multi_family,2016,ojai
cities_103,346745,2,1455142.0000,8067.0000,3.7413,multi_family,2016,ojai
cities_103,71019,3,masked,masked,masked,multi_family,2016,ojai
cities_103,NA,4,NA,NA,NA,multi_family,2016,ojai
cities_103,32816,5,masked,masked,masked,multi_family,2016,ojai
cities_103,NA,6,NA,NA,NA,multi_family,2016,ojai
cities_103,NA,7,NA,NA,NA,multi_family,2016,ojai
cities_103,0,1,masked,masked,masked,nonres,2016,ojai
cities_103,450057,2,7133126.0000,19736.5000,7.1103,nonres,2016,ojai
cities_103,120097,3,masked,masked,masked,nonres,2016,ojai
cities_103,75025,4,masked,masked,masked,nonres,2016,ojai
cities_103,35318,5,masked,masked,masked,nonres,2016,ojai
cities_103,41913,6,masked,masked,masked,nonres,2016,ojai
cities_103,NA,7,NA,NA,NA,nonres,2016,ojai
cities_104,0,1,masked,masked,masked,multi_family,2016,santa paula
cities_104,1393456,2,5362063.0000,6153.0000,3.1204,multi_family,2016,santa paula
cities_104,203799,3,989440.0000,72895.5000,4.6381,multi_family,2016,santa paula
cities_104,74135,4,436965.0000,135569.0000,5.7466,multi_family,2016,santa paula
cities_104,38067,5,masked,masked,masked,multi_family,2016,santa paula
cities_104,83269,6,masked,masked,masked,multi_family,2016,santa paula
cities_104,51636,7,masked,masked,masked,multi_family,2016,santa paula
cities_104,0,1,masked,masked,masked,nonres,2016,santa paula
cities_104,832475,2,10112941.0000,10118.5000,4.7615,nonres,2016,santa paula
cities_104,195151,3,masked,masked,masked,nonres,2016,santa paula
cities_104,27817,4,masked,masked,masked,nonres,2016,santa paula
cities_104,31852,5,masked,masked,masked,nonres,2016,santa paula
cities_104,49552,6,masked,masked,masked,nonres,2016,santa paula
cities_104,NA,7,NA,NA,NA,nonres,2016,santa paula
cities_105,0,1,masked,masked,masked,multi_family,2016,simi valley
cities_105,481469,2,2545175.5000,17148.0000,4.6553,multi_family,2016,simi valley
cities_105,127822,3,567491.0000,68753.0000,5.7515,multi_family,2016,simi valley
cities_105,173210,4,1432352.0000,128077.0000,5.5772,multi_family,2016,simi valley
cities_105,74941,5,masked,masked,masked,multi_family,2016,simi valley
cities_105,85674,6,417778.0000,208889.0000,4.8324,multi_family,2016,simi valley
cities_105,172223,7,995170.0000,374382.0000,6.3610,multi_family,2016,simi valley
cities_105,0,1,16239273.0000,9024.0000,NA,nonres,2016,simi valley
cities_105,1569364,2,64944424.0000,51214.5000,14.0283,nonres,2016,simi valley
cities_105,1031555,3,32674910.0000,181445.0000,13.1905,nonres,2016,simi valley
cities_105,839436,4,masked,masked,masked,nonres,2016,simi valley
cities_105,516978,5,masked,masked,masked,nonres,2016,simi valley
cities_105,534786,6,masked,masked,masked,nonres,2016,simi valley
cities_105,59778,7,masked,masked,masked,nonres,2016,simi valley
cities_106,0,1,masked,masked,masked,multi_family,2016,thousand oaks
cities_106,219658,2,5273742.0000,10674.0000,4.9278,multi_family,2016,thousand oaks
cities_106,81856,3,505375.0000,86809.0000,5.8025,multi_family,2016,thousand oaks
cities_106,121700,4,735416.0000,134888.0000,6.0415,multi_family,2016,thousand oaks
cities_106,142600,5,389090.0000,73921.5000,2.0566,multi_family,2016,thousand oaks
cities_106,45500,6,masked,masked,masked,multi_family,2016,thousand oaks
cities_106,171577,7,946211.0000,286031.0000,4.8102,multi_family,2016,thousand oaks
cities_106,0,1,28948304.0000,16473.0000,NA,nonres,2016,thousand oaks
cities_106,1803098,2,masked,masked,masked,nonres,2016,thousand oaks
cities_106,1341802,3,36106834.0000,181761.5000,12.9087,nonres,2016,thousand oaks
cities_106,1161858,4,21124519.0000,408629.5000,15.1378,nonres,2016,thousand oaks
cities_106,973674,5,19521732.0000,568236.5000,16.8048,nonres,2016,thousand oaks
cities_106,801471,6,masked,masked,masked,nonres,2016,thousand oaks
cities_106,859272,7,15711930.0000,793153.5000,15.6585,nonres,2016,thousand oaks
cities_107,0,1,masked,masked,masked,multi_family,2016,port hueneme
cities_107,370161,2,993451.5000,5006.0000,2.5393,multi_family,2016,port hueneme
cities_107,68885,3,210279.0000,46807.0000,3.5122,multi_family,2016,port hueneme
cities_107,21095,4,masked,masked,masked,multi_family,2016,port hueneme
cities_107,98263,5,403858.0000,128211.0000,4.2387,multi_family,2016,port hueneme
cities_107,NA,6,NA,NA,NA,multi_family,2016,port hueneme
cities_107,NA,7,NA,NA,NA,multi_family,2016,port hueneme
cities_107,0,1,masked,masked,masked,nonres,2016,port hueneme
cities_107,217355,2,2331607.0000,7589.0000,3.8858,nonres,2016,port hueneme
cities_107,165061,3,masked,masked,masked,nonres,2016,port hueneme
cities_107,69016,4,masked,masked,masked,nonres,2016,port hueneme
cities_107,36894,5,masked,masked,masked,nonres,2016,port hueneme
cities_107,40002,6,masked,masked,masked,nonres,2016,port hueneme
cities_107,50280,7,masked,masked,masked,nonres,2016,port hueneme
cities_108,0,1,3098348.5000,26336.0000,NA,multi_family,2016,oxnard
cities_108,4452680,2,18609445.0000,9340.0000,3.6018,multi_family,2016,oxnard
cities_108,822530,3,3449734.0000,52227.0000,3.7864,multi_family,2016,oxnard
cities_108,590947,4,2124207.5000,76663.0000,3.4986,multi_family,2016,oxnard
cities_108,268618,5,1272036.5000,127348.5000,3.3736,multi_family,2016,oxnard
cities_108,184793,6,790042.0000,185128.5000,3.9420,multi_family,2016,oxnard
cities_108,398322,7,1991306.0000,272623.0000,4.7641,multi_family,2016,oxnard
cities_108,0,1,masked,masked,masked,nonres,2016,oxnard
cities_108,2763621,2,109232834.5000,29586.0000,9.5137,nonres,2016,oxnard
cities_108,1570414,3,40255484.0000,165397.0000,11.6236,nonres,2016,oxnard
cities_108,914996,4,masked,masked,masked,nonres,2016,oxnard
cities_108,582770,5,9233426.0000,545080.0000,15.7762,nonres,2016,oxnard
cities_108,810303,6,masked,masked,masked,nonres,2016,oxnard
cities_108,215945,7,masked,masked,masked,nonres,2016,oxnard
cities_109,0,1,326194.0000,9774.0000,NA,multi_family,2016,san buenaventura
cities_109,4299921,2,18003904.5000,7119.0000,3.4565,multi_family,2016,san buenaventura
cities_109,842782,3,3783020.5000,57788.5000,3.9645,multi_family,2016,san buenaventura
cities_109,529442,4,2891589.0000,92572.0000,3.8447,multi_family,2016,san buenaventura
cities_109,324689,5,1581894.0000,185895.0000,4.9436,multi_family,2016,san buenaventura
cities_109,218086,6,1890775.0000,191882.0000,4.5719,multi_family,2016,san buenaventura
cities_109,163263,7,663025.0000,207659.0000,3.8700,multi_family,2016,san buenaventura
cities_109,0,1,23403247.5000,24982.0000,NA,nonres,2016,san buenaventura
cities_109,3074647,2,masked,masked,masked,nonres,2016,san buenaventura
cities_109,1984447,3,26812579.0000,121459.5000,9.1860,nonres,2016,san buenaventura
cities_109,986527,4,masked,masked,masked,nonres,2016,san buenaventura
cities_109,980016,5,masked,masked,masked,nonres,2016,san buenaventura
cities_109,459011,6,15194333.0000,625737.5000,14.1624,nonres,2016,san buenaventura
cities_109,492202,7,masked,masked,masked,nonres,2016,san buenaventura
cities_11,NA,1,NA,NA,NA,multi_family,2016,cerritos
cities_11,NA,2,NA,NA,NA,multi_family,2016,cerritos
cities_11,NA,3,NA,NA,NA,multi_family,2016,cerritos
cities_11,NA,4,NA,NA,NA,multi_family,2016,cerritos
cities_11,NA,5,NA,NA,NA,multi_family,2016,cerritos
cities_11,NA,6,NA,NA,NA,multi_family,2016,cerritos
cities_11,NA,7,NA,NA,NA,multi_family,2016,cerritos
cities_11,NA,1,NA,NA,NA,nonres,2016,cerritos
cities_11,NA,2,NA,NA,NA,nonres,2016,cerritos
cities_11,NA,3,NA,NA,NA,nonres,2016,cerritos
cities_11,NA,4,NA,NA,NA,nonres,2016,cerritos
cities_11,NA,5,NA,NA,NA,nonres,2016,cerritos
cities_11,NA,6,NA,NA,NA,nonres,2016,cerritos
cities_11,NA,7,NA,NA,NA,nonres,2016,cerritos
cities_110,0,1,masked,masked,masked,multi_family,2016,adelanto
cities_110,478561,2,2907881.0000,10995.0000,5.6106,multi_family,2016,adelanto
cities_110,143976,3,876448.0000,76556.5000,6.0039,multi_family,2016,adelanto
cities_110,161952,4,999157.0000,152445.0000,5.3882,multi_family,2016,adelanto
cities_110,140064,5,444882.0000,79361.0000,2.3174,multi_family,2016,adelanto
cities_110,81800,6,504553.0000,252276.5000,6.1501,multi_family,2016,adelanto
cities_110,NA,7,masked,masked,masked,multi_family,2016,adelanto
cities_110,0,1,masked,masked,masked,nonres,2016,adelanto
cities_110,211000,2,masked,masked,masked,nonres,2016,adelanto
cities_110,179349,3,masked,masked,masked,nonres,2016,adelanto
cities_110,135546,4,masked,masked,masked,nonres,2016,adelanto
cities_110,35565,5,masked,masked,masked,nonres,2016,adelanto
cities_110,130530,6,masked,masked,masked,nonres,2016,adelanto
cities_110,172331,7,masked,masked,masked,nonres,2016,adelanto
cities_111,0,1,masked,masked,masked,multi_family,2016,apple valley
cities_111,3050142,2,19007011.5000,19678.0000,6.1434,multi_family,2016,apple valley
cities_111,183173,3,1158006.5000,71609.5000,6.1477,multi_family,2016,apple valley
cities_111,44626,4,masked,masked,masked,multi_family,2016,apple valley
cities_111,NA,5,NA,NA,NA,multi_family,2016,apple valley
cities_111,NA,6,NA,NA,NA,multi_family,2016,apple valley
cities_111,NA,7,NA,NA,NA,multi_family,2016,apple valley
cities_111,0,1,masked,masked,masked,nonres,2016,apple valley
cities_111,1276285,2,masked,masked,masked,nonres,2016,apple valley
cities_111,814286,3,9012311.0000,96275.0000,8.1284,nonres,2016,apple valley
cities_111,370025,4,masked,masked,masked,nonres,2016,apple valley
cities_111,131907,5,masked,masked,masked,nonres,2016,apple valley
cities_111,84476,6,masked,masked,masked,nonres,2016,apple valley
cities_111,111337,7,masked,masked,masked,nonres,2016,apple valley
cities_112,0,1,1216220.0000,8710.0000,NA,multi_family,2016,barstow
cities_112,877136,2,5382425.0000,9123.0000,5.3824,multi_family,2016,barstow
cities_112,141442,3,709661.0000,75588.0000,5.0742,multi_family,2016,barstow
cities_112,50952,4,339300.5000,169650.2500,6.6678,multi_family,2016,barstow
cities_112,36224,5,285421.0000,285421.0000,7.8793,multi_family,2016,barstow
cities_112,44078,6,342127.0000,342127.0000,7.7619,multi_family,2016,barstow
cities_112,NA,7,NA,NA,NA,multi_family,2016,barstow
cities_112,0,1,masked,masked,masked,nonres,2016,barstow
cities_112,1157913,2,25281980.0000,18910.5000,8.0320,nonres,2016,barstow
cities_112,463362,3,masked,masked,masked,nonres,2016,barstow
cities_112,282389,4,masked,masked,masked,nonres,2016,barstow
cities_112,426109,5,masked,masked,masked,nonres,2016,barstow
cities_112,88040,6,masked,masked,masked,nonres,2016,barstow
cities_112,113392,7,masked,masked,masked,nonres,2016,barstow
cities_113,NA,1,NA,NA,NA,multi_family,2016,big bear lake
cities_113,NA,2,NA,NA,NA,multi_family,2016,big bear lake
cities_113,NA,3,NA,NA,NA,multi_family,2016,big bear lake
cities_113,NA,4,NA,NA,NA,multi_family,2016,big bear lake
cities_113,NA,5,NA,NA,NA,multi_family,2016,big bear lake
cities_113,NA,6,NA,NA,NA,multi_family,2016,big bear lake
cities_113,NA,7,NA,NA,NA,multi_family,2016,big bear lake
cities_113,NA,1,NA,NA,NA,nonres,2016,big bear lake
cities_113,NA,2,NA,NA,NA,nonres,2016,big bear lake
cities_113,NA,3,NA,NA,NA,nonres,2016,big bear lake
cities_113,NA,4,NA,NA,NA,nonres,2016,big bear lake
cities_113,NA,5,NA,NA,NA,nonres,2016,big bear lake
cities_113,NA,6,NA,NA,NA,nonres,2016,big bear lake
cities_113,NA,7,NA,NA,NA,nonres,2016,big bear lake
cities_114,0,1,2978920.0000,19189.0000,NA,multi_family,2016,chino
cities_114,634369,2,4533403.0000,10419.0000,6.4232,multi_family,2016,chino
cities_114,57086,3,masked,masked,masked,multi_family,2016,chino
cities_114,46900,4,masked,masked,masked,multi_family,2016,chino
cities_114,71018,5,masked,masked,masked,multi_family,2016,chino
cities_114,40140,6,324303.0000,324303.0000,8.0793,multi_family,2016,chino
cities_114,222984,7,1313035.0000,342921.0000,5.8801,multi_family,2016,chino
cities_114,0,1,masked,masked,masked,nonres,2016,chino
cities_114,1720893,2,47955791.0000,29976.0000,9.1023,nonres,2016,chino
cities_114,1195597,3,8690096.0000,42698.0000,3.3483,nonres,2016,chino
cities_114,756776,4,masked,masked,masked,nonres,2016,chino
cities_114,606620,5,masked,masked,masked,nonres,2016,chino
cities_114,439476,6,masked,masked,masked,nonres,2016,chino
cities_114,448700,7,masked,masked,masked,nonres,2016,chino
cities_115,0,1,masked,masked,masked,multi_family,2016,chino hills
cities_115,132570,2,894549.0000,9604.5000,5.6029,multi_family,2016,chino hills
cities_115,NA,3,NA,NA,NA,multi_family,2016,chino hills
cities_115,22472,4,masked,masked,masked,multi_family,2016,chino hills
cities_115,74028,5,561781.0000,280890.5000,7.6107,multi_family,2016,chino hills
cities_115,136152,6,537281.0000,170434.0000,3.7271,multi_family,2016,chino hills
cities_115,50040,7,372707.0000,372707.0000,7.4482,multi_family,2016,chino hills
cities_115,0,1,masked,masked,masked,nonres,2016,chino hills
cities_115,516851,2,22108858.0000,50945.0000,15.5215,nonres,2016,chino hills
cities_115,275399,3,4312940.0000,205603.0000,13.7197,nonres,2016,chino hills
cities_115,200150,4,masked,masked,masked,nonres,2016,chino hills
cities_115,147976,5,masked,masked,masked,nonres,2016,chino hills
cities_115,341304,6,masked,masked,masked,nonres,2016,chino hills
cities_115,54952,7,masked,masked,masked,nonres,2016,chino hills
cities_116,NA,1,NA,NA,NA,multi_family,2016,colton
cities_116,NA,2,NA,NA,NA,multi_family,2016,colton
cities_116,NA,3,NA,NA,NA,multi_family,2016,colton
cities_116,NA,4,NA,NA,NA,multi_family,2016,colton
cities_116,NA,5,NA,NA,NA,multi_family,2016,colton
cities_116,NA,6,NA,NA,NA,multi_family,2016,colton
cities_116,NA,7,NA,NA,NA,multi_family,2016,colton
cities_116,NA,1,NA,NA,NA,nonres,2016,colton
cities_116,NA,2,NA,NA,NA,nonres,2016,colton
cities_116,NA,3,NA,NA,NA,nonres,2016,colton
cities_116,NA,4,NA,NA,NA,nonres,2016,colton
cities_116,NA,5,NA,NA,NA,nonres,2016,colton
cities_116,NA,6,NA,NA,NA,nonres,2016,colton
cities_116,NA,7,NA,NA,NA,nonres,2016,colton
cities_117,0,1,506110.0000,12211.0000,NA,multi_family,2016,fontana
cities_117,2062430,2,17039850.0000,11684.5000,6.3028,multi_family,2016,fontana
cities_117,540830,3,5206709.0000,94855.0000,6.4079,multi_family,2016,fontana
cities_117,353404,4,2480773.0000,168336.0000,7.0017,multi_family,2016,fontana
cities_117,242714,5,2094773.0000,256715.0000,7.4155,multi_family,2016,fontana
cities_117,350805,6,2725852.0000,329575.5000,7.4814,multi_family,2016,fontana
cities_117,264292,7,1642837.0000,325632.0000,5.6502,multi_family,2016,fontana
cities_117,0,1,masked,masked,masked,nonres,2016,fontana
cities_117,2127601,2,masked,masked,masked,nonres,2016,fontana
cities_117,1403627,3,18522556.0000,83715.0000,6.2130,nonres,2016,fontana
cities_117,1108933,4,16897745.0000,232869.0000,8.9908,nonres,2016,fontana
cities_117,729224,5,8310999.0000,170298.0000,5.6353,nonres,2016,fontana
cities_117,396613,6,masked,masked,masked,nonres,2016,fontana
cities_117,491947,7,masked,masked,masked,nonres,2016,fontana
cities_118,NA,1,NA,NA,NA,multi_family,2016,grand terrace
cities_118,209475,2,1920106.0000,14345.0000,5.5260,multi_family,2016,grand terrace
cities_118,19820,3,masked,masked,masked,multi_family,2016,grand terrace
cities_118,NA,4,NA,NA,NA,multi_family,2016,grand terrace
cities_118,35897,5,masked,masked,masked,multi_family,2016,grand terrace
cities_118,NA,6,NA,NA,NA,multi_family,2016,grand terrace
cities_118,NA,7,NA,NA,NA,multi_family,2016,grand terrace
cities_118,0,1,masked,masked,masked,nonres,2016,grand terrace
cities_118,138370,2,2882367.0000,23363.0000,9.8031,nonres,2016,grand terrace
cities_118,132479,3,masked,masked,masked,nonres,2016,grand terrace
cities_118,83675,4,masked,masked,masked,nonres,2016,grand terrace
cities_118,67220,5,masked,masked,masked,nonres,2016,grand terrace
cities_118,43482,6,masked,masked,masked,nonres,2016,grand terrace
cities_118,NA,7,NA,NA,NA,nonres,2016,grand terrace
cities_119,0,1,444074.5000,6542.0000,NA,multi_family,2016,hesperia
cities_119,1452525,2,9018009.5000,11674.0000,5.6731,multi_family,2016,hesperia
cities_119,412316,3,2412486.0000,76940.5000,5.6040,multi_family,2016,hesperia
cities_119,94050,4,537784.0000,131533.5000,5.3149,multi_family,2016,hesperia
cities_119,143540,5,797580.0000,192971.5000,5.2968,multi_family,2016,hesperia
cities_119,97396,6,419724.0000,209862.0000,4.2570,multi_family,2016,hesperia
cities_119,51070,7,315636.0000,315636.0000,6.1805,multi_family,2016,hesperia
cities_119,0,1,masked,masked,masked,nonres,2016,hesperia
cities_119,1695090,2,35694062.0000,27001.0000,7.8407,nonres,2016,hesperia
cities_119,951033,3,11380913.0000,104233.0000,8.3643,nonres,2016,hesperia
cities_119,785182,4,7564245.0000,152322.0000,7.2071,nonres,2016,hesperia
cities_119,381902,5,masked,masked,masked,nonres,2016,hesperia
cities_119,353357,6,masked,masked,masked,nonres,2016,hesperia
cities_119,339612,7,masked,masked,masked,nonres,2016,hesperia
cities_12,NA,1,masked,masked,masked,multi_family,2016,claremont
cities_12,696074,2,2075517.0000,6408.0000,2.5679,multi_family,2016,claremont
cities_12,98532,3,518592.0000,62580.0000,5.1648,multi_family,2016,claremont
cities_12,168092,4,561553.0000,90607.0000,3.7965,multi_family,2016,claremont
cities_12,NA,5,NA,NA,NA,multi_family,2016,claremont
cities_12,93034,6,masked,masked,masked,multi_family,2016,claremont
cities_12,110997,7,426757.0000,213378.5000,3.6753,multi_family,2016,claremont
cities_12,0,1,masked,masked,masked,nonres,2016,claremont
cities_12,647689,2,masked,masked,masked,nonres,2016,claremont
cities_12,390753,3,masked,masked,masked,nonres,2016,claremont
cities_12,193949,4,masked,masked,masked,nonres,2016,claremont
cities_12,214191,5,masked,masked,masked,nonres,2016,claremont
cities_12,88942,6,masked,masked,masked,nonres,2016,claremont
cities_12,438466,7,masked,masked,masked,nonres,2016,claremont
cities_120,0,1,315068.0000,17662.5000,NA,multi_family,2016,highland
cities_120,731128,2,5973620.5000,10070.0000,7.4887,multi_family,2016,highland
cities_120,193769,3,1261437.0000,88821.0000,7.4476,multi_family,2016,highland
cities_120,85555,4,591263.0000,137917.0000,6.3921,multi_family,2016,highland
cities_120,34164,5,masked,masked,masked,multi_family,2016,highland
cities_120,45640,6,masked,masked,masked,multi_family,2016,highland
cities_120,NA,7,NA,NA,NA,multi_family,2016,highland
cities_120,0,1,10725923.5000,10794.0000,NA,nonres,2016,highland
cities_120,472248,2,12797166.0000,17932.0000,9.2200,nonres,2016,highland
cities_120,185498,3,masked,masked,masked,nonres,2016,highland
cities_120,110783,4,masked,masked,masked,nonres,2016,highland
cities_120,66793,5,masked,masked,masked,nonres,2016,highland
cities_120,136950,6,masked,masked,masked,nonres,2016,highland
cities_120,50990,7,masked,masked,masked,nonres,2016,highland
cities_121,0,1,1381978.0000,13873.5000,NA,multi_family,2016,loma linda
cities_121,895385,2,5629266.5000,12314.0000,5.1713,multi_family,2016,loma linda
cities_121,128675,3,1342850.0000,65883.0000,5.2480,multi_family,2016,loma linda
cities_121,130764,4,665434.0000,103575.0000,4.6223,multi_family,2016,loma linda
cities_121,NA,5,NA,NA,NA,multi_family,2016,loma linda
cities_121,45282,6,masked,masked,masked,multi_family,2016,loma linda
cities_121,54180,7,masked,masked,masked,multi_family,2016,loma linda
cities_121,0,1,masked,masked,masked,nonres,2016,loma linda
cities_121,197560,2,masked,masked,masked,nonres,2016,loma linda
cities_121,210346,3,masked,masked,masked,nonres,2016,loma linda
cities_121,195662,4,masked,masked,masked,nonres,2016,loma linda
cities_121,77795,5,masked,masked,masked,nonres,2016,loma linda
cities_121,126628,6,masked,masked,masked,nonres,2016,loma linda
cities_121,NA,7,NA,NA,NA,nonres,2016,loma linda
cities_122,0,1,1086904.0000,16952.0000,NA,multi_family,2016,montclair
cities_122,1379168,2,6640305.0000,13690.5000,4.6113,multi_family,2016,montclair
cities_122,324980,3,1617258.0000,60975.0000,5.1297,multi_family,2016,montclair
cities_122,21380,4,masked,masked,masked,multi_family,2016,montclair
cities_122,NA,5,NA,NA,NA,multi_family,2016,montclair
cities_122,NA,6,NA,NA,NA,multi_family,2016,montclair
cities_122,56300,7,masked,masked,masked,multi_family,2016,montclair
cities_122,0,1,masked,masked,masked,nonres,2016,montclair
cities_122,888659,2,18804083.5000,43995.0000,11.2679,nonres,2016,montclair
cities_122,651262,3,4776555.0000,58872.0000,4.1169,nonres,2016,montclair
cities_122,518023,4,masked,masked,masked,nonres,2016,montclair
cities_122,308306,5,masked,masked,masked,nonres,2016,montclair
cities_122,225875,6,masked,masked,masked,nonres,2016,montclair
cities_122,164373,7,masked,masked,masked,nonres,2016,montclair
cities_123,NA,1,NA,NA,NA,multi_family,2016,needles
cities_123,NA,2,NA,NA,NA,multi_family,2016,needles
cities_123,NA,3,NA,NA,NA,multi_family,2016,needles
cities_123,NA,4,NA,NA,NA,multi_family,2016,needles
cities_123,NA,5,NA,NA,NA,multi_family,2016,needles
cities_123,NA,6,NA,NA,NA,multi_family,2016,needles
cities_123,NA,7,NA,NA,NA,multi_family,2016,needles
cities_123,NA,1,NA,NA,NA,nonres,2016,needles
cities_123,NA,2,NA,NA,NA,nonres,2016,needles
cities_123,NA,3,NA,NA,NA,nonres,2016,needles
cities_123,NA,4,NA,NA,NA,nonres,2016,needles
cities_123,NA,5,NA,NA,NA,nonres,2016,needles
cities_123,NA,6,NA,NA,NA,nonres,2016,needles
cities_123,NA,7,NA,NA,NA,nonres,2016,needles
cities_124,0,1,962226.5000,15172.0000,NA,multi_family,2016,ontario
cities_124,4311746,2,27838741.0000,12486.5000,6.0379,multi_family,2016,ontario
cities_124,593767,3,3108647.0000,62335.0000,5.0801,multi_family,2016,ontario
cities_124,580866,4,3645846.0000,144664.0000,5.6608,multi_family,2016,ontario
cities_124,413960,5,2211677.0000,209732.0000,5.8902,multi_family,2016,ontario
cities_124,307051,6,2121933.0000,274518.0000,6.2581,multi_family,2016,ontario
cities_124,158024,7,586652.0000,204537.0000,3.9093,multi_family,2016,ontario
cities_124,0,1,37988010.0000,8608.5000,NA,nonres,2016,ontario
cities_124,3214335,2,102226923.0000,35381.5000,11.2369,nonres,2016,ontario
cities_124,2900180,3,masked,masked,masked,nonres,2016,ontario
cities_124,2810615,4,26234494.0000,94519.0000,3.9454,nonres,2016,ontario
cities_124,2311882,5,18881915.0000,101481.5000,2.8960,nonres,2016,ontario
cities_124,1436956,6,masked,masked,masked,nonres,2016,ontario
cities_124,2286962,7,28539525.0000,384055.0000,7.1806,nonres,2016,ontario
cities_125,0,1,8979334.0000,26448.0000,NA,multi_family,2016,rancho cucamonga
cities_125,569453,2,5751098.0000,12492.0000,5.3216,multi_family,2016,rancho cucamonga
cities_125,85861,3,3344023.0000,643007.0000,43.3048,multi_family,2016,rancho cucamonga
cities_125,151456,4,1050077.5000,163768.5000,5.9027,multi_family,2016,rancho cucamonga
cities_125,223854,5,1228049.0000,170342.0000,5.5043,multi_family,2016,rancho cucamonga
cities_125,263708,6,2084815.0000,261730.0000,5.9489,multi_family,2016,rancho cucamonga
cities_125,598967,7,4160107.5000,341904.0000,5.8298,multi_family,2016,rancho cucamonga
cities_125,0,1,48172372.0000,24767.0000,NA,nonres,2016,rancho cucamonga
cities_125,2218186,2,78693721.5000,54860.5000,11.3111,nonres,2016,rancho cucamonga
cities_125,2244546,3,20732225.0000,88931.5000,6.6045,nonres,2016,rancho cucamonga
cities_125,1605494,4,15847707.0000,151958.0000,6.1021,nonres,2016,rancho cucamonga
cities_125,946584,5,masked,masked,masked,nonres,2016,rancho cucamonga
cities_125,861926,6,masked,masked,masked,nonres,2016,rancho cucamonga
cities_125,600524,7,masked,masked,masked,nonres,2016,rancho cucamonga
cities_126,0,1,1507168.0000,9931.0000,NA,multi_family,2016,redlands
cities_126,2061789,2,13287464.0000,13419.0000,5.4990,multi_family,2016,redlands
cities_126,308565,3,1767753.0000,87359.0000,5.3851,multi_family,2016,redlands
cities_126,201109,4,1170554.0000,158038.5000,6.4636,multi_family,2016,redlands
cities_126,284903,5,1572348.0000,226217.5000,5.9023,multi_family,2016,redlands
cities_126,87708,6,451945.5000,225972.7500,4.9974,multi_family,2016,redlands
cities_126,166059,7,1025107.0000,348397.0000,6.4044,multi_family,2016,redlands
cities_126,0,1,13402797.0000,15075.0000,NA,nonres,2016,redlands
cities_126,1835798,2,masked,masked,masked,nonres,2016,redlands
cities_126,1003964,3,10802440.0000,99524.0000,7.8869,nonres,2016,redlands
cities_126,798050,4,7978985.0000,155544.0000,6.7479,nonres,2016,redlands
cities_126,598728,5,masked,masked,masked,nonres,2016,redlands
cities_126,478131,6,masked,masked,masked,nonres,2016,redlands
cities_126,380229,7,masked,masked,masked,nonres,2016,redlands
cities_127,0,1,1065476.0000,25653.0000,NA,multi_family,2016,rialto
cities_127,1667962,2,9470216.0000,15677.5000,5.3672,multi_family,2016,rialto
cities_127,174647,3,2407994.0000,82850.0000,5.1544,multi_family,2016,rialto
cities_127,210627,4,879845.5000,112948.0000,4.5211,multi_family,2016,rialto
cities_127,108084,5,737838.0000,253002.0000,6.8743,multi_family,2016,rialto
cities_127,91664,6,524806.0000,262403.0000,5.7964,multi_family,2016,rialto
cities_127,166102,7,887647.0000,305546.0000,5.6189,multi_family,2016,rialto
cities_127,0,1,masked,masked,masked,nonres,2016,rialto
cities_127,1189906,2,31057661.0000,32798.5000,11.1391,nonres,2016,rialto
cities_127,796013,3,5656741.0000,63073.0000,4.3401,nonres,2016,rialto
cities_127,449248,4,masked,masked,masked,nonres,2016,rialto
cities_127,383422,5,masked,masked,masked,nonres,2016,rialto
cities_127,214936,6,masked,masked,masked,nonres,2016,rialto
cities_127,166099,7,masked,masked,masked,nonres,2016,rialto
cities_128,0,1,4286661.0000,9479.0000,NA,multi_family,2016,san bernardino
cities_128,4912682,2,32769569.0000,10093.5000,6.3491,multi_family,2016,san bernardino
cities_128,1306320,3,8532913.0000,75986.0000,5.9651,multi_family,2016,san bernardino
cities_128,811753,4,5154172.0000,152765.0000,6.4113,multi_family,2016,san bernardino
cities_128,557640,5,3501451.0000,211227.0000,6.1805,multi_family,2016,san bernardino
cities_128,685691,6,4302644.0000,269255.0000,5.9572,multi_family,2016,san bernardino
cities_128,366811,7,2231534.0000,300600.0000,5.7730,multi_family,2016,san bernardino
cities_128,0,1,92290934.5000,18311.0000,NA,nonres,2016,san bernardino
cities_128,5177451,2,masked,masked,masked,nonres,2016,san bernardino
cities_128,3609619,3,28253643.0000,66803.0000,4.9332,nonres,2016,san bernardino
cities_128,2241001,4,21574986.0000,171330.5000,6.9717,nonres,2016,san bernardino
cities_128,1639833,5,12760573.0000,185060.0000,5.1491,nonres,2016,san bernardino
cities_128,1388992,6,13430472.0000,291363.0000,5.9105,nonres,2016,san bernardino
cities_128,1264810,7,masked,masked,masked,nonres,2016,san bernardino
cities_129,0,1,masked,masked,masked,multi_family,2016,twentynine palms
cities_129,929354,2,4984637.5000,7877.5000,5.1379,multi_family,2016,twentynine palms
cities_129,46631,3,masked,masked,masked,multi_family,2016,twentynine palms
cities_129,NA,4,NA,NA,NA,multi_family,2016,twentynine palms
cities_129,74423,5,390278.0000,195139.0000,5.2710,multi_family,2016,twentynine palms
cities_129,90586,6,496948.0000,248474.0000,5.4866,multi_family,2016,twentynine palms
cities_129,NA,7,NA,NA,NA,multi_family,2016,twentynine palms
cities_129,0,1,masked,masked,masked,nonres,2016,twentynine palms
cities_129,592095,2,8913052.0000,12023.0000,5.9467,nonres,2016,twentynine palms
cities_129,213799,3,masked,masked,masked,nonres,2016,twentynine palms
cities_129,103278,4,314014.0000,34732.0000,1.3631,nonres,2016,twentynine palms
cities_129,149291,5,masked,masked,masked,nonres,2016,twentynine palms
cities_129,97629,6,masked,masked,masked,nonres,2016,twentynine palms
cities_129,52123,7,masked,masked,masked,nonres,2016,twentynine palms
cities_13,NA,1,masked,masked,masked,multi_family,2016,commerce
cities_13,1121183,2,3549797.0000,4843.0000,2.4441,multi_family,2016,commerce
cities_13,45425,3,masked,masked,masked,multi_family,2016,commerce
cities_13,NA,4,NA,NA,NA,multi_family,2016,commerce
cities_13,NA,5,NA,NA,NA,multi_family,2016,commerce
cities_13,NA,6,NA,NA,NA,multi_family,2016,commerce
cities_13,151400,7,841877.5000,259281.0000,5.1199,multi_family,2016,commerce
cities_13,0,1,masked,masked,masked,nonres,2016,commerce
cities_13,465513,2,36544741.2000,24548.0000,9.3857,nonres,2016,commerce
cities_13,216444,3,masked,masked,masked,nonres,2016,commerce
cities_13,154986,4,masked,masked,masked,nonres,2016,commerce
cities_13,166720,5,masked,masked,masked,nonres,2016,commerce
cities_13,143819,6,masked,masked,masked,nonres,2016,commerce
cities_13,214122,7,masked,masked,masked,nonres,2016,commerce
cities_130,0,1,779952.0000,19010.0000,NA,multi_family,2016,upland
cities_130,2137460,2,14573063.0000,15056.5000,5.6058,multi_family,2016,upland
cities_130,621089,3,3703549.0000,73660.0000,5.6840,multi_family,2016,upland
cities_130,227879,4,1243904.0000,137080.0000,5.6449,multi_family,2016,upland
cities_130,286281,5,1669263.0000,221240.5000,5.8399,multi_family,2016,upland
cities_130,182276,6,892420.0000,240290.5000,5.2452,multi_family,2016,upland
cities_130,NA,7,NA,NA,NA,multi_family,2016,upland
cities_130,0,1,masked,masked,masked,nonres,2016,upland
cities_130,1675351,2,40720194.0000,29749.5000,10.7964,nonres,2016,upland
cities_130,984620,3,9758746.0000,110141.0000,8.8064,nonres,2016,upland
cities_130,598388,4,masked,masked,masked,nonres,2016,upland
cities_130,451498,5,masked,masked,masked,nonres,2016,upland
cities_130,493263,6,masked,masked,masked,nonres,2016,upland
cities_130,324320,7,masked,masked,masked,nonres,2016,upland
cities_131,0,1,4204055.0000,9874.0000,NA,multi_family,2016,victorville
cities_131,1083518,2,7912988.0000,12982.0000,6.1582,multi_family,2016,victorville
cities_131,74239,3,350182.0000,57444.5000,4.8691,multi_family,2016,victorville
cities_131,74920,4,473644.0000,164326.0000,5.7711,multi_family,2016,victorville
cities_131,61020,5,831147.0000,415573.5000,13.6190,multi_family,2016,victorville
cities_131,140090,6,910355.0000,298616.0000,6.1285,multi_family,2016,victorville
cities_131,165137,7,1035464.0000,348424.0000,5.9767,multi_family,2016,victorville
cities_131,0,1,masked,masked,masked,nonres,2016,victorville
cities_131,2321866,2,58763160.5000,34221.0000,9.6792,nonres,2016,victorville
cities_131,1560489,3,16597993.0000,129717.0000,8.6465,nonres,2016,victorville
cities_131,1053590,4,9684824.0000,194026.0000,8.0079,nonres,2016,victorville
cities_131,680612,5,masked,masked,masked,nonres,2016,victorville
cities_131,581805,6,masked,masked,masked,nonres,2016,victorville
cities_131,430269,7,masked,masked,masked,nonres,2016,victorville
cities_132,0,1,masked,masked,masked,multi_family,2016,yucaipa
cities_132,982235,2,7349734.0000,10417.0000,6.7090,multi_family,2016,yucaipa
cities_132,146965,3,822262.0000,77317.5000,5.3233,multi_family,2016,yucaipa
cities_132,NA,4,NA,NA,NA,multi_family,2016,yucaipa
cities_132,39640,5,masked,masked,masked,multi_family,2016,yucaipa
cities_132,49952,6,327032.0000,327032.0000,6.5469,multi_family,2016,yucaipa
cities_132,NA,7,NA,NA,NA,multi_family,2016,yucaipa
cities_132,0,1,8685448.0000,10274.0000,NA,nonres,2016,yucaipa
cities_132,886493,2,18373764.0000,16037.0000,8.1028,nonres,2016,yucaipa
cities_132,340619,3,3963227.0000,104693.0000,8.8467,nonres,2016,yucaipa
cities_132,151969,4,masked,masked,masked,nonres,2016,yucaipa
cities_132,30187,5,masked,masked,masked,nonres,2016,yucaipa
cities_132,137384,6,masked,masked,masked,nonres,2016,yucaipa
cities_132,113201,7,masked,masked,masked,nonres,2016,yucaipa
cities_133,0,1,579851.0000,16361.0000,NA,multi_family,2016,yucca valley
cities_133,877325,2,4573952.5000,9345.5000,4.9483,multi_family,2016,yucca valley
cities_133,122986,3,masked,masked,masked,multi_family,2016,yucca valley
cities_133,56671,4,masked,masked,masked,multi_family,2016,yucca valley
cities_133,NA,5,NA,NA,NA,multi_family,2016,yucca valley
cities_133,NA,6,NA,NA,NA,multi_family,2016,yucca valley
cities_133,NA,7,NA,NA,NA,multi_family,2016,yucca valley
cities_133,0,1,masked,masked,masked,nonres,2016,yucca valley
cities_133,931306,2,11488047.0000,16619.0000,6.7224,nonres,2016,yucca valley
cities_133,362069,3,3423260.0000,99277.0000,7.3855,nonres,2016,yucca valley
cities_133,192819,4,masked,masked,masked,nonres,2016,yucca valley
cities_133,69000,5,masked,masked,masked,nonres,2016,yucca valley
cities_133,216164,6,masked,masked,masked,nonres,2016,yucca valley
cities_133,274346,7,masked,masked,masked,nonres,2016,yucca valley
cities_134,NA,1,NA,NA,NA,multi_family,2016,banning
cities_134,NA,2,NA,NA,NA,multi_family,2016,banning
cities_134,NA,3,NA,NA,NA,multi_family,2016,banning
cities_134,NA,4,NA,NA,NA,multi_family,2016,banning
cities_134,NA,5,NA,NA,NA,multi_family,2016,banning
cities_134,NA,6,NA,NA,NA,multi_family,2016,banning
cities_134,NA,7,NA,NA,NA,multi_family,2016,banning
cities_134,NA,1,NA,NA,NA,nonres,2016,banning
cities_134,NA,2,NA,NA,NA,nonres,2016,banning
cities_134,NA,3,NA,NA,NA,nonres,2016,banning
cities_134,NA,4,NA,NA,NA,nonres,2016,banning
cities_134,NA,5,NA,NA,NA,nonres,2016,banning
cities_134,NA,6,NA,NA,NA,nonres,2016,banning
cities_134,NA,7,NA,NA,NA,nonres,2016,banning
cities_135,0,1,1385533.0000,15125.0000,NA,multi_family,2016,beaumont
cities_135,243665,2,2357019.0000,8059.5000,6.9838,multi_family,2016,beaumont
cities_135,NA,3,NA,NA,NA,multi_family,2016,beaumont
cities_135,NA,4,NA,NA,NA,multi_family,2016,beaumont
cities_135,NA,5,NA,NA,NA,multi_family,2016,beaumont
cities_135,NA,6,NA,NA,NA,multi_family,2016,beaumont
cities_135,NA,7,NA,NA,NA,multi_family,2016,beaumont
cities_135,NA,1,NA,6877.0000,NA,nonres,2016,beaumont
cities_135,NA,2,NA,masked,NA,nonres,2016,beaumont
cities_135,NA,3,NA,NA,NA,nonres,2016,beaumont
cities_135,NA,4,NA,NA,NA,nonres,2016,beaumont
cities_135,NA,5,NA,NA,NA,nonres,2016,beaumont
cities_135,NA,6,NA,NA,NA,nonres,2016,beaumont
cities_135,NA,7,NA,NA,NA,nonres,2016,beaumont
cities_136,0,1,4020967.0000,18402.0000,NA,multi_family,2016,blythe
cities_136,224415,2,2407467.0000,10330.0000,8.8921,multi_family,2016,blythe
cities_136,NA,3,NA,NA,NA,multi_family,2016,blythe
cities_136,NA,4,NA,NA,NA,multi_family,2016,blythe
cities_136,NA,5,NA,NA,NA,multi_family,2016,blythe
cities_136,NA,6,NA,NA,NA,multi_family,2016,blythe
cities_136,NA,7,NA,NA,NA,multi_family,2016,blythe
cities_136,NA,1,NA,masked,NA,nonres,2016,blythe
cities_136,NA,2,NA,masked,NA,nonres,2016,blythe
cities_136,NA,3,NA,NA,NA,nonres,2016,blythe
cities_136,NA,4,NA,NA,NA,nonres,2016,blythe
cities_136,NA,5,NA,NA,NA,nonres,2016,blythe
cities_136,NA,6,NA,NA,NA,nonres,2016,blythe
cities_136,NA,7,NA,NA,NA,nonres,2016,blythe
cities_137,0,1,masked,masked,masked,multi_family,2016,calimesa
cities_137,92607,2,674913.0000,8677.0000,6.1856,multi_family,2016,calimesa
cities_137,NA,3,NA,NA,NA,multi_family,2016,calimesa
cities_137,NA,4,NA,NA,NA,multi_family,2016,calimesa
cities_137,NA,5,NA,NA,NA,multi_family,2016,calimesa
cities_137,NA,6,NA,NA,NA,multi_family,2016,calimesa
cities_137,NA,7,masked,masked,masked,multi_family,2016,calimesa
cities_137,NA,1,NA,39217.0000,NA,nonres,2016,calimesa
cities_137,NA,2,NA,masked,NA,nonres,2016,calimesa
cities_137,NA,3,NA,NA,NA,nonres,2016,calimesa
cities_137,NA,4,NA,NA,NA,nonres,2016,calimesa
cities_137,NA,5,NA,NA,NA,nonres,2016,calimesa
cities_137,NA,6,NA,NA,NA,nonres,2016,calimesa
cities_137,NA,7,NA,NA,NA,nonres,2016,calimesa
cities_138,NA,1,NA,NA,NA,multi_family,2016,canyon lake
cities_138,7896,2,masked,masked,masked,multi_family,2016,canyon lake
cities_138,NA,3,NA,NA,NA,multi_family,2016,canyon lake
cities_138,NA,4,NA,NA,NA,multi_family,2016,canyon lake
cities_138,NA,5,NA,NA,NA,multi_family,2016,canyon lake
cities_138,NA,6,NA,NA,NA,multi_family,2016,canyon lake
cities_138,NA,7,NA,NA,NA,multi_family,2016,canyon lake
cities_138,NA,1,NA,29829.0000,NA,nonres,2016,canyon lake
cities_138,NA,2,NA,9823.0000,NA,nonres,2016,canyon lake
cities_138,NA,3,NA,NA,NA,nonres,2016,canyon lake
cities_138,NA,4,NA,NA,NA,nonres,2016,canyon lake
cities_138,NA,5,NA,NA,NA,nonres,2016,canyon lake
cities_138,NA,6,NA,NA,NA,nonres,2016,canyon lake
cities_138,NA,7,NA,NA,NA,nonres,2016,canyon lake
cities_139,0,1,13867097.0000,43087.0000,NA,multi_family,2016,cathedral city
cities_139,1916354,2,16727305.5000,18511.0000,8.2133,multi_family,2016,cathedral city
cities_139,NA,3,NA,NA,NA,multi_family,2016,cathedral city
cities_139,NA,4,NA,NA,NA,multi_family,2016,cathedral city
cities_139,NA,5,NA,NA,NA,multi_family,2016,cathedral city
cities_139,NA,6,NA,NA,NA,multi_family,2016,cathedral city
cities_139,NA,7,NA,NA,NA,multi_family,2016,cathedral city
cities_139,NA,1,NA,72328.0000,NA,nonres,2016,cathedral city
cities_139,NA,2,NA,32909.0000,NA,nonres,2016,cathedral city
cities_139,NA,3,NA,NA,NA,nonres,2016,cathedral city
cities_139,NA,4,NA,NA,NA,nonres,2016,cathedral city
cities_139,NA,5,NA,NA,NA,nonres,2016,cathedral city
cities_139,NA,6,NA,NA,NA,nonres,2016,cathedral city
cities_139,NA,7,NA,NA,NA,nonres,2016,cathedral city
cities_14,NA,1,NA,NA,NA,multi_family,2016,compton
cities_14,4925193,2,18824079.5000,7154.0000,3.5559,multi_family,2016,compton
cities_14,316730,3,1082919.0000,40729.0000,3.1591,multi_family,2016,compton
cities_14,96040,4,455538.0000,100563.5000,4.0311,multi_family,2016,compton
cities_14,NA,5,NA,NA,NA,multi_family,2016,compton
cities_14,41600,6,masked,masked,masked,multi_family,2016,compton
cities_14,59998,7,masked,masked,masked,multi_family,2016,compton
cities_14,0,1,masked,masked,masked,nonres,2016,compton
cities_14,2153369,2,39639733.0000,10856.0000,4.9379,nonres,2016,compton
cities_14,558924,3,2883100.0000,33188.0000,1.9577,nonres,2016,compton
cities_14,638966,4,masked,masked,masked,nonres,2016,compton
cities_14,514229,5,masked,masked,masked,nonres,2016,compton
cities_14,95490,6,masked,masked,masked,nonres,2016,compton
cities_14,223277,7,masked,masked,masked,nonres,2016,compton
cities_140,NA,1,NA,NA,NA,multi_family,2016,coachella
cities_140,NA,2,NA,NA,NA,multi_family,2016,coachella
cities_140,NA,3,NA,NA,NA,multi_family,2016,coachella
cities_140,NA,4,NA,NA,NA,multi_family,2016,coachella
cities_140,NA,5,NA,NA,NA,multi_family,2016,coachella
cities_140,NA,6,NA,NA,NA,multi_family,2016,coachella
cities_140,NA,7,NA,NA,NA,multi_family,2016,coachella
cities_140,NA,1,NA,NA,NA,nonres,2016,coachella
cities_140,NA,2,NA,NA,NA,nonres,2016,coachella
cities_140,NA,3,NA,NA,NA,nonres,2016,coachella
cities_140,NA,4,NA,NA,NA,nonres,2016,coachella
cities_140,NA,5,NA,NA,NA,nonres,2016,coachella
cities_140,NA,6,NA,NA,NA,nonres,2016,coachella
cities_140,NA,7,NA,NA,NA,nonres,2016,coachella
cities_141,0,1,23558415.5000,21846.5000,NA,multi_family,2016,corona
cities_141,626788,2,6157614.5000,8493.0000,6.4193,multi_family,2016,corona
cities_141,NA,3,NA,NA,NA,multi_family,2016,corona
cities_141,NA,4,NA,NA,NA,multi_family,2016,corona
cities_141,NA,5,NA,NA,NA,multi_family,2016,corona
cities_141,NA,6,NA,NA,NA,multi_family,2016,corona
cities_141,NA,7,NA,NA,NA,multi_family,2016,corona
cities_141,NA,1,NA,masked,NA,nonres,2016,corona
cities_141,NA,2,NA,64318.0000,NA,nonres,2016,corona
cities_141,NA,3,NA,NA,NA,nonres,2016,corona
cities_141,NA,4,NA,NA,NA,nonres,2016,corona
cities_141,NA,5,NA,NA,NA,nonres,2016,corona
cities_141,NA,6,NA,NA,NA,nonres,2016,corona
cities_141,NA,7,NA,NA,NA,nonres,2016,corona
cities_142,0,1,5505468.0000,26589.5000,NA,multi_family,2016,desert hot springs
cities_142,1191143,2,13056903.0000,15374.0000,8.0388,multi_family,2016,desert hot springs
cities_142,NA,3,NA,NA,NA,multi_family,2016,desert hot springs
cities_142,NA,4,NA,NA,NA,multi_family,2016,desert hot springs
cities_142,NA,5,NA,NA,NA,multi_family,2016,desert hot springs
cities_142,NA,6,NA,NA,NA,multi_family,2016,desert hot springs
cities_142,NA,7,NA,NA,NA,multi_family,2016,desert hot springs
cities_142,NA,1,NA,33988.0000,NA,nonres,2016,desert hot springs
cities_142,NA,2,NA,35378.0000,NA,nonres,2016,desert hot springs
cities_142,NA,3,NA,NA,NA,nonres,2016,desert hot springs
cities_142,NA,4,NA,NA,NA,nonres,2016,desert hot springs
cities_142,NA,5,NA,NA,NA,nonres,2016,desert hot springs
cities_142,NA,6,NA,NA,NA,nonres,2016,desert hot springs
cities_142,NA,7,NA,NA,NA,nonres,2016,desert hot springs
cities_143,0,1,19493116.0000,22577.0000,NA,multi_family,2016,hemet
cities_143,885052,2,9853894.5000,9921.0000,5.9120,multi_family,2016,hemet
cities_143,NA,3,NA,NA,NA,multi_family,2016,hemet
cities_143,NA,4,NA,NA,NA,multi_family,2016,hemet
cities_143,NA,5,NA,NA,NA,multi_family,2016,hemet
cities_143,NA,6,NA,NA,NA,multi_family,2016,hemet
cities_143,NA,7,NA,NA,NA,multi_family,2016,hemet
cities_143,NA,1,NA,43668.0000,NA,nonres,2016,hemet
cities_143,NA,2,NA,masked,NA,nonres,2016,hemet
cities_143,NA,3,NA,NA,NA,nonres,2016,hemet
cities_143,NA,4,NA,NA,NA,nonres,2016,hemet
cities_143,NA,5,NA,NA,NA,nonres,2016,hemet
cities_143,NA,6,NA,NA,NA,nonres,2016,hemet
cities_143,NA,7,NA,NA,NA,nonres,2016,hemet
cities_144,NA,1,NA,NA,NA,multi_family,2016,indian wells
cities_144,33782,2,masked,masked,masked,multi_family,2016,indian wells
cities_144,NA,3,NA,NA,NA,multi_family,2016,indian wells
cities_144,22597,4,masked,masked,masked,multi_family,2016,indian wells
cities_144,NA,5,NA,NA,NA,multi_family,2016,indian wells
cities_144,NA,6,NA,NA,NA,multi_family,2016,indian wells
cities_144,NA,7,NA,NA,NA,multi_family,2016,indian wells
cities_144,NA,1,NA,masked,NA,nonres,2016,indian wells
cities_144,NA,2,NA,masked,NA,nonres,2016,indian wells
cities_144,NA,3,NA,NA,NA,nonres,2016,indian wells
cities_144,NA,4,NA,NA,NA,nonres,2016,indian wells
cities_144,NA,5,NA,NA,NA,nonres,2016,indian wells
cities_144,NA,6,NA,NA,NA,nonres,2016,indian wells
cities_144,NA,7,NA,NA,NA,nonres,2016,indian wells
cities_145,NA,1,NA,NA,NA,multi_family,2016,indio
cities_145,NA,2,NA,NA,NA,multi_family,2016,indio
cities_145,NA,3,NA,NA,NA,multi_family,2016,indio
cities_145,NA,4,NA,NA,NA,multi_family,2016,indio
cities_145,NA,5,NA,NA,NA,multi_family,2016,indio
cities_145,NA,6,NA,NA,NA,multi_family,2016,indio
cities_145,NA,7,NA,NA,NA,multi_family,2016,indio
cities_145,NA,1,NA,NA,NA,nonres,2016,indio
cities_145,NA,2,NA,NA,NA,nonres,2016,indio
cities_145,NA,3,NA,NA,NA,nonres,2016,indio
cities_145,NA,4,NA,NA,NA,nonres,2016,indio
cities_145,NA,5,NA,NA,NA,nonres,2016,indio
cities_145,NA,6,NA,NA,NA,nonres,2016,indio
cities_145,NA,7,NA,NA,NA,nonres,2016,indio
cities_146,NA,1,NA,NA,NA,multi_family,2016,la quinta
cities_146,NA,2,NA,NA,NA,multi_family,2016,la quinta
cities_146,NA,3,NA,NA,NA,multi_family,2016,la quinta
cities_146,NA,4,NA,NA,NA,multi_family,2016,la quinta
cities_146,NA,5,NA,NA,NA,multi_family,2016,la quinta
cities_146,NA,6,NA,NA,NA,multi_family,2016,la quinta
cities_146,NA,7,NA,NA,NA,multi_family,2016,la quinta
cities_146,NA,1,NA,NA,NA,nonres,2016,la quinta
cities_146,NA,2,NA,NA,NA,nonres,2016,la quinta
cities_146,NA,3,NA,NA,NA,nonres,2016,la quinta
cities_146,NA,4,NA,NA,NA,nonres,2016,la quinta
cities_146,NA,5,NA,NA,NA,nonres,2016,la quinta
cities_146,NA,6,NA,NA,NA,nonres,2016,la quinta
cities_146,NA,7,NA,NA,NA,nonres,2016,la quinta
cities_147,0,1,5044630.5000,22362.0000,NA,multi_family,2016,lake elsinore
cities_147,485155,2,6001435.5000,11940.5000,6.5267,multi_family,2016,lake elsinore
cities_147,NA,3,NA,NA,NA,multi_family,2016,lake elsinore
cities_147,NA,4,NA,NA,NA,multi_family,2016,lake elsinore
cities_147,NA,5,NA,NA,NA,multi_family,2016,lake elsinore
cities_147,NA,6,NA,NA,NA,multi_family,2016,lake elsinore
cities_147,NA,7,NA,NA,NA,multi_family,2016,lake elsinore
cities_147,NA,1,NA,46188.0000,NA,nonres,2016,lake elsinore
cities_147,NA,2,NA,masked,NA,nonres,2016,lake elsinore
cities_147,NA,3,NA,NA,NA,nonres,2016,lake elsinore
cities_147,NA,4,NA,NA,NA,nonres,2016,lake elsinore
cities_147,NA,5,NA,NA,NA,nonres,2016,lake elsinore
cities_147,NA,6,NA,NA,NA,nonres,2016,lake elsinore
cities_147,NA,7,NA,NA,NA,nonres,2016,lake elsinore
cities_148,0,1,4215375.0000,552701.0000,NA,multi_family,2016,menifee
cities_148,150571,2,3843827.5000,10748.0000,7.6782,multi_family,2016,menifee
cities_148,NA,3,NA,NA,NA,multi_family,2016,menifee
cities_148,NA,4,NA,NA,NA,multi_family,2016,menifee
cities_148,NA,5,NA,NA,NA,multi_family,2016,menifee
cities_148,NA,6,NA,NA,NA,multi_family,2016,menifee
cities_148,NA,7,NA,NA,NA,multi_family,2016,menifee
cities_148,NA,1,NA,47199.0000,NA,nonres,2016,menifee
cities_148,NA,2,NA,17343.5000,NA,nonres,2016,menifee
cities_148,NA,3,NA,NA,NA,nonres,2016,menifee
cities_148,NA,4,NA,NA,NA,nonres,2016,menifee
cities_148,NA,5,NA,NA,NA,nonres,2016,menifee
cities_148,NA,6,NA,NA,NA,nonres,2016,menifee
cities_148,NA,7,NA,NA,NA,nonres,2016,menifee
cities_149,NA,1,NA,NA,NA,multi_family,2016,moreno valley
cities_149,NA,2,NA,NA,NA,multi_family,2016,moreno valley
cities_149,NA,3,NA,NA,NA,multi_family,2016,moreno valley
cities_149,NA,4,NA,NA,NA,multi_family,2016,moreno valley
cities_149,NA,5,NA,NA,NA,multi_family,2016,moreno valley
cities_149,NA,6,NA,NA,NA,multi_family,2016,moreno valley
cities_149,NA,7,NA,NA,NA,multi_family,2016,moreno valley
cities_149,NA,1,NA,NA,NA,nonres,2016,moreno valley
cities_149,NA,2,NA,NA,NA,nonres,2016,moreno valley
cities_149,NA,3,NA,NA,NA,nonres,2016,moreno valley
cities_149,NA,4,NA,NA,NA,nonres,2016,moreno valley
cities_149,NA,5,NA,NA,NA,nonres,2016,moreno valley
cities_149,NA,6,NA,NA,NA,nonres,2016,moreno valley
cities_149,NA,7,NA,NA,NA,nonres,2016,moreno valley
cities_15,NA,1,masked,masked,masked,multi_family,2016,covina
cities_15,2050908,2,9096444.0000,13745.0000,4.1079,multi_family,2016,covina
cities_15,612049,3,3053934.5000,64220.0000,5.0878,multi_family,2016,covina
cities_15,268447,4,1543164.0000,126952.0000,5.5632,multi_family,2016,covina
cities_15,392529,5,2265402.0000,184387.5000,5.7994,multi_family,2016,covina
cities_15,216649,6,1070169.0000,219340.0000,4.9016,multi_family,2016,covina
cities_15,55407,7,masked,masked,masked,multi_family,2016,covina
cities_15,0,1,masked,masked,masked,nonres,2016,covina
cities_15,1761526,2,36676507.0000,24308.0000,7.9201,nonres,2016,covina
cities_15,1122308,3,masked,masked,masked,nonres,2016,covina
cities_15,507433,4,4143791.0000,160455.0000,6.9981,nonres,2016,covina
cities_15,317626,5,masked,masked,masked,nonres,2016,covina
cities_15,306725,6,masked,masked,masked,nonres,2016,covina
cities_15,496165,7,masked,masked,masked,nonres,2016,covina
cities_150,0,1,18315688.0000,23198.0000,NA,multi_family,2016,murrieta
cities_150,205934,2,3415980.0000,11619.0000,5.2177,multi_family,2016,murrieta
cities_150,NA,3,NA,NA,NA,multi_family,2016,murrieta
cities_150,NA,4,NA,NA,NA,multi_family,2016,murrieta
cities_150,NA,5,NA,NA,NA,multi_family,2016,murrieta
cities_150,NA,6,NA,NA,NA,multi_family,2016,murrieta
cities_150,NA,7,NA,NA,NA,multi_family,2016,murrieta
cities_150,NA,1,NA,92003.0000,NA,nonres,2016,murrieta
cities_150,NA,2,NA,masked,NA,nonres,2016,murrieta
cities_150,NA,3,NA,NA,NA,nonres,2016,murrieta
cities_150,NA,4,NA,NA,NA,nonres,2016,murrieta
cities_150,NA,5,NA,NA,NA,nonres,2016,murrieta
cities_150,NA,6,NA,NA,NA,nonres,2016,murrieta
cities_150,NA,7,NA,NA,NA,nonres,2016,murrieta
cities_151,0,1,588514.0000,10623.0000,NA,multi_family,2016,norco
cities_151,199040,2,1750190.0000,8824.0000,7.1751,multi_family,2016,norco
cities_151,NA,3,NA,NA,NA,multi_family,2016,norco
cities_151,NA,4,NA,NA,NA,multi_family,2016,norco
cities_151,NA,5,NA,NA,NA,multi_family,2016,norco
cities_151,NA,6,NA,NA,NA,multi_family,2016,norco
cities_151,NA,7,NA,NA,NA,multi_family,2016,norco
cities_151,NA,1,NA,67420.0000,NA,nonres,2016,norco
cities_151,NA,2,NA,masked,NA,nonres,2016,norco
cities_151,NA,3,NA,NA,NA,nonres,2016,norco
cities_151,NA,4,NA,NA,NA,nonres,2016,norco
cities_151,NA,5,NA,NA,NA,nonres,2016,norco
cities_151,NA,6,NA,NA,NA,nonres,2016,norco
cities_151,NA,7,NA,NA,NA,nonres,2016,norco
cities_152,0,1,24260347.0000,44426.0000,NA,multi_family,2016,palm desert
cities_152,506945,2,8338315.0000,18575.0000,9.0836,multi_family,2016,palm desert
cities_152,NA,3,NA,NA,NA,multi_family,2016,palm desert
cities_152,NA,4,NA,NA,NA,multi_family,2016,palm desert
cities_152,NA,5,NA,NA,NA,multi_family,2016,palm desert
cities_152,NA,6,NA,NA,NA,multi_family,2016,palm desert
cities_152,NA,7,NA,NA,NA,multi_family,2016,palm desert
cities_152,NA,1,NA,72788.5000,NA,nonres,2016,palm desert
cities_152,NA,2,NA,59903.0000,NA,nonres,2016,palm desert
cities_152,NA,3,NA,NA,NA,nonres,2016,palm desert
cities_152,NA,4,NA,NA,NA,nonres,2016,palm desert
cities_152,NA,5,NA,NA,NA,nonres,2016,palm desert
cities_152,NA,6,NA,NA,NA,nonres,2016,palm desert
cities_152,NA,7,NA,NA,NA,nonres,2016,palm desert
cities_153,0,1,22739965.5000,37917.0000,NA,multi_family,2016,palm springs
cities_153,673302,2,11989319.0000,16586.0000,9.6667,multi_family,2016,palm springs
cities_153,NA,3,NA,NA,NA,multi_family,2016,palm springs
cities_153,NA,4,NA,NA,NA,multi_family,2016,palm springs
cities_153,NA,5,NA,NA,NA,multi_family,2016,palm springs
cities_153,NA,6,NA,NA,NA,multi_family,2016,palm springs
cities_153,NA,7,NA,NA,NA,multi_family,2016,palm springs
cities_153,NA,1,NA,65276.0000,NA,nonres,2016,palm springs
cities_153,NA,2,NA,49879.0000,NA,nonres,2016,palm springs
cities_153,NA,3,NA,NA,NA,nonres,2016,palm springs
cities_153,NA,4,NA,NA,NA,nonres,2016,palm springs
cities_153,NA,5,NA,NA,NA,nonres,2016,palm springs
cities_153,NA,6,NA,NA,NA,nonres,2016,palm springs
cities_153,NA,7,NA,NA,NA,nonres,2016,palm springs
cities_154,0,1,6232009.5000,22640.0000,NA,multi_family,2016,perris
cities_154,199435,2,1535593.0000,7656.0000,5.9069,multi_family,2016,perris
cities_154,NA,3,NA,NA,NA,multi_family,2016,perris
cities_154,NA,4,NA,NA,NA,multi_family,2016,perris
cities_154,NA,5,NA,NA,NA,multi_family,2016,perris
cities_154,NA,6,NA,NA,NA,multi_family,2016,perris
cities_154,NA,7,NA,NA,NA,multi_family,2016,perris
cities_154,NA,1,NA,masked,NA,nonres,2016,perris
cities_154,NA,2,NA,masked,NA,nonres,2016,perris
cities_154,NA,3,NA,NA,NA,nonres,2016,perris
cities_154,NA,4,NA,NA,NA,nonres,2016,perris
cities_154,NA,5,NA,NA,NA,nonres,2016,perris
cities_154,NA,6,NA,NA,NA,nonres,2016,perris
cities_154,NA,7,NA,NA,NA,nonres,2016,perris
cities_155,0,1,masked,masked,masked,multi_family,2016,rancho mirage
cities_155,132584,2,2231580.0000,19830.0000,7.7149,multi_family,2016,rancho mirage
cities_155,13985,3,masked,masked,masked,multi_family,2016,rancho mirage
cities_155,NA,4,NA,NA,NA,multi_family,2016,rancho mirage
cities_155,NA,5,NA,NA,NA,multi_family,2016,rancho mirage
cities_155,NA,6,NA,NA,NA,multi_family,2016,rancho mirage
cities_155,NA,7,NA,NA,NA,multi_family,2016,rancho mirage
cities_155,NA,1,NA,masked,NA,nonres,2016,rancho mirage
cities_155,NA,2,NA,masked,NA,nonres,2016,rancho mirage
cities_155,NA,3,NA,NA,NA,nonres,2016,rancho mirage
cities_155,NA,4,NA,NA,NA,nonres,2016,rancho mirage
cities_155,NA,5,NA,NA,NA,nonres,2016,rancho mirage
cities_155,NA,6,NA,NA,NA,nonres,2016,rancho mirage
cities_155,NA,7,NA,NA,NA,nonres,2016,rancho mirage
cities_156,NA,1,NA,NA,NA,multi_family,2016,riverside
cities_156,NA,2,NA,NA,NA,multi_family,2016,riverside
cities_156,NA,3,NA,NA,NA,multi_family,2016,riverside
cities_156,NA,4,NA,NA,NA,multi_family,2016,riverside
cities_156,NA,5,NA,NA,NA,multi_family,2016,riverside
cities_156,NA,6,NA,NA,NA,multi_family,2016,riverside
cities_156,NA,7,NA,NA,NA,multi_family,2016,riverside
cities_156,NA,1,NA,NA,NA,nonres,2016,riverside
cities_156,NA,2,NA,NA,NA,nonres,2016,riverside
cities_156,NA,3,NA,NA,NA,nonres,2016,riverside
cities_156,NA,4,NA,NA,NA,nonres,2016,riverside
cities_156,NA,5,NA,NA,NA,nonres,2016,riverside
cities_156,NA,6,NA,NA,NA,nonres,2016,riverside
cities_156,NA,7,NA,NA,NA,nonres,2016,riverside
cities_157,0,1,1388213.0000,30257.0000,NA,multi_family,2016,san jacinto
cities_157,424507,2,3939243.0000,8675.0000,5.8335,multi_family,2016,san jacinto
cities_157,NA,3,NA,NA,NA,multi_family,2016,san jacinto
cities_157,NA,4,NA,NA,NA,multi_family,2016,san jacinto
cities_157,NA,5,NA,NA,NA,multi_family,2016,san jacinto
cities_157,NA,6,NA,NA,NA,multi_family,2016,san jacinto
cities_157,NA,7,NA,NA,NA,multi_family,2016,san jacinto
cities_157,NA,1,NA,masked,NA,nonres,2016,san jacinto
cities_157,NA,2,NA,masked,NA,nonres,2016,san jacinto
cities_157,NA,3,NA,NA,NA,nonres,2016,san jacinto
cities_157,NA,4,NA,NA,NA,nonres,2016,san jacinto
cities_157,NA,5,NA,NA,NA,nonres,2016,san jacinto
cities_157,NA,6,NA,NA,NA,nonres,2016,san jacinto
cities_157,NA,7,NA,NA,NA,nonres,2016,san jacinto
cities_158,0,1,13930086.5000,269886.5000,NA,multi_family,2016,temecula
cities_158,242938,2,1247001.0000,11488.0000,4.9986,multi_family,2016,temecula
cities_158,NA,3,NA,NA,NA,multi_family,2016,temecula
cities_158,NA,4,NA,NA,NA,multi_family,2016,temecula
cities_158,NA,5,NA,NA,NA,multi_family,2016,temecula
cities_158,NA,6,NA,NA,NA,multi_family,2016,temecula
cities_158,NA,7,NA,NA,NA,multi_family,2016,temecula
cities_158,NA,1,NA,67915.0000,NA,nonres,2016,temecula
cities_158,NA,2,NA,masked,NA,nonres,2016,temecula
cities_158,NA,3,NA,NA,NA,nonres,2016,temecula
cities_158,NA,4,NA,NA,NA,nonres,2016,temecula
cities_158,NA,5,NA,NA,NA,nonres,2016,temecula
cities_158,NA,6,NA,NA,NA,nonres,2016,temecula
cities_158,NA,7,NA,NA,NA,nonres,2016,temecula
cities_159,0,1,masked,masked,masked,multi_family,2016,wildomar
cities_159,86390,2,masked,masked,masked,multi_family,2016,wildomar
cities_159,NA,3,NA,NA,NA,multi_family,2016,wildomar
cities_159,NA,4,NA,NA,NA,multi_family,2016,wildomar
cities_159,NA,5,NA,NA,NA,multi_family,2016,wildomar
cities_159,NA,6,NA,NA,NA,multi_family,2016,wildomar
cities_159,NA,7,NA,NA,NA,multi_family,2016,wildomar
cities_159,NA,1,NA,masked,NA,nonres,2016,wildomar
cities_159,NA,2,NA,masked,NA,nonres,2016,wildomar
cities_159,NA,3,NA,NA,NA,nonres,2016,wildomar
cities_159,NA,4,NA,NA,NA,nonres,2016,wildomar
cities_159,NA,5,NA,NA,NA,nonres,2016,wildomar
cities_159,NA,6,NA,NA,NA,nonres,2016,wildomar
cities_159,NA,7,NA,NA,NA,nonres,2016,wildomar
cities_16,NA,1,masked,masked,masked,multi_family,2016,el segundo
cities_16,2614233,2,8980459.5000,9620.0000,3.1495,multi_family,2016,el segundo
cities_16,446522,3,1697774.0000,47654.0000,3.6686,multi_family,2016,el segundo
cities_16,195653,4,725241.0000,95327.5000,3.7973,multi_family,2016,el segundo
cities_16,30326,5,masked,masked,masked,multi_family,2016,el segundo
cities_16,NA,6,NA,NA,NA,multi_family,2016,el segundo
cities_16,NA,7,NA,NA,NA,multi_family,2016,el segundo
cities_16,0,1,masked,masked,masked,nonres,2016,el segundo
cities_16,626769,2,masked,masked,masked,nonres,2016,el segundo
cities_16,282273,3,4354758.0000,147772.0000,11.0034,nonres,2016,el segundo
cities_16,224412,4,masked,masked,masked,nonres,2016,el segundo
cities_16,69726,5,masked,masked,masked,nonres,2016,el segundo
cities_16,538311,6,masked,masked,masked,nonres,2016,el segundo
cities_16,268336,7,masked,masked,masked,nonres,2016,el segundo
cities_160,0,1,6819503.0000,14211.5000,NA,multi_family,2016,jurupa valley
cities_160,794898,2,6273865.0000,8812.5000,7.0364,multi_family,2016,jurupa valley
cities_160,NA,3,NA,NA,NA,multi_family,2016,jurupa valley
cities_160,NA,4,NA,NA,NA,multi_family,2016,jurupa valley
cities_160,NA,5,NA,NA,NA,multi_family,2016,jurupa valley
cities_160,NA,6,NA,NA,NA,multi_family,2016,jurupa valley
cities_160,NA,7,NA,NA,NA,multi_family,2016,jurupa valley
cities_160,NA,1,NA,14594.5000,NA,nonres,2016,jurupa valley
cities_160,NA,2,NA,masked,NA,nonres,2016,jurupa valley
cities_160,NA,3,NA,NA,NA,nonres,2016,jurupa valley
cities_160,NA,4,NA,NA,NA,nonres,2016,jurupa valley
cities_160,NA,5,NA,NA,NA,nonres,2016,jurupa valley
cities_160,NA,6,NA,NA,NA,nonres,2016,jurupa valley
cities_160,NA,7,NA,NA,NA,nonres,2016,jurupa valley
cities_161,0,1,masked,masked,masked,multi_family,2016,eastvale
cities_161,20827,2,masked,masked,masked,multi_family,2016,eastvale
cities_161,NA,3,NA,NA,NA,multi_family,2016,eastvale
cities_161,NA,4,NA,NA,NA,multi_family,2016,eastvale
cities_161,NA,5,NA,NA,NA,multi_family,2016,eastvale
cities_161,NA,6,NA,NA,NA,multi_family,2016,eastvale
cities_161,NA,7,NA,NA,NA,multi_family,2016,eastvale
cities_161,NA,1,NA,masked,NA,nonres,2016,eastvale
cities_161,NA,2,NA,masked,NA,nonres,2016,eastvale
cities_161,NA,3,NA,NA,NA,nonres,2016,eastvale
cities_161,NA,4,NA,NA,NA,nonres,2016,eastvale
cities_161,NA,5,NA,NA,NA,nonres,2016,eastvale
cities_161,NA,6,NA,NA,NA,nonres,2016,eastvale
cities_161,NA,7,NA,NA,NA,nonres,2016,eastvale
cities_162,NA,1,NA,NA,NA,multi_family,2016,aliso viejo
cities_162,NA,2,NA,NA,NA,multi_family,2016,aliso viejo
cities_162,NA,3,NA,NA,NA,multi_family,2016,aliso viejo
cities_162,NA,4,NA,NA,NA,multi_family,2016,aliso viejo
cities_162,NA,5,NA,NA,NA,multi_family,2016,aliso viejo
cities_162,NA,6,NA,NA,NA,multi_family,2016,aliso viejo
cities_162,NA,7,NA,NA,NA,multi_family,2016,aliso viejo
cities_162,NA,1,NA,NA,NA,nonres,2016,aliso viejo
cities_162,NA,2,NA,NA,NA,nonres,2016,aliso viejo
cities_162,NA,3,NA,NA,NA,nonres,2016,aliso viejo
cities_162,NA,4,NA,NA,NA,nonres,2016,aliso viejo
cities_162,NA,5,NA,NA,NA,nonres,2016,aliso viejo
cities_162,NA,6,NA,NA,NA,nonres,2016,aliso viejo
cities_162,NA,7,NA,NA,NA,nonres,2016,aliso viejo
cities_163,NA,1,NA,NA,NA,multi_family,2016,anaheim
cities_163,NA,2,NA,NA,NA,multi_family,2016,anaheim
cities_163,NA,3,NA,NA,NA,multi_family,2016,anaheim
cities_163,NA,4,NA,NA,NA,multi_family,2016,anaheim
cities_163,NA,5,NA,NA,NA,multi_family,2016,anaheim
cities_163,NA,6,NA,NA,NA,multi_family,2016,anaheim
cities_163,NA,7,NA,NA,NA,multi_family,2016,anaheim
cities_163,NA,1,NA,NA,NA,nonres,2016,anaheim
cities_163,NA,2,NA,NA,NA,nonres,2016,anaheim
cities_163,NA,3,NA,NA,NA,nonres,2016,anaheim
cities_163,NA,4,NA,NA,NA,nonres,2016,anaheim
cities_163,NA,5,NA,NA,NA,nonres,2016,anaheim
cities_163,NA,6,NA,NA,NA,nonres,2016,anaheim
cities_163,NA,7,NA,NA,NA,nonres,2016,anaheim
cities_164,0,1,499349.0000,34264.0000,NA,multi_family,2016,brea
cities_164,277159,2,4240076.0000,17490.0000,6.7041,multi_family,2016,brea
cities_164,65497,3,masked,masked,masked,multi_family,2016,brea
cities_164,28428,4,masked,masked,masked,multi_family,2016,brea
cities_164,133840,5,712668.0000,208646.5000,6.0132,multi_family,2016,brea
cities_164,88496,6,317922.5000,158961.2500,3.5211,multi_family,2016,brea
cities_164,112150,7,594328.0000,297164.0000,5.2996,multi_family,2016,brea
cities_164,0,1,68925754.5000,104521.0000,NA,nonres,2016,brea
cities_164,291166,2,masked,masked,masked,nonres,2016,brea
cities_164,144580,3,masked,masked,masked,nonres,2016,brea
cities_164,174055,4,1185704.0000,147348.0000,5.7685,nonres,2016,brea
cities_164,65984,5,masked,masked,masked,nonres,2016,brea
cities_164,264710,6,masked,masked,masked,nonres,2016,brea
cities_164,NA,7,NA,NA,NA,nonres,2016,brea
cities_165,0,1,1214846.0000,20830.0000,NA,multi_family,2016,buena park
cities_165,1423867,2,10791713.6700,18087.0000,5.1492,multi_family,2016,buena park
cities_165,557407,3,2640188.0000,65610.0000,4.5561,multi_family,2016,buena park
cities_165,533784,4,3269914.0000,125214.0000,4.8175,multi_family,2016,buena park
cities_165,485559,5,2486506.0000,166467.5000,4.7312,multi_family,2016,buena park
cities_165,319116,6,1252739.0000,202741.0000,4.5197,multi_family,2016,buena park
cities_165,110422,7,318718.5000,159359.2500,2.9473,multi_family,2016,buena park
cities_165,0,1,masked,masked,masked,nonres,2016,buena park
cities_165,687314,2,masked,masked,masked,nonres,2016,buena park
cities_165,310668,3,masked,masked,masked,nonres,2016,buena park
cities_165,338010,4,masked,masked,masked,nonres,2016,buena park
cities_165,204368,5,masked,masked,masked,nonres,2016,buena park
cities_165,96712,6,masked,masked,masked,nonres,2016,buena park
cities_165,52056,7,masked,masked,masked,nonres,2016,buena park
cities_166,0,1,8324525.0000,47060.0000,NA,multi_family,2016,costa mesa
cities_166,5660476,2,31726617.5000,11849.0000,3.8588,multi_family,2016,costa mesa
cities_166,925134,3,3035383.0000,41822.0000,3.3143,multi_family,2016,costa mesa
cities_166,656261,4,2218399.0000,82877.0000,3.7256,multi_family,2016,costa mesa
cities_166,357553,5,1156502.5000,91246.0000,2.5754,multi_family,2016,costa mesa
cities_166,581562,6,2185784.0000,177726.0000,3.6217,multi_family,2016,costa mesa
cities_166,220126,7,1555709.0000,250510.0000,4.5805,multi_family,2016,costa mesa
cities_166,0,1,148270371.5000,52661.0000,NA,nonres,2016,costa mesa
cities_166,1611224,2,34188706.0000,30912.0000,9.4914,nonres,2016,costa mesa
cities_166,870545,3,masked,masked,masked,nonres,2016,costa mesa
cities_166,570058,4,7312172.0000,256446.0000,10.5537,nonres,2016,costa mesa
cities_166,570430,5,masked,masked,masked,nonres,2016,costa mesa
cities_166,265217,6,masked,masked,masked,nonres,2016,costa mesa
cities_166,109706,7,masked,masked,masked,nonres,2016,costa mesa
cities_167,0,1,475001.0000,118061.5000,NA,multi_family,2016,cypress
cities_167,327435,2,2677032.5000,17261.0000,6.7967,multi_family,2016,cypress
cities_167,120541,3,1171908.0000,88040.0000,5.5799,multi_family,2016,cypress
cities_167,81042,4,321294.0000,132333.0000,4.8417,multi_family,2016,cypress
cities_167,34045,5,masked,masked,masked,multi_family,2016,cypress
cities_167,NA,6,NA,NA,NA,multi_family,2016,cypress
cities_167,52908,7,masked,masked,masked,multi_family,2016,cypress
cities_167,0,1,45589227.0000,86598.0000,NA,nonres,2016,cypress
cities_167,337638,2,masked,masked,masked,nonres,2016,cypress
cities_167,206249,3,masked,masked,masked,nonres,2016,cypress
cities_167,146655,4,masked,masked,masked,nonres,2016,cypress
cities_167,147766,5,masked,masked,masked,nonres,2016,cypress
cities_167,127711,6,masked,masked,masked,nonres,2016,cypress
cities_167,114864,7,masked,masked,masked,nonres,2016,cypress
cities_168,NA,1,NA,NA,NA,multi_family,2016,dana point
cities_168,NA,2,NA,NA,NA,multi_family,2016,dana point
cities_168,NA,3,NA,NA,NA,multi_family,2016,dana point
cities_168,NA,4,NA,NA,NA,multi_family,2016,dana point
cities_168,NA,5,NA,NA,NA,multi_family,2016,dana point
cities_168,NA,6,NA,NA,NA,multi_family,2016,dana point
cities_168,NA,7,NA,NA,NA,multi_family,2016,dana point
cities_168,NA,1,NA,NA,NA,nonres,2016,dana point
cities_168,NA,2,NA,NA,NA,nonres,2016,dana point
cities_168,NA,3,NA,NA,NA,nonres,2016,dana point
cities_168,NA,4,NA,NA,NA,nonres,2016,dana point
cities_168,NA,5,NA,NA,NA,nonres,2016,dana point
cities_168,NA,6,NA,NA,NA,nonres,2016,dana point
cities_168,NA,7,NA,NA,NA,nonres,2016,dana point
cities_169,0,1,masked,masked,masked,multi_family,2016,fountain valley
cities_169,241752,2,1899102.5000,11233.0000,2.9263,multi_family,2016,fountain valley
cities_169,NA,3,NA,NA,NA,multi_family,2016,fountain valley
cities_169,NA,4,NA,NA,NA,multi_family,2016,fountain valley
cities_169,32906,5,masked,masked,masked,multi_family,2016,fountain valley
cities_169,47702,6,masked,masked,masked,multi_family,2016,fountain valley
cities_169,NA,7,NA,NA,NA,multi_family,2016,fountain valley
cities_169,0,1,masked,masked,masked,nonres,2016,fountain valley
cities_169,377874,2,12605091.0000,80232.0000,24.1587,nonres,2016,fountain valley
cities_169,280338,3,2348385.0000,95498.0000,6.6843,nonres,2016,fountain valley
cities_169,442528,4,masked,masked,masked,nonres,2016,fountain valley
cities_169,167889,5,masked,masked,masked,nonres,2016,fountain valley
cities_169,183774,6,masked,masked,masked,nonres,2016,fountain valley
cities_169,113185,7,masked,masked,masked,nonres,2016,fountain valley
cities_17,NA,1,NA,NA,NA,multi_family,2016,whittier
cities_17,5835657,2,23481338.0000,7675.0000,3.4727,multi_family,2016,whittier
cities_17,1000904,3,6066190.0000,71985.0000,5.6659,multi_family,2016,whittier
cities_17,648278,4,3686969.0000,122093.0000,5.5816,multi_family,2016,whittier
cities_17,316205,5,2047773.0000,229132.0000,6.7065,multi_family,2016,whittier
cities_17,132920,6,masked,masked,masked,multi_family,2016,whittier
cities_17,57672,7,masked,masked,masked,multi_family,2016,whittier
cities_17,0,1,masked,masked,masked,nonres,2016,whittier
cities_17,2199859,2,40227674.0000,19662.0000,6.4472,nonres,2016,whittier
cities_17,1415925,3,masked,masked,masked,nonres,2016,whittier
cities_17,1005648,4,8226083.0000,104928.5000,4.2241,nonres,2016,whittier
cities_17,604274,5,masked,masked,masked,nonres,2016,whittier
cities_17,616948,6,6012040.0000,365064.0000,8.0105,nonres,2016,whittier
cities_17,484135,7,masked,masked,masked,nonres,2016,whittier
cities_170,0,1,1706973.0000,16181.0000,NA,multi_family,2016,fullerton
cities_170,3253181,2,21103362.0000,16720.0000,4.8180,multi_family,2016,fullerton
cities_170,560272,3,2190390.0000,41602.0000,3.7012,multi_family,2016,fullerton
cities_170,442018,4,1359649.5000,64190.0000,2.3475,multi_family,2016,fullerton
cities_170,202016,5,735113.0000,117211.0000,3.3627,multi_family,2016,fullerton
cities_170,383394,6,1399372.5000,98064.0000,2.4333,multi_family,2016,fullerton
cities_170,272771,7,1234249.5000,257757.0000,5.0021,multi_family,2016,fullerton
cities_170,0,1,masked,masked,masked,nonres,2016,fullerton
cities_170,1815567,2,40085056.0000,22913.0000,8.3916,nonres,2016,fullerton
cities_170,758142,3,6345399.0000,69182.5000,5.0505,nonres,2016,fullerton
cities_170,461017,4,4703301.0000,193456.0000,8.4059,nonres,2016,fullerton
cities_170,414496,5,masked,masked,masked,nonres,2016,fullerton
cities_170,172536,6,masked,masked,masked,nonres,2016,fullerton
cities_170,107613,7,masked,masked,masked,nonres,2016,fullerton
cities_171,0,1,871251.5000,26187.0000,NA,multi_family,2016,garden grove
cities_171,4126684,2,21185579.0000,17872.0000,4.3559,multi_family,2016,garden grove
cities_171,841350,3,3716800.5000,54768.0000,4.1430,multi_family,2016,garden grove
cities_171,642621,4,2424087.0000,94680.0000,4.1381,multi_family,2016,garden grove
cities_171,609773,5,2556925.0000,149920.0000,4.2571,multi_family,2016,garden grove
cities_171,394937,6,1573068.0000,192728.0000,4.3708,multi_family,2016,garden grove
cities_171,321454,7,1218650.0000,203143.5000,3.6753,multi_family,2016,garden grove
cities_171,0,1,107764287.0000,83683.0000,NA,nonres,2016,garden grove
cities_171,1936168,2,37221608.0000,23779.0000,7.4947,nonres,2016,garden grove
cities_171,955423,3,8088713.0000,68131.0000,5.6380,nonres,2016,garden grove
cities_171,444819,4,masked,masked,masked,nonres,2016,garden grove
cities_171,399318,5,masked,masked,masked,nonres,2016,garden grove
cities_171,323548,6,masked,masked,masked,nonres,2016,garden grove
cities_171,222339,7,masked,masked,masked,nonres,2016,garden grove
cities_172,0,1,3055221.6670,15398.0000,NA,multi_family,2016,huntington beach
cities_172,9749803,2,44000051.5000,13489.0000,3.6982,multi_family,2016,huntington beach
cities_172,673248,3,2567193.0000,47154.0000,3.6584,multi_family,2016,huntington beach
cities_172,565163,4,2174004.0000,87209.0000,3.6311,multi_family,2016,huntington beach
cities_172,269788,5,1228122.5000,141828.0000,4.2824,multi_family,2016,huntington beach
cities_172,418943,6,2282009.0000,298389.0000,6.1582,multi_family,2016,huntington beach
cities_172,282602,7,919876.0000,236837.0000,3.9841,multi_family,2016,huntington beach
cities_172,0,1,masked,masked,masked,nonres,2016,huntington beach
cities_172,1546326,2,51842782.0000,29741.0000,9.9586,nonres,2016,huntington beach
cities_172,1071489,3,11966900.0000,101883.5000,7.5661,nonres,2016,huntington beach
cities_172,711706,4,masked,masked,masked,nonres,2016,huntington beach
cities_172,470975,5,masked,masked,masked,nonres,2016,huntington beach
cities_172,354849,6,masked,masked,masked,nonres,2016,huntington beach
cities_172,166457,7,masked,masked,masked,nonres,2016,huntington beach
cities_173,0,1,21913893.5000,365303.0000,NA,multi_family,2016,irvine
cities_173,184926,2,50439994.5000,538284.0000,259.9143,multi_family,2016,irvine
cities_173,NA,3,NA,NA,NA,multi_family,2016,irvine
cities_173,NA,4,NA,NA,NA,multi_family,2016,irvine
cities_173,NA,5,NA,NA,NA,multi_family,2016,irvine
cities_173,95372,6,366740.0000,183370.0000,3.8731,multi_family,2016,irvine
cities_173,NA,7,NA,NA,NA,multi_family,2016,irvine
cities_173,0,1,436134083.5000,11637.0000,NA,nonres,2016,irvine
cities_173,1180305,2,76525291.0000,6546.0000,2.9847,nonres,2016,irvine
cities_173,970596,3,14443386.0000,167701.0000,10.6328,nonres,2016,irvine
cities_173,773821,4,10876098.0000,298410.0000,12.6373,nonres,2016,irvine
cities_173,425038,5,masked,masked,masked,nonres,2016,irvine
cities_173,672571,6,masked,masked,masked,nonres,2016,irvine
cities_173,335615,7,masked,masked,masked,nonres,2016,irvine
cities_174,0,1,652303.0000,14380.5000,NA,multi_family,2016,la habra
cities_174,1330212,2,10340467.0000,15680.0000,4.7837,multi_family,2016,la habra
cities_174,515081,3,2427815.0000,60064.0000,4.6385,multi_family,2016,la habra
cities_174,191605,4,1177869.0000,130418.0000,5.9885,multi_family,2016,la habra
cities_174,293629,5,1184274.5000,148953.0000,4.9411,multi_family,2016,la habra
cities_174,140981,6,536482.0000,178127.0000,3.7215,multi_family,2016,la habra
cities_174,104847,7,418951.0000,209475.5000,3.9405,multi_family,2016,la habra
cities_174,0,1,32237843.0000,47798.0000,NA,nonres,2016,la habra
cities_174,943958,2,17033035.0000,24501.0000,7.7311,nonres,2016,la habra
cities_174,429749,3,masked,masked,masked,nonres,2016,la habra
cities_174,190198,4,masked,masked,masked,nonres,2016,la habra
cities_174,165403,5,masked,masked,masked,nonres,2016,la habra
cities_174,218580,6,masked,masked,masked,nonres,2016,la habra
cities_174,58500,7,masked,masked,masked,nonres,2016,la habra
cities_175,0,1,masked,masked,masked,multi_family,2016,laguna beach
cities_175,1210854,2,4955685.0000,6606.0000,3.2254,multi_family,2016,laguna beach
cities_175,69170,3,302147.0000,53029.5000,4.7183,multi_family,2016,laguna beach
cities_175,74607,4,masked,masked,masked,multi_family,2016,laguna beach
cities_175,NA,5,NA,NA,NA,multi_family,2016,laguna beach
cities_175,NA,6,NA,NA,NA,multi_family,2016,laguna beach
cities_175,NA,7,NA,NA,NA,multi_family,2016,laguna beach
cities_175,0,1,masked,masked,masked,nonres,2016,laguna beach
cities_175,1033806,2,12951746.0000,15131.5000,6.8851,nonres,2016,laguna beach
cities_175,237446,3,masked,masked,masked,nonres,2016,laguna beach
cities_175,66107,4,masked,masked,masked,nonres,2016,laguna beach
cities_175,133186,5,masked,masked,masked,nonres,2016,laguna beach
cities_175,87561,6,masked,masked,masked,nonres,2016,laguna beach
cities_175,52092,7,masked,masked,masked,nonres,2016,laguna beach
cities_176,NA,1,NA,NA,NA,multi_family,2016,laguna hills
cities_176,NA,2,NA,NA,NA,multi_family,2016,laguna hills
cities_176,NA,3,NA,NA,NA,multi_family,2016,laguna hills
cities_176,NA,4,NA,NA,NA,multi_family,2016,laguna hills
cities_176,NA,5,NA,NA,NA,multi_family,2016,laguna hills
cities_176,NA,6,NA,NA,NA,multi_family,2016,laguna hills
cities_176,NA,7,NA,NA,NA,multi_family,2016,laguna hills
cities_176,NA,1,NA,NA,NA,nonres,2016,laguna hills
cities_176,NA,2,NA,NA,NA,nonres,2016,laguna hills
cities_176,NA,3,NA,NA,NA,nonres,2016,laguna hills
cities_176,NA,4,NA,NA,NA,nonres,2016,laguna hills
cities_176,NA,5,NA,NA,NA,nonres,2016,laguna hills
cities_176,NA,6,NA,NA,NA,nonres,2016,laguna hills
cities_176,NA,7,NA,NA,NA,nonres,2016,laguna hills
cities_177,NA,1,NA,NA,NA,multi_family,2016,laguna niguel
cities_177,NA,2,NA,NA,NA,multi_family,2016,laguna niguel
cities_177,NA,3,NA,NA,NA,multi_family,2016,laguna niguel
cities_177,NA,4,NA,NA,NA,multi_family,2016,laguna niguel
cities_177,NA,5,NA,NA,NA,multi_family,2016,laguna niguel
cities_177,NA,6,NA,NA,NA,multi_family,2016,laguna niguel
cities_177,NA,7,NA,NA,NA,multi_family,2016,laguna niguel
cities_177,NA,1,NA,NA,NA,nonres,2016,laguna niguel
cities_177,NA,2,NA,NA,NA,nonres,2016,laguna niguel
cities_177,NA,3,NA,NA,NA,nonres,2016,laguna niguel
cities_177,NA,4,NA,NA,NA,nonres,2016,laguna niguel
cities_177,NA,5,NA,NA,NA,nonres,2016,laguna niguel
cities_177,NA,6,NA,NA,NA,nonres,2016,laguna niguel
cities_177,NA,7,NA,NA,NA,nonres,2016,laguna niguel
cities_178,0,1,masked,masked,masked,multi_family,2016,laguna woods
cities_178,8220,2,masked,masked,masked,multi_family,2016,laguna woods
cities_178,62766,3,masked,masked,masked,multi_family,2016,laguna woods
cities_178,71728,4,masked,masked,masked,multi_family,2016,laguna woods
cities_178,96575,5,masked,masked,masked,multi_family,2016,laguna woods
cities_178,133043,6,masked,masked,masked,multi_family,2016,laguna woods
cities_178,114351,7,masked,masked,masked,multi_family,2016,laguna woods
cities_178,0,1,masked,masked,masked,nonres,2016,laguna woods
cities_178,80156,2,3988904.0000,130794.0000,46.5791,nonres,2016,laguna woods
cities_178,16032,3,masked,masked,masked,nonres,2016,laguna woods
cities_178,NA,4,NA,NA,NA,nonres,2016,laguna woods
cities_178,34300,5,masked,masked,masked,nonres,2016,laguna woods
cities_178,NA,6,NA,NA,NA,nonres,2016,laguna woods
cities_178,56619,7,masked,masked,masked,nonres,2016,laguna woods
cities_179,NA,1,masked,masked,masked,multi_family,2016,lake forest
cities_179,259670,2,9353082.5000,25674.0000,5.7222,multi_family,2016,lake forest
cities_179,NA,3,NA,NA,NA,multi_family,2016,lake forest
cities_179,21840,4,masked,masked,masked,multi_family,2016,lake forest
cities_179,NA,5,NA,NA,NA,multi_family,2016,lake forest
cities_179,NA,6,NA,NA,NA,multi_family,2016,lake forest
cities_179,NA,7,NA,NA,NA,multi_family,2016,lake forest
cities_179,0,1,86448083.5000,52682.5000,NA,nonres,2016,lake forest
cities_179,326024,2,11320715.0000,48104.0000,13.0469,nonres,2016,lake forest
cities_179,251692,3,2849264.0000,130072.0000,12.0941,nonres,2016,lake forest
cities_179,124212,4,masked,masked,masked,nonres,2016,lake forest
cities_179,33008,5,868832.0000,868832.0000,26.3219,nonres,2016,lake forest
cities_179,219621,6,masked,masked,masked,nonres,2016,lake forest
cities_179,57470,7,masked,masked,masked,nonres,2016,lake forest
cities_18,NA,1,NA,NA,NA,multi_family,2016,glendale
cities_18,NA,2,NA,NA,NA,multi_family,2016,glendale
cities_18,NA,3,NA,NA,NA,multi_family,2016,glendale
cities_18,NA,4,NA,NA,NA,multi_family,2016,glendale
cities_18,NA,5,NA,NA,NA,multi_family,2016,glendale
cities_18,NA,6,NA,NA,NA,multi_family,2016,glendale
cities_18,NA,7,NA,NA,NA,multi_family,2016,glendale
cities_18,NA,1,NA,NA,NA,nonres,2016,glendale
cities_18,NA,2,NA,NA,NA,nonres,2016,glendale
cities_18,NA,3,NA,NA,NA,nonres,2016,glendale
cities_18,NA,4,NA,NA,NA,nonres,2016,glendale
cities_18,NA,5,NA,NA,NA,nonres,2016,glendale
cities_18,NA,6,NA,NA,NA,nonres,2016,glendale
cities_18,NA,7,NA,NA,NA,nonres,2016,glendale
cities_180,0,1,masked,masked,masked,multi_family,2016,los alamitos
cities_180,1070361,2,5657114.5000,11942.0000,4.8029,multi_family,2016,los alamitos
cities_180,139691,3,546821.0000,41818.0000,3.6705,multi_family,2016,los alamitos
cities_180,153657,4,757235.0000,148883.0000,5.6800,multi_family,2016,los alamitos
cities_180,NA,5,NA,NA,NA,multi_family,2016,los alamitos
cities_180,NA,6,NA,NA,NA,multi_family,2016,los alamitos
cities_180,NA,7,masked,masked,masked,multi_family,2016,los alamitos
cities_180,0,1,masked,masked,masked,nonres,2016,los alamitos
cities_180,310236,2,5203351.0000,33767.0000,8.6829,nonres,2016,los alamitos
cities_180,194401,3,masked,masked,masked,nonres,2016,los alamitos
cities_180,79195,4,masked,masked,masked,nonres,2016,los alamitos
cities_180,66366,5,masked,masked,masked,nonres,2016,los alamitos
cities_180,NA,6,NA,NA,NA,nonres,2016,los alamitos
cities_180,NA,7,NA,NA,NA,nonres,2016,los alamitos
cities_181,NA,1,NA,NA,NA,multi_family,2016,mission viejo
cities_181,NA,2,NA,NA,NA,multi_family,2016,mission viejo
cities_181,NA,3,NA,NA,NA,multi_family,2016,mission viejo
cities_181,NA,4,NA,NA,NA,multi_family,2016,mission viejo
cities_181,NA,5,NA,NA,NA,multi_family,2016,mission viejo
cities_181,NA,6,NA,NA,NA,multi_family,2016,mission viejo
cities_181,NA,7,NA,NA,NA,multi_family,2016,mission viejo
cities_181,NA,1,NA,NA,NA,nonres,2016,mission viejo
cities_181,NA,2,NA,NA,NA,nonres,2016,mission viejo
cities_181,NA,3,NA,NA,NA,nonres,2016,mission viejo
cities_181,NA,4,NA,NA,NA,nonres,2016,mission viejo
cities_181,NA,5,NA,NA,NA,nonres,2016,mission viejo
cities_181,NA,6,NA,NA,NA,nonres,2016,mission viejo
cities_181,NA,7,NA,NA,NA,nonres,2016,mission viejo
cities_182,0,1,masked,masked,masked,multi_family,2016,newport beach
cities_182,5150342,2,24507270.5000,5867.0000,3.2079,multi_family,2016,newport beach
cities_182,203950,3,990755.0000,66749.0000,3.4684,multi_family,2016,newport beach
cities_182,213097,4,3861633.5000,73878.0000,3.3402,multi_family,2016,newport beach
cities_182,39744,5,masked,masked,masked,multi_family,2016,newport beach
cities_182,91041,6,296768.0000,148384.0000,3.1957,multi_family,2016,newport beach
cities_182,NA,7,NA,NA,NA,multi_family,2016,newport beach
cities_182,0,1,masked,masked,masked,nonres,2016,newport beach
cities_182,1607680,2,35312502.0000,16687.0000,7.2578,nonres,2016,newport beach
cities_182,1033215,3,15811129.0000,157220.0000,11.2021,nonres,2016,newport beach
cities_182,852855,4,12855975.0000,293032.5000,11.9203,nonres,2016,newport beach
cities_182,544945,5,6178921.0000,387592.0000,11.8853,nonres,2016,newport beach
cities_182,259576,6,masked,masked,masked,nonres,2016,newport beach
cities_182,208096,7,masked,masked,masked,nonres,2016,newport beach
cities_183,0,1,4790651.0000,19503.0000,NA,multi_family,2016,orange
cities_183,4884665,2,26510114.5000,9325.0000,3.6229,multi_family,2016,orange
cities_183,249590,3,913054.0000,51759.0000,3.3489,multi_family,2016,orange
cities_183,341117,4,1353650.0000,91552.5000,3.9645,multi_family,2016,orange
cities_183,241411,5,864470.0000,118995.0000,3.6612,multi_family,2016,orange
cities_183,NA,6,NA,NA,NA,multi_family,2016,orange
cities_183,106006,7,486131.0000,243065.5000,4.5858,multi_family,2016,orange
cities_183,0,1,181593470.0000,52423.0000,NA,nonres,2016,orange
cities_183,1820456,2,masked,masked,masked,nonres,2016,orange
cities_183,1097172,3,12087109.0000,100832.0000,7.2542,nonres,2016,orange
cities_183,648211,4,4800057.0000,187120.0000,8.3301,nonres,2016,orange
cities_183,272071,5,masked,masked,masked,nonres,2016,orange
cities_183,217929,6,masked,masked,masked,nonres,2016,orange
cities_183,161525,7,masked,masked,masked,nonres,2016,orange
cities_184,0,1,masked,masked,masked,multi_family,2016,placentia
cities_184,726173,2,7545556.0000,15083.0000,4.8546,multi_family,2016,placentia
cities_184,73191,3,356222.0000,63194.0000,5.7171,multi_family,2016,placentia
cities_184,77128,4,275545.5000,73718.0000,2.7080,multi_family,2016,placentia
cities_184,NA,5,NA,NA,NA,multi_family,2016,placentia
cities_184,48974,6,masked,masked,masked,multi_family,2016,placentia
cities_184,103541,7,464084.0000,232042.0000,4.4813,multi_family,2016,placentia
cities_184,0,1,21428748.0000,15717.0000,NA,nonres,2016,placentia
cities_184,318093,2,7676118.0000,18297.0000,8.3356,nonres,2016,placentia
cities_184,133494,3,masked,masked,masked,nonres,2016,placentia
cities_184,226081,4,masked,masked,masked,nonres,2016,placentia
cities_184,108352,5,masked,masked,masked,nonres,2016,placentia
cities_184,89093,6,masked,masked,masked,nonres,2016,placentia
cities_184,57697,7,masked,masked,masked,nonres,2016,placentia
cities_185,0,1,masked,masked,masked,multi_family,2016,rancho santa margarita
cities_185,26249,2,5640584.5000,492665.0000,186.1435,multi_family,2016,rancho santa margarita
cities_185,NA,3,NA,NA,NA,multi_family,2016,rancho santa margarita
cities_185,NA,4,NA,NA,NA,multi_family,2016,rancho santa margarita
cities_185,NA,5,NA,NA,NA,multi_family,2016,rancho santa margarita
cities_185,NA,6,NA,NA,NA,multi_family,2016,rancho santa margarita
cities_185,NA,7,masked,masked,masked,multi_family,2016,rancho santa margarita
cities_185,0,1,32772627.0000,16533.0000,NA,nonres,2016,rancho santa margarita
cities_185,32497,2,masked,masked,masked,nonres,2016,rancho santa margarita
cities_185,NA,3,NA,NA,NA,nonres,2016,rancho santa margarita
cities_185,NA,4,NA,NA,NA,nonres,2016,rancho santa margarita
cities_185,34333,5,masked,masked,masked,nonres,2016,rancho santa margarita
cities_185,NA,6,NA,NA,NA,nonres,2016,rancho santa margarita
cities_185,NA,7,NA,NA,NA,nonres,2016,rancho santa margarita
cities_186,NA,1,NA,NA,NA,multi_family,2016,san clemente
cities_186,NA,2,NA,NA,NA,multi_family,2016,san clemente
cities_186,NA,3,NA,NA,NA,multi_family,2016,san clemente
cities_186,NA,4,NA,NA,NA,multi_family,2016,san clemente
cities_186,NA,5,NA,NA,NA,multi_family,2016,san clemente
cities_186,NA,6,NA,NA,NA,multi_family,2016,san clemente
cities_186,NA,7,NA,NA,NA,multi_family,2016,san clemente
cities_186,NA,1,NA,NA,NA,nonres,2016,san clemente
cities_186,NA,2,NA,NA,NA,nonres,2016,san clemente
cities_186,NA,3,NA,NA,NA,nonres,2016,san clemente
cities_186,NA,4,NA,NA,NA,nonres,2016,san clemente
cities_186,NA,5,NA,NA,NA,nonres,2016,san clemente
cities_186,NA,6,NA,NA,NA,nonres,2016,san clemente
cities_186,NA,7,NA,NA,NA,nonres,2016,san clemente
cities_187,NA,1,NA,NA,NA,multi_family,2016,san juan capistrano
cities_187,NA,2,NA,NA,NA,multi_family,2016,san juan capistrano
cities_187,NA,3,NA,NA,NA,multi_family,2016,san juan capistrano
cities_187,NA,4,NA,NA,NA,multi_family,2016,san juan capistrano
cities_187,NA,5,NA,NA,NA,multi_family,2016,san juan capistrano
cities_187,NA,6,NA,NA,NA,multi_family,2016,san juan capistrano
cities_187,NA,7,NA,NA,NA,multi_family,2016,san juan capistrano
cities_187,NA,1,NA,NA,NA,nonres,2016,san juan capistrano
cities_187,NA,2,NA,NA,NA,nonres,2016,san juan capistrano
cities_187,NA,3,NA,NA,NA,nonres,2016,san juan capistrano
cities_187,NA,4,NA,NA,NA,nonres,2016,san juan capistrano
cities_187,NA,5,NA,NA,NA,nonres,2016,san juan capistrano
cities_187,NA,6,NA,NA,NA,nonres,2016,san juan capistrano
cities_187,NA,7,NA,NA,NA,nonres,2016,san juan capistrano
cities_188,0,1,6353030.5000,28008.5000,NA,multi_family,2016,santa ana
cities_188,6668305,2,46170021.0000,9980.0000,3.9904,multi_family,2016,santa ana
cities_188,663959,3,2763066.0000,52236.5000,4.0603,multi_family,2016,santa ana
cities_188,472251,4,2177360.0000,116230.5000,5.1110,multi_family,2016,santa ana
cities_188,263848,5,821378.0000,86295.5000,2.5283,multi_family,2016,santa ana
cities_188,260388,6,1495510.0000,196650.0000,4.4707,multi_family,2016,santa ana
cities_188,111380,7,365318.0000,182659.0000,3.3398,multi_family,2016,santa ana
cities_188,0,1,219255312.0000,43621.0000,NA,nonres,2016,santa ana
cities_188,3613823,2,81057285.0000,16499.0000,6.5405,nonres,2016,santa ana
cities_188,1560823,3,21122992.0000,95601.0000,7.3019,nonres,2016,santa ana
cities_188,1329232,4,12978702.0000,181152.0000,7.6000,nonres,2016,santa ana
cities_188,815667,5,10271724.0000,325969.0000,9.1124,nonres,2016,santa ana
cities_188,409717,6,masked,masked,masked,nonres,2016,santa ana
cities_188,503088,7,masked,masked,masked,nonres,2016,santa ana
cities_189,0,1,masked,masked,masked,multi_family,2016,seal beach
cities_189,1130788,2,4557748.5000,8851.5000,3.6939,multi_family,2016,seal beach
cities_189,114240,3,492589.0000,47923.0000,4.3338,multi_family,2016,seal beach
cities_189,206971,4,591094.0000,85854.5000,3.1992,multi_family,2016,seal beach
cities_189,1043538,5,3529401.0000,91900.0000,2.7116,multi_family,2016,seal beach
cities_189,888368,6,1900091.0000,84858.5000,1.9250,multi_family,2016,seal beach
cities_189,1910911,7,masked,masked,masked,multi_family,2016,seal beach
cities_189,0,1,masked,masked,masked,nonres,2016,seal beach
cities_189,419587,2,10316263.0000,23961.0000,8.3093,nonres,2016,seal beach
cities_189,123818,3,masked,masked,masked,nonres,2016,seal beach
cities_189,42871,4,masked,masked,masked,nonres,2016,seal beach
cities_189,68624,5,masked,masked,masked,nonres,2016,seal beach
cities_189,43569,6,masked,masked,masked,nonres,2016,seal beach
cities_189,NA,7,NA,NA,NA,nonres,2016,seal beach
cities_19,0,1,1678779.0000,1678779.0000,NA,multi_family,2016,glendora
cities_19,1304898,2,5943538.5000,10104.5000,4.4115,multi_family,2016,glendora
cities_19,395230,3,2134821.0000,68095.5000,5.1652,multi_family,2016,glendora
cities_19,20220,4,masked,masked,masked,multi_family,2016,glendora
cities_19,200436,5,1116054.0000,156890.0000,5.0488,multi_family,2016,glendora
cities_19,267875,6,841979.0000,123725.5000,2.7890,multi_family,2016,glendora
cities_19,58891,7,masked,masked,masked,multi_family,2016,glendora
cities_19,0,1,masked,masked,masked,nonres,2016,glendora
cities_19,1253094,2,23731629.0000,27639.5000,8.1291,nonres,2016,glendora
cities_19,787602,3,8426793.0000,73999.0000,5.2346,nonres,2016,glendora
cities_19,626129,4,7061379.0000,253598.5000,10.0882,nonres,2016,glendora
cities_19,304749,5,masked,masked,masked,nonres,2016,glendora
cities_19,364153,6,masked,masked,masked,nonres,2016,glendora
cities_19,221285,7,masked,masked,masked,nonres,2016,glendora
cities_190,0,1,masked,masked,masked,multi_family,2016,stanton
cities_190,702154,2,3193207.5000,11121.5000,3.8721,multi_family,2016,stanton
cities_190,160615,3,551313.0000,55589.0000,3.8209,multi_family,2016,stanton
cities_190,313840,4,935186.0000,70734.0000,2.7316,multi_family,2016,stanton
cities_190,207881,5,786779.5000,157763.0000,4.3787,multi_family,2016,stanton
cities_190,172501,6,596421.5000,159198.7500,3.8830,multi_family,2016,stanton
cities_190,51473,7,masked,masked,masked,multi_family,2016,stanton
cities_190,0,1,masked,masked,masked,nonres,2016,stanton
cities_190,600347,2,13231057.0000,32996.5000,8.5586,nonres,2016,stanton
cities_190,368822,3,masked,masked,masked,nonres,2016,stanton
cities_190,161958,4,masked,masked,masked,nonres,2016,stanton
cities_190,103833,5,masked,masked,masked,nonres,2016,stanton
cities_190,40907,6,939016.0000,939016.0000,22.9549,nonres,2016,stanton
cities_190,NA,7,NA,NA,NA,nonres,2016,stanton
cities_191,0,1,2281101.0000,265238.0000,NA,multi_family,2016,tustin
cities_191,1314212,2,14535860.0000,15141.0000,4.1354,multi_family,2016,tustin
cities_191,323777,3,1231572.5000,40307.0000,3.1404,multi_family,2016,tustin
cities_191,199306,4,870273.0000,105382.0000,4.4002,multi_family,2016,tustin
cities_191,306353,5,1842572.0000,157283.0000,4.9687,multi_family,2016,tustin
cities_191,269864,6,1052314.0000,172334.5000,3.9414,multi_family,2016,tustin
cities_191,114763,7,294567.0000,147283.5000,2.6522,multi_family,2016,tustin
cities_191,0,1,35518669.5000,19674.0000,NA,nonres,2016,tustin
cities_191,896407,2,29352954.0000,48827.0000,10.2853,nonres,2016,tustin
cities_191,840500,3,masked,masked,masked,nonres,2016,tustin
cities_191,641509,4,7977449.0000,262189.0000,11.9595,nonres,2016,tustin
cities_191,660372,5,masked,masked,masked,nonres,2016,tustin
cities_191,84702,6,masked,masked,masked,nonres,2016,tustin
cities_191,101958,7,masked,masked,masked,nonres,2016,tustin
cities_192,NA,1,NA,NA,NA,multi_family,2016,villa park
cities_192,NA,2,NA,NA,NA,multi_family,2016,villa park
cities_192,NA,3,NA,NA,NA,multi_family,2016,villa park
cities_192,NA,4,NA,NA,NA,multi_family,2016,villa park
cities_192,NA,5,NA,NA,NA,multi_family,2016,villa park
cities_192,NA,6,NA,NA,NA,multi_family,2016,villa park
cities_192,NA,7,NA,NA,NA,multi_family,2016,villa park
cities_192,0,1,masked,masked,masked,nonres,2016,villa park
cities_192,37407,2,845168.0000,108417.5000,21.9457,nonres,2016,villa park
cities_192,35324,3,masked,masked,masked,nonres,2016,villa park
cities_192,27764,4,masked,masked,masked,nonres,2016,villa park
cities_192,NA,5,NA,NA,NA,nonres,2016,villa park
cities_192,NA,6,NA,NA,NA,nonres,2016,villa park
cities_192,NA,7,NA,NA,NA,nonres,2016,villa park
cities_193,0,1,masked,masked,masked,multi_family,2016,westminster
cities_193,1833210,2,9854741.0000,12906.0000,4.2414,multi_family,2016,westminster
cities_193,669107,3,2857186.5000,48625.0000,3.8095,multi_family,2016,westminster
cities_193,300726,4,1052803.5000,73920.0000,3.3859,multi_family,2016,westminster
cities_193,32510,5,masked,masked,masked,multi_family,2016,westminster
cities_193,NA,6,NA,NA,NA,multi_family,2016,westminster
cities_193,168892,7,446259.0000,138318.0000,2.4964,multi_family,2016,westminster
cities_193,0,1,24362514.0000,79908.0000,NA,nonres,2016,westminster
cities_193,1302812,2,43620698.5000,31887.0000,9.4994,nonres,2016,westminster
cities_193,771194,3,masked,masked,masked,nonres,2016,westminster
cities_193,637224,4,masked,masked,masked,nonres,2016,westminster
cities_193,396596,5,masked,masked,masked,nonres,2016,westminster
cities_193,282763,6,masked,masked,masked,nonres,2016,westminster
cities_193,50816,7,masked,masked,masked,nonres,2016,westminster
cities_194,0,1,masked,masked,masked,multi_family,2016,yorba linda
cities_194,183547,2,2909953.5000,12483.0000,4.0916,multi_family,2016,yorba linda
cities_194,NA,3,NA,NA,NA,multi_family,2016,yorba linda
cities_194,NA,4,NA,NA,NA,multi_family,2016,yorba linda
cities_194,NA,5,NA,NA,NA,multi_family,2016,yorba linda
cities_194,NA,6,NA,NA,NA,multi_family,2016,yorba linda
cities_194,NA,7,masked,masked,masked,multi_family,2016,yorba linda
cities_194,0,1,25470777.5000,9240.5000,NA,nonres,2016,yorba linda
cities_194,319271,2,9613399.0000,36102.0000,10.6052,nonres,2016,yorba linda
cities_194,256458,3,masked,masked,masked,nonres,2016,yorba linda
cities_194,88750,4,masked,masked,masked,nonres,2016,yorba linda
cities_194,67564,5,masked,masked,masked,nonres,2016,yorba linda
cities_194,NA,6,NA,NA,NA,nonres,2016,yorba linda
cities_194,50325,7,masked,masked,masked,nonres,2016,yorba linda
cities_195,NA,1,NA,NA,NA,multi_family,2016,westmorland
cities_195,NA,2,NA,NA,NA,multi_family,2016,westmorland
cities_195,NA,3,NA,NA,NA,multi_family,2016,westmorland
cities_195,NA,4,NA,NA,NA,multi_family,2016,westmorland
cities_195,NA,5,NA,NA,NA,multi_family,2016,westmorland
cities_195,NA,6,NA,NA,NA,multi_family,2016,westmorland
cities_195,NA,7,NA,NA,NA,multi_family,2016,westmorland
cities_195,NA,1,NA,NA,NA,nonres,2016,westmorland
cities_195,NA,2,NA,NA,NA,nonres,2016,westmorland
cities_195,NA,3,NA,NA,NA,nonres,2016,westmorland
cities_195,NA,4,NA,NA,NA,nonres,2016,westmorland
cities_195,NA,5,NA,NA,NA,nonres,2016,westmorland
cities_195,NA,6,NA,NA,NA,nonres,2016,westmorland
cities_195,NA,7,NA,NA,NA,nonres,2016,westmorland
cities_196,NA,1,NA,NA,NA,multi_family,2016,el centro
cities_196,NA,2,NA,NA,NA,multi_family,2016,el centro
cities_196,NA,3,NA,NA,NA,multi_family,2016,el centro
cities_196,NA,4,NA,NA,NA,multi_family,2016,el centro
cities_196,NA,5,NA,NA,NA,multi_family,2016,el centro
cities_196,NA,6,NA,NA,NA,multi_family,2016,el centro
cities_196,NA,7,NA,NA,NA,multi_family,2016,el centro
cities_196,NA,1,NA,NA,NA,nonres,2016,el centro
cities_196,NA,2,NA,NA,NA,nonres,2016,el centro
cities_196,NA,3,NA,NA,NA,nonres,2016,el centro
cities_196,NA,4,NA,NA,NA,nonres,2016,el centro
cities_196,NA,5,NA,NA,NA,nonres,2016,el centro
cities_196,NA,6,NA,NA,NA,nonres,2016,el centro
cities_196,NA,7,NA,NA,NA,nonres,2016,el centro
cities_197,NA,1,NA,NA,NA,multi_family,2016,imperial
cities_197,NA,2,NA,NA,NA,multi_family,2016,imperial
cities_197,NA,3,NA,NA,NA,multi_family,2016,imperial
cities_197,NA,4,NA,NA,NA,multi_family,2016,imperial
cities_197,NA,5,NA,NA,NA,multi_family,2016,imperial
cities_197,NA,6,NA,NA,NA,multi_family,2016,imperial
cities_197,NA,7,NA,NA,NA,multi_family,2016,imperial
cities_197,NA,1,NA,NA,NA,nonres,2016,imperial
cities_197,NA,2,NA,NA,NA,nonres,2016,imperial
cities_197,NA,3,NA,NA,NA,nonres,2016,imperial
cities_197,NA,4,NA,NA,NA,nonres,2016,imperial
cities_197,NA,5,NA,NA,NA,nonres,2016,imperial
cities_197,NA,6,NA,NA,NA,nonres,2016,imperial
cities_197,NA,7,NA,NA,NA,nonres,2016,imperial
cities_198,NA,1,NA,NA,NA,multi_family,2016,holtville
cities_198,NA,2,NA,NA,NA,multi_family,2016,holtville
cities_198,NA,3,NA,NA,NA,multi_family,2016,holtville
cities_198,NA,4,NA,NA,NA,multi_family,2016,holtville
cities_198,NA,5,NA,NA,NA,multi_family,2016,holtville
cities_198,NA,6,NA,NA,NA,multi_family,2016,holtville
cities_198,NA,7,NA,NA,NA,multi_family,2016,holtville
cities_198,NA,1,NA,NA,NA,nonres,2016,holtville
cities_198,NA,2,NA,NA,NA,nonres,2016,holtville
cities_198,NA,3,NA,NA,NA,nonres,2016,holtville
cities_198,NA,4,NA,NA,NA,nonres,2016,holtville
cities_198,NA,5,NA,NA,NA,nonres,2016,holtville
cities_198,NA,6,NA,NA,NA,nonres,2016,holtville
cities_198,NA,7,NA,NA,NA,nonres,2016,holtville
cities_199,NA,1,NA,NA,NA,multi_family,2016,calipatria
cities_199,NA,2,NA,NA,NA,multi_family,2016,calipatria
cities_199,NA,3,NA,NA,NA,multi_family,2016,calipatria
cities_199,NA,4,NA,NA,NA,multi_family,2016,calipatria
cities_199,NA,5,NA,NA,NA,multi_family,2016,calipatria
cities_199,NA,6,NA,NA,NA,multi_family,2016,calipatria
cities_199,NA,7,NA,NA,NA,multi_family,2016,calipatria
cities_199,NA,1,NA,NA,NA,nonres,2016,calipatria
cities_199,NA,2,NA,NA,NA,nonres,2016,calipatria
cities_199,NA,3,NA,NA,NA,nonres,2016,calipatria
cities_199,NA,4,NA,NA,NA,nonres,2016,calipatria
cities_199,NA,5,NA,NA,NA,nonres,2016,calipatria
cities_199,NA,6,NA,NA,NA,nonres,2016,calipatria
cities_199,NA,7,NA,NA,NA,nonres,2016,calipatria
cities_2,NA,1,NA,NA,NA,multi_family,2016,alhambra
cities_2,10874459,2,37179963.1000,7727.0000,3.0398,multi_family,2016,alhambra
cities_2,1711327,3,6286620.5000,48951.5000,3.7865,multi_family,2016,alhambra
cities_2,654076,4,2585119.0000,104268.0000,4.3180,multi_family,2016,alhambra
cities_2,481072,5,2286474.0000,165367.5000,4.8767,multi_family,2016,alhambra
cities_2,170132,6,1056932.0000,262682.5000,6.1757,multi_family,2016,alhambra
cities_2,155936,7,573391.0000,226751.0000,4.2437,multi_family,2016,alhambra
cities_2,0,1,masked,masked,masked,nonres,2016,alhambra
cities_2,1999477,2,51506967.7000,17903.5000,6.4902,nonres,2016,alhambra
cities_2,990046,3,9098144.0000,75131.5000,6.2770,nonres,2016,alhambra
cities_2,807800,4,6881973.0000,182211.0000,7.9587,nonres,2016,alhambra
cities_2,723835,5,masked,masked,masked,nonres,2016,alhambra
cities_2,399569,6,masked,masked,masked,nonres,2016,alhambra
cities_2,165390,7,masked,masked,masked,nonres,2016,alhambra
cities_20,NA,1,masked,masked,masked,multi_family,2016,huntington park
cities_20,6553116,2,24725557.6000,8910.0000,3.8405,multi_family,2016,huntington park
cities_20,527078,3,2102689.5000,50473.0000,4.0786,multi_family,2016,huntington park
cities_20,88164,4,346641.0000,87626.5000,4.1363,multi_family,2016,huntington park
cities_20,31756,5,masked,masked,masked,multi_family,2016,huntington park
cities_20,NA,6,NA,NA,NA,multi_family,2016,huntington park
cities_20,NA,7,NA,NA,NA,multi_family,2016,huntington park
cities_20,0,1,masked,masked,masked,nonres,2016,huntington park
cities_20,1885140,2,26707241.0000,16865.5000,4.8619,nonres,2016,huntington park
cities_20,889538,3,5920673.4000,45907.2000,3.6069,nonres,2016,huntington park
cities_20,628363,4,4867360.0000,116734.5000,5.2725,nonres,2016,huntington park
cities_20,349297,5,masked,masked,masked,nonres,2016,huntington park
cities_20,97129,6,masked,masked,masked,nonres,2016,huntington park
cities_20,158144,7,masked,masked,masked,nonres,2016,huntington park
cities_200,NA,1,NA,NA,NA,multi_family,2016,brawley
cities_200,NA,2,NA,NA,NA,multi_family,2016,brawley
cities_200,NA,3,NA,NA,NA,multi_family,2016,brawley
cities_200,NA,4,NA,NA,NA,multi_family,2016,brawley
cities_200,NA,5,NA,NA,NA,multi_family,2016,brawley
cities_200,NA,6,NA,NA,NA,multi_family,2016,brawley
cities_200,NA,7,NA,NA,NA,multi_family,2016,brawley
cities_200,NA,1,NA,NA,NA,nonres,2016,brawley
cities_200,NA,2,NA,NA,NA,nonres,2016,brawley
cities_200,NA,3,NA,NA,NA,nonres,2016,brawley
cities_200,NA,4,NA,NA,NA,nonres,2016,brawley
cities_200,NA,5,NA,NA,NA,nonres,2016,brawley
cities_200,NA,6,NA,NA,NA,nonres,2016,brawley
cities_200,NA,7,NA,NA,NA,nonres,2016,brawley
cities_201,NA,1,NA,NA,NA,multi_family,2016,calexico
cities_201,NA,2,NA,NA,NA,multi_family,2016,calexico
cities_201,NA,3,NA,NA,NA,multi_family,2016,calexico
cities_201,NA,4,NA,NA,NA,multi_family,2016,calexico
cities_201,NA,5,NA,NA,NA,multi_family,2016,calexico
cities_201,NA,6,NA,NA,NA,multi_family,2016,calexico
cities_201,NA,7,NA,NA,NA,multi_family,2016,calexico
cities_201,NA,1,NA,NA,NA,nonres,2016,calexico
cities_201,NA,2,NA,NA,NA,nonres,2016,calexico
cities_201,NA,3,NA,NA,NA,nonres,2016,calexico
cities_201,NA,4,NA,NA,NA,nonres,2016,calexico
cities_201,NA,5,NA,NA,NA,nonres,2016,calexico
cities_201,NA,6,NA,NA,NA,nonres,2016,calexico
cities_201,NA,7,NA,NA,NA,nonres,2016,calexico
cities_202,0,1,masked,masked,masked,multi_family,2016,ventura unincorporated area
cities_202,1623787,2,5626246.0000,6067.0000,3.2063,multi_family,2016,ventura unincorporated area
cities_202,22303,3,masked,masked,masked,multi_family,2016,ventura unincorporated area
cities_202,NA,4,NA,NA,NA,multi_family,2016,ventura unincorporated area
cities_202,68324,5,353139.0000,176569.5000,5.2245,multi_family,2016,ventura unincorporated area
cities_202,NA,6,NA,NA,NA,multi_family,2016,ventura unincorporated area
cities_202,NA,7,NA,NA,NA,multi_family,2016,ventura unincorporated area
cities_202,0,1,13896487.0000,11201.0000,NA,nonres,2016,ventura unincorporated area
cities_202,1680223,2,masked,masked,masked,nonres,2016,ventura unincorporated area
cities_202,195517,3,masked,masked,masked,nonres,2016,ventura unincorporated area
cities_202,75670,4,1007326.0000,187925.0000,8.2845,nonres,2016,ventura unincorporated area
cities_202,31044,5,masked,masked,masked,nonres,2016,ventura unincorporated area
cities_202,44000,6,masked,masked,masked,nonres,2016,ventura unincorporated area
cities_202,57000,7,masked,masked,masked,nonres,2016,ventura unincorporated area
cities_203,0,1,masked,masked,masked,multi_family,2016,san bernardino unincorporated area
cities_203,4933355,2,40333353.5000,10385.5000,7.2381,multi_family,2016,san bernardino unincorporated area
cities_203,193307,3,1209001.0000,89737.5000,6.3391,multi_family,2016,san bernardino unincorporated area
cities_203,92599,4,masked,masked,masked,multi_family,2016,san bernardino unincorporated area
cities_203,177376,5,657130.0000,178394.0000,5.1529,multi_family,2016,san bernardino unincorporated area
cities_203,82312,6,475835.0000,237917.5000,5.8025,multi_family,2016,san bernardino unincorporated area
cities_203,NA,7,NA,NA,NA,multi_family,2016,san bernardino unincorporated area
cities_203,0,1,masked,masked,masked,nonres,2016,san bernardino unincorporated area
cities_203,3692495,2,92567125.5000,13788.0000,7.2311,nonres,2016,san bernardino unincorporated area
cities_203,1801963,3,12876810.0000,42682.0000,3.2124,nonres,2016,san bernardino unincorporated area
cities_203,519235,4,masked,masked,masked,nonres,2016,san bernardino unincorporated area
cities_203,550556,5,masked,masked,masked,nonres,2016,san bernardino unincorporated area
cities_203,352593,6,masked,masked,masked,nonres,2016,san bernardino unincorporated area
cities_203,271903,7,masked,masked,masked,nonres,2016,san bernardino unincorporated area
cities_204,0,1,masked,masked,masked,multi_family,2016,riverside unincorporated area
cities_204,3464582,2,25239830.5000,11141.0000,6.2406,multi_family,2016,riverside unincorporated area
cities_204,10355,3,masked,masked,masked,multi_family,2016,riverside unincorporated area
cities_204,NA,4,NA,NA,NA,multi_family,2016,riverside unincorporated area
cities_204,NA,5,NA,NA,NA,multi_family,2016,riverside unincorporated area
cities_204,NA,6,NA,NA,NA,multi_family,2016,riverside unincorporated area
cities_204,NA,7,NA,NA,NA,multi_family,2016,riverside unincorporated area
cities_204,NA,1,NA,11917.0000,NA,nonres,2016,riverside unincorporated area
cities_204,NA,2,NA,14657.0000,NA,nonres,2016,riverside unincorporated area
cities_204,NA,3,NA,NA,NA,nonres,2016,riverside unincorporated area
cities_204,NA,4,NA,NA,NA,nonres,2016,riverside unincorporated area
cities_204,NA,5,NA,NA,NA,nonres,2016,riverside unincorporated area
cities_204,NA,6,NA,NA,NA,nonres,2016,riverside unincorporated area
cities_204,NA,7,NA,NA,NA,nonres,2016,riverside unincorporated area
cities_205,NA,1,NA,7702.0000,NA,multi_family,2016,orange unincorporated area
cities_205,NA,2,NA,10615.5000,NA,multi_family,2016,orange unincorporated area
cities_205,NA,3,NA,75212.5000,NA,multi_family,2016,orange unincorporated area
cities_205,NA,4,NA,122479.0000,NA,multi_family,2016,orange unincorporated area
cities_205,NA,5,NA,NA,NA,multi_family,2016,orange unincorporated area
cities_205,NA,6,NA,NA,NA,multi_family,2016,orange unincorporated area
cities_205,NA,7,NA,NA,NA,multi_family,2016,orange unincorporated area
cities_205,NA,1,NA,14506.0000,NA,nonres,2016,orange unincorporated area
cities_205,NA,2,NA,16471.0000,NA,nonres,2016,orange unincorporated area
cities_205,NA,3,NA,masked,NA,nonres,2016,orange unincorporated area
cities_205,NA,4,NA,masked,NA,nonres,2016,orange unincorporated area
cities_205,NA,5,NA,NA,NA,nonres,2016,orange unincorporated area
cities_205,NA,6,NA,masked,NA,nonres,2016,orange unincorporated area
cities_205,NA,7,NA,masked,NA,nonres,2016,orange unincorporated area
cities_206,NA,1,NA,NA,NA,multi_family,2016,imperial unincorporated area
cities_206,NA,2,NA,NA,NA,multi_family,2016,imperial unincorporated area
cities_206,NA,3,NA,NA,NA,multi_family,2016,imperial unincorporated area
cities_206,NA,4,NA,NA,NA,multi_family,2016,imperial unincorporated area
cities_206,NA,5,NA,NA,NA,multi_family,2016,imperial unincorporated area
cities_206,NA,6,NA,NA,NA,multi_family,2016,imperial unincorporated area
cities_206,NA,7,NA,NA,NA,multi_family,2016,imperial unincorporated area
cities_206,NA,1,NA,NA,NA,nonres,2016,imperial unincorporated area
cities_206,NA,2,NA,NA,NA,nonres,2016,imperial unincorporated area
cities_206,NA,3,NA,NA,NA,nonres,2016,imperial unincorporated area
cities_206,NA,4,NA,NA,NA,nonres,2016,imperial unincorporated area
cities_206,NA,5,NA,NA,NA,nonres,2016,imperial unincorporated area
cities_206,NA,6,NA,NA,NA,nonres,2016,imperial unincorporated area
cities_206,NA,7,NA,NA,NA,nonres,2016,imperial unincorporated area
cities_21,NA,1,NA,NA,NA,multi_family,2016,industry
cities_21,NA,2,NA,NA,NA,multi_family,2016,industry
cities_21,NA,3,NA,NA,NA,multi_family,2016,industry
cities_21,NA,4,NA,NA,NA,multi_family,2016,industry
cities_21,NA,5,NA,NA,NA,multi_family,2016,industry
cities_21,NA,6,NA,NA,NA,multi_family,2016,industry
cities_21,NA,7,NA,NA,NA,multi_family,2016,industry
cities_21,NA,1,NA,NA,NA,nonres,2016,industry
cities_21,NA,2,NA,NA,NA,nonres,2016,industry
cities_21,NA,3,NA,NA,NA,nonres,2016,industry
cities_21,NA,4,NA,NA,NA,nonres,2016,industry
cities_21,NA,5,NA,NA,NA,nonres,2016,industry
cities_21,NA,6,NA,NA,NA,nonres,2016,industry
cities_21,NA,7,NA,NA,NA,nonres,2016,industry
cities_22,NA,1,NA,NA,NA,multi_family,2016,la puente
cities_22,718322,2,3283306.0000,12363.0000,4.2303,multi_family,2016,la puente
cities_22,236113,3,1229650.0000,75640.0000,4.7469,multi_family,2016,la puente
cities_22,161489,4,908510.0000,110692.0000,5.0369,multi_family,2016,la puente
cities_22,31954,5,masked,masked,masked,multi_family,2016,la puente
cities_22,41860,6,masked,masked,masked,multi_family,2016,la puente
cities_22,225848,7,775130.0000,211575.0000,3.6901,multi_family,2016,la puente
cities_22,0,1,masked,masked,masked,nonres,2016,la puente
cities_22,816948,2,21199945.0000,24288.0000,7.4561,nonres,2016,la puente
cities_22,281014,3,masked,masked,masked,nonres,2016,la puente
cities_22,144222,4,masked,masked,masked,nonres,2016,la puente
cities_22,173159,5,masked,masked,masked,nonres,2016,la puente
cities_22,133830,6,masked,masked,masked,nonres,2016,la puente
cities_22,NA,7,NA,NA,NA,nonres,2016,la puente
cities_23,NA,1,masked,masked,masked,multi_family,2016,lancaster
cities_23,1887613,2,9114876.5000,8563.0000,4.2524,multi_family,2016,lancaster
cities_23,205482,3,1033103.0000,43584.0000,3.2968,multi_family,2016,lancaster
cities_23,189659,4,937065.0000,114596.0000,4.7071,multi_family,2016,lancaster
cities_23,32712,5,masked,masked,masked,multi_family,2016,lancaster
cities_23,577534,6,2183265.5000,96177.0000,2.2592,multi_family,2016,lancaster
cities_23,335115,7,2059337.0000,93915.0000,1.7044,multi_family,2016,lancaster
cities_23,0,1,masked,masked,masked,nonres,2016,lancaster
cities_23,2505724,2,65633261.0000,22321.0000,7.6517,nonres,2016,lancaster
cities_23,1690134,3,13615791.0000,74561.0000,5.1674,nonres,2016,lancaster
cities_23,1107560,4,8866004.0000,179108.0000,7.9736,nonres,2016,lancaster
cities_23,621834,5,masked,masked,masked,nonres,2016,lancaster
cities_23,884964,6,masked,masked,masked,nonres,2016,lancaster
cities_23,264033,7,masked,masked,masked,nonres,2016,lancaster
cities_24,NA,1,NA,NA,NA,multi_family,2016,artesia
cities_24,755948,2,2363716.0000,7740.0000,2.7813,multi_family,2016,artesia
cities_24,118622,3,467269.0000,50011.0000,4.0953,multi_family,2016,artesia
cities_24,45929,4,masked,masked,masked,multi_family,2016,artesia
cities_24,35288,5,masked,masked,masked,multi_family,2016,artesia
cities_24,NA,6,NA,NA,NA,multi_family,2016,artesia
cities_24,NA,7,NA,NA,NA,multi_family,2016,artesia
cities_24,0,1,masked,masked,masked,nonres,2016,artesia
cities_24,540863,2,14017013.0000,21892.5000,7.5616,nonres,2016,artesia
cities_24,424130,3,masked,masked,masked,nonres,2016,artesia
cities_24,195535,4,masked,masked,masked,nonres,2016,artesia
cities_24,69240,5,masked,masked,masked,nonres,2016,artesia
cities_24,92266,6,masked,masked,masked,nonres,2016,artesia
cities_24,56531,7,masked,masked,masked,nonres,2016,artesia
cities_25,NA,1,NA,NA,NA,multi_family,2016,avalon
cities_25,NA,2,NA,NA,NA,multi_family,2016,avalon
cities_25,NA,3,NA,NA,NA,multi_family,2016,avalon
cities_25,NA,4,NA,NA,NA,multi_family,2016,avalon
cities_25,NA,5,NA,NA,NA,multi_family,2016,avalon
cities_25,NA,6,NA,NA,NA,multi_family,2016,avalon
cities_25,NA,7,NA,NA,NA,multi_family,2016,avalon
cities_25,NA,1,NA,NA,NA,nonres,2016,avalon
cities_25,NA,2,NA,NA,NA,nonres,2016,avalon
cities_25,NA,3,NA,NA,NA,nonres,2016,avalon
cities_25,NA,4,NA,NA,NA,nonres,2016,avalon
cities_25,NA,5,NA,NA,NA,nonres,2016,avalon
cities_25,NA,6,NA,NA,NA,nonres,2016,avalon
cities_25,NA,7,NA,NA,NA,nonres,2016,avalon
cities_26,NA,1,NA,NA,NA,multi_family,2016,bradbury
cities_26,12772,2,masked,masked,masked,multi_family,2016,bradbury
cities_26,34337,3,masked,masked,masked,multi_family,2016,bradbury
cities_26,NA,4,NA,NA,NA,multi_family,2016,bradbury
cities_26,NA,5,NA,NA,NA,multi_family,2016,bradbury
cities_26,NA,6,NA,NA,NA,multi_family,2016,bradbury
cities_26,NA,7,NA,NA,NA,multi_family,2016,bradbury
cities_26,NA,1,NA,NA,NA,nonres,2016,bradbury
cities_26,6358,2,masked,masked,masked,nonres,2016,bradbury
cities_26,NA,3,NA,NA,NA,nonres,2016,bradbury
cities_26,NA,4,NA,NA,NA,nonres,2016,bradbury
cities_26,NA,5,NA,NA,NA,nonres,2016,bradbury
cities_26,NA,6,NA,NA,NA,nonres,2016,bradbury
cities_26,NA,7,NA,NA,NA,nonres,2016,bradbury
cities_27,NA,1,NA,NA,NA,multi_family,2016,burbank
cities_27,NA,2,NA,NA,NA,multi_family,2016,burbank
cities_27,NA,3,NA,NA,NA,multi_family,2016,burbank
cities_27,NA,4,NA,NA,NA,multi_family,2016,burbank
cities_27,NA,5,NA,NA,NA,multi_family,2016,burbank
cities_27,NA,6,NA,NA,NA,multi_family,2016,burbank
cities_27,NA,7,NA,NA,NA,multi_family,2016,burbank
cities_27,NA,1,NA,NA,NA,nonres,2016,burbank
cities_27,NA,2,NA,NA,NA,nonres,2016,burbank
cities_27,NA,3,NA,NA,NA,nonres,2016,burbank
cities_27,NA,4,NA,NA,NA,nonres,2016,burbank
cities_27,NA,5,NA,NA,NA,nonres,2016,burbank
cities_27,NA,6,NA,NA,NA,nonres,2016,burbank
cities_27,NA,7,NA,NA,NA,nonres,2016,burbank
cities_28,NA,1,NA,NA,NA,multi_family,2016,calabasas
cities_28,13699,2,masked,masked,masked,multi_family,2016,calabasas
cities_28,NA,3,NA,NA,NA,multi_family,2016,calabasas
cities_28,NA,4,NA,NA,NA,multi_family,2016,calabasas
cities_28,34366,5,masked,masked,masked,multi_family,2016,calabasas
cities_28,NA,6,NA,NA,NA,multi_family,2016,calabasas
cities_28,53961,7,masked,masked,masked,multi_family,2016,calabasas
cities_28,0,1,1912095.5000,248822.5000,NA,nonres,2016,calabasas
cities_28,205261,2,masked,masked,masked,nonres,2016,calabasas
cities_28,197981,3,3268972.0000,155201.0000,11.4907,nonres,2016,calabasas
cities_28,100360,4,masked,masked,masked,nonres,2016,calabasas
cities_28,245576,5,masked,masked,masked,nonres,2016,calabasas
cities_28,309429,6,masked,masked,masked,nonres,2016,calabasas
cities_28,275222,7,masked,masked,masked,nonres,2016,calabasas
cities_29,NA,1,masked,masked,masked,multi_family,2016,cudahy
cities_29,2475033,2,6379860.0000,7057.0000,2.3081,multi_family,2016,cudahy
cities_29,726382,3,2748067.0000,42733.0000,3.2899,multi_family,2016,cudahy
cities_29,472529,4,1474335.0000,66677.5000,2.6994,multi_family,2016,cudahy
cities_29,33180,5,masked,masked,masked,multi_family,2016,cudahy
cities_29,NA,6,NA,NA,NA,multi_family,2016,cudahy
cities_29,NA,7,NA,NA,NA,multi_family,2016,cudahy
cities_29,NA,1,NA,NA,NA,nonres,2016,cudahy
cities_29,114774,2,masked,masked,masked,nonres,2016,cudahy
cities_29,153527,3,masked,masked,masked,nonres,2016,cudahy
cities_29,52294,4,masked,masked,masked,nonres,2016,cudahy
cities_29,NA,5,NA,NA,NA,nonres,2016,cudahy
cities_29,NA,6,NA,NA,NA,nonres,2016,cudahy
cities_29,52023,7,masked,masked,masked,nonres,2016,cudahy
cities_3,NA,1,NA,NA,NA,multi_family,2016,arcadia
cities_3,2512431,2,9257434.5000,10439.0000,3.4921,multi_family,2016,arcadia
cities_3,930998,3,3557272.0000,48426.0000,3.7138,multi_family,2016,arcadia
cities_3,1123751,4,4950876.5000,110705.0000,4.3585,multi_family,2016,arcadia
cities_3,320295,5,1632592.0000,174091.0000,4.5975,multi_family,2016,arcadia
cities_3,167340,6,702055.5000,180411.5000,4.4106,multi_family,2016,arcadia
cities_3,162361,7,688387.0000,200596.0000,3.7393,multi_family,2016,arcadia
cities_3,0,1,masked,masked,masked,nonres,2016,arcadia
cities_3,1558897,2,31455902.0000,21487.0000,7.1772,nonres,2016,arcadia
cities_3,836620,3,masked,masked,masked,nonres,2016,arcadia
cities_3,726364,4,masked,masked,masked,nonres,2016,arcadia
cities_3,382031,5,masked,masked,masked,nonres,2016,arcadia
cities_3,495558,6,masked,masked,masked,nonres,2016,arcadia
cities_3,215876,7,masked,masked,masked,nonres,2016,arcadia
cities_30,NA,1,masked,masked,masked,multi_family,2016,culver city
cities_30,3901371,2,15068138.1000,8529.0000,3.5087,multi_family,2016,culver city
cities_30,163045,3,546998.8000,41499.5000,3.4607,multi_family,2016,culver city
cities_30,115520,4,538342.0000,129420.5000,4.4709,multi_family,2016,culver city
cities_30,308885,5,1273807.0000,137331.0000,4.2272,multi_family,2016,culver city
cities_30,42579,6,masked,masked,masked,multi_family,2016,culver city
cities_30,171749,7,masked,masked,masked,multi_family,2016,culver city
cities_30,0,1,1311337.0000,5946.5000,NA,nonres,2016,culver city
cities_30,2293265,2,masked,masked,masked,nonres,2016,culver city
cities_30,1286346,3,17275637.7000,133294.5000,9.4044,nonres,2016,culver city
cities_30,713767,4,masked,masked,masked,nonres,2016,culver city
cities_30,708885,5,8501495.5000,403166.0000,12.5926,nonres,2016,culver city
cities_30,529487,6,masked,masked,masked,nonres,2016,culver city
cities_30,163413,7,masked,masked,masked,nonres,2016,culver city
cities_31,0,1,masked,masked,masked,multi_family,2016,diamond bar
cities_31,50557,2,masked,masked,masked,multi_family,2016,diamond bar
cities_31,NA,3,NA,NA,NA,multi_family,2016,diamond bar
cities_31,NA,4,NA,NA,NA,multi_family,2016,diamond bar
cities_31,NA,5,NA,NA,NA,multi_family,2016,diamond bar
cities_31,NA,6,NA,NA,NA,multi_family,2016,diamond bar
cities_31,NA,7,NA,NA,NA,multi_family,2016,diamond bar
cities_31,0,1,1464014.0000,5286.0000,NA,nonres,2016,diamond bar
cities_31,416937,2,masked,masked,masked,nonres,2016,diamond bar
cities_31,466473,3,masked,masked,masked,nonres,2016,diamond bar
cities_31,332834,4,masked,masked,masked,nonres,2016,diamond bar
cities_31,277051,5,masked,masked,masked,nonres,2016,diamond bar
cities_31,260910,6,masked,masked,masked,nonres,2016,diamond bar
cities_31,482569,7,masked,masked,masked,nonres,2016,diamond bar
cities_32,NA,1,NA,NA,NA,multi_family,2016,downey
cities_32,5823124,2,19397321.0000,6600.0000,2.7145,multi_family,2016,downey
cities_32,2319934,3,10708575.0000,60497.0000,4.4908,multi_family,2016,downey
cities_32,1328434,4,5987649.0000,118287.0000,4.4641,multi_family,2016,downey
cities_32,485261,5,2118982.0000,160092.0000,4.6122,multi_family,2016,downey
cities_32,347171,6,1404662.0000,188041.5000,4.2275,multi_family,2016,downey
cities_32,334941,7,1620254.0000,264716.0000,4.9438,multi_family,2016,downey
cities_32,0,1,masked,masked,masked,nonres,2016,downey
cities_32,2133143,2,masked,masked,masked,nonres,2016,downey
cities_32,1301381,3,15026208.0000,75826.0000,5.3941,nonres,2016,downey
cities_32,1063330,4,11267479.0000,192414.0000,7.8201,nonres,2016,downey
cities_32,677254,5,16124203.0000,305199.5000,9.2137,nonres,2016,downey
cities_32,432454,6,masked,masked,masked,nonres,2016,downey
cities_32,277953,7,masked,masked,masked,nonres,2016,downey
cities_33,0,1,masked,masked,masked,multi_family,2016,duarte
cities_33,140979,2,528323.0000,9011.5000,4.4469,multi_family,2016,duarte
cities_33,150354,3,1149320.0000,103190.5000,6.1290,multi_family,2016,duarte
cities_33,71205,4,masked,masked,masked,multi_family,2016,duarte
cities_33,98126,5,masked,masked,masked,multi_family,2016,duarte
cities_33,NA,6,NA,NA,NA,multi_family,2016,duarte
cities_33,53168,7,351843.0000,351843.0000,6.6176,multi_family,2016,duarte
cities_33,0,1,masked,masked,masked,nonres,2016,duarte
cities_33,358925,2,masked,masked,masked,nonres,2016,duarte
cities_33,243353,3,masked,masked,masked,nonres,2016,duarte
cities_33,199919,4,masked,masked,masked,nonres,2016,duarte
cities_33,71632,5,masked,masked,masked,nonres,2016,duarte
cities_33,87722,6,masked,masked,masked,nonres,2016,duarte
cities_33,51520,7,masked,masked,masked,nonres,2016,duarte
cities_34,0,1,masked,masked,masked,multi_family,2016,el monte
cities_34,7923310,2,24736440.8000,6816.0000,2.6989,multi_family,2016,el monte
cities_34,1622553,3,6812458.9000,58435.0000,4.3183,multi_family,2016,el monte
cities_34,496768,4,1890826.0000,111593.5000,4.2662,multi_family,2016,el monte
cities_34,208766,5,859290.0000,135997.0000,3.6956,multi_family,2016,el monte
cities_34,173097,6,515871.0000,132765.5000,3.0041,multi_family,2016,el monte
cities_34,56195,7,masked,masked,masked,multi_family,2016,el monte
cities_34,0,1,masked,masked,masked,nonres,2016,el monte
cities_34,2415879,2,55727628.7000,16742.0000,6.8543,nonres,2016,el monte
cities_34,1132529,3,8761132.0000,51455.0000,3.6384,nonres,2016,el monte
cities_34,755807,4,masked,masked,masked,nonres,2016,el monte
cities_34,618524,5,2949751.0000,138352.0000,4.1560,nonres,2016,el monte
cities_34,223664,6,masked,masked,masked,nonres,2016,el monte
cities_34,272934,7,masked,masked,masked,nonres,2016,el monte
cities_342,0,1,masked,masked,masked,multi_family,2016,la palma
cities_342,4141,2,masked,masked,masked,multi_family,2016,la palma
cities_342,NA,3,NA,NA,NA,multi_family,2016,la palma
cities_342,NA,4,NA,NA,NA,multi_family,2016,la palma
cities_342,NA,5,NA,NA,NA,multi_family,2016,la palma
cities_342,NA,6,NA,NA,NA,multi_family,2016,la palma
cities_342,118352,7,masked,masked,masked,multi_family,2016,la palma
cities_342,0,1,masked,masked,masked,nonres,2016,la palma
cities_342,123716,2,2839078.0000,67446.0000,15.4897,nonres,2016,la palma
cities_342,22400,3,masked,masked,masked,nonres,2016,la palma
cities_342,68682,4,masked,masked,masked,nonres,2016,la palma
cities_342,30800,5,masked,masked,masked,nonres,2016,la palma
cities_342,44292,6,masked,masked,masked,nonres,2016,la palma
cities_342,NA,7,NA,NA,NA,nonres,2016,la palma
cities_343,0,1,447147.0000,223573.5000,NA,multi_family,2016,los angeles unincorporated area
cities_343,46751064,2,212131827.7000,8851.0000,4.2950,multi_family,2016,los angeles unincorporated area
cities_343,3680434,3,15985276.5000,56404.5000,4.3239,multi_family,2016,los angeles unincorporated area
cities_343,2475775,4,12523410.5000,116911.5000,4.6303,multi_family,2016,los angeles unincorporated area
cities_343,1424007,5,6524860.5000,160291.5000,4.7352,multi_family,2016,los angeles unincorporated area
cities_343,980340,6,4411339.0000,215443.5000,4.6484,multi_family,2016,los angeles unincorporated area
cities_343,766861,7,3591810.5000,253933.0000,4.8016,multi_family,2016,los angeles unincorporated area
cities_343,0,1,masked,masked,masked,nonres,2016,los angeles unincorporated area
cities_343,16911532,2,577351316.2000,18299.0000,7.6956,nonres,2016,los angeles unincorporated area
cities_343,5774149,3,55554336.2000,77659.0000,5.6374,nonres,2016,los angeles unincorporated area
cities_343,3757461,4,masked,masked,masked,nonres,2016,los angeles unincorporated area
cities_343,2252821,5,masked,masked,masked,nonres,2016,los angeles unincorporated area
cities_343,1979140,6,18993737.0000,285483.5000,6.1906,nonres,2016,los angeles unincorporated area
cities_343,1767610,7,17430520.0000,246406.0000,4.8256,nonres,2016,los angeles unincorporated area
cities_35,NA,1,NA,NA,NA,multi_family,2016,gardena
cities_35,5490495,2,19270742.5000,9695.0000,3.2237,multi_family,2016,gardena
cities_35,1359659,3,5228315.0000,51086.0000,3.7174,multi_family,2016,gardena
cities_35,401607,4,1808950.0000,103889.0000,4.5138,multi_family,2016,gardena
cities_35,211862,5,1512013.0000,271666.5000,7.7369,multi_family,2016,gardena
cities_35,85764,6,masked,masked,masked,multi_family,2016,gardena
cities_35,59928,7,masked,masked,masked,multi_family,2016,gardena
cities_35,0,1,masked,masked,masked,nonres,2016,gardena
cities_35,1808627,2,30319293.0000,15679.0000,5.3837,nonres,2016,gardena
cities_35,945294,3,9854031.0000,60458.0000,4.6535,nonres,2016,gardena
cities_35,554731,4,masked,masked,masked,nonres,2016,gardena
cities_35,427057,5,masked,masked,masked,nonres,2016,gardena
cities_35,387329,6,masked,masked,masked,nonres,2016,gardena
cities_35,165397,7,masked,masked,masked,nonres,2016,gardena
cities_36,NA,1,NA,NA,NA,multi_family,2016,inglewood
cities_36,13584641,2,52020862.9000,9217.0000,3.5455,multi_family,2016,inglewood
cities_36,2692540,3,11251717.5000,52783.5000,3.8575,multi_family,2016,inglewood
cities_36,892898,4,3931559.0000,105737.0000,4.2386,multi_family,2016,inglewood
cities_36,347240,5,1757446.0000,170011.5000,4.9907,multi_family,2016,inglewood
cities_36,316415,6,1352046.0000,198577.0000,4.7850,multi_family,2016,inglewood
cities_36,166421,7,952429.0000,297728.0000,5.0642,multi_family,2016,inglewood
cities_36,0,1,masked,masked,masked,nonres,2016,inglewood
cities_36,3410721,2,61186223.7000,17656.0000,5.3057,nonres,2016,inglewood
cities_36,1504016,3,11861983.3000,60022.0000,4.6977,nonres,2016,inglewood
cities_36,1001532,4,11153501.0000,129364.0000,5.3411,nonres,2016,inglewood
cities_36,462275,5,masked,masked,masked,nonres,2016,inglewood
cities_36,389949,6,masked,masked,masked,nonres,2016,inglewood
cities_36,265735,7,masked,masked,masked,nonres,2016,inglewood
cities_37,NA,1,NA,NA,NA,multi_family,2016,irwindale
cities_37,43045,2,masked,masked,masked,multi_family,2016,irwindale
cities_37,19782,3,masked,masked,masked,multi_family,2016,irwindale
cities_37,NA,4,NA,NA,NA,multi_family,2016,irwindale
cities_37,NA,5,NA,NA,NA,multi_family,2016,irwindale
cities_37,NA,6,NA,NA,NA,multi_family,2016,irwindale
cities_37,NA,7,NA,NA,NA,multi_family,2016,irwindale
cities_37,0,1,masked,masked,masked,nonres,2016,irwindale
cities_37,121824,2,masked,masked,masked,nonres,2016,irwindale
cities_37,87511,3,masked,masked,masked,nonres,2016,irwindale
cities_37,118257,4,masked,masked,masked,nonres,2016,irwindale
cities_37,200415,5,masked,masked,masked,nonres,2016,irwindale
cities_37,135872,6,masked,masked,masked,nonres,2016,irwindale
cities_37,223575,7,masked,masked,masked,nonres,2016,irwindale
cities_38,NA,1,NA,NA,NA,multi_family,2016,la canada flintridge
cities_38,247219,2,884539.0000,7880.0000,2.9181,multi_family,2016,la canada flintridge
cities_38,43213,3,masked,masked,masked,multi_family,2016,la canada flintridge
cities_38,NA,4,NA,NA,NA,multi_family,2016,la canada flintridge
cities_38,32545,5,masked,masked,masked,multi_family,2016,la canada flintridge
cities_38,NA,6,NA,NA,NA,multi_family,2016,la canada flintridge
cities_38,NA,7,NA,NA,NA,multi_family,2016,la canada flintridge
cities_38,0,1,masked,masked,masked,nonres,2016,la canada flintridge
cities_38,506159,2,15331704.0000,22381.5000,9.3436,nonres,2016,la canada flintridge
cities_38,248587,3,3462257.0000,182788.0000,12.1299,nonres,2016,la canada flintridge
cities_38,102022,4,masked,masked,masked,nonres,2016,la canada flintridge
cities_38,69936,5,masked,masked,masked,nonres,2016,la canada flintridge
cities_38,183120,6,masked,masked,masked,nonres,2016,la canada flintridge
cities_38,NA,7,NA,NA,NA,nonres,2016,la canada flintridge
cities_39,NA,1,NA,NA,NA,multi_family,2016,la habra heights
cities_39,58603,2,masked,masked,masked,multi_family,2016,la habra heights
cities_39,NA,3,NA,NA,NA,multi_family,2016,la habra heights
cities_39,NA,4,NA,NA,NA,multi_family,2016,la habra heights
cities_39,NA,5,NA,NA,NA,multi_family,2016,la habra heights
cities_39,NA,6,NA,NA,NA,multi_family,2016,la habra heights
cities_39,NA,7,NA,NA,NA,multi_family,2016,la habra heights
cities_39,0,1,masked,masked,masked,nonres,2016,la habra heights
cities_39,22350,2,masked,masked,masked,nonres,2016,la habra heights
cities_39,47410,3,masked,masked,masked,nonres,2016,la habra heights
cities_39,NA,4,NA,NA,NA,nonres,2016,la habra heights
cities_39,NA,5,NA,NA,NA,nonres,2016,la habra heights
cities_39,NA,6,NA,NA,NA,nonres,2016,la habra heights
cities_39,NA,7,NA,NA,NA,nonres,2016,la habra heights
cities_4,NA,1,NA,NA,NA,multi_family,2016,azusa
cities_4,NA,2,NA,NA,NA,multi_family,2016,azusa
cities_4,NA,3,NA,NA,NA,multi_family,2016,azusa
cities_4,NA,4,NA,NA,NA,multi_family,2016,azusa
cities_4,NA,5,NA,NA,NA,multi_family,2016,azusa
cities_4,NA,6,NA,NA,NA,multi_family,2016,azusa
cities_4,NA,7,NA,NA,NA,multi_family,2016,azusa
cities_4,NA,1,NA,NA,NA,nonres,2016,azusa
cities_4,NA,2,NA,NA,NA,nonres,2016,azusa
cities_4,NA,3,NA,NA,NA,nonres,2016,azusa
cities_4,NA,4,NA,NA,NA,nonres,2016,azusa
cities_4,NA,5,NA,NA,NA,nonres,2016,azusa
cities_4,NA,6,NA,NA,NA,nonres,2016,azusa
cities_4,NA,7,NA,NA,NA,nonres,2016,azusa
cities_40,NA,1,NA,NA,NA,multi_family,2016,hawaiian gardens
cities_40,915272,2,4600009.5000,7511.0000,4.2339,multi_family,2016,hawaiian gardens
cities_40,68869,3,masked,masked,masked,multi_family,2016,hawaiian gardens
cities_40,20496,4,masked,masked,masked,multi_family,2016,hawaiian gardens
cities_40,NA,5,NA,NA,NA,multi_family,2016,hawaiian gardens
cities_40,NA,6,NA,NA,NA,multi_family,2016,hawaiian gardens
cities_40,54183,7,masked,masked,masked,multi_family,2016,hawaiian gardens
cities_40,0,1,masked,masked,masked,nonres,2016,hawaiian gardens
cities_40,397985,2,masked,masked,masked,nonres,2016,hawaiian gardens
cities_40,218133,3,masked,masked,masked,nonres,2016,hawaiian gardens
cities_40,117794,4,masked,masked,masked,nonres,2016,hawaiian gardens
cities_40,104846,5,masked,masked,masked,nonres,2016,hawaiian gardens
cities_40,43056,6,masked,masked,masked,nonres,2016,hawaiian gardens
cities_40,58316,7,masked,masked,masked,nonres,2016,hawaiian gardens
cities_41,NA,1,NA,NA,NA,multi_family,2016,hawthorne
cities_41,9545712,2,33990248.0000,10403.0000,3.3416,multi_family,2016,hawthorne
cities_41,2496835,3,10513557.0000,60756.0000,4.1111,multi_family,2016,hawthorne
cities_41,1357356,4,7858195.0000,119306.0000,4.7814,multi_family,2016,hawthorne
cities_41,1097527,5,4439719.0000,145697.0000,4.0419,multi_family,2016,hawthorne
cities_41,957292,6,4415469.0000,235275.0000,5.0195,multi_family,2016,hawthorne
cities_41,421414,7,2259248.0000,284550.5000,5.3508,multi_family,2016,hawthorne
cities_41,0,1,masked,masked,masked,nonres,2016,hawthorne
cities_41,1686427,2,37258455.0000,17063.0000,4.9896,nonres,2016,hawthorne
cities_41,1013495,3,7002467.0000,52881.0000,3.7009,nonres,2016,hawthorne
cities_41,426985,4,masked,masked,masked,nonres,2016,hawthorne
cities_41,360667,5,masked,masked,masked,nonres,2016,hawthorne
cities_41,299689,6,masked,masked,masked,nonres,2016,hawthorne
cities_41,163336,7,masked,masked,masked,nonres,2016,hawthorne
cities_42,NA,1,NA,NA,NA,multi_family,2016,palmdale
cities_42,1002388,2,6050621.5000,16481.0000,5.1804,multi_family,2016,palmdale
cities_42,311444,3,1997142.0000,92648.0000,5.8993,multi_family,2016,palmdale
cities_42,497536,4,2935689.0000,149013.0000,6.2378,multi_family,2016,palmdale
cities_42,211593,5,1202194.0000,186049.5000,5.8978,multi_family,2016,palmdale
cities_42,217450,6,853400.0000,177147.0000,3.6807,multi_family,2016,palmdale
cities_42,385786,7,1691017.0000,289541.0000,5.7066,multi_family,2016,palmdale
cities_42,0,1,masked,masked,masked,nonres,2016,palmdale
cities_42,1580857,2,72217861.5000,37771.0000,10.1085,nonres,2016,palmdale
cities_42,1209663,3,18392701.0000,119668.5000,8.4086,nonres,2016,palmdale
cities_42,589149,4,masked,masked,masked,nonres,2016,palmdale
cities_42,737132,5,masked,masked,masked,nonres,2016,palmdale
cities_42,402570,6,masked,masked,masked,nonres,2016,palmdale
cities_42,542540,7,masked,masked,masked,nonres,2016,palmdale
cities_43,NA,1,NA,NA,NA,multi_family,2016,palos verdes estates
cities_43,104476,2,masked,masked,masked,multi_family,2016,palos verdes estates
cities_43,60519,3,masked,masked,masked,multi_family,2016,palos verdes estates
cities_43,46564,4,masked,masked,masked,multi_family,2016,palos verdes estates
cities_43,NA,5,NA,NA,NA,multi_family,2016,palos verdes estates
cities_43,NA,6,NA,NA,NA,multi_family,2016,palos verdes estates
cities_43,NA,7,NA,NA,NA,multi_family,2016,palos verdes estates
cities_43,NA,1,NA,NA,NA,nonres,2016,palos verdes estates
cities_43,111326,2,masked,masked,masked,nonres,2016,palos verdes estates
cities_43,160684,3,823284.0000,56332.0000,4.4923,nonres,2016,palos verdes estates
cities_43,NA,4,NA,NA,NA,nonres,2016,palos verdes estates
cities_43,36478,5,233159.0000,233159.0000,6.3918,nonres,2016,palos verdes estates
cities_43,NA,6,NA,NA,NA,nonres,2016,palos verdes estates
cities_43,NA,7,NA,NA,NA,nonres,2016,palos verdes estates
cities_44,NA,1,NA,NA,NA,multi_family,2016,paramount
cities_44,3517502,2,10138073.5000,5324.0000,2.5345,multi_family,2016,paramount
cities_44,689611,3,3101276.5000,62685.5000,4.7847,multi_family,2016,paramount
cities_44,262456,4,1205830.0000,102343.0000,4.4662,multi_family,2016,paramount
cities_44,172254,5,885916.0000,189618.0000,5.0695,multi_family,2016,paramount
cities_44,137950,6,613117.0000,199130.0000,4.9008,multi_family,2016,paramount
cities_44,226312,7,1464017.5000,318107.5000,5.3490,multi_family,2016,paramount
cities_44,0,1,masked,masked,masked,nonres,2016,paramount
cities_44,988408,2,18165020.0000,20419.0000,7.0772,nonres,2016,paramount
cities_44,416977,3,4102752.0000,67589.5000,5.3916,nonres,2016,paramount
cities_44,179159,4,masked,masked,masked,nonres,2016,paramount
cities_44,148417,5,masked,masked,masked,nonres,2016,paramount
cities_44,180242,6,masked,masked,masked,nonres,2016,paramount
cities_44,212721,7,masked,masked,masked,nonres,2016,paramount
cities_45,NA,1,NA,NA,NA,multi_family,2016,pasadena
cities_45,NA,2,NA,NA,NA,multi_family,2016,pasadena
cities_45,NA,3,NA,NA,NA,multi_family,2016,pasadena
cities_45,NA,4,NA,NA,NA,multi_family,2016,pasadena
cities_45,NA,5,NA,NA,NA,multi_family,2016,pasadena
cities_45,NA,6,NA,NA,NA,multi_family,2016,pasadena
cities_45,NA,7,NA,NA,NA,multi_family,2016,pasadena
cities_45,NA,1,NA,NA,NA,nonres,2016,pasadena
cities_45,NA,2,NA,NA,NA,nonres,2016,pasadena
cities_45,NA,3,NA,NA,NA,nonres,2016,pasadena
cities_45,NA,4,NA,NA,NA,nonres,2016,pasadena
cities_45,NA,5,NA,NA,NA,nonres,2016,pasadena
cities_45,NA,6,NA,NA,NA,nonres,2016,pasadena
cities_45,NA,7,NA,NA,NA,nonres,2016,pasadena
cities_46,NA,1,masked,masked,masked,multi_family,2016,pico rivera
cities_46,932682,2,3177002.0000,5839.0000,2.9263,multi_family,2016,pico rivera
cities_46,249281,3,1212602.0000,62829.5000,5.0407,multi_family,2016,pico rivera
cities_46,247375,4,1290835.5000,127782.7500,5.4090,multi_family,2016,pico rivera
cities_46,105449,5,532100.0000,192923.0000,5.0930,multi_family,2016,pico rivera
cities_46,182805,6,1189744.0000,292563.5000,6.5794,multi_family,2016,pico rivera
cities_46,50931,7,masked,masked,masked,multi_family,2016,pico rivera
cities_46,0,1,masked,masked,masked,nonres,2016,pico rivera
cities_46,910467,2,21379751.0000,32289.0000,11.1023,nonres,2016,pico rivera
cities_46,671991,3,6834632.0000,77752.5000,4.8613,nonres,2016,pico rivera
cities_46,408505,4,1514811.0000,41561.0000,1.9476,nonres,2016,pico rivera
cities_46,219083,5,masked,masked,masked,nonres,2016,pico rivera
cities_46,372427,6,masked,masked,masked,nonres,2016,pico rivera
cities_46,108278,7,masked,masked,masked,nonres,2016,pico rivera
cities_47,NA,1,NA,NA,NA,multi_family,2016,pomona
cities_47,5571320,2,22215756.6000,7544.0000,3.5876,multi_family,2016,pomona
cities_47,691497,3,2686920.0000,46765.0000,4.1349,multi_family,2016,pomona
cities_47,783801,4,3639489.0000,114097.0000,4.6100,multi_family,2016,pomona
cities_47,214926,5,1244375.5000,188266.2500,5.4462,multi_family,2016,pomona
cities_47,187321,6,823273.0000,250422.5000,5.4371,multi_family,2016,pomona
cities_47,225916,7,1396264.0000,329353.0000,6.0684,multi_family,2016,pomona
cities_47,0,1,masked,masked,masked,nonres,2016,pomona
cities_47,2940610,2,74125497.0000,19568.0000,8.1816,nonres,2016,pomona
cities_47,1490333,3,12145361.0000,59003.0000,4.4614,nonres,2016,pomona
cities_47,770720,4,7206516.0000,194164.0000,8.2464,nonres,2016,pomona
cities_47,708204,5,masked,masked,masked,nonres,2016,pomona
cities_47,701344,6,masked,masked,masked,nonres,2016,pomona
cities_47,768437,7,masked,masked,masked,nonres,2016,pomona
cities_48,NA,1,NA,NA,NA,multi_family,2016,rancho palos verdes
cities_48,88617,2,masked,masked,masked,multi_family,2016,rancho palos verdes
cities_48,28029,3,masked,masked,masked,multi_family,2016,rancho palos verdes
cities_48,76612,4,masked,masked,masked,multi_family,2016,rancho palos verdes
cities_48,63800,5,masked,masked,masked,multi_family,2016,rancho palos verdes
cities_48,86247,6,442107.0000,221053.5000,5.1274,multi_family,2016,rancho palos verdes
cities_48,53352,7,masked,masked,masked,multi_family,2016,rancho palos verdes
cities_48,0,1,masked,masked,masked,nonres,2016,rancho palos verdes
cities_48,194311,2,6539993.0000,90160.0000,16.8942,nonres,2016,rancho palos verdes
cities_48,89566,3,masked,masked,masked,nonres,2016,rancho palos verdes
cities_48,183413,4,masked,masked,masked,nonres,2016,rancho palos verdes
cities_48,73916,5,masked,masked,masked,nonres,2016,rancho palos verdes
cities_48,89950,6,masked,masked,masked,nonres,2016,rancho palos verdes
cities_48,114437,7,masked,masked,masked,nonres,2016,rancho palos verdes
cities_49,0,1,masked,masked,masked,multi_family,2016,redondo beach
cities_49,7365886,2,28734866.4000,10699.5000,3.5425,multi_family,2016,redondo beach
cities_49,1000221,3,4036846.0000,52551.0000,3.6895,multi_family,2016,redondo beach
cities_49,516802,4,2391469.0000,114129.0000,4.5566,multi_family,2016,redondo beach
cities_49,435673,5,2888378.0000,151411.0000,4.6603,multi_family,2016,redondo beach
cities_49,219043,6,953525.0000,182460.0000,3.9618,multi_family,2016,redondo beach
cities_49,211266,7,masked,masked,masked,multi_family,2016,redondo beach
cities_49,0,1,masked,masked,masked,nonres,2016,redondo beach
cities_49,1634156,2,32076837.0000,16767.0000,6.7999,nonres,2016,redondo beach
cities_49,778966,3,8586855.5000,101370.0000,6.6246,nonres,2016,redondo beach
cities_49,538698,4,masked,masked,masked,nonres,2016,redondo beach
cities_49,304693,5,masked,masked,masked,nonres,2016,redondo beach
cities_49,130892,6,masked,masked,masked,nonres,2016,redondo beach
cities_49,105756,7,masked,masked,masked,nonres,2016,redondo beach
cities_5,NA,1,NA,NA,NA,multi_family,2016,baldwin park
cities_5,2212369,2,9795664.5000,7622.0000,3.3673,multi_family,2016,baldwin park
cities_5,555464,3,2453852.0000,67497.5000,4.7404,multi_family,2016,baldwin park
cities_5,398083,4,1763139.0000,116260.0000,5.2913,multi_family,2016,baldwin park
cities_5,324927,5,1386796.5000,167208.0000,4.7571,multi_family,2016,baldwin park
cities_5,44468,6,masked,masked,masked,multi_family,2016,baldwin park
cities_5,53882,7,masked,masked,masked,multi_family,2016,baldwin park
cities_5,0,1,masked,masked,masked,nonres,2016,baldwin park
cities_5,1008303,2,masked,masked,masked,nonres,2016,baldwin park
cities_5,425582,3,3862115.0000,71945.0000,5.5075,nonres,2016,baldwin park
cities_5,296770,4,masked,masked,masked,nonres,2016,baldwin park
cities_5,382439,5,masked,masked,masked,nonres,2016,baldwin park
cities_5,136823,6,masked,masked,masked,nonres,2016,baldwin park
cities_5,164673,7,masked,masked,masked,nonres,2016,baldwin park
cities_50,NA,1,NA,NA,NA,multi_family,2016,rolling hills
cities_50,NA,2,NA,NA,NA,multi_family,2016,rolling hills
cities_50,NA,3,NA,NA,NA,multi_family,2016,rolling hills
cities_50,NA,4,NA,NA,NA,multi_family,2016,rolling hills
cities_50,NA,5,NA,NA,NA,multi_family,2016,rolling hills
cities_50,NA,6,NA,NA,NA,multi_family,2016,rolling hills
cities_50,NA,7,NA,NA,NA,multi_family,2016,rolling hills
cities_50,NA,1,NA,NA,NA,nonres,2016,rolling hills
cities_50,7446,2,masked,masked,masked,nonres,2016,rolling hills
cities_50,NA,3,NA,NA,NA,nonres,2016,rolling hills
cities_50,NA,4,NA,NA,NA,nonres,2016,rolling hills
cities_50,NA,5,NA,NA,NA,nonres,2016,rolling hills
cities_50,NA,6,NA,NA,NA,nonres,2016,rolling hills
cities_50,NA,7,NA,NA,NA,nonres,2016,rolling hills
cities_51,0,1,masked,masked,masked,multi_family,2016,hermosa beach
cities_51,3413319,2,12082063.0000,7356.5000,3.2669,multi_family,2016,hermosa beach
cities_51,166654,3,668030.0000,54992.5000,3.5938,multi_family,2016,hermosa beach
cities_51,NA,4,NA,NA,NA,multi_family,2016,hermosa beach
cities_51,NA,5,NA,NA,NA,multi_family,2016,hermosa beach
cities_51,NA,6,NA,NA,NA,multi_family,2016,hermosa beach
cities_51,51569,7,masked,masked,masked,multi_family,2016,hermosa beach
cities_51,0,1,109771.0000,10190.0000,NA,nonres,2016,hermosa beach
cities_51,803093,2,16805611.5000,32115.0000,10.7674,nonres,2016,hermosa beach
cities_51,217425,3,2791146.0000,169890.0000,10.2454,nonres,2016,hermosa beach
cities_51,123270,4,masked,masked,masked,nonres,2016,hermosa beach
cities_51,76743,5,masked,masked,masked,nonres,2016,hermosa beach
cities_51,130840,6,masked,masked,masked,nonres,2016,hermosa beach
cities_51,112547,7,masked,masked,masked,nonres,2016,hermosa beach
cities_52,NA,1,NA,NA,NA,multi_family,2016,hidden hills
cities_52,NA,2,NA,NA,NA,multi_family,2016,hidden hills
cities_52,NA,3,NA,NA,NA,multi_family,2016,hidden hills
cities_52,NA,4,NA,NA,NA,multi_family,2016,hidden hills
cities_52,NA,5,NA,NA,NA,multi_family,2016,hidden hills
cities_52,NA,6,NA,NA,NA,multi_family,2016,hidden hills
cities_52,NA,7,NA,NA,NA,multi_family,2016,hidden hills
cities_52,0,1,masked,masked,masked,nonres,2016,hidden hills
cities_52,6921,2,masked,masked,masked,nonres,2016,hidden hills
cities_52,10000,3,masked,masked,masked,nonres,2016,hidden hills
cities_52,NA,4,NA,NA,NA,nonres,2016,hidden hills
cities_52,NA,5,NA,NA,NA,nonres,2016,hidden hills
cities_52,NA,6,NA,NA,NA,nonres,2016,hidden hills
cities_52,NA,7,NA,NA,NA,nonres,2016,hidden hills
cities_53,NA,1,NA,NA,NA,multi_family,2016,la mirada
cities_53,182115,2,897758.0000,22516.5000,4.7907,multi_family,2016,la mirada
cities_53,159668,3,834116.0000,67901.0000,5.3033,multi_family,2016,la mirada
cities_53,42112,4,masked,masked,masked,multi_family,2016,la mirada
cities_53,77322,5,365895.0000,182947.5000,4.7200,multi_family,2016,la mirada
cities_53,48904,6,masked,masked,masked,multi_family,2016,la mirada
cities_53,103544,7,475570.0000,237785.0000,4.6244,multi_family,2016,la mirada
cities_53,0,1,masked,masked,masked,nonres,2016,la mirada
cities_53,424501,2,20123966.0000,62238.0000,19.6104,nonres,2016,la mirada
cities_53,424395,3,3612767.0000,71892.0000,4.7979,nonres,2016,la mirada
cities_53,327978,4,masked,masked,masked,nonres,2016,la mirada
cities_53,316919,5,masked,masked,masked,nonres,2016,la mirada
cities_53,223242,6,masked,masked,masked,nonres,2016,la mirada
cities_53,158354,7,masked,masked,masked,nonres,2016,la mirada
cities_54,NA,1,NA,NA,NA,multi_family,2016,la verne
cities_54,853495,2,3490289.0000,7323.0000,3.0147,multi_family,2016,la verne
cities_54,13808,3,471284.0000,471284.0000,34.1312,multi_family,2016,la verne
cities_54,NA,4,NA,NA,NA,multi_family,2016,la verne
cities_54,NA,5,NA,NA,NA,multi_family,2016,la verne
cities_54,47712,6,284165.0000,284165.0000,5.9558,multi_family,2016,la verne
cities_54,NA,7,NA,NA,NA,multi_family,2016,la verne
cities_54,0,1,masked,masked,masked,nonres,2016,la verne
cities_54,447480,2,16240592.0000,33566.0000,9.3061,nonres,2016,la verne
cities_54,260917,3,masked,masked,masked,nonres,2016,la verne
cities_54,195267,4,masked,masked,masked,nonres,2016,la verne
cities_54,173920,5,masked,masked,masked,nonres,2016,la verne
cities_54,263610,6,masked,masked,masked,nonres,2016,la verne
cities_54,57850,7,masked,masked,masked,nonres,2016,la verne
cities_55,NA,1,masked,masked,masked,multi_family,2016,lakewood
cities_55,1429278,2,6139180.5000,11610.5000,4.3079,multi_family,2016,lakewood
cities_55,548599,3,2269603.0000,53695.0000,3.8853,multi_family,2016,lakewood
cities_55,281881,4,1130493.5000,97852.0000,3.9615,multi_family,2016,lakewood
cities_55,104576,5,299412.0000,112081.0000,3.0439,multi_family,2016,lakewood
cities_55,131774,6,979267.0000,293705.0000,6.6899,multi_family,2016,lakewood
cities_55,115971,7,masked,masked,masked,multi_family,2016,lakewood
cities_55,0,1,19833069.0000,351253.0000,NA,nonres,2016,lakewood
cities_55,740712,2,37588800.5000,101555.0000,25.0874,nonres,2016,lakewood
cities_55,716152,3,9164692.0000,143453.0000,11.3027,nonres,2016,lakewood
cities_55,501292,4,5886708.0000,265925.5000,11.0499,nonres,2016,lakewood
cities_55,347774,5,masked,masked,masked,nonres,2016,lakewood
cities_55,177365,6,masked,masked,masked,nonres,2016,lakewood
cities_55,272800,7,masked,masked,masked,nonres,2016,lakewood
cities_56,NA,1,NA,NA,NA,multi_family,2016,rolling hills estates
cities_56,3442,2,masked,masked,masked,multi_family,2016,rolling hills estates
cities_56,NA,3,NA,NA,NA,multi_family,2016,rolling hills estates
cities_56,NA,4,NA,NA,NA,multi_family,2016,rolling hills estates
cities_56,NA,5,NA,NA,NA,multi_family,2016,rolling hills estates
cities_56,NA,6,NA,NA,NA,multi_family,2016,rolling hills estates
cities_56,NA,7,NA,NA,NA,multi_family,2016,rolling hills estates
cities_56,0,1,157316.0000,4752.0000,NA,nonres,2016,rolling hills estates
cities_56,201959,2,3436078.0000,5570.0000,3.5864,nonres,2016,rolling hills estates
cities_56,143580,3,masked,masked,masked,nonres,2016,rolling hills estates
cities_56,224613,4,masked,masked,masked,nonres,2016,rolling hills estates
cities_56,67726,5,masked,masked,masked,nonres,2016,rolling hills estates
cities_56,315205,6,5888700.0000,414084.0000,9.4091,nonres,2016,rolling hills estates
cities_56,NA,7,NA,NA,NA,nonres,2016,rolling hills estates
cities_57,NA,1,NA,NA,NA,multi_family,2016,rosemead
cities_57,5401682,2,17646287.5000,5475.0000,2.3344,multi_family,2016,rosemead
cities_57,351736,3,1386592.0000,51766.0000,4.2055,multi_family,2016,rosemead
cities_57,70957,4,masked,masked,masked,multi_family,2016,rosemead
cities_57,79009,5,240528.0000,120264.0000,3.0326,multi_family,2016,rosemead
cities_57,NA,6,NA,NA,NA,multi_family,2016,rosemead
cities_57,56036,7,masked,masked,masked,multi_family,2016,rosemead
cities_57,0,1,masked,masked,masked,nonres,2016,rosemead
cities_57,1215986,2,17941518.0000,13602.0000,5.8509,nonres,2016,rosemead
cities_57,671943,3,6629512.0000,82751.0000,6.9349,nonres,2016,rosemead
cities_57,223002,4,masked,masked,masked,nonres,2016,rosemead
cities_57,386389,5,masked,masked,masked,nonres,2016,rosemead
cities_57,271702,6,masked,masked,masked,nonres,2016,rosemead
cities_57,59483,7,masked,masked,masked,nonres,2016,rosemead
cities_58,NA,1,NA,NA,NA,multi_family,2016,san dimas
cities_58,430115,2,1778764.5000,7991.0000,3.5776,multi_family,2016,san dimas
cities_58,35220,3,masked,masked,masked,multi_family,2016,san dimas
cities_58,27930,4,masked,masked,masked,multi_family,2016,san dimas
cities_58,132348,5,753851.0000,184452.5000,5.9202,multi_family,2016,san dimas
cities_58,48352,6,276038.0000,276038.0000,5.7089,multi_family,2016,san dimas
cities_58,59880,7,masked,masked,masked,multi_family,2016,san dimas
cities_58,0,1,masked,masked,masked,nonres,2016,san dimas
cities_58,635625,2,34431044.0000,49917.0000,15.1156,nonres,2016,san dimas
cities_58,421124,3,7261461.0000,120533.0000,8.0796,nonres,2016,san dimas
cities_58,345298,4,masked,masked,masked,nonres,2016,san dimas
cities_58,143306,5,masked,masked,masked,nonres,2016,san dimas
cities_58,222593,6,masked,masked,masked,nonres,2016,san dimas
cities_58,487232,7,masked,masked,masked,nonres,2016,san dimas
cities_59,NA,1,NA,NA,NA,multi_family,2016,san fernando
cities_59,1037527,2,4932234.6000,8174.0000,4.3480,multi_family,2016,san fernando
cities_59,172767,3,636966.0000,52397.0000,3.8124,multi_family,2016,san fernando
cities_59,73163,4,424219.0000,180263.0000,6.3401,multi_family,2016,san fernando
cities_59,36174,5,masked,masked,masked,multi_family,2016,san fernando
cities_59,48539,6,masked,masked,masked,multi_family,2016,san fernando
cities_59,NA,7,NA,NA,NA,multi_family,2016,san fernando
cities_59,0,1,masked,masked,masked,nonres,2016,san fernando
cities_59,1069799,2,19870215.6000,20805.0000,6.7587,nonres,2016,san fernando
cities_59,366495,3,masked,masked,masked,nonres,2016,san fernando
cities_59,242857,4,masked,masked,masked,nonres,2016,san fernando
cities_59,264293,5,masked,masked,masked,nonres,2016,san fernando
cities_59,46580,6,masked,masked,masked,nonres,2016,san fernando
cities_59,NA,7,NA,NA,NA,nonres,2016,san fernando
cities_6,NA,1,NA,NA,NA,multi_family,2016,bell
cities_6,4066224,2,16909804.0000,9535.0000,4.1954,multi_family,2016,bell
cities_6,382672,3,1338747.0000,50988.0000,3.9015,multi_family,2016,bell
cities_6,131463,4,699168.0000,105949.0000,4.8824,multi_family,2016,bell
cities_6,69370,5,masked,masked,masked,multi_family,2016,bell
cities_6,46399,6,masked,masked,masked,multi_family,2016,bell
cities_6,59262,7,masked,masked,masked,multi_family,2016,bell
cities_6,0,1,masked,masked,masked,nonres,2016,bell
cities_6,854186,2,19644390.0000,18874.0000,6.0954,nonres,2016,bell
cities_6,302705,3,masked,masked,masked,nonres,2016,bell
cities_6,175454,4,masked,masked,masked,nonres,2016,bell
cities_6,75007,5,masked,masked,masked,nonres,2016,bell
cities_6,133961,6,masked,masked,masked,nonres,2016,bell
cities_6,114970,7,masked,masked,masked,nonres,2016,bell
cities_60,NA,1,masked,masked,masked,multi_family,2016,san gabriel
cities_60,2925824,2,11884377.5000,10242.5000,3.9591,multi_family,2016,san gabriel
cities_60,804922,3,3299237.0000,50501.0000,4.0831,multi_family,2016,san gabriel
cities_60,442005,4,1674125.0000,110948.0000,4.2372,multi_family,2016,san gabriel
cities_60,175643,5,605523.0000,119558.0000,3.6673,multi_family,2016,san gabriel
cities_60,307208,6,1196509.0000,189597.0000,4.5131,multi_family,2016,san gabriel
cities_60,55170,7,masked,masked,masked,multi_family,2016,san gabriel
cities_60,0,1,masked,masked,masked,nonres,2016,san gabriel
cities_60,1716262,2,29529248.0000,16139.5000,6.1991,nonres,2016,san gabriel
cities_60,533401,3,4878295.0000,73795.0000,5.3525,nonres,2016,san gabriel
cities_60,199164,4,masked,masked,masked,nonres,2016,san gabriel
cities_60,261427,5,masked,masked,masked,nonres,2016,san gabriel
cities_60,175145,6,masked,masked,masked,nonres,2016,san gabriel
cities_60,214956,7,1704887.0000,224560.0000,4.2781,nonres,2016,san gabriel
cities_61,NA,1,NA,NA,NA,multi_family,2016,san marino
cities_61,8785,2,masked,masked,masked,multi_family,2016,san marino
cities_61,NA,3,NA,NA,NA,multi_family,2016,san marino
cities_61,NA,4,NA,NA,NA,multi_family,2016,san marino
cities_61,NA,5,NA,NA,NA,multi_family,2016,san marino
cities_61,NA,6,NA,NA,NA,multi_family,2016,san marino
cities_61,NA,7,NA,NA,NA,multi_family,2016,san marino
cities_61,0,1,masked,masked,masked,nonres,2016,san marino
cities_61,395857,2,4548307.0000,15679.0000,6.4795,nonres,2016,san marino
cities_61,252053,3,masked,masked,masked,nonres,2016,san marino
cities_61,25307,4,masked,masked,masked,nonres,2016,san marino
cities_61,72178,5,masked,masked,masked,nonres,2016,san marino
cities_61,94307,6,masked,masked,masked,nonres,2016,san marino
cities_61,NA,7,NA,NA,NA,nonres,2016,san marino
cities_62,NA,1,NA,NA,NA,multi_family,2016,santa clarita
cities_62,726203,2,4089193.0000,9443.0000,4.2958,multi_family,2016,santa clarita
cities_62,635391,3,3057958.0000,71285.0000,4.7300,multi_family,2016,santa clarita
cities_62,574323,4,3296163.0000,157910.5000,6.0525,multi_family,2016,santa clarita
cities_62,684975,5,4469325.0000,177162.5000,5.5724,multi_family,2016,santa clarita
cities_62,224965,6,masked,masked,masked,multi_family,2016,santa clarita
cities_62,586240,7,3554611.0000,260192.0000,5.1419,multi_family,2016,santa clarita
cities_62,0,1,masked,masked,masked,nonres,2016,santa clarita
cities_62,1761070,2,75861410.0000,42240.5000,12.1875,nonres,2016,santa clarita
cities_62,1150778,3,masked,masked,masked,nonres,2016,santa clarita
cities_62,1333216,4,16932152.0000,254316.5000,10.8051,nonres,2016,santa clarita
cities_62,1231648,5,14403391.0000,261729.0000,7.1403,nonres,2016,santa clarita
cities_62,1121703,6,masked,masked,masked,nonres,2016,santa clarita
cities_62,1011393,7,masked,masked,masked,nonres,2016,santa clarita
cities_63,NA,1,NA,NA,NA,multi_family,2016,santa fe springs
cities_63,120697,2,masked,masked,masked,multi_family,2016,santa fe springs
cities_63,16554,3,masked,masked,masked,multi_family,2016,santa fe springs
cities_63,40985,4,masked,masked,masked,multi_family,2016,santa fe springs
cities_63,105128,5,318053.0000,103084.0000,3.0621,multi_family,2016,santa fe springs
cities_63,46770,6,masked,masked,masked,multi_family,2016,santa fe springs
cities_63,NA,7,NA,NA,NA,multi_family,2016,santa fe springs
cities_63,0,1,masked,masked,masked,nonres,2016,santa fe springs
cities_63,477946,2,13542311.0000,59536.5000,13.2220,nonres,2016,santa fe springs
cities_63,510924,3,masked,masked,masked,nonres,2016,santa fe springs
cities_63,285984,4,masked,masked,masked,nonres,2016,santa fe springs
cities_63,132526,5,masked,masked,masked,nonres,2016,santa fe springs
cities_63,450457,6,masked,masked,masked,nonres,2016,santa fe springs
cities_63,323938,7,masked,masked,masked,nonres,2016,santa fe springs
cities_64,0,1,481397.0000,76674.0000,NA,multi_family,2016,santa monica
cities_64,14896340,2,52615521.5000,11479.0000,3.0803,multi_family,2016,santa monica
cities_64,4472276,3,14192293.0000,39930.0000,3.2566,multi_family,2016,santa monica
cities_64,2035984,4,7398545.0000,85113.0000,3.6272,multi_family,2016,santa monica
cities_64,1168914,5,4360952.0000,118190.0000,3.6990,multi_family,2016,santa monica
cities_64,1151512,6,5394267.0000,186046.0000,4.0915,multi_family,2016,santa monica
cities_64,529798,7,2176620.0000,190378.0000,3.6068,multi_family,2016,santa monica
cities_64,0,1,masked,masked,masked,nonres,2016,santa monica
cities_64,3895018,2,76348329.3000,30602.0000,8.3938,nonres,2016,santa monica
cities_64,2134096,3,26776559.0000,103261.0000,7.6740,nonres,2016,santa monica
cities_64,1585345,4,20956070.0000,253658.0000,10.3281,nonres,2016,santa monica
cities_64,943267,5,masked,masked,masked,nonres,2016,santa monica
cities_64,1158747,6,15376943.0000,352158.5000,7.6626,nonres,2016,santa monica
cities_64,1332648,7,22215344.0000,745181.5000,14.3902,nonres,2016,santa monica
cities_65,NA,1,masked,masked,masked,multi_family,2016,lawndale
cities_65,5147994,2,13554881.0000,4571.0000,2.2175,multi_family,2016,lawndale
cities_65,503068,3,1779627.0000,51134.0000,3.7405,multi_family,2016,lawndale
cities_65,194286,4,3357256.0000,115483.0000,5.0208,multi_family,2016,lawndale
cities_65,171521,5,728027.0000,144938.0000,4.0168,multi_family,2016,lawndale
cities_65,41536,6,masked,masked,masked,multi_family,2016,lawndale
cities_65,NA,7,NA,NA,NA,multi_family,2016,lawndale
cities_65,0,1,masked,masked,masked,nonres,2016,lawndale
cities_65,918712,2,12309162.0000,13979.5000,5.5979,nonres,2016,lawndale
cities_65,344926,3,masked,masked,masked,nonres,2016,lawndale
cities_65,243449,4,masked,masked,masked,nonres,2016,lawndale
cities_65,68938,5,masked,masked,masked,nonres,2016,lawndale
cities_65,89315,6,masked,masked,masked,nonres,2016,lawndale
cities_65,104242,7,masked,masked,masked,nonres,2016,lawndale
cities_66,NA,1,NA,NA,NA,multi_family,2016,lomita
cities_66,1939979,2,5643339.5000,5050.0000,2.2181,multi_family,2016,lomita
cities_66,406259,3,1808021.0000,64794.0000,4.5944,multi_family,2016,lomita
cities_66,205243,4,941327.0000,130201.0000,5.1459,multi_family,2016,lomita
cities_66,239194,5,970092.0000,139620.0000,4.0855,multi_family,2016,lomita
cities_66,128686,6,717760.5000,221885.0000,5.2314,multi_family,2016,lomita
cities_66,117861,7,612470.0000,306235.0000,5.2072,multi_family,2016,lomita
cities_66,0,1,110497.0000,3151.0000,NA,nonres,2016,lomita
cities_66,878760,2,10868090.0000,17355.0000,5.4394,nonres,2016,lomita
cities_66,349087,3,1751920.0000,33780.0000,2.7076,nonres,2016,lomita
cities_66,170085,4,masked,masked,masked,nonres,2016,lomita
cities_66,164110,5,masked,masked,masked,nonres,2016,lomita
cities_66,NA,6,NA,NA,NA,nonres,2016,lomita
cities_66,59893,7,masked,masked,masked,nonres,2016,lomita
cities_67,0,1,784340.0000,392170.0000,NA,multi_family,2016,long beach
cities_67,50599921,2,231263849.6000,10802.5000,4.2138,multi_family,2016,long beach
cities_67,6684917,3,31652874.9000,59558.0000,4.4689,multi_family,2016,long beach
cities_67,2137664,4,10890974.0000,118291.5000,4.8669,multi_family,2016,long beach
cities_67,579885,5,3348643.7000,180977.0000,5.3398,multi_family,2016,long beach
cities_67,940568,6,4948439.0000,236849.0000,5.2580,multi_family,2016,long beach
cities_67,661900,7,4173050.0000,355302.5000,6.2983,multi_family,2016,long beach
cities_67,0,1,masked,masked,masked,nonres,2016,long beach
cities_67,12101328,2,masked,masked,masked,nonres,2016,long beach
cities_67,4950813,3,52133835.4000,85387.0000,6.0584,nonres,2016,long beach
cities_67,2550396,4,27788007.0000,180250.0000,7.1454,nonres,2016,long beach
cities_67,1435794,5,16995354.0000,195437.0000,5.9046,nonres,2016,long beach
cities_67,1792168,6,masked,masked,masked,nonres,2016,long beach
cities_67,1862223,7,30677334.0000,570337.0000,10.3263,nonres,2016,long beach
cities_68,0,1,11666486.6000,81243.3000,NA,multi_family,2016,los angeles
cities_68,307062304,2,1281190420.0000,9746.0000,3.7045,multi_family,2016,los angeles
cities_68,80284043,3,372754040.2000,59519.1500,4.3785,multi_family,2016,los angeles
cities_68,51950745,4,266148221.2000,118156.5000,4.9003,multi_family,2016,los angeles
cities_68,35163059,5,180229708.9000,174498.9500,5.1252,multi_family,2016,los angeles
cities_68,24855642,6,127683833.5000,221505.3000,5.0458,multi_family,2016,los angeles
cities_68,16206295,7,86230047.9000,287528.2000,5.3314,multi_family,2016,los angeles
cities_68,0,1,404678718.2000,28110.1000,NA,nonres,2016,los angeles
cities_68,96134338,2,3081113303.0000,26538.2500,8.0479,nonres,2016,los angeles
cities_68,49536904,3,641268004.3000,106530.3500,7.9224,nonres,2016,los angeles
cities_68,27864970,4,389087080.1000,211031.1500,8.7946,nonres,2016,los angeles
cities_68,20714901,5,312852251.8000,327709.8500,9.7736,nonres,2016,los angeles
cities_68,15518817,6,217085429.3000,415518.7000,9.5515,nonres,2016,los angeles
cities_68,12949749,7,169858398.3000,578866.0500,10.2938,nonres,2016,los angeles
cities_69,NA,1,masked,masked,masked,multi_family,2016,lynwood
cities_69,4845066,2,17945040.5000,7889.0000,3.5516,multi_family,2016,lynwood
cities_69,662996,3,2358692.0000,44775.5000,3.6916,multi_family,2016,lynwood
cities_69,162300,4,700916.0000,101873.0000,4.0677,multi_family,2016,lynwood
cities_69,98440,5,374849.0000,125782.0000,3.9429,multi_family,2016,lynwood
cities_69,44618,6,masked,masked,masked,multi_family,2016,lynwood
cities_69,NA,7,NA,NA,NA,multi_family,2016,lynwood
cities_69,0,1,masked,masked,masked,nonres,2016,lynwood
cities_69,1305233,2,masked,masked,masked,nonres,2016,lynwood
cities_69,438736,3,3353459.0000,57479.5000,4.4022,nonres,2016,lynwood
cities_69,250150,4,masked,masked,masked,nonres,2016,lynwood
cities_69,165806,5,masked,masked,masked,nonres,2016,lynwood
cities_69,136507,6,masked,masked,masked,nonres,2016,lynwood
cities_69,106514,7,masked,masked,masked,nonres,2016,lynwood
cities_7,NA,1,NA,NA,NA,multi_family,2016,bell gardens
cities_7,5839471,2,18243326.0000,5633.0000,2.3348,multi_family,2016,bell gardens
cities_7,202082,3,665633.0000,50489.5000,4.1505,multi_family,2016,bell gardens
cities_7,117372,4,329388.0000,41086.0000,2.0527,multi_family,2016,bell gardens
cities_7,NA,5,NA,NA,NA,multi_family,2016,bell gardens
cities_7,NA,6,NA,NA,NA,multi_family,2016,bell gardens
cities_7,108148,7,438342.0000,219171.0000,4.0572,multi_family,2016,bell gardens
cities_7,NA,1,NA,NA,NA,nonres,2016,bell gardens
cities_7,764781,2,masked,masked,masked,nonres,2016,bell gardens
cities_7,323146,3,masked,masked,masked,nonres,2016,bell gardens
cities_7,67824,4,masked,masked,masked,nonres,2016,bell gardens
cities_7,NA,5,NA,NA,NA,nonres,2016,bell gardens
cities_7,NA,6,NA,NA,NA,nonres,2016,bell gardens
cities_7,NA,7,NA,NA,NA,nonres,2016,bell gardens
cities_70,NA,1,NA,NA,NA,multi_family,2016,malibu
cities_70,597618,2,2504307.5000,10402.0000,3.5273,multi_family,2016,malibu
cities_70,85445,3,masked,masked,masked,multi_family,2016,malibu
cities_70,23272,4,masked,masked,masked,multi_family,2016,malibu
cities_70,NA,5,NA,NA,NA,multi_family,2016,malibu
cities_70,NA,6,NA,NA,NA,multi_family,2016,malibu
cities_70,NA,7,NA,NA,NA,multi_family,2016,malibu
cities_70,0,1,masked,masked,masked,nonres,2016,malibu
cities_70,336172,2,12236881.0000,33511.0000,11.4066,nonres,2016,malibu
cities_70,215203,3,masked,masked,masked,nonres,2016,malibu
cities_70,162706,4,masked,masked,masked,nonres,2016,malibu
cities_70,135404,5,masked,masked,masked,nonres,2016,malibu
cities_70,87528,6,masked,masked,masked,nonres,2016,malibu
cities_70,50434,7,759104.0000,759104.0000,15.0514,nonres,2016,malibu
cities_71,NA,1,NA,NA,NA,multi_family,2016,manhattan beach
cities_71,3362652,2,11507534.0000,7292.5000,3.2733,multi_family,2016,manhattan beach
cities_71,170542,3,545836.0000,42433.5000,3.0920,multi_family,2016,manhattan beach
cities_71,25904,4,masked,masked,masked,multi_family,2016,manhattan beach
cities_71,31322,5,masked,masked,masked,multi_family,2016,manhattan beach
cities_71,NA,6,NA,NA,NA,multi_family,2016,manhattan beach
cities_71,NA,7,NA,NA,NA,multi_family,2016,manhattan beach
cities_71,0,1,masked,masked,masked,nonres,2016,manhattan beach
cities_71,1207092,2,26584821.0000,35898.0000,10.9498,nonres,2016,manhattan beach
cities_71,296206,3,masked,masked,masked,nonres,2016,manhattan beach
cities_71,365443,4,6395103.0000,281312.0000,12.3593,nonres,2016,manhattan beach
cities_71,248738,5,masked,masked,masked,nonres,2016,manhattan beach
cities_71,134033,6,masked,masked,masked,nonres,2016,manhattan beach
cities_71,277546,7,masked,masked,masked,nonres,2016,manhattan beach
cities_72,NA,1,masked,masked,masked,multi_family,2016,south pasadena
cities_72,2959903,2,9009395.0000,7554.0000,2.8219,multi_family,2016,south pasadena
cities_72,908656,3,3374308.0000,45367.0000,3.5097,multi_family,2016,south pasadena
cities_72,594266,4,2687470.0000,111141.0000,4.5252,multi_family,2016,south pasadena
cities_72,286380,5,1172017.0000,134351.0000,3.8326,multi_family,2016,south pasadena
cities_72,41064,6,masked,masked,masked,multi_family,2016,south pasadena
cities_72,111178,7,355662.0000,177831.0000,3.1905,multi_family,2016,south pasadena
cities_72,0,1,masked,masked,masked,nonres,2016,south pasadena
cities_72,747631,2,12715608.7000,21096.5000,6.5441,nonres,2016,south pasadena
cities_72,298910,3,2807965.0000,88169.0000,6.6805,nonres,2016,south pasadena
cities_72,232073,4,masked,masked,masked,nonres,2016,south pasadena
cities_72,145173,5,masked,masked,masked,nonres,2016,south pasadena
cities_72,86265,6,masked,masked,masked,nonres,2016,south pasadena
cities_72,53403,7,masked,masked,masked,nonres,2016,south pasadena
cities_73,0,1,masked,masked,masked,multi_family,2016,temple city
cities_73,2522022,2,7619178.6000,5974.0000,2.3119,multi_family,2016,temple city
cities_73,245755,3,887591.0000,40871.0000,3.0071,multi_family,2016,temple city
cities_73,54400,4,masked,masked,masked,multi_family,2016,temple city
cities_73,39450,5,masked,masked,masked,multi_family,2016,temple city
cities_73,40241,6,masked,masked,masked,multi_family,2016,temple city
cities_73,NA,7,NA,NA,NA,multi_family,2016,temple city
cities_73,0,1,252624.0000,10388.0000,NA,nonres,2016,temple city
cities_73,946142,2,17349535.0000,13270.0000,5.7281,nonres,2016,temple city
cities_73,252394,3,masked,masked,masked,nonres,2016,temple city
cities_73,190417,4,masked,masked,masked,nonres,2016,temple city
cities_73,186273,5,masked,masked,masked,nonres,2016,temple city
cities_73,42715,6,masked,masked,masked,nonres,2016,temple city
cities_73,51740,7,masked,masked,masked,nonres,2016,temple city
cities_74,0,1,masked,masked,masked,multi_family,2016,torrance
cities_74,5741245,2,21687401.3000,8695.0000,3.2174,multi_family,2016,torrance
cities_74,2120627,3,8889428.5000,54077.0000,3.7402,multi_family,2016,torrance
cities_74,1509753,4,6966077.0000,106248.5000,4.1567,multi_family,2016,torrance
cities_74,1362829,5,6933500.5000,169184.0000,5.1762,multi_family,2016,torrance
cities_74,1003628,6,5154588.0000,220512.0000,4.5791,multi_family,2016,torrance
cities_74,509801,7,masked,masked,masked,multi_family,2016,torrance
cities_74,0,1,46379595.0000,70395.0000,NA,nonres,2016,torrance
cities_74,3079385,2,143614489.0000,34626.0000,9.6093,nonres,2016,torrance
cities_74,2071750,3,27760500.1000,117839.5000,8.6533,nonres,2016,torrance
cities_74,1948991,4,27280481.0000,238331.0000,10.2994,nonres,2016,torrance
cities_74,1269819,5,15958305.0000,317267.5000,8.7478,nonres,2016,torrance
cities_74,999096,6,11117294.0000,415057.0000,9.0102,nonres,2016,torrance
cities_74,1025469,7,masked,masked,masked,nonres,2016,torrance
cities_75,NA,1,NA,NA,NA,multi_family,2016,vernon
cities_75,NA,2,NA,NA,NA,multi_family,2016,vernon
cities_75,NA,3,NA,NA,NA,multi_family,2016,vernon
cities_75,NA,4,NA,NA,NA,multi_family,2016,vernon
cities_75,NA,5,NA,NA,NA,multi_family,2016,vernon
cities_75,NA,6,NA,NA,NA,multi_family,2016,vernon
cities_75,NA,7,NA,NA,NA,multi_family,2016,vernon
cities_75,NA,1,NA,NA,NA,nonres,2016,vernon
cities_75,NA,2,NA,NA,NA,nonres,2016,vernon
cities_75,NA,3,NA,NA,NA,nonres,2016,vernon
cities_75,NA,4,NA,NA,NA,nonres,2016,vernon
cities_75,NA,5,NA,NA,NA,nonres,2016,vernon
cities_75,NA,6,NA,NA,NA,nonres,2016,vernon
cities_75,NA,7,NA,NA,NA,nonres,2016,vernon
cities_76,NA,1,masked,masked,masked,multi_family,2016,walnut
cities_76,21098,2,masked,masked,masked,multi_family,2016,walnut
cities_76,NA,3,NA,NA,NA,multi_family,2016,walnut
cities_76,NA,4,NA,NA,NA,multi_family,2016,walnut
cities_76,NA,5,NA,NA,NA,multi_family,2016,walnut
cities_76,NA,6,NA,NA,NA,multi_family,2016,walnut
cities_76,NA,7,NA,NA,NA,multi_family,2016,walnut
cities_76,0,1,802595.0000,7957.5000,NA,nonres,2016,walnut
cities_76,372180,2,masked,masked,masked,nonres,2016,walnut
cities_76,276722,3,1638488.0000,52877.0000,4.2957,nonres,2016,walnut
cities_76,69622,4,masked,masked,masked,nonres,2016,walnut
cities_76,65269,5,masked,masked,masked,nonres,2016,walnut
cities_76,84144,6,masked,masked,masked,nonres,2016,walnut
cities_76,108813,7,masked,masked,masked,nonres,2016,walnut
cities_77,NA,1,masked,masked,masked,multi_family,2016,west covina
cities_77,1404483,2,7850784.0000,17525.0000,5.3868,multi_family,2016,west covina
cities_77,234195,3,1281294.5000,68245.0000,4.7497,multi_family,2016,west covina
cities_77,269516,4,1002577.0000,84317.0000,3.2662,multi_family,2016,west covina
cities_77,207739,5,1462878.5000,215826.7500,6.1498,multi_family,2016,west covina
cities_77,137742,6,949752.5000,323334.5000,7.0492,multi_family,2016,west covina
cities_77,163768,7,masked,masked,masked,multi_family,2016,west covina
cities_77,0,1,masked,masked,masked,nonres,2016,west covina
cities_77,1197867,2,masked,masked,masked,nonres,2016,west covina
cities_77,789954,3,10395887.0000,110387.0000,8.6074,nonres,2016,west covina
cities_77,536414,4,masked,masked,masked,nonres,2016,west covina
cities_77,486682,5,masked,masked,masked,nonres,2016,west covina
cities_77,633826,6,16227563.0000,283446.5000,6.4097,nonres,2016,west covina
cities_77,396180,7,masked,masked,masked,nonres,2016,west covina
cities_78,0,1,masked,masked,masked,multi_family,2016,west hollywood
cities_78,7009187,2,27008461.8000,11682.0000,3.3631,multi_family,2016,west hollywood
cities_78,3802934,3,19315724.2000,53221.0000,4.0277,multi_family,2016,west hollywood
cities_78,1345157,4,5653199.5000,106032.0000,4.3836,multi_family,2016,west hollywood
cities_78,1241180,5,4913347.2000,152749.5000,4.3544,multi_family,2016,west hollywood
cities_78,645416,6,masked,masked,masked,multi_family,2016,west hollywood
cities_78,268445,7,masked,masked,masked,multi_family,2016,west hollywood
cities_78,0,1,masked,masked,masked,nonres,2016,west hollywood
cities_78,1951310,2,masked,masked,masked,nonres,2016,west hollywood
cities_78,1134914,3,20610432.2000,137919.0000,12.1961,nonres,2016,west hollywood
cities_78,328929,4,masked,masked,masked,nonres,2016,west hollywood
cities_78,243717,5,masked,masked,masked,nonres,2016,west hollywood
cities_78,218246,6,masked,masked,masked,nonres,2016,west hollywood
cities_78,218933,7,masked,masked,masked,nonres,2016,west hollywood
cities_79,NA,1,NA,NA,NA,multi_family,2016,westlake village
cities_79,NA,2,NA,NA,NA,multi_family,2016,westlake village
cities_79,NA,3,NA,NA,NA,multi_family,2016,westlake village
cities_79,NA,4,NA,NA,NA,multi_family,2016,westlake village
cities_79,NA,5,NA,NA,NA,multi_family,2016,westlake village
cities_79,NA,6,NA,NA,NA,multi_family,2016,westlake village
cities_79,NA,7,NA,NA,NA,multi_family,2016,westlake village
cities_79,0,1,masked,masked,masked,nonres,2016,westlake village
cities_79,92022,2,masked,masked,masked,nonres,2016,westlake village
cities_79,151265,3,masked,masked,masked,nonres,2016,westlake village
cities_79,241701,4,masked,masked,masked,nonres,2016,westlake village
cities_79,170548,5,masked,masked,masked,nonres,2016,westlake village
cities_79,91677,6,masked,masked,masked,nonres,2016,westlake village
cities_79,103874,7,masked,masked,masked,nonres,2016,westlake village
cities_8,NA,1,NA,NA,NA,multi_family,2016,bellflower
cities_8,5460763,2,16718848.0000,6995.0000,2.6259,multi_family,2016,bellflower
cities_8,1708621,3,7024295.5000,57259.0000,4.4376,multi_family,2016,bellflower
cities_8,1211962,4,6605887.0000,129646.2500,5.3894,multi_family,2016,bellflower
cities_8,559939,5,2719949.5000,183879.5000,5.1636,multi_family,2016,bellflower
cities_8,354542,6,1297516.0000,160163.0000,3.6757,multi_family,2016,bellflower
cities_8,266600,7,1150278.0000,251931.0000,4.5762,multi_family,2016,bellflower
cities_8,0,1,212481.5000,3024.0000,NA,nonres,2016,bellflower
cities_8,2006364,2,30470652.0000,13380.5000,5.1801,nonres,2016,bellflower
cities_8,1079856,3,7192026.0000,41115.5000,2.9852,nonres,2016,bellflower
cities_8,538675,4,2309142.0000,66802.0000,2.8591,nonres,2016,bellflower
cities_8,300865,5,masked,masked,masked,nonres,2016,bellflower
cities_8,182805,6,masked,masked,masked,nonres,2016,bellflower
cities_8,162255,7,masked,masked,masked,nonres,2016,bellflower
cities_80,NA,1,NA,NA,NA,multi_family,2016,maywood
cities_80,3083776,2,12328234.5000,8697.5000,3.9796,multi_family,2016,maywood
cities_80,97968,3,369274.0000,35861.0000,3.4123,multi_family,2016,maywood
cities_80,44277,4,masked,masked,masked,multi_family,2016,maywood
cities_80,39005,5,masked,masked,masked,multi_family,2016,maywood
cities_80,40905,6,masked,masked,masked,multi_family,2016,maywood
cities_80,NA,7,NA,NA,NA,multi_family,2016,maywood
cities_80,0,1,masked,masked,masked,nonres,2016,maywood
cities_80,583832,2,16532892.0000,22905.0000,7.9115,nonres,2016,maywood
cities_80,208084,3,1642273.0000,35529.0000,2.6232,nonres,2016,maywood
cities_80,26259,4,masked,masked,masked,nonres,2016,maywood
cities_80,70327,5,masked,masked,masked,nonres,2016,maywood
cities_80,84724,6,masked,masked,masked,nonres,2016,maywood
cities_80,NA,7,NA,NA,NA,nonres,2016,maywood
cities_81,NA,1,masked,masked,masked,multi_family,2016,monrovia
cities_81,3936628,2,18771047.5000,9544.0000,4.4552,multi_family,2016,monrovia
cities_81,553898,3,2603911.5000,61334.5000,4.5703,multi_family,2016,monrovia
cities_81,220788,4,784286.0000,101540.0000,4.5808,multi_family,2016,monrovia
cities_81,107571,5,495932.5000,189718.5000,5.6089,multi_family,2016,monrovia
cities_81,132330,6,678296.0000,243000.0000,5.4534,multi_family,2016,monrovia
cities_81,108056,7,masked,masked,masked,multi_family,2016,monrovia
cities_81,0,1,masked,masked,masked,nonres,2016,monrovia
cities_81,1120571,2,29201030.0000,25495.0000,8.3725,nonres,2016,monrovia
cities_81,538282,3,6683709.0000,94545.0000,6.2486,nonres,2016,monrovia
cities_81,322961,4,masked,masked,masked,nonres,2016,monrovia
cities_81,327540,5,masked,masked,masked,nonres,2016,monrovia
cities_81,402659,6,masked,masked,masked,nonres,2016,monrovia
cities_81,441486,7,masked,masked,masked,nonres,2016,monrovia
cities_82,NA,1,NA,NA,NA,multi_family,2016,montebello
cities_82,4374510,2,20413226.6000,8436.5000,3.4904,multi_family,2016,montebello
cities_82,862906,3,3587498.5000,54862.0000,4.2211,multi_family,2016,montebello
cities_82,828298,4,3486656.0000,105596.5000,4.4862,multi_family,2016,montebello
cities_82,250610,5,1351003.0000,204063.0000,5.5194,multi_family,2016,montebello
cities_82,170658,6,928935.0000,237021.5000,5.8847,multi_family,2016,montebello
cities_82,328568,7,2221969.0000,380844.0000,7.1054,multi_family,2016,montebello
cities_82,0,1,masked,masked,masked,nonres,2016,montebello
cities_82,1877057,2,masked,masked,masked,nonres,2016,montebello
cities_82,622847,3,masked,masked,masked,nonres,2016,montebello
cities_82,418018,4,masked,masked,masked,nonres,2016,montebello
cities_82,377453,5,masked,masked,masked,nonres,2016,montebello
cities_82,402966,6,masked,masked,masked,nonres,2016,montebello
cities_82,110320,7,masked,masked,masked,nonres,2016,montebello
cities_83,NA,1,masked,masked,masked,multi_family,2016,monterey park
cities_83,4294180,2,16002691.5000,8938.0000,3.3874,multi_family,2016,monterey park
cities_83,688376,3,3225120.0000,39877.0000,3.5631,multi_family,2016,monterey park
cities_83,574611,4,1735138.0000,58697.0000,2.4506,multi_family,2016,monterey park
cities_83,69365,5,masked,masked,masked,multi_family,2016,monterey park
cities_83,184942,6,497438.0000,113307.0000,2.4099,multi_family,2016,monterey park
cities_83,NA,7,NA,NA,NA,multi_family,2016,monterey park
cities_83,0,1,masked,masked,masked,nonres,2016,monterey park
cities_83,1217149,2,masked,masked,masked,nonres,2016,monterey park
cities_83,698848,3,6114429.0000,81181.5000,5.9405,nonres,2016,monterey park
cities_83,422194,4,masked,masked,masked,nonres,2016,monterey park
cities_83,331787,5,masked,masked,masked,nonres,2016,monterey park
cities_83,353042,6,masked,masked,masked,nonres,2016,monterey park
cities_83,216165,7,masked,masked,masked,nonres,2016,monterey park
cities_84,NA,1,NA,NA,NA,multi_family,2016,norwalk
cities_84,1319392,2,4847131.0000,9678.0000,3.6430,multi_family,2016,norwalk
cities_84,723744,3,3763933.0000,75474.0000,4.9076,multi_family,2016,norwalk
cities_84,340488,4,1841320.0000,137360.0000,5.7444,multi_family,2016,norwalk
cities_84,342833,5,1396246.5000,115599.5000,3.4072,multi_family,2016,norwalk
cities_84,179238,6,669554.0000,204334.0000,4.5974,multi_family,2016,norwalk
cities_84,167936,7,879179.0000,300222.0000,5.2282,multi_family,2016,norwalk
cities_84,0,1,masked,masked,masked,nonres,2016,norwalk
cities_84,1235775,2,masked,masked,masked,nonres,2016,norwalk
cities_84,789292,3,masked,masked,masked,nonres,2016,norwalk
cities_84,407548,4,masked,masked,masked,nonres,2016,norwalk
cities_84,380466,5,2479179.0000,174905.0000,5.2833,nonres,2016,norwalk
cities_84,181170,6,masked,masked,masked,nonres,2016,norwalk
cities_84,230645,7,masked,masked,masked,nonres,2016,norwalk
cities_85,NA,1,masked,masked,masked,multi_family,2016,sierra madre
cities_85,895672,2,3460776.0000,8219.0000,3.6564,multi_family,2016,sierra madre
cities_85,323477,3,1515176.0000,58711.0000,4.7590,multi_family,2016,sierra madre
cities_85,63991,4,393009.0000,132657.0000,6.1621,multi_family,2016,sierra madre
cities_85,34451,5,masked,masked,masked,multi_family,2016,sierra madre
cities_85,NA,6,NA,NA,NA,multi_family,2016,sierra madre
cities_85,NA,7,NA,NA,NA,multi_family,2016,sierra madre
cities_85,NA,1,NA,NA,NA,nonres,2016,sierra madre
cities_85,320642,2,3857193.0000,17123.0000,6.0756,nonres,2016,sierra madre
cities_85,114103,3,masked,masked,masked,nonres,2016,sierra madre
cities_85,41564,4,masked,masked,masked,nonres,2016,sierra madre
cities_85,NA,5,NA,NA,NA,nonres,2016,sierra madre
cities_85,140629,6,masked,masked,masked,nonres,2016,sierra madre
cities_85,59252,7,masked,masked,masked,nonres,2016,sierra madre
cities_86,0,1,masked,masked,masked,multi_family,2016,signal hill
cities_86,1385045,2,6028239.0000,6479.0000,2.8786,multi_family,2016,signal hill
cities_86,98238,3,442756.0000,53708.0000,3.9318,multi_family,2016,signal hill
cities_86,48967,4,masked,masked,masked,multi_family,2016,signal hill
cities_86,NA,5,NA,NA,NA,multi_family,2016,signal hill
cities_86,45320,6,masked,masked,masked,multi_family,2016,signal hill
cities_86,55763,7,masked,masked,masked,multi_family,2016,signal hill
cities_86,NA,1,NA,NA,NA,nonres,2016,signal hill
cities_86,404967,2,9109608.0000,21815.5000,7.4781,nonres,2016,signal hill
cities_86,195675,3,masked,masked,masked,nonres,2016,signal hill
cities_86,69132,4,masked,masked,masked,nonres,2016,signal hill
cities_86,208934,5,masked,masked,masked,nonres,2016,signal hill
cities_86,176360,6,masked,masked,masked,nonres,2016,signal hill
cities_86,53450,7,masked,masked,masked,nonres,2016,signal hill
cities_87,NA,1,NA,NA,NA,multi_family,2016,south el monte
cities_87,1225555,2,3967844.0000,6290.0000,2.6331,multi_family,2016,south el monte
cities_87,138991,3,725072.0000,64088.0000,5.2572,multi_family,2016,south el monte
cities_87,48790,4,masked,masked,masked,multi_family,2016,south el monte
cities_87,NA,5,NA,NA,NA,multi_family,2016,south el monte
cities_87,42952,6,masked,masked,masked,multi_family,2016,south el monte
cities_87,NA,7,NA,NA,NA,multi_family,2016,south el monte
cities_87,0,1,masked,masked,masked,nonres,2016,south el monte
cities_87,464708,2,13569640.0000,22602.5000,7.8631,nonres,2016,south el monte
cities_87,244287,3,masked,masked,masked,nonres,2016,south el monte
cities_87,159645,4,masked,masked,masked,nonres,2016,south el monte
cities_87,207981,5,1067058.0000,112812.0000,3.3635,nonres,2016,south el monte
cities_87,42219,6,masked,masked,masked,nonres,2016,south el monte
cities_87,162472,7,masked,masked,masked,nonres,2016,south el monte
cities_88,NA,1,NA,NA,NA,multi_family,2016,south gate
cities_88,8506492,2,32399481.0000,8199.5000,3.8078,multi_family,2016,south gate
cities_88,461431,3,1946842.0000,49616.5000,4.1365,multi_family,2016,south gate
cities_88,185368,4,660796.0000,92247.0000,4.3621,multi_family,2016,south gate
cities_88,39512,5,masked,masked,masked,multi_family,2016,south gate
cities_88,NA,6,NA,NA,NA,multi_family,2016,south gate
cities_88,55968,7,masked,masked,masked,multi_family,2016,south gate
cities_88,0,1,masked,masked,masked,nonres,2016,south gate
cities_88,2386878,2,44113974.5000,16030.0000,5.6366,nonres,2016,south gate
cities_88,639803,3,masked,masked,masked,nonres,2016,south gate
cities_88,388327,4,masked,masked,masked,nonres,2016,south gate
cities_88,143228,5,masked,masked,masked,nonres,2016,south gate
cities_88,NA,6,NA,NA,NA,nonres,2016,south gate
cities_88,108054,7,masked,masked,masked,nonres,2016,south gate
cities_9,NA,1,NA,NA,NA,multi_family,2016,beverly hills
cities_9,5080399,2,18629076.2000,18743.5000,3.4984,multi_family,2016,beverly hills
cities_9,1334315,3,5602531.2000,53022.0000,3.9612,multi_family,2016,beverly hills
cities_9,995415,4,4548998.5000,103988.0000,4.0323,multi_family,2016,beverly hills
cities_9,745700,5,4237528.0000,176536.5000,5.2182,multi_family,2016,beverly hills
cities_9,649162,6,3188966.6000,215084.0000,4.8059,multi_family,2016,beverly hills
cities_9,157242,7,770648.0000,237519.0000,4.4860,multi_family,2016,beverly hills
cities_9,0,1,masked,masked,masked,nonres,2016,beverly hills
cities_9,1903915,2,82456683.1000,62408.5000,13.9180,nonres,2016,beverly hills
cities_9,1774010,3,37683536.0000,213189.0000,16.3418,nonres,2016,beverly hills
cities_9,1004043,4,18257154.0000,381805.0000,13.8295,nonres,2016,beverly hills
cities_9,723475,5,12358640.0000,488666.0000,15.8459,nonres,2016,beverly hills
cities_9,906775,6,14274750.0000,725678.0000,17.1276,nonres,2016,beverly hills
cities_9,864371,7,18361147.0000,1214440.5000,21.8985,nonres,2016,beverly hills
cogs_1,0,1,1182335.0000,14528.0000,NA,multi_family,2016,South Bay Cities COG
cogs_1,89066162,2,330026795.8000,8536.5000,3.4040,multi_family,2016,South Bay Cities COG
cogs_1,15052731,3,61941465.1000,53001.0000,3.9041,multi_family,2016,South Bay Cities COG
cogs_1,6902688,4,36253439.9000,108130.0000,4.5138,multi_family,2016,South Bay Cities COG
cogs_1,4915321,5,23789171.5000,150685.5000,4.4104,multi_family,2016,South Bay Cities COG
cogs_1,3547178,6,17268755.4000,215712.5000,4.7838,multi_family,2016,South Bay Cities COG
cogs_1,2037502,7,9534874.2000,271503.0000,4.8500,multi_family,2016,South Bay Cities COG
cogs_1,0,1,120926572.5000,13658.5000,NA,nonres,2016,South Bay Cities COG
cogs_1,24523541,2,729519376.1000,21136.8000,7.1369,nonres,2016,South Bay Cities COG
cogs_1,11301815,3,117214113.9000,82696.5000,6.5957,nonres,2016,South Bay Cities COG
cogs_1,8424768,4,105597780.7000,168814.0000,7.0451,nonres,2016,South Bay Cities COG
cogs_1,4988196,5,58580693.4000,247752.0000,6.8180,nonres,2016,South Bay Cities COG
cogs_1,4413691,6,51207669.3000,380976.0000,8.7484,nonres,2016,South Bay Cities COG
cogs_1,3708880,7,71360830.5000,523428.3500,9.6524,nonres,2016,South Bay Cities COG
cogs_2,0,1,800833.0000,165380.5000,NA,multi_family,2016,Gateway Cities COG
cogs_2,146917544,2,611897247.3000,8687.0000,3.8480,multi_family,2016,Gateway Cities COG
cogs_2,19791187,3,88959325.2000,57515.0000,4.4045,multi_family,2016,Gateway Cities COG
cogs_2,9374905,4,45022481.0000,114358.0000,4.6351,multi_family,2016,Gateway Cities COG
cogs_2,3747317,5,18281680.7000,174106.5000,5.0864,multi_family,2016,Gateway Cities COG
cogs_2,3432388,6,16288843.0000,216165.0000,4.8411,multi_family,2016,Gateway Cities COG
cogs_2,3348860,7,16618502.0000,273616.0000,5.1199,multi_family,2016,Gateway Cities COG
cogs_2,0,1,masked,masked,masked,nonres,2016,Gateway Cities COG
cogs_2,44942554,2,masked,masked,masked,nonres,2016,Gateway Cities COG
cogs_2,20404651,3,217738214.7000,75052.0000,5.3393,nonres,2016,Gateway Cities COG
cogs_2,12558112,4,130021812.5000,142543.0000,6.1604,nonres,2016,Gateway Cities COG
cogs_2,8418906,5,104886488.0000,208276.5000,6.3178,nonres,2016,Gateway Cities COG
cogs_2,6959289,6,masked,masked,masked,nonres,2016,Gateway Cities COG
cogs_2,6283602,7,80175603.0000,467365.0000,8.6171,nonres,2016,Gateway Cities COG
cogs_3,NA,1,NA,NA,NA,multi_family,2016,Las Virgenes-Malibu COG
cogs_3,776337,2,3746174.5000,11389.5000,3.9785,multi_family,2016,Las Virgenes-Malibu COG
cogs_3,142850,3,637094.0000,53387.0000,4.9629,multi_family,2016,Las Virgenes-Malibu COG
cogs_3,92906,4,masked,masked,masked,multi_family,2016,Las Virgenes-Malibu COG
cogs_3,34366,5,masked,masked,masked,multi_family,2016,Las Virgenes-Malibu COG
cogs_3,40749,6,masked,masked,masked,multi_family,2016,Las Virgenes-Malibu COG
cogs_3,53961,7,masked,masked,masked,multi_family,2016,Las Virgenes-Malibu COG
cogs_3,0,1,masked,masked,masked,nonres,2016,Las Virgenes-Malibu COG
cogs_3,1322107,2,masked,masked,masked,nonres,2016,Las Virgenes-Malibu COG
cogs_3,1170841,3,16213690.0000,140108.0000,9.2341,nonres,2016,Las Virgenes-Malibu COG
cogs_3,960638,4,masked,masked,masked,nonres,2016,Las Virgenes-Malibu COG
cogs_3,841087,5,masked,masked,masked,nonres,2016,Las Virgenes-Malibu COG
cogs_3,805424,6,masked,masked,masked,nonres,2016,Las Virgenes-Malibu COG
cogs_3,636634,7,masked,masked,masked,nonres,2016,Las Virgenes-Malibu COG
cogs_4,0,1,3044801.2000,208928.3000,NA,multi_family,2016,San Fernando Valley COG
cogs_4,40480007,2,216548457.4000,14978.9000,4.8601,multi_family,2016,San Fernando Valley COG
cogs_4,25089148,3,139769638.5000,75945.4000,5.3260,multi_family,2016,San Fernando Valley COG
cogs_4,22790615,4,129644325.6000,134872.5000,5.5502,multi_family,2016,San Fernando Valley COG
cogs_4,16349776,5,94498364.3000,190188.5000,5.6098,multi_family,2016,San Fernando Valley COG
cogs_4,11355032,6,62785970.5000,239745.0000,5.3841,multi_family,2016,San Fernando Valley COG
cogs_4,7084327,7,40783913.5000,307335.8000,5.6003,multi_family,2016,San Fernando Valley COG
cogs_4,0,1,63617114.7000,16084.3000,NA,nonres,2016,San Fernando Valley COG
cogs_4,30281068,2,1082918169.0000,35995.7000,10.7701,nonres,2016,San Fernando Valley COG
cogs_4,16958403,3,234403748.8000,130807.4000,9.3095,nonres,2016,San Fernando Valley COG
cogs_4,11409431,4,149495662.2000,257759.6500,10.3530,nonres,2016,San Fernando Valley COG
cogs_4,9009353,5,118626438.9000,344385.1000,10.0973,nonres,2016,San Fernando Valley COG
cogs_4,6751907,6,93666011.7000,477201.8000,10.5201,nonres,2016,San Fernando Valley COG
cogs_4,5844269,7,79267225.1000,598864.0000,10.8931,nonres,2016,San Fernando Valley COG
cogs_5,0,1,1626171.3000,61106.0000,NA,multi_family,2016,Westside Cities COG
cogs_5,100427556,2,365572882.6000,11252.4000,3.3190,multi_family,2016,Westside Cities COG
cogs_5,27360782,3,110846390.7000,50102.8000,3.7387,multi_family,2016,Westside Cities COG
cogs_5,14011631,4,60643834.5000,99150.1000,4.0631,multi_family,2016,Westside Cities COG
cogs_5,9946149,5,43645629.2000,151417.5000,4.3756,multi_family,2016,Westside Cities COG
cogs_5,5848523,6,25753004.7000,196877.8000,4.5446,multi_family,2016,Westside Cities COG
cogs_5,4273618,7,20896762.9000,260927.0000,4.6520,multi_family,2016,Westside Cities COG
cogs_5,0,1,88984828.6000,33712.7000,NA,nonres,2016,Westside Cities COG
cogs_5,27992824,2,870156156.1000,32448.0000,9.2136,nonres,2016,Westside Cities COG
cogs_5,14571831,3,233651364.2000,136497.0000,10.1530,nonres,2016,Westside Cities COG
cogs_5,8294129,4,122491575.3000,286488.2500,11.6563,nonres,2016,Westside Cities COG
cogs_5,6384350,5,masked,masked,masked,nonres,2016,Westside Cities COG
cogs_5,5710582,6,87568830.9000,546895.0000,11.6738,nonres,2016,Westside Cities COG
cogs_5,5173523,7,86807476.4000,823071.3500,14.8746,nonres,2016,Westside Cities COG
cogs_6,0,1,1874048.0000,7331.5000,NA,multi_family,2016,San Gabriel Valley COG
cogs_6,71944010,2,277147549.2000,8127.5000,3.3881,multi_family,2016,San Gabriel Valley COG
cogs_6,13006137,3,56181975.4000,53444.0000,4.2118,multi_family,2016,San Gabriel Valley COG
cogs_6,8228953,4,35486485.0000,109300.0000,4.4028,multi_family,2016,San Gabriel Valley COG
cogs_6,4369184,5,21100629.5000,172579.0000,4.9684,multi_family,2016,San Gabriel Valley COG
cogs_6,2734644,6,11779386.0000,215053.5000,4.8726,multi_family,2016,San Gabriel Valley COG
cogs_6,2258772,7,10559142.5000,276453.0000,4.9335,multi_family,2016,San Gabriel Valley COG
cogs_6,0,1,masked,masked,masked,nonres,2016,San Gabriel Valley COG
cogs_6,32278027,2,1043952060.0000,22039.0000,7.9080,nonres,2016,San Gabriel Valley COG
cogs_6,16720918,3,197306023.5000,79135.5000,5.9311,nonres,2016,San Gabriel Valley COG
cogs_6,10800672,4,129574543.0000,188811.0000,7.9611,nonres,2016,San Gabriel Valley COG
cogs_6,9026108,5,104940207.6000,218580.5000,6.5481,nonres,2016,San Gabriel Valley COG
cogs_6,7727905,6,89490542.0000,251310.0000,5.7871,nonres,2016,San Gabriel Valley COG
cogs_6,7106511,7,73072686.5000,318629.5000,5.7008,nonres,2016,San Gabriel Valley COG
counties_13,NA,1,NA,NA,NA,multi_family,2016,Imperial County
counties_13,NA,2,NA,NA,NA,multi_family,2016,Imperial County
counties_13,NA,3,NA,NA,NA,multi_family,2016,Imperial County
counties_13,NA,4,NA,NA,NA,multi_family,2016,Imperial County
counties_13,NA,5,NA,NA,NA,multi_family,2016,Imperial County
counties_13,NA,6,NA,NA,NA,multi_family,2016,Imperial County
counties_13,NA,7,NA,NA,NA,multi_family,2016,Imperial County
counties_13,NA,1,NA,NA,NA,nonres,2016,Imperial County
counties_13,NA,2,NA,NA,NA,nonres,2016,Imperial County
counties_13,NA,3,NA,NA,NA,nonres,2016,Imperial County
counties_13,NA,4,NA,NA,NA,nonres,2016,Imperial County
counties_13,NA,5,NA,NA,NA,nonres,2016,Imperial County
counties_13,NA,6,NA,NA,NA,nonres,2016,Imperial County
counties_13,NA,7,NA,NA,NA,nonres,2016,Imperial County
counties_19,0,1,15997882.1000,45538.0000,NA,multi_family,2016,Los Angeles County
counties_19,635771061,2,2586381258.0000,9180.0000,3.6721,multi_family,2016,Los Angeles County
counties_19,137020782,3,617240197.7000,57409.0000,4.2703,multi_family,2016,Los Angeles County
counties_19,81292991,4,404667390.7000,115728.0000,4.7887,multi_family,2016,Los Angeles County
counties_19,52022853,5,261111053.8000,170245.0000,4.9933,multi_family,2016,Los Angeles County
counties_19,37692046,6,185878919.1000,217742.5000,4.9858,multi_family,2016,Los Angeles County
counties_19,25852889,7,132733600.4000,281026.7000,5.1618,multi_family,2016,Los Angeles County
counties_19,0,1,820944267.8000,16634.5000,NA,nonres,2016,Los Angeles County
counties_19,213561260,2,7265353035.0000,24406.1000,7.8815,nonres,2016,Los Angeles County
counties_19,108358150,3,1320497973.0000,95940.6000,7.1151,nonres,2016,Los Angeles County
counties_19,66392284,4,865264484.1000,196544.0000,8.3062,nonres,2016,Los Angeles County
counties_19,48444566,5,648671513.4000,291111.0000,8.4262,nonres,2016,Los Angeles County
counties_19,39974749,6,542520816.3000,381108.3000,8.6175,nonres,2016,Los Angeles County
counties_19,34392975,7,474762848.4000,527895.9000,9.6548,nonres,2016,Los Angeles County
counties_30,0,1,60618108.1700,19430.0000,NA,multi_family,2016,Orange County
counties_30,52365529,2,373568273.7000,11479.0000,3.9478,multi_family,2016,Orange County
counties_30,7155274,3,30723049.5000,51542.0000,3.9442,multi_family,2016,Orange County
counties_30,5692603,4,25897950.0000,89370.0000,3.7993,multi_family,2016,Orange County
counties_30,4682714,5,20347677.0000,132424.5000,3.9395,multi_family,2016,Orange County
counties_30,4380977,6,15452922.5000,142901.0000,3.3235,multi_family,2016,Orange County
counties_30,4333799,7,12292555.0000,96012.5000,1.8581,multi_family,2016,Orange County
counties_30,0,1,2540418046.0000,23683.0000,NA,nonres,2016,Orange County
counties_30,24321848,2,667309827.5000,23283.5000,8.2130,nonres,2016,Orange County
counties_30,13370400,3,173764537.0000,101348.0000,7.6634,nonres,2016,Orange County
counties_30,9656100,4,112775000.0000,223429.5000,9.6247,nonres,2016,Orange County
counties_30,6695500,5,85876775.0000,343954.0000,10.0580,nonres,2016,Orange County
counties_30,4774825,6,54708350.0000,378082.0000,8.7195,nonres,2016,Orange County
counties_30,2859112,7,21794307.0000,341476.5000,6.1544,nonres,2016,Orange County
counties_33,0,1,205149481.0000,25816.0000,NA,multi_family,2016,Riverside County
counties_33,13562694,2,136830792.5000,11669.5000,7.0764,multi_family,2016,Riverside County
counties_33,24340,3,masked,masked,masked,multi_family,2016,Riverside County
counties_33,22597,4,masked,masked,masked,multi_family,2016,Riverside County
counties_33,NA,5,NA,NA,NA,multi_family,2016,Riverside County
counties_33,NA,6,NA,NA,NA,multi_family,2016,Riverside County
counties_33,NA,7,NA,NA,NA,multi_family,2016,Riverside County
counties_33,NA,1,NA,47960.0000,NA,nonres,2016,Riverside County
counties_33,NA,2,NA,38711.0000,NA,nonres,2016,Riverside County
counties_33,NA,3,NA,NA,NA,nonres,2016,Riverside County
counties_33,NA,4,NA,NA,NA,nonres,2016,Riverside County
counties_33,NA,5,NA,NA,NA,nonres,2016,Riverside County
counties_33,NA,6,NA,NA,NA,nonres,2016,Riverside County
counties_33,NA,7,NA,NA,NA,nonres,2016,Riverside County
counties_36,0,1,42756185.0000,11161.0000,NA,multi_family,2016,San Bernardino County
counties_36,36376857,2,247851799.5000,11588.0000,6.0660,multi_family,2016,San Bernardino County
counties_36,5820444,3,40761488.5000,75592.0000,5.7237,multi_family,2016,San Bernardino County
counties_36,3419935,4,20428700.5000,146572.0000,5.8623,multi_family,2016,San Bernardino County
counties_36,3004830,5,18053801.0000,218190.0000,5.9545,multi_family,2016,San Bernardino County
counties_36,2822331,6,18216847.5000,275527.0000,6.2581,multi_family,2016,San Bernardino County
counties_36,2319966,7,14219166.5000,337716.0000,5.8298,multi_family,2016,San Bernardino County
counties_36,0,1,564471205.8000,9283.0000,NA,nonres,2016,San Bernardino County
counties_36,34179609,2,1024859613.0000,25746.0000,8.9576,nonres,2016,San Bernardino County
counties_36,22290200,3,233576838.0000,78965.0000,6.0318,nonres,2016,San Bernardino County
counties_36,15124677,4,162407429.0000,154646.0000,6.3774,nonres,2016,San Bernardino County
counties_36,10791010,5,101955100.0000,200577.0000,5.8936,nonres,2016,San Bernardino County
counties_36,8626510,6,119011625.0000,390108.0000,8.6379,nonres,2016,San Bernardino County
counties_36,8112420,7,82915106.0000,314576.5000,5.7721,nonres,2016,San Bernardino County
counties_56,0,1,6008432.0000,12526.5000,NA,multi_family,2016,Ventura County
counties_56,14139052,2,62728980.0000,7515.0000,3.5123,multi_family,2016,Ventura County
counties_56,2418648,3,10454401.5000,56405.0000,4.0314,multi_family,2016,Ventura County
counties_56,1763345,4,8571485.5000,89336.0000,3.7313,multi_family,2016,Ventura County
counties_56,1154130,5,4864402.5000,146030.0000,4.1940,multi_family,2016,Ventura County
counties_56,843904,6,4799755.0000,185987.0000,3.8437,multi_family,2016,Ventura County
counties_56,1178134,7,5277727.0000,231952.0000,4.3043,multi_family,2016,Ventura County
counties_56,0,1,207687546.0000,13762.0000,NA,nonres,2016,Ventura County
counties_56,14126103,2,masked,masked,masked,nonres,2016,Ventura County
counties_56,7510075,3,164217098.0000,147776.5000,11.1415,nonres,2016,Ventura County
counties_56,4882533,4,85086619.0000,305648.0000,12.4682,nonres,2016,Ventura County
counties_56,3583636,5,57803117.0000,468576.5000,13.1878,nonres,2016,Ventura County
counties_56,3124929,6,59180170.0000,534408.5000,12.3819,nonres,2016,Ventura County
counties_56,2116322,7,38146538.0000,768215.0000,14.6966,nonres,2016,Ventura County
neighborhoods_100,NA,1,NA,NA,NA,multi_family,2016,castaic
neighborhoods_100,66967,2,masked,masked,masked,multi_family,2016,castaic
neighborhoods_100,64272,3,masked,masked,masked,multi_family,2016,castaic
neighborhoods_100,26026,4,masked,masked,masked,multi_family,2016,castaic
neighborhoods_100,36352,5,masked,masked,masked,multi_family,2016,castaic
neighborhoods_100,NA,6,NA,NA,NA,multi_family,2016,castaic
neighborhoods_100,NA,7,NA,NA,NA,multi_family,2016,castaic
neighborhoods_100,0,1,masked,masked,masked,nonres,2016,castaic
neighborhoods_100,112338,2,masked,masked,masked,nonres,2016,castaic
neighborhoods_100,65819,3,masked,masked,masked,nonres,2016,castaic
neighborhoods_100,45564,4,masked,masked,masked,nonres,2016,castaic
neighborhoods_100,30942,5,masked,masked,masked,nonres,2016,castaic
neighborhoods_100,NA,6,NA,NA,NA,nonres,2016,castaic
neighborhoods_100,104799,7,masked,masked,masked,nonres,2016,castaic
neighborhoods_101,NA,1,masked,masked,masked,multi_family,2016,castaic canyons
neighborhoods_101,87748,2,masked,masked,masked,multi_family,2016,castaic canyons
neighborhoods_101,NA,3,NA,NA,NA,multi_family,2016,castaic canyons
neighborhoods_101,NA,4,NA,NA,NA,multi_family,2016,castaic canyons
neighborhoods_101,NA,5,NA,NA,NA,multi_family,2016,castaic canyons
neighborhoods_101,NA,6,NA,NA,NA,multi_family,2016,castaic canyons
neighborhoods_101,NA,7,NA,NA,NA,multi_family,2016,castaic canyons
neighborhoods_101,0,1,masked,masked,masked,nonres,2016,castaic canyons
neighborhoods_101,284765,2,8089512.0000,17330.0000,9.3480,nonres,2016,castaic canyons
neighborhoods_101,73128,3,masked,masked,masked,nonres,2016,castaic canyons
neighborhoods_101,94415,4,masked,masked,masked,nonres,2016,castaic canyons
neighborhoods_101,37110,5,masked,masked,masked,nonres,2016,castaic canyons
neighborhoods_101,NA,6,NA,NA,NA,nonres,2016,castaic canyons
neighborhoods_101,51939,7,masked,masked,masked,nonres,2016,castaic canyons
neighborhoods_102,NA,1,masked,masked,masked,multi_family,2016,central-alameda
neighborhoods_102,4796172,2,18415693.6000,7518.7000,3.7205,multi_family,2016,central-alameda
neighborhoods_102,92925,3,337675.4000,38674.4000,3.6731,multi_family,2016,central-alameda
neighborhoods_102,NA,4,NA,NA,NA,multi_family,2016,central-alameda
neighborhoods_102,69994,5,masked,masked,masked,multi_family,2016,central-alameda
neighborhoods_102,NA,6,NA,NA,NA,multi_family,2016,central-alameda
neighborhoods_102,NA,7,NA,NA,NA,multi_family,2016,central-alameda
neighborhoods_102,0,1,masked,masked,masked,nonres,2016,central-alameda
neighborhoods_102,1030375,2,19465778.6000,19220.6000,6.3294,nonres,2016,central-alameda
neighborhoods_102,238303,3,1080933.3000,44954.8000,3.1652,nonres,2016,central-alameda
neighborhoods_102,76738,4,masked,masked,masked,nonres,2016,central-alameda
neighborhoods_102,37052,5,masked,masked,masked,nonres,2016,central-alameda
neighborhoods_102,NA,6,NA,NA,NA,nonres,2016,central-alameda
neighborhoods_102,52094,7,masked,masked,masked,nonres,2016,central-alameda
neighborhoods_103,NA,1,NA,NA,NA,multi_family,2016,century city
neighborhoods_103,417285,2,2703472.4000,13739.6500,3.7762,multi_family,2016,century city
neighborhoods_103,120531,3,masked,masked,masked,multi_family,2016,century city
neighborhoods_103,47283,4,masked,masked,masked,multi_family,2016,century city
neighborhoods_103,61593,5,masked,masked,masked,multi_family,2016,century city
neighborhoods_103,NA,6,NA,NA,NA,multi_family,2016,century city
neighborhoods_103,NA,7,NA,NA,NA,multi_family,2016,century city
neighborhoods_103,NA,1,NA,NA,NA,nonres,2016,century city
neighborhoods_103,49127,2,masked,masked,masked,nonres,2016,century city
neighborhoods_103,40946,3,masked,masked,masked,nonres,2016,century city
neighborhoods_103,23292,4,masked,masked,masked,nonres,2016,century city
neighborhoods_103,140375,5,masked,masked,masked,nonres,2016,century city
neighborhoods_103,133684,6,masked,masked,masked,nonres,2016,century city
neighborhoods_103,155576,7,masked,masked,masked,nonres,2016,century city
neighborhoods_104,NA,1,NA,NA,NA,multi_family,2016,cerritos
neighborhoods_104,NA,2,NA,NA,NA,multi_family,2016,cerritos
neighborhoods_104,NA,3,NA,NA,NA,multi_family,2016,cerritos
neighborhoods_104,NA,4,NA,NA,NA,multi_family,2016,cerritos
neighborhoods_104,NA,5,NA,NA,NA,multi_family,2016,cerritos
neighborhoods_104,NA,6,NA,NA,NA,multi_family,2016,cerritos
neighborhoods_104,NA,7,NA,NA,NA,multi_family,2016,cerritos
neighborhoods_104,NA,1,NA,NA,NA,nonres,2016,cerritos
neighborhoods_104,NA,2,NA,NA,NA,nonres,2016,cerritos
neighborhoods_104,NA,3,NA,NA,NA,nonres,2016,cerritos
neighborhoods_104,NA,4,NA,NA,NA,nonres,2016,cerritos
neighborhoods_104,NA,5,NA,NA,NA,nonres,2016,cerritos
neighborhoods_104,NA,6,NA,NA,NA,nonres,2016,cerritos
neighborhoods_104,NA,7,NA,NA,NA,nonres,2016,cerritos
neighborhoods_105,NA,1,NA,NA,NA,multi_family,2016,charter oak
neighborhoods_105,41741,2,masked,masked,masked,multi_family,2016,charter oak
neighborhoods_105,63490,3,masked,masked,masked,multi_family,2016,charter oak
neighborhoods_105,51385,4,880459.0000,440229.5000,16.3979,multi_family,2016,charter oak
neighborhoods_105,67416,5,masked,masked,masked,multi_family,2016,charter oak
neighborhoods_105,42976,6,masked,masked,masked,multi_family,2016,charter oak
neighborhoods_105,NA,7,NA,NA,NA,multi_family,2016,charter oak
neighborhoods_105,NA,1,NA,NA,NA,nonres,2016,charter oak
neighborhoods_105,90671,2,1727799.0000,53758.0000,11.8934,nonres,2016,charter oak
neighborhoods_105,84449,3,masked,masked,masked,nonres,2016,charter oak
neighborhoods_105,23850,4,masked,masked,masked,nonres,2016,charter oak
neighborhoods_105,NA,5,NA,NA,NA,nonres,2016,charter oak
neighborhoods_105,89189,6,masked,masked,masked,nonres,2016,charter oak
neighborhoods_105,NA,7,NA,NA,NA,nonres,2016,charter oak
neighborhoods_106,NA,1,NA,NA,NA,multi_family,2016,chatsworth
neighborhoods_106,147168,2,987204.1000,16799.4000,6.2997,multi_family,2016,chatsworth
neighborhoods_106,113574,3,691377.6000,98924.8000,6.5274,multi_family,2016,chatsworth
neighborhoods_106,343009,4,2101174.6000,145063.0000,6.0082,multi_family,2016,chatsworth
neighborhoods_106,100543,5,694483.5000,238286.6000,7.0326,multi_family,2016,chatsworth
neighborhoods_106,86996,6,552339.7000,276169.8500,6.3487,multi_family,2016,chatsworth
neighborhoods_106,329112,7,1916926.5000,327232.5500,5.9586,multi_family,2016,chatsworth
neighborhoods_106,0,1,3939961.6000,92405.4500,NA,nonres,2016,chatsworth
neighborhoods_106,644917,2,22225591.8000,58236.8000,15.0415,nonres,2016,chatsworth
neighborhoods_106,475170,3,6343997.1000,144318.6000,9.9168,nonres,2016,chatsworth
neighborhoods_106,405668,4,4544432.4000,217452.1000,8.7811,nonres,2016,chatsworth
neighborhoods_106,128819,5,masked,masked,masked,nonres,2016,chatsworth
neighborhoods_106,368546,6,masked,masked,masked,nonres,2016,chatsworth
neighborhoods_106,173368,7,masked,masked,masked,nonres,2016,chatsworth
neighborhoods_107,NA,1,NA,NA,NA,multi_family,2016,chatsworth reservoir
neighborhoods_107,NA,2,NA,NA,NA,multi_family,2016,chatsworth reservoir
neighborhoods_107,NA,3,NA,NA,NA,multi_family,2016,chatsworth reservoir
neighborhoods_107,NA,4,NA,NA,NA,multi_family,2016,chatsworth reservoir
neighborhoods_107,NA,5,NA,NA,NA,multi_family,2016,chatsworth reservoir
neighborhoods_107,NA,6,NA,NA,NA,multi_family,2016,chatsworth reservoir
neighborhoods_107,NA,7,NA,NA,NA,multi_family,2016,chatsworth reservoir
neighborhoods_107,NA,1,NA,NA,NA,nonres,2016,chatsworth reservoir
neighborhoods_107,9936,2,masked,masked,masked,nonres,2016,chatsworth reservoir
neighborhoods_107,NA,3,NA,NA,NA,nonres,2016,chatsworth reservoir
neighborhoods_107,NA,4,NA,NA,NA,nonres,2016,chatsworth reservoir
neighborhoods_107,NA,5,NA,NA,NA,nonres,2016,chatsworth reservoir
neighborhoods_107,NA,6,NA,NA,NA,nonres,2016,chatsworth reservoir
neighborhoods_107,NA,7,NA,NA,NA,nonres,2016,chatsworth reservoir
neighborhoods_108,NA,1,masked,masked,masked,multi_family,2016,chesterfield square
neighborhoods_108,761198,2,2879172.1000,7223.3000,3.6173,multi_family,2016,chesterfield square
neighborhoods_108,10840,3,masked,masked,masked,multi_family,2016,chesterfield square
neighborhoods_108,NA,4,NA,NA,NA,multi_family,2016,chesterfield square
neighborhoods_108,NA,5,NA,NA,NA,multi_family,2016,chesterfield square
neighborhoods_108,NA,6,NA,NA,NA,multi_family,2016,chesterfield square
neighborhoods_108,NA,7,NA,NA,NA,multi_family,2016,chesterfield square
neighborhoods_108,0,1,masked,masked,masked,nonres,2016,chesterfield square
neighborhoods_108,286847,2,masked,masked,masked,nonres,2016,chesterfield square
neighborhoods_108,106205,3,masked,masked,masked,nonres,2016,chesterfield square
neighborhoods_108,27222,4,masked,masked,masked,nonres,2016,chesterfield square
neighborhoods_108,NA,5,NA,NA,NA,nonres,2016,chesterfield square
neighborhoods_108,NA,6,NA,NA,NA,nonres,2016,chesterfield square
neighborhoods_108,57587,7,masked,masked,masked,nonres,2016,chesterfield square
neighborhoods_109,NA,1,NA,NA,NA,multi_family,2016,cheviot hills
neighborhoods_109,225876,2,728762.6000,8653.5000,3.2435,multi_family,2016,cheviot hills
neighborhoods_109,91100,3,296289.8000,53093.4000,3.4405,multi_family,2016,cheviot hills
neighborhoods_109,NA,4,NA,NA,NA,multi_family,2016,cheviot hills
neighborhoods_109,76363,5,masked,masked,masked,multi_family,2016,cheviot hills
neighborhoods_109,NA,6,NA,NA,NA,multi_family,2016,cheviot hills
neighborhoods_109,59369,7,masked,masked,masked,multi_family,2016,cheviot hills
neighborhoods_109,NA,1,NA,NA,NA,nonres,2016,cheviot hills
neighborhoods_109,150174,2,masked,masked,masked,nonres,2016,cheviot hills
neighborhoods_109,41596,3,masked,masked,masked,nonres,2016,cheviot hills
neighborhoods_109,29413,4,masked,masked,masked,nonres,2016,cheviot hills
neighborhoods_109,67626,5,masked,masked,masked,nonres,2016,cheviot hills
neighborhoods_109,NA,6,NA,NA,NA,nonres,2016,cheviot hills
neighborhoods_109,102440,7,masked,masked,masked,nonres,2016,cheviot hills
neighborhoods_110,NA,1,NA,NA,NA,multi_family,2016,chinatown
neighborhoods_110,763749,2,3094057.6000,13384.8000,3.3239,multi_family,2016,chinatown
neighborhoods_110,185683,3,575043.0000,38077.7000,3.1056,multi_family,2016,chinatown
neighborhoods_110,142224,4,590921.1000,107423.7000,4.3264,multi_family,2016,chinatown
neighborhoods_110,30380,5,masked,masked,masked,multi_family,2016,chinatown
neighborhoods_110,49406,6,masked,masked,masked,multi_family,2016,chinatown
neighborhoods_110,57229,7,masked,masked,masked,multi_family,2016,chinatown
neighborhoods_110,0,1,masked,masked,masked,nonres,2016,chinatown
neighborhoods_110,688623,2,masked,masked,masked,nonres,2016,chinatown
neighborhoods_110,518597,3,5967987.8000,108545.8000,7.3084,nonres,2016,chinatown
neighborhoods_110,237614,4,masked,masked,masked,nonres,2016,chinatown
neighborhoods_110,104796,5,masked,masked,masked,nonres,2016,chinatown
neighborhoods_110,135845,6,masked,masked,masked,nonres,2016,chinatown
neighborhoods_110,212906,7,masked,masked,masked,nonres,2016,chinatown
neighborhoods_111,NA,1,NA,NA,NA,multi_family,2016,citrus
neighborhoods_111,11966,2,masked,masked,masked,multi_family,2016,citrus
neighborhoods_111,NA,3,NA,NA,NA,multi_family,2016,citrus
neighborhoods_111,51256,4,masked,masked,masked,multi_family,2016,citrus
neighborhoods_111,NA,5,NA,NA,NA,multi_family,2016,citrus
neighborhoods_111,NA,6,NA,NA,NA,multi_family,2016,citrus
neighborhoods_111,NA,7,NA,NA,NA,multi_family,2016,citrus
neighborhoods_111,NA,1,NA,NA,NA,nonres,2016,citrus
neighborhoods_111,20338,2,masked,masked,masked,nonres,2016,citrus
neighborhoods_111,17655,3,masked,masked,masked,nonres,2016,citrus
neighborhoods_111,NA,4,NA,NA,NA,nonres,2016,citrus
neighborhoods_111,NA,5,NA,NA,NA,nonres,2016,citrus
neighborhoods_111,NA,6,NA,NA,NA,nonres,2016,citrus
neighborhoods_111,NA,7,NA,NA,NA,nonres,2016,citrus
neighborhoods_112,NA,1,masked,masked,masked,multi_family,2016,claremont
neighborhoods_112,724209,2,2211619.0000,6519.0000,2.5918,multi_family,2016,claremont
neighborhoods_112,98532,3,518592.0000,62580.0000,5.1648,multi_family,2016,claremont
neighborhoods_112,168092,4,561553.0000,90607.0000,3.7965,multi_family,2016,claremont
neighborhoods_112,NA,5,NA,NA,NA,multi_family,2016,claremont
neighborhoods_112,93034,6,masked,masked,masked,multi_family,2016,claremont
neighborhoods_112,110997,7,426757.0000,213378.5000,3.6753,multi_family,2016,claremont
neighborhoods_112,0,1,masked,masked,masked,nonres,2016,claremont
neighborhoods_112,655518,2,masked,masked,masked,nonres,2016,claremont
neighborhoods_112,408177,3,masked,masked,masked,nonres,2016,claremont
neighborhoods_112,193949,4,masked,masked,masked,nonres,2016,claremont
neighborhoods_112,214191,5,masked,masked,masked,nonres,2016,claremont
neighborhoods_112,88942,6,masked,masked,masked,nonres,2016,claremont
neighborhoods_112,438466,7,masked,masked,masked,nonres,2016,claremont
neighborhoods_113,NA,1,masked,masked,masked,multi_family,2016,commerce
neighborhoods_113,1121183,2,3549797.0000,4843.0000,2.4441,multi_family,2016,commerce
neighborhoods_113,45425,3,masked,masked,masked,multi_family,2016,commerce
neighborhoods_113,NA,4,NA,NA,NA,multi_family,2016,commerce
neighborhoods_113,NA,5,NA,NA,NA,multi_family,2016,commerce
neighborhoods_113,NA,6,NA,NA,NA,multi_family,2016,commerce
neighborhoods_113,151400,7,841877.5000,259281.0000,5.1199,multi_family,2016,commerce
neighborhoods_113,0,1,masked,masked,masked,nonres,2016,commerce
neighborhoods_113,465513,2,36544741.2000,24548.0000,9.3857,nonres,2016,commerce
neighborhoods_113,216444,3,masked,masked,masked,nonres,2016,commerce
neighborhoods_113,154986,4,masked,masked,masked,nonres,2016,commerce
neighborhoods_113,166720,5,masked,masked,masked,nonres,2016,commerce
neighborhoods_113,143819,6,masked,masked,masked,nonres,2016,commerce
neighborhoods_113,214122,7,masked,masked,masked,nonres,2016,commerce
neighborhoods_114,NA,1,NA,NA,NA,multi_family,2016,compton
neighborhoods_114,4924195,2,18824931.5000,7167.0000,3.5573,multi_family,2016,compton
neighborhoods_114,316730,3,1082919.0000,40729.0000,3.1591,multi_family,2016,compton
neighborhoods_114,96040,4,455538.0000,100563.5000,4.0311,multi_family,2016,compton
neighborhoods_114,NA,5,NA,NA,NA,multi_family,2016,compton
neighborhoods_114,41600,6,masked,masked,masked,multi_family,2016,compton
neighborhoods_114,59998,7,masked,masked,masked,multi_family,2016,compton
neighborhoods_114,0,1,masked,masked,masked,nonres,2016,compton
neighborhoods_114,2156957,2,39786461.0000,10901.5000,4.9447,nonres,2016,compton
neighborhoods_114,558924,3,2883100.0000,33188.0000,1.9577,nonres,2016,compton
neighborhoods_114,638966,4,masked,masked,masked,nonres,2016,compton
neighborhoods_114,514229,5,masked,masked,masked,nonres,2016,compton
neighborhoods_114,95490,6,masked,masked,masked,nonres,2016,compton
neighborhoods_114,223277,7,masked,masked,masked,nonres,2016,compton
neighborhoods_115,NA,1,masked,masked,masked,multi_family,2016,covina
neighborhoods_115,2084263,2,9245729.0000,13726.0000,4.1258,multi_family,2016,covina
neighborhoods_115,612049,3,3053934.5000,64220.0000,5.0878,multi_family,2016,covina
neighborhoods_115,268447,4,1543164.0000,126952.0000,5.5632,multi_family,2016,covina
neighborhoods_115,392529,5,2265402.0000,184387.5000,5.7994,multi_family,2016,covina
neighborhoods_115,257213,6,1123300.0000,214823.5000,4.8387,multi_family,2016,covina
neighborhoods_115,55407,7,masked,masked,masked,multi_family,2016,covina
neighborhoods_115,0,1,masked,masked,masked,nonres,2016,covina
neighborhoods_115,1770971,2,36887007.0000,22831.0000,7.8898,nonres,2016,covina
neighborhoods_115,1133312,3,masked,masked,masked,nonres,2016,covina
neighborhoods_115,507433,4,4143791.0000,160455.0000,6.9981,nonres,2016,covina
neighborhoods_115,317626,5,masked,masked,masked,nonres,2016,covina
neighborhoods_115,306725,6,masked,masked,masked,nonres,2016,covina
neighborhoods_115,496165,7,masked,masked,masked,nonres,2016,covina
neighborhoods_116,NA,1,masked,masked,masked,multi_family,2016,cudahy
neighborhoods_116,2456299,2,6357980.0000,7161.0000,2.2997,multi_family,2016,cudahy
neighborhoods_116,713578,3,2727215.0000,43251.0000,3.4159,multi_family,2016,cudahy
neighborhoods_116,472529,4,1474335.0000,66677.5000,2.6994,multi_family,2016,cudahy
neighborhoods_116,33180,5,masked,masked,masked,multi_family,2016,cudahy
neighborhoods_116,NA,6,NA,NA,NA,multi_family,2016,cudahy
neighborhoods_116,NA,7,NA,NA,NA,multi_family,2016,cudahy
neighborhoods_116,NA,1,NA,NA,NA,nonres,2016,cudahy
neighborhoods_116,114774,2,masked,masked,masked,nonres,2016,cudahy
neighborhoods_116,153527,3,masked,masked,masked,nonres,2016,cudahy
neighborhoods_116,52294,4,masked,masked,masked,nonres,2016,cudahy
neighborhoods_116,NA,5,NA,NA,NA,nonres,2016,cudahy
neighborhoods_116,NA,6,NA,NA,NA,nonres,2016,cudahy
neighborhoods_116,52023,7,masked,masked,masked,nonres,2016,cudahy
neighborhoods_117,NA,1,masked,masked,masked,multi_family,2016,culver city
neighborhoods_117,3901371,2,15068138.1000,8529.0000,3.5087,multi_family,2016,culver city
neighborhoods_117,163045,3,546998.8000,41499.5000,3.4607,multi_family,2016,culver city
neighborhoods_117,115520,4,538342.0000,129420.5000,4.4709,multi_family,2016,culver city
neighborhoods_117,308885,5,1273807.0000,137331.0000,4.2272,multi_family,2016,culver city
neighborhoods_117,42579,6,masked,masked,masked,multi_family,2016,culver city
neighborhoods_117,171749,7,754914.0000,260656.0000,4.5655,multi_family,2016,culver city
neighborhoods_117,0,1,1311337.0000,5946.5000,NA,nonres,2016,culver city
neighborhoods_117,2293265,2,61271456.7000,32570.0000,9.8869,nonres,2016,culver city
neighborhoods_117,1286346,3,17275637.7000,133294.5000,9.4044,nonres,2016,culver city
neighborhoods_117,713767,4,masked,masked,masked,nonres,2016,culver city
neighborhoods_117,708885,5,8501495.5000,403166.0000,12.5926,nonres,2016,culver city
neighborhoods_117,529487,6,masked,masked,masked,nonres,2016,culver city
neighborhoods_117,163413,7,masked,masked,masked,nonres,2016,culver city
neighborhoods_118,NA,1,masked,masked,masked,multi_family,2016,cypress park
neighborhoods_118,1112595,2,4833290.6000,7491.7000,3.9148,multi_family,2016,cypress park
neighborhoods_118,43801,3,masked,masked,masked,multi_family,2016,cypress park
neighborhoods_118,NA,4,NA,NA,NA,multi_family,2016,cypress park
neighborhoods_118,NA,5,NA,NA,NA,multi_family,2016,cypress park
neighborhoods_118,NA,6,NA,NA,NA,multi_family,2016,cypress park
neighborhoods_118,NA,7,NA,NA,NA,multi_family,2016,cypress park
neighborhoods_118,0,1,masked,masked,masked,nonres,2016,cypress park
neighborhoods_118,301051,2,masked,masked,masked,nonres,2016,cypress park
neighborhoods_118,74570,3,masked,masked,masked,nonres,2016,cypress park
neighborhoods_118,26030,4,masked,masked,masked,nonres,2016,cypress park
neighborhoods_118,NA,5,NA,NA,NA,nonres,2016,cypress park
neighborhoods_118,42172,6,masked,masked,masked,nonres,2016,cypress park
neighborhoods_118,NA,7,NA,NA,NA,nonres,2016,cypress park
neighborhoods_119,NA,1,NA,NA,NA,multi_family,2016,del aire
neighborhoods_119,179294,2,1278362.0000,6507.0000,3.8679,multi_family,2016,del aire
neighborhoods_119,NA,3,NA,NA,NA,multi_family,2016,del aire
neighborhoods_119,NA,4,NA,NA,NA,multi_family,2016,del aire
neighborhoods_119,NA,5,NA,NA,NA,multi_family,2016,del aire
neighborhoods_119,NA,6,NA,NA,NA,multi_family,2016,del aire
neighborhoods_119,NA,7,NA,NA,NA,multi_family,2016,del aire
neighborhoods_119,0,1,masked,masked,masked,nonres,2016,del aire
neighborhoods_119,110132,2,masked,masked,masked,nonres,2016,del aire
neighborhoods_119,49205,3,masked,masked,masked,nonres,2016,del aire
neighborhoods_119,NA,4,NA,NA,NA,nonres,2016,del aire
neighborhoods_119,NA,5,NA,NA,NA,nonres,2016,del aire
neighborhoods_119,NA,6,NA,NA,NA,nonres,2016,del aire
neighborhoods_119,NA,7,NA,NA,NA,nonres,2016,del aire
neighborhoods_120,NA,1,masked,masked,masked,multi_family,2016,del rey
neighborhoods_120,1888465,2,8006082.8000,9632.7500,3.7030,multi_family,2016,del rey
neighborhoods_120,467609,3,2039719.8000,52673.5500,4.3498,multi_family,2016,del rey
neighborhoods_120,214060,4,2723871.8000,125573.0000,4.9353,multi_family,2016,del rey
neighborhoods_120,139572,5,703434.9000,163989.3500,4.8331,multi_family,2016,del rey
neighborhoods_120,91953,6,364300.0000,182150.0000,3.9622,multi_family,2016,del rey
neighborhoods_120,56020,7,masked,masked,masked,multi_family,2016,del rey
neighborhoods_120,0,1,305021.9000,35455.2000,NA,nonres,2016,del rey
neighborhoods_120,348143,2,14076094.0000,43684.0000,16.4261,nonres,2016,del rey
neighborhoods_120,213863,3,2513961.0000,54523.7000,4.1477,nonres,2016,del rey
neighborhoods_120,237284,4,masked,masked,masked,nonres,2016,del rey
neighborhoods_120,69098,5,masked,masked,masked,nonres,2016,del rey
neighborhoods_120,134762,6,masked,masked,masked,nonres,2016,del rey
neighborhoods_120,108365,7,masked,masked,masked,nonres,2016,del rey
neighborhoods_121,NA,1,NA,NA,NA,multi_family,2016,desert view highlands
neighborhoods_121,29349,2,masked,masked,masked,multi_family,2016,desert view highlands
neighborhoods_121,NA,3,NA,NA,NA,multi_family,2016,desert view highlands
neighborhoods_121,NA,4,NA,NA,NA,multi_family,2016,desert view highlands
neighborhoods_121,NA,5,NA,NA,NA,multi_family,2016,desert view highlands
neighborhoods_121,NA,6,NA,NA,NA,multi_family,2016,desert view highlands
neighborhoods_121,NA,7,NA,NA,NA,multi_family,2016,desert view highlands
neighborhoods_121,NA,1,NA,NA,NA,nonres,2016,desert view highlands
neighborhoods_121,10183,2,masked,masked,masked,nonres,2016,desert view highlands
neighborhoods_121,NA,3,NA,NA,NA,nonres,2016,desert view highlands
neighborhoods_121,NA,4,NA,NA,NA,nonres,2016,desert view highlands
neighborhoods_121,NA,5,NA,NA,NA,nonres,2016,desert view highlands
neighborhoods_121,NA,6,NA,NA,NA,nonres,2016,desert view highlands
neighborhoods_121,NA,7,NA,NA,NA,nonres,2016,desert view highlands
neighborhoods_122,0,1,masked,masked,masked,multi_family,2016,diamond bar
neighborhoods_122,50557,2,masked,masked,masked,multi_family,2016,diamond bar
neighborhoods_122,NA,3,NA,NA,NA,multi_family,2016,diamond bar
neighborhoods_122,NA,4,NA,NA,NA,multi_family,2016,diamond bar
neighborhoods_122,NA,5,NA,NA,NA,multi_family,2016,diamond bar
neighborhoods_122,NA,6,NA,NA,NA,multi_family,2016,diamond bar
neighborhoods_122,NA,7,NA,NA,NA,multi_family,2016,diamond bar
neighborhoods_122,0,1,1464014.0000,5286.0000,NA,nonres,2016,diamond bar
neighborhoods_122,419446,2,masked,masked,masked,nonres,2016,diamond bar
neighborhoods_122,466473,3,masked,masked,masked,nonres,2016,diamond bar
neighborhoods_122,332834,4,masked,masked,masked,nonres,2016,diamond bar
neighborhoods_122,277051,5,masked,masked,masked,nonres,2016,diamond bar
neighborhoods_122,260910,6,masked,masked,masked,nonres,2016,diamond bar
neighborhoods_122,482569,7,masked,masked,masked,nonres,2016,diamond bar
neighborhoods_123,NA,1,NA,NA,NA,multi_family,2016,downey
neighborhoods_123,5832094,2,19437060.0000,6601.0000,2.7163,multi_family,2016,downey
neighborhoods_123,2319934,3,10708575.0000,60497.0000,4.4908,multi_family,2016,downey
neighborhoods_123,1328434,4,5987649.0000,118287.0000,4.4641,multi_family,2016,downey
neighborhoods_123,485261,5,2118982.0000,160092.0000,4.6122,multi_family,2016,downey
neighborhoods_123,347171,6,1404662.0000,188041.5000,4.2275,multi_family,2016,downey
neighborhoods_123,334941,7,1620254.0000,264716.0000,4.9438,multi_family,2016,downey
neighborhoods_123,0,1,masked,masked,masked,nonres,2016,downey
neighborhoods_123,2121410,2,masked,masked,masked,nonres,2016,downey
neighborhoods_123,1301381,3,15026208.0000,75826.0000,5.3941,nonres,2016,downey
neighborhoods_123,1063330,4,11267479.0000,192414.0000,7.8201,nonres,2016,downey
neighborhoods_123,677254,5,16124203.0000,305199.5000,9.2137,nonres,2016,downey
neighborhoods_123,432454,6,masked,masked,masked,nonres,2016,downey
neighborhoods_123,277953,7,masked,masked,masked,nonres,2016,downey
neighborhoods_124,0,1,masked,masked,masked,multi_family,2016,downtown
neighborhoods_124,120077,2,23029868.2000,35186.0000,7.3728,multi_family,2016,downtown
neighborhoods_124,202183,3,3103242.1000,72957.8500,3.9845,multi_family,2016,downtown
neighborhoods_124,162803,4,6015902.2000,139529.7000,5.9392,multi_family,2016,downtown
neighborhoods_124,110206,5,masked,masked,masked,multi_family,2016,downtown
neighborhoods_124,352562,6,3289611.4000,382264.4000,8.9504,multi_family,2016,downtown
neighborhoods_124,340605,7,2669488.5000,456169.5000,8.2588,multi_family,2016,downtown
neighborhoods_124,0,1,masked,masked,masked,nonres,2016,downtown
neighborhoods_124,3683083,2,412079675.0000,36624.8000,7.2014,nonres,2016,downtown
neighborhoods_124,3822053,3,39501603.9000,75349.6000,4.9522,nonres,2016,downtown
neighborhoods_124,2376741,4,15929962.1000,137803.1000,5.1548,nonres,2016,downtown
neighborhoods_124,1790667,5,16555438.6000,201629.9000,5.9421,nonres,2016,downtown
neighborhoods_124,1485380,6,masked,masked,masked,nonres,2016,downtown
neighborhoods_124,1323482,7,masked,masked,masked,nonres,2016,downtown
neighborhoods_125,0,1,masked,masked,masked,multi_family,2016,duarte
neighborhoods_125,140979,2,528323.0000,9011.5000,4.4469,multi_family,2016,duarte
neighborhoods_125,150354,3,1149320.0000,103190.5000,6.1290,multi_family,2016,duarte
neighborhoods_125,71205,4,masked,masked,masked,multi_family,2016,duarte
neighborhoods_125,98126,5,masked,masked,masked,multi_family,2016,duarte
neighborhoods_125,NA,6,NA,NA,NA,multi_family,2016,duarte
neighborhoods_125,53168,7,351843.0000,351843.0000,6.6176,multi_family,2016,duarte
neighborhoods_125,0,1,masked,masked,masked,nonres,2016,duarte
neighborhoods_125,361436,2,masked,masked,masked,nonres,2016,duarte
neighborhoods_125,243353,3,masked,masked,masked,nonres,2016,duarte
neighborhoods_125,199919,4,masked,masked,masked,nonres,2016,duarte
neighborhoods_125,71632,5,masked,masked,masked,nonres,2016,duarte
neighborhoods_125,87722,6,masked,masked,masked,nonres,2016,duarte
neighborhoods_125,51520,7,masked,masked,masked,nonres,2016,duarte
neighborhoods_126,NA,1,NA,NA,NA,multi_family,2016,eagle rock
neighborhoods_126,2544178,2,11333518.6000,8862.3000,4.1504,multi_family,2016,eagle rock
neighborhoods_126,340106,3,1615198.1000,64438.4000,4.5272,multi_family,2016,eagle rock
neighborhoods_126,98269,4,masked,masked,masked,multi_family,2016,eagle rock
neighborhoods_126,239504,5,1133030.8000,175072.3000,4.9657,multi_family,2016,eagle rock
neighborhoods_126,140740,6,658834.7000,225067.6000,5.2099,multi_family,2016,eagle rock
neighborhoods_126,55073,7,masked,masked,masked,multi_family,2016,eagle rock
neighborhoods_126,0,1,masked,masked,masked,nonres,2016,eagle rock
neighborhoods_126,1170536,2,21164730.7000,24521.8500,7.6124,nonres,2016,eagle rock
neighborhoods_126,496370,3,5453360.9000,102814.6000,7.4798,nonres,2016,eagle rock
neighborhoods_126,182289,4,masked,masked,masked,nonres,2016,eagle rock
neighborhoods_126,68979,5,masked,masked,masked,nonres,2016,eagle rock
neighborhoods_126,87579,6,masked,masked,masked,nonres,2016,eagle rock
neighborhoods_126,NA,7,NA,NA,NA,nonres,2016,eagle rock
neighborhoods_127,NA,1,masked,masked,masked,multi_family,2016,east compton
neighborhoods_127,615948,2,2661182.5000,8687.0000,4.4672,multi_family,2016,east compton
neighborhoods_127,33201,3,masked,masked,masked,multi_family,2016,east compton
neighborhoods_127,NA,4,NA,NA,NA,multi_family,2016,east compton
neighborhoods_127,NA,5,NA,NA,NA,multi_family,2016,east compton
neighborhoods_127,NA,6,NA,NA,NA,multi_family,2016,east compton
neighborhoods_127,NA,7,NA,NA,NA,multi_family,2016,east compton
neighborhoods_127,0,1,masked,masked,masked,nonres,2016,east compton
neighborhoods_127,208250,2,2317270.0000,9259.0000,5.7500,nonres,2016,east compton
neighborhoods_127,29172,3,masked,masked,masked,nonres,2016,east compton
neighborhoods_127,75305,4,masked,masked,masked,nonres,2016,east compton
neighborhoods_127,NA,5,NA,NA,NA,nonres,2016,east compton
neighborhoods_127,NA,6,NA,NA,NA,nonres,2016,east compton
neighborhoods_127,NA,7,NA,NA,NA,nonres,2016,east compton
neighborhoods_128,0,1,masked,masked,masked,multi_family,2016,east hollywood
neighborhoods_128,9598918,2,37865765.2000,13360.7000,3.6958,multi_family,2016,east hollywood
neighborhoods_128,3174484,3,13565133.8000,55077.8000,4.1579,multi_family,2016,east hollywood
neighborhoods_128,1578933,4,7855832.3000,112777.9000,4.8382,multi_family,2016,east hollywood
neighborhoods_128,843839,5,3708998.7000,163144.4000,4.5900,multi_family,2016,east hollywood
neighborhoods_128,410271,6,2058842.8000,221132.2000,5.0851,multi_family,2016,east hollywood
neighborhoods_128,214772,7,masked,masked,masked,multi_family,2016,east hollywood
neighborhoods_128,0,1,masked,masked,masked,nonres,2016,east hollywood
neighborhoods_128,2014255,2,masked,masked,masked,nonres,2016,east hollywood
neighborhoods_128,964300,3,masked,masked,masked,nonres,2016,east hollywood
neighborhoods_128,492024,4,masked,masked,masked,nonres,2016,east hollywood
neighborhoods_128,351297,5,masked,masked,masked,nonres,2016,east hollywood
neighborhoods_128,216568,6,masked,masked,masked,nonres,2016,east hollywood
neighborhoods_128,221357,7,masked,masked,masked,nonres,2016,east hollywood
neighborhoods_129,NA,1,NA,NA,NA,multi_family,2016,east la mirada
neighborhoods_129,184111,2,941664.0000,22672.5000,4.7531,multi_family,2016,east la mirada
neighborhoods_129,152292,3,701227.0000,64888.5000,4.6080,multi_family,2016,east la mirada
neighborhoods_129,58405,4,masked,masked,masked,multi_family,2016,east la mirada
neighborhoods_129,NA,5,NA,NA,NA,multi_family,2016,east la mirada
neighborhoods_129,48792,6,masked,masked,masked,multi_family,2016,east la mirada
neighborhoods_129,112801,7,694258.0000,347129.0000,6.1310,multi_family,2016,east la mirada
neighborhoods_129,NA,1,NA,NA,NA,nonres,2016,east la mirada
neighborhoods_129,10389,2,masked,masked,masked,nonres,2016,east la mirada
neighborhoods_129,53850,3,masked,masked,masked,nonres,2016,east la mirada
neighborhoods_129,20410,4,491073.0000,491073.0000,24.0604,nonres,2016,east la mirada
neighborhoods_129,NA,5,NA,NA,NA,nonres,2016,east la mirada
neighborhoods_129,NA,6,NA,NA,NA,nonres,2016,east la mirada
neighborhoods_129,NA,7,NA,NA,NA,nonres,2016,east la mirada
neighborhoods_130,NA,1,masked,masked,masked,multi_family,2016,east los angeles
neighborhoods_130,14694764,2,69212427.3000,8690.0000,4.4882,multi_family,2016,east los angeles
neighborhoods_130,177519,3,644104.0000,35959.0000,3.2178,multi_family,2016,east los angeles
neighborhoods_130,100357,4,452663.0000,145375.5000,5.3445,multi_family,2016,east los angeles
neighborhoods_130,NA,5,NA,NA,NA,multi_family,2016,east los angeles
neighborhoods_130,88631,6,masked,masked,masked,multi_family,2016,east los angeles
neighborhoods_130,106062,7,406068.0000,203034.0000,3.8290,multi_family,2016,east los angeles
neighborhoods_130,0,1,masked,masked,masked,nonres,2016,east los angeles
neighborhoods_130,4192347,2,87657361.2000,16450.0000,6.6243,nonres,2016,east los angeles
neighborhoods_130,833928,3,6797772.0000,82134.0000,5.2745,nonres,2016,east los angeles
neighborhoods_130,448970,4,masked,masked,masked,nonres,2016,east los angeles
neighborhoods_130,136230,5,masked,masked,masked,nonres,2016,east los angeles
neighborhoods_130,90058,6,masked,masked,masked,nonres,2016,east los angeles
neighborhoods_130,109200,7,masked,masked,masked,nonres,2016,east los angeles
neighborhoods_131,NA,1,NA,NA,NA,multi_family,2016,east pasadena
neighborhoods_131,281975,2,1341116.0000,9524.5000,4.6459,multi_family,2016,east pasadena
neighborhoods_131,10010,3,masked,masked,masked,multi_family,2016,east pasadena
neighborhoods_131,23064,4,masked,masked,masked,multi_family,2016,east pasadena
neighborhoods_131,32805,5,masked,masked,masked,multi_family,2016,east pasadena
neighborhoods_131,NA,6,NA,NA,NA,multi_family,2016,east pasadena
neighborhoods_131,NA,7,NA,NA,NA,multi_family,2016,east pasadena
neighborhoods_131,NA,1,NA,NA,NA,nonres,2016,east pasadena
neighborhoods_131,506457,2,8258067.0000,20905.0000,6.6088,nonres,2016,east pasadena
neighborhoods_131,150787,3,masked,masked,masked,nonres,2016,east pasadena
neighborhoods_131,156698,4,masked,masked,masked,nonres,2016,east pasadena
neighborhoods_131,111680,5,masked,masked,masked,nonres,2016,east pasadena
neighborhoods_131,84698,6,masked,masked,masked,nonres,2016,east pasadena
neighborhoods_131,NA,7,NA,NA,NA,nonres,2016,east pasadena
neighborhoods_132,NA,1,masked,masked,masked,multi_family,2016,east san gabriel
neighborhoods_132,964424,2,4521277.0000,11764.0000,4.3452,multi_family,2016,east san gabriel
neighborhoods_132,339221,3,1697072.0000,61475.5000,4.7363,multi_family,2016,east san gabriel
neighborhoods_132,465152,4,2003538.0000,108405.0000,4.1717,multi_family,2016,east san gabriel
neighborhoods_132,411957,5,1855062.0000,161220.5000,4.5245,multi_family,2016,east san gabriel
neighborhoods_132,NA,6,NA,NA,NA,multi_family,2016,east san gabriel
neighborhoods_132,51226,7,masked,masked,masked,multi_family,2016,east san gabriel
neighborhoods_132,NA,1,NA,NA,NA,nonres,2016,east san gabriel
neighborhoods_132,111822,2,masked,masked,masked,nonres,2016,east san gabriel
neighborhoods_132,87294,3,masked,masked,masked,nonres,2016,east san gabriel
neighborhoods_132,72743,4,masked,masked,masked,nonres,2016,east san gabriel
neighborhoods_132,34004,5,masked,masked,masked,nonres,2016,east san gabriel
neighborhoods_132,NA,6,NA,NA,NA,nonres,2016,east san gabriel
neighborhoods_132,57692,7,masked,masked,masked,nonres,2016,east san gabriel
neighborhoods_133,NA,1,NA,NA,NA,multi_family,2016,echo park
neighborhoods_133,6747417,2,25246420.7000,9093.3000,3.5507,multi_family,2016,echo park
neighborhoods_133,467574,3,1990213.3000,55239.0000,4.1521,multi_family,2016,echo park
neighborhoods_133,151382,4,697105.6000,112188.0000,4.4771,multi_family,2016,echo park
neighborhoods_133,165787,5,938895.1000,179390.2000,5.7947,multi_family,2016,echo park
neighborhoods_133,214662,6,1020824.1000,247419.5000,5.7154,multi_family,2016,echo park
neighborhoods_133,220173,7,892811.8000,221241.2000,4.2125,multi_family,2016,echo park
neighborhoods_133,0,1,masked,masked,masked,nonres,2016,echo park
neighborhoods_133,1040210,2,20182475.1000,21269.7000,7.3445,nonres,2016,echo park
neighborhoods_133,470227,3,masked,masked,masked,nonres,2016,echo park
neighborhoods_133,150034,4,masked,masked,masked,nonres,2016,echo park
neighborhoods_133,72300,5,masked,masked,masked,nonres,2016,echo park
neighborhoods_133,184794,6,masked,masked,masked,nonres,2016,echo park
neighborhoods_133,NA,7,NA,NA,NA,nonres,2016,echo park
neighborhoods_134,NA,1,NA,NA,NA,multi_family,2016,elizabeth lake
neighborhoods_134,NA,2,NA,NA,NA,multi_family,2016,elizabeth lake
neighborhoods_134,NA,3,NA,NA,NA,multi_family,2016,elizabeth lake
neighborhoods_134,NA,4,NA,NA,NA,multi_family,2016,elizabeth lake
neighborhoods_134,NA,5,NA,NA,NA,multi_family,2016,elizabeth lake
neighborhoods_134,NA,6,NA,NA,NA,multi_family,2016,elizabeth lake
neighborhoods_134,NA,7,NA,NA,NA,multi_family,2016,elizabeth lake
neighborhoods_134,NA,1,NA,NA,NA,nonres,2016,elizabeth lake
neighborhoods_134,17173,2,masked,masked,masked,nonres,2016,elizabeth lake
neighborhoods_134,10020,3,masked,masked,masked,nonres,2016,elizabeth lake
neighborhoods_134,NA,4,NA,NA,NA,nonres,2016,elizabeth lake
neighborhoods_134,NA,5,NA,NA,NA,nonres,2016,elizabeth lake
neighborhoods_134,NA,6,NA,NA,NA,nonres,2016,elizabeth lake
neighborhoods_134,NA,7,NA,NA,NA,nonres,2016,elizabeth lake
neighborhoods_135,0,1,masked,masked,masked,multi_family,2016,el monte
neighborhoods_135,7904553,2,24731037.8000,6817.0000,2.6991,multi_family,2016,el monte
neighborhoods_135,1622553,3,6812458.9000,58435.0000,4.3183,multi_family,2016,el monte
neighborhoods_135,496768,4,1890826.0000,111593.5000,4.2662,multi_family,2016,el monte
neighborhoods_135,208766,5,859290.0000,135997.0000,3.6956,multi_family,2016,el monte
neighborhoods_135,173097,6,515871.0000,132765.5000,3.0041,multi_family,2016,el monte
neighborhoods_135,56195,7,masked,masked,masked,multi_family,2016,el monte
neighborhoods_135,0,1,masked,masked,masked,nonres,2016,el monte
neighborhoods_135,2411612,2,54835760.7000,16725.0000,6.8557,nonres,2016,el monte
neighborhoods_135,1132529,3,8761132.0000,51455.0000,3.6384,nonres,2016,el monte
neighborhoods_135,755807,4,masked,masked,masked,nonres,2016,el monte
neighborhoods_135,618524,5,2949751.0000,138352.0000,4.1560,nonres,2016,el monte
neighborhoods_135,223664,6,masked,masked,masked,nonres,2016,el monte
neighborhoods_135,272934,7,masked,masked,masked,nonres,2016,el monte
neighborhoods_136,NA,1,masked,masked,masked,multi_family,2016,el segundo
neighborhoods_136,2614233,2,8980459.5000,9620.0000,3.1495,multi_family,2016,el segundo
neighborhoods_136,446522,3,1697774.0000,47654.0000,3.6686,multi_family,2016,el segundo
neighborhoods_136,195653,4,725241.0000,95327.5000,3.7973,multi_family,2016,el segundo
neighborhoods_136,30326,5,masked,masked,masked,multi_family,2016,el segundo
neighborhoods_136,NA,6,NA,NA,NA,multi_family,2016,el segundo
neighborhoods_136,NA,7,NA,NA,NA,multi_family,2016,el segundo
neighborhoods_136,0,1,masked,masked,masked,nonres,2016,el segundo
neighborhoods_136,626769,2,masked,masked,masked,nonres,2016,el segundo
neighborhoods_136,282273,3,4354758.0000,147772.0000,11.0034,nonres,2016,el segundo
neighborhoods_136,224412,4,masked,masked,masked,nonres,2016,el segundo
neighborhoods_136,69726,5,masked,masked,masked,nonres,2016,el segundo
neighborhoods_136,538311,6,masked,masked,masked,nonres,2016,el segundo
neighborhoods_136,268336,7,masked,masked,masked,nonres,2016,el segundo
neighborhoods_137,NA,1,NA,NA,NA,multi_family,2016,el sereno
neighborhoods_137,2922308,2,18185455.1000,8458.6000,4.0015,multi_family,2016,el sereno
neighborhoods_137,316217,3,1589772.4000,62138.0000,4.5666,multi_family,2016,el sereno
neighborhoods_137,167871,4,753428.2000,113557.7000,4.5750,multi_family,2016,el sereno
neighborhoods_137,100854,5,528040.1000,180176.8000,5.0849,multi_family,2016,el sereno
neighborhoods_137,NA,6,NA,NA,NA,multi_family,2016,el sereno
neighborhoods_137,57110,7,260383.6000,260383.6000,4.5593,multi_family,2016,el sereno
neighborhoods_137,0,1,masked,masked,masked,nonres,2016,el sereno
neighborhoods_137,961554,2,masked,masked,masked,nonres,2016,el sereno
neighborhoods_137,86157,3,1250701.5000,180805.2500,14.3014,nonres,2016,el sereno
neighborhoods_137,129817,4,masked,masked,masked,nonres,2016,el sereno
neighborhoods_137,101756,5,masked,masked,masked,nonres,2016,el sereno
neighborhoods_137,46938,6,masked,masked,masked,nonres,2016,el sereno
neighborhoods_137,NA,7,NA,NA,NA,nonres,2016,el sereno
neighborhoods_138,NA,1,NA,NA,NA,multi_family,2016,elysian park
neighborhoods_138,428254,2,1469229.4000,9247.8000,3.2209,multi_family,2016,elysian park
neighborhoods_138,78876,3,masked,masked,masked,multi_family,2016,elysian park
neighborhoods_138,25966,4,masked,masked,masked,multi_family,2016,elysian park
neighborhoods_138,NA,5,NA,NA,NA,multi_family,2016,elysian park
neighborhoods_138,NA,6,NA,NA,NA,multi_family,2016,elysian park
neighborhoods_138,NA,7,NA,NA,NA,multi_family,2016,elysian park
neighborhoods_138,0,1,masked,masked,masked,nonres,2016,elysian park
neighborhoods_138,79222,2,masked,masked,masked,nonres,2016,elysian park
neighborhoods_138,10408,3,masked,masked,masked,nonres,2016,elysian park
neighborhoods_138,50648,4,masked,masked,masked,nonres,2016,elysian park
neighborhoods_138,NA,5,NA,NA,NA,nonres,2016,elysian park
neighborhoods_138,NA,6,NA,NA,NA,nonres,2016,elysian park
neighborhoods_138,109658,7,masked,masked,masked,nonres,2016,elysian park
neighborhoods_139,NA,1,NA,NA,NA,multi_family,2016,elysian valley
neighborhoods_139,856808,2,3513103.4000,7619.3000,4.0299,multi_family,2016,elysian valley
neighborhoods_139,NA,3,NA,NA,NA,multi_family,2016,elysian valley
neighborhoods_139,NA,4,NA,NA,NA,multi_family,2016,elysian valley
neighborhoods_139,NA,5,NA,NA,NA,multi_family,2016,elysian valley
neighborhoods_139,NA,6,NA,NA,NA,multi_family,2016,elysian valley
neighborhoods_139,NA,7,NA,NA,NA,multi_family,2016,elysian valley
neighborhoods_139,0,1,masked,masked,masked,nonres,2016,elysian valley
neighborhoods_139,85202,2,masked,masked,masked,nonres,2016,elysian valley
neighborhoods_139,41230,3,masked,masked,masked,nonres,2016,elysian valley
neighborhoods_139,NA,4,NA,NA,NA,nonres,2016,elysian valley
neighborhoods_139,NA,5,NA,NA,NA,nonres,2016,elysian valley
neighborhoods_139,NA,6,NA,NA,NA,nonres,2016,elysian valley
neighborhoods_139,51380,7,masked,masked,masked,nonres,2016,elysian valley
neighborhoods_140,NA,1,NA,NA,NA,multi_family,2016,encino
neighborhoods_140,180544,2,1160883.1000,28342.0000,4.8220,multi_family,2016,encino
neighborhoods_140,336609,3,1851814.3000,90070.8000,5.2008,multi_family,2016,encino
neighborhoods_140,462359,4,2620950.6000,136519.9000,5.5483,multi_family,2016,encino
neighborhoods_140,517676,5,3319179.6000,205085.3000,5.9793,multi_family,2016,encino
neighborhoods_140,404080,6,2171795.5000,250623.9000,5.5580,multi_family,2016,encino
neighborhoods_140,486963,7,2774706.5000,311669.1000,5.4087,multi_family,2016,encino
neighborhoods_140,0,1,masked,masked,masked,nonres,2016,encino
neighborhoods_140,668531,2,23092050.9000,72449.6500,15.3368,nonres,2016,encino
neighborhoods_140,382618,3,4544544.3000,97768.8000,6.4787,nonres,2016,encino
neighborhoods_140,312504,4,masked,masked,masked,nonres,2016,encino
neighborhoods_140,578948,5,masked,masked,masked,nonres,2016,encino
neighborhoods_140,298918,6,masked,masked,masked,nonres,2016,encino
neighborhoods_140,218333,7,masked,masked,masked,nonres,2016,encino
neighborhoods_141,NA,1,NA,NA,NA,multi_family,2016,exposition park
neighborhoods_141,5305915,2,20315781.0000,8314.8000,3.5841,multi_family,2016,exposition park
neighborhoods_141,392826,3,1741888.4000,44963.1000,3.9004,multi_family,2016,exposition park
neighborhoods_141,117235,4,573277.5000,94427.0000,4.2466,multi_family,2016,exposition park
neighborhoods_141,69148,5,masked,masked,masked,multi_family,2016,exposition park
neighborhoods_141,88992,6,303950.1000,151975.0500,3.4162,multi_family,2016,exposition park
neighborhoods_141,56678,7,masked,masked,masked,multi_family,2016,exposition park
neighborhoods_141,NA,1,NA,NA,NA,nonres,2016,exposition park
neighborhoods_141,640847,2,masked,masked,masked,nonres,2016,exposition park
neighborhoods_141,119473,3,masked,masked,masked,nonres,2016,exposition park
neighborhoods_141,214133,4,masked,masked,masked,nonres,2016,exposition park
neighborhoods_141,72605,5,masked,masked,masked,nonres,2016,exposition park
neighborhoods_141,87201,6,masked,masked,masked,nonres,2016,exposition park
neighborhoods_141,NA,7,NA,NA,NA,nonres,2016,exposition park
neighborhoods_142,NA,1,NA,NA,NA,multi_family,2016,fairfax
neighborhoods_142,4109097,2,14841132.3000,13838.8000,3.5127,multi_family,2016,fairfax
neighborhoods_142,287062,3,1053440.9000,41583.9000,3.6359,multi_family,2016,fairfax
neighborhoods_142,NA,4,NA,NA,NA,multi_family,2016,fairfax
neighborhoods_142,69736,5,masked,masked,masked,multi_family,2016,fairfax
neighborhoods_142,40237,6,masked,masked,masked,multi_family,2016,fairfax
neighborhoods_142,NA,7,NA,NA,NA,multi_family,2016,fairfax
neighborhoods_142,0,1,masked,masked,masked,nonres,2016,fairfax
neighborhoods_142,1180060,2,21475830.5000,44682.4000,9.5704,nonres,2016,fairfax
neighborhoods_142,449891,3,6292274.4000,153955.1000,10.6165,nonres,2016,fairfax
neighborhoods_142,95578,4,masked,masked,masked,nonres,2016,fairfax
neighborhoods_142,163446,5,masked,masked,masked,nonres,2016,fairfax
neighborhoods_142,NA,6,NA,NA,NA,nonres,2016,fairfax
neighborhoods_142,51089,7,masked,masked,masked,nonres,2016,fairfax
neighborhoods_143,NA,1,NA,NA,NA,multi_family,2016,florence
neighborhoods_143,6066099,2,24918211.7000,7573.2500,3.9224,multi_family,2016,florence
neighborhoods_143,170119,3,745998.9000,42517.6500,3.8023,multi_family,2016,florence
neighborhoods_143,29694,4,masked,masked,masked,multi_family,2016,florence
neighborhoods_143,35360,5,masked,masked,masked,multi_family,2016,florence
neighborhoods_143,NA,6,NA,NA,NA,multi_family,2016,florence
neighborhoods_143,57680,7,masked,masked,masked,multi_family,2016,florence
neighborhoods_143,0,1,masked,masked,masked,nonres,2016,florence
neighborhoods_143,1768131,2,30032478.0000,14395.4000,5.4656,nonres,2016,florence
neighborhoods_143,196622,3,masked,masked,masked,nonres,2016,florence
neighborhoods_143,117863,4,masked,masked,masked,nonres,2016,florence
neighborhoods_143,69696,5,masked,masked,masked,nonres,2016,florence
neighborhoods_143,81573,6,masked,masked,masked,nonres,2016,florence
neighborhoods_143,NA,7,NA,NA,NA,nonres,2016,florence
neighborhoods_144,NA,1,NA,NA,NA,multi_family,2016,florence-firestone
neighborhoods_144,6353558,2,29242934.1000,7808.0000,4.2951,multi_family,2016,florence-firestone
neighborhoods_144,74085,3,masked,masked,masked,multi_family,2016,florence-firestone
neighborhoods_144,NA,4,NA,NA,NA,multi_family,2016,florence-firestone
neighborhoods_144,37392,5,masked,masked,masked,multi_family,2016,florence-firestone
neighborhoods_144,NA,6,NA,NA,NA,multi_family,2016,florence-firestone
neighborhoods_144,NA,7,NA,NA,NA,multi_family,2016,florence-firestone
neighborhoods_144,0,1,masked,masked,masked,nonres,2016,florence-firestone
neighborhoods_144,1565545,2,30616679.7000,14864.5000,7.0208,nonres,2016,florence-firestone
neighborhoods_144,342457,3,3463358.2000,81259.0000,6.1658,nonres,2016,florence-firestone
neighborhoods_144,21300,4,masked,masked,masked,nonres,2016,florence-firestone
neighborhoods_144,102760,5,masked,masked,masked,nonres,2016,florence-firestone
neighborhoods_144,NA,6,NA,NA,NA,nonres,2016,florence-firestone
neighborhoods_144,NA,7,NA,NA,NA,nonres,2016,florence-firestone
neighborhoods_145,NA,1,NA,NA,NA,multi_family,2016,gardena
neighborhoods_145,5472300,2,19233029.5000,9717.0000,3.2291,multi_family,2016,gardena
neighborhoods_145,1359659,3,5228315.0000,51086.0000,3.7174,multi_family,2016,gardena
neighborhoods_145,401607,4,1808950.0000,103889.0000,4.5138,multi_family,2016,gardena
neighborhoods_145,211862,5,1512013.0000,271666.5000,7.7369,multi_family,2016,gardena
neighborhoods_145,85764,6,masked,masked,masked,multi_family,2016,gardena
neighborhoods_145,59928,7,masked,masked,masked,multi_family,2016,gardena
neighborhoods_145,0,1,masked,masked,masked,nonres,2016,gardena
neighborhoods_145,1804451,2,30281464.0000,15643.5000,5.3831,nonres,2016,gardena
neighborhoods_145,945294,3,9854031.0000,60458.0000,4.6535,nonres,2016,gardena
neighborhoods_145,554731,4,masked,masked,masked,nonres,2016,gardena
neighborhoods_145,427057,5,masked,masked,masked,nonres,2016,gardena
neighborhoods_145,387329,6,masked,masked,masked,nonres,2016,gardena
neighborhoods_145,165397,7,masked,masked,masked,nonres,2016,gardena
neighborhoods_146,NA,1,masked,masked,masked,multi_family,2016,glassell park
neighborhoods_146,2092500,2,8979625.9000,9216.2500,4.1373,multi_family,2016,glassell park
neighborhoods_146,472581,3,2165252.7000,58388.6000,4.4331,multi_family,2016,glassell park
neighborhoods_146,149497,4,685655.9000,113999.2000,4.7540,multi_family,2016,glassell park
neighborhoods_146,NA,5,NA,NA,NA,multi_family,2016,glassell park
neighborhoods_146,89129,6,masked,masked,masked,multi_family,2016,glassell park
neighborhoods_146,158303,7,971563.9000,325122.1000,6.0877,multi_family,2016,glassell park
neighborhoods_146,0,1,masked,masked,masked,nonres,2016,glassell park
neighborhoods_146,433589,2,masked,masked,masked,nonres,2016,glassell park
neighborhoods_146,199852,3,masked,masked,masked,nonres,2016,glassell park
neighborhoods_146,26732,4,masked,masked,masked,nonres,2016,glassell park
neighborhoods_146,74182,5,masked,masked,masked,nonres,2016,glassell park
neighborhoods_146,131255,6,masked,masked,masked,nonres,2016,glassell park
neighborhoods_146,165951,7,masked,masked,masked,nonres,2016,glassell park
neighborhoods_147,NA,1,NA,NA,NA,multi_family,2016,glendale
neighborhoods_147,NA,2,NA,NA,NA,multi_family,2016,glendale
neighborhoods_147,NA,3,NA,NA,NA,multi_family,2016,glendale
neighborhoods_147,NA,4,NA,NA,NA,multi_family,2016,glendale
neighborhoods_147,NA,5,NA,NA,NA,multi_family,2016,glendale
neighborhoods_147,NA,6,NA,NA,NA,multi_family,2016,glendale
neighborhoods_147,NA,7,NA,NA,NA,multi_family,2016,glendale
neighborhoods_147,NA,1,NA,NA,NA,nonres,2016,glendale
neighborhoods_147,NA,2,NA,NA,NA,nonres,2016,glendale
neighborhoods_147,NA,3,NA,NA,NA,nonres,2016,glendale
neighborhoods_147,NA,4,NA,NA,NA,nonres,2016,glendale
neighborhoods_147,NA,5,NA,NA,NA,nonres,2016,glendale
neighborhoods_147,NA,6,NA,NA,NA,nonres,2016,glendale
neighborhoods_147,NA,7,NA,NA,NA,nonres,2016,glendale
neighborhoods_148,0,1,1678779.0000,1678779.0000,NA,multi_family,2016,glendora
neighborhoods_148,1312328,2,5964977.5000,10104.5000,4.3878,multi_family,2016,glendora
neighborhoods_148,395230,3,2134821.0000,68095.5000,5.1652,multi_family,2016,glendora
neighborhoods_148,20220,4,masked,masked,masked,multi_family,2016,glendora
neighborhoods_148,200436,5,1116054.0000,156890.0000,5.0488,multi_family,2016,glendora
neighborhoods_148,267875,6,841979.0000,123725.5000,2.7890,multi_family,2016,glendora
neighborhoods_148,58891,7,masked,masked,masked,multi_family,2016,glendora
neighborhoods_148,0,1,masked,masked,masked,nonres,2016,glendora
neighborhoods_148,1253094,2,23731629.0000,27639.5000,8.1291,nonres,2016,glendora
neighborhoods_148,787602,3,8426793.0000,73999.0000,5.2346,nonres,2016,glendora
neighborhoods_148,626129,4,7061379.0000,253598.5000,10.0882,nonres,2016,glendora
neighborhoods_148,304749,5,masked,masked,masked,nonres,2016,glendora
neighborhoods_148,364153,6,masked,masked,masked,nonres,2016,glendora
neighborhoods_148,221285,7,masked,masked,masked,nonres,2016,glendora
neighborhoods_149,NA,1,masked,masked,masked,multi_family,2016,gramercy park
neighborhoods_149,470402,2,1822229.1000,9107.4000,3.9866,multi_family,2016,gramercy park
neighborhoods_149,11330,3,masked,masked,masked,multi_family,2016,gramercy park
neighborhoods_149,NA,4,NA,NA,NA,multi_family,2016,gramercy park
neighborhoods_149,NA,5,NA,NA,NA,multi_family,2016,gramercy park
neighborhoods_149,NA,6,NA,NA,NA,multi_family,2016,gramercy park
neighborhoods_149,NA,7,NA,NA,NA,multi_family,2016,gramercy park
neighborhoods_149,0,1,masked,masked,masked,nonres,2016,gramercy park
neighborhoods_149,491937,2,6595682.2000,9709.8000,4.0998,nonres,2016,gramercy park
neighborhoods_149,161322,3,masked,masked,masked,nonres,2016,gramercy park
neighborhoods_149,27110,4,masked,masked,masked,nonres,2016,gramercy park
neighborhoods_149,33697,5,masked,masked,masked,nonres,2016,gramercy park
neighborhoods_149,NA,6,NA,NA,NA,nonres,2016,gramercy park
neighborhoods_149,53179,7,masked,masked,masked,nonres,2016,gramercy park
neighborhoods_150,NA,1,NA,NA,NA,multi_family,2016,granada hills
neighborhoods_150,487309,2,2432737.4000,13530.6000,4.9213,multi_family,2016,granada hills
neighborhoods_150,213869,3,1145778.7000,58914.6000,5.2513,multi_family,2016,granada hills
neighborhoods_150,362525,4,2159367.0000,140696.0000,5.6946,multi_family,2016,granada hills
neighborhoods_150,282508,5,1494055.4000,187801.9500,5.2585,multi_family,2016,granada hills
neighborhoods_150,322549,6,1808377.2000,251541.8000,5.5501,multi_family,2016,granada hills
neighborhoods_150,218163,7,1343239.5000,337001.8500,6.1273,multi_family,2016,granada hills
neighborhoods_150,0,1,masked,masked,masked,nonres,2016,granada hills
neighborhoods_150,641847,2,masked,masked,masked,nonres,2016,granada hills
neighborhoods_150,305027,3,3742149.7000,122153.7500,9.6713,nonres,2016,granada hills
neighborhoods_150,287626,4,3167306.4000,247116.7500,11.4449,nonres,2016,granada hills
neighborhoods_150,170920,5,masked,masked,masked,nonres,2016,granada hills
neighborhoods_150,230159,6,masked,masked,masked,nonres,2016,granada hills
neighborhoods_150,55191,7,masked,masked,masked,nonres,2016,granada hills
neighborhoods_151,0,1,masked,masked,masked,multi_family,2016,green meadows
neighborhoods_151,2534253,2,9737450.0000,7369.0500,3.7206,multi_family,2016,green meadows
neighborhoods_151,104587,3,488760.0000,77144.9000,4.5940,multi_family,2016,green meadows
neighborhoods_151,98670,4,341974.3000,85984.4500,2.9988,multi_family,2016,green meadows
neighborhoods_151,67822,5,masked,masked,masked,multi_family,2016,green meadows
neighborhoods_151,41996,6,masked,masked,masked,multi_family,2016,green meadows
neighborhoods_151,NA,7,NA,NA,NA,multi_family,2016,green meadows
neighborhoods_151,0,1,masked,masked,masked,nonres,2016,green meadows
neighborhoods_151,715560,2,masked,masked,masked,nonres,2016,green meadows
neighborhoods_151,153916,3,1166101.4000,82052.0500,6.0471,nonres,2016,green meadows
neighborhoods_151,41659,4,masked,masked,masked,nonres,2016,green meadows
neighborhoods_151,33888,5,masked,masked,masked,nonres,2016,green meadows
neighborhoods_151,NA,6,NA,NA,NA,nonres,2016,green meadows
neighborhoods_151,58868,7,masked,masked,masked,nonres,2016,green meadows
neighborhoods_152,NA,1,NA,NA,NA,multi_family,2016,green valley
neighborhoods_152,22580,2,masked,masked,masked,multi_family,2016,green valley
neighborhoods_152,NA,3,NA,NA,NA,multi_family,2016,green valley
neighborhoods_152,NA,4,NA,NA,NA,multi_family,2016,green valley
neighborhoods_152,NA,5,NA,NA,NA,multi_family,2016,green valley
neighborhoods_152,NA,6,NA,NA,NA,multi_family,2016,green valley
neighborhoods_152,NA,7,NA,NA,NA,multi_family,2016,green valley
neighborhoods_152,NA,1,NA,NA,NA,nonres,2016,green valley
neighborhoods_152,16701,2,masked,masked,masked,nonres,2016,green valley
neighborhoods_152,NA,3,NA,NA,NA,nonres,2016,green valley
neighborhoods_152,NA,4,NA,NA,NA,nonres,2016,green valley
neighborhoods_152,NA,5,NA,NA,NA,nonres,2016,green valley
neighborhoods_152,NA,6,NA,NA,NA,nonres,2016,green valley
neighborhoods_152,NA,7,NA,NA,NA,nonres,2016,green valley
neighborhoods_153,NA,1,NA,NA,NA,multi_family,2016,griffith park
neighborhoods_153,NA,2,NA,NA,NA,multi_family,2016,griffith park
neighborhoods_153,NA,3,NA,NA,NA,multi_family,2016,griffith park
neighborhoods_153,NA,4,NA,NA,NA,multi_family,2016,griffith park
neighborhoods_153,NA,5,NA,NA,NA,multi_family,2016,griffith park
neighborhoods_153,NA,6,NA,NA,NA,multi_family,2016,griffith park
neighborhoods_153,NA,7,NA,NA,NA,multi_family,2016,griffith park
neighborhoods_153,0,1,masked,masked,masked,nonres,2016,griffith park
neighborhoods_153,14029,2,masked,masked,masked,nonres,2016,griffith park
neighborhoods_153,16615,3,masked,masked,masked,nonres,2016,griffith park
neighborhoods_153,NA,4,NA,NA,NA,nonres,2016,griffith park
neighborhoods_153,31624,5,masked,masked,masked,nonres,2016,griffith park
neighborhoods_153,NA,6,NA,NA,NA,nonres,2016,griffith park
neighborhoods_153,NA,7,NA,NA,NA,nonres,2016,griffith park
neighborhoods_154,NA,1,NA,NA,NA,multi_family,2016,hacienda heights
neighborhoods_154,177645,2,836301.0000,11905.5000,5.0167,multi_family,2016,hacienda heights
neighborhoods_154,13036,3,masked,masked,masked,multi_family,2016,hacienda heights
neighborhoods_154,52388,4,297222.0000,148611.0000,5.6886,multi_family,2016,hacienda heights
neighborhoods_154,NA,5,NA,NA,NA,multi_family,2016,hacienda heights
neighborhoods_154,42504,6,masked,masked,masked,multi_family,2016,hacienda heights
neighborhoods_154,52662,7,masked,masked,masked,multi_family,2016,hacienda heights
neighborhoods_154,NA,1,NA,NA,NA,nonres,2016,hacienda heights
neighborhoods_154,427787,2,17888824.0000,69013.0000,15.8332,nonres,2016,hacienda heights
neighborhoods_154,387035,3,masked,masked,masked,nonres,2016,hacienda heights
neighborhoods_154,233051,4,masked,masked,masked,nonres,2016,hacienda heights
neighborhoods_154,136674,5,masked,masked,masked,nonres,2016,hacienda heights
neighborhoods_154,134511,6,masked,masked,masked,nonres,2016,hacienda heights
neighborhoods_154,321477,7,masked,masked,masked,nonres,2016,hacienda heights
neighborhoods_155,NA,1,NA,NA,NA,multi_family,2016,hancock park
neighborhoods_155,2048784,2,7394454.5000,16855.8000,3.3490,multi_family,2016,hancock park
neighborhoods_155,173641,3,710079.7000,52339.3000,3.7207,multi_family,2016,hancock park
neighborhoods_155,90789,4,404325.8000,95306.8000,4.4582,multi_family,2016,hancock park
neighborhoods_155,105010,5,masked,masked,masked,multi_family,2016,hancock park
neighborhoods_155,88938,6,masked,masked,masked,multi_family,2016,hancock park
neighborhoods_155,57764,7,masked,masked,masked,multi_family,2016,hancock park
neighborhoods_155,0,1,masked,masked,masked,nonres,2016,hancock park
neighborhoods_155,443803,2,masked,masked,masked,nonres,2016,hancock park
neighborhoods_155,200414,3,masked,masked,masked,nonres,2016,hancock park
neighborhoods_155,136080,4,masked,masked,masked,nonres,2016,hancock park
neighborhoods_155,74698,5,masked,masked,masked,nonres,2016,hancock park
neighborhoods_155,NA,6,NA,NA,NA,nonres,2016,hancock park
neighborhoods_155,111612,7,masked,masked,masked,nonres,2016,hancock park
neighborhoods_156,NA,1,NA,NA,NA,multi_family,2016,hansen dam
neighborhoods_156,NA,2,NA,NA,NA,multi_family,2016,hansen dam
neighborhoods_156,NA,3,NA,NA,NA,multi_family,2016,hansen dam
neighborhoods_156,NA,4,NA,NA,NA,multi_family,2016,hansen dam
neighborhoods_156,NA,5,NA,NA,NA,multi_family,2016,hansen dam
neighborhoods_156,NA,6,NA,NA,NA,multi_family,2016,hansen dam
neighborhoods_156,NA,7,NA,NA,NA,multi_family,2016,hansen dam
neighborhoods_156,NA,1,NA,NA,NA,nonres,2016,hansen dam
neighborhoods_156,13962,2,masked,masked,masked,nonres,2016,hansen dam
neighborhoods_156,NA,3,NA,NA,NA,nonres,2016,hansen dam
neighborhoods_156,NA,4,NA,NA,NA,nonres,2016,hansen dam
neighborhoods_156,NA,5,NA,NA,NA,nonres,2016,hansen dam
neighborhoods_156,NA,6,NA,NA,NA,nonres,2016,hansen dam
neighborhoods_156,NA,7,NA,NA,NA,nonres,2016,hansen dam
neighborhoods_157,NA,1,masked,masked,masked,multi_family,2016,harbor city
neighborhoods_157,1708171,2,6379914.8000,10093.4500,3.5909,multi_family,2016,harbor city
neighborhoods_157,319043,3,1389773.9000,48067.4500,4.1554,multi_family,2016,harbor city
neighborhoods_157,NA,4,NA,NA,NA,multi_family,2016,harbor city
neighborhoods_157,143347,5,720595.4000,191757.5000,5.1445,multi_family,2016,harbor city
neighborhoods_157,48860,6,masked,masked,masked,multi_family,2016,harbor city
neighborhoods_157,NA,7,NA,NA,NA,multi_family,2016,harbor city
neighborhoods_157,0,1,1378822.8000,142551.7500,NA,nonres,2016,harbor city
neighborhoods_157,497977,2,9513736.8000,25298.3000,7.8486,nonres,2016,harbor city
neighborhoods_157,315558,3,3987364.0000,173725.7500,12.0575,nonres,2016,harbor city
neighborhoods_157,49476,4,masked,masked,masked,nonres,2016,harbor city
neighborhoods_157,142169,5,masked,masked,masked,nonres,2016,harbor city
neighborhoods_157,43256,6,masked,masked,masked,nonres,2016,harbor city
neighborhoods_157,51170,7,masked,masked,masked,nonres,2016,harbor city
neighborhoods_158,NA,1,NA,NA,NA,multi_family,2016,harbor gateway
neighborhoods_158,3773635,2,14138335.5000,10317.4000,3.5896,multi_family,2016,harbor gateway
neighborhoods_158,522480,3,2075713.4000,50170.4500,3.8536,multi_family,2016,harbor gateway
neighborhoods_158,368091,4,1732403.7000,98229.8000,4.4690,multi_family,2016,harbor gateway
neighborhoods_158,172196,5,768091.5000,149953.9000,4.3102,multi_family,2016,harbor gateway
neighborhoods_158,213491,6,1203690.9000,201606.3000,4.4863,multi_family,2016,harbor gateway
neighborhoods_158,109740,7,576483.5000,288241.7500,5.1843,multi_family,2016,harbor gateway
neighborhoods_158,0,1,masked,masked,masked,nonres,2016,harbor gateway
neighborhoods_158,541845,2,15616553.6000,33139.4500,13.4093,nonres,2016,harbor gateway
neighborhoods_158,237791,3,3997629.9000,180400.9000,14.6870,nonres,2016,harbor gateway
neighborhoods_158,202977,4,masked,masked,masked,nonres,2016,harbor gateway
neighborhoods_158,200498,5,2130164.9000,310964.1000,9.7937,nonres,2016,harbor gateway
neighborhoods_158,192897,6,masked,masked,masked,nonres,2016,harbor gateway
neighborhoods_158,327919,7,masked,masked,masked,nonres,2016,harbor gateway
neighborhoods_159,NA,1,NA,NA,NA,multi_family,2016,harvard heights
neighborhoods_159,2517846,2,8631634.5000,10569.5500,3.2711,multi_family,2016,harvard heights
neighborhoods_159,551649,3,2001230.4000,47469.4000,3.5758,multi_family,2016,harvard heights
neighborhoods_159,160322,4,605212.7000,86375.7000,3.9272,multi_family,2016,harvard heights
neighborhoods_159,284351,5,1333284.8000,152672.3500,4.6650,multi_family,2016,harvard heights
neighborhoods_159,43319,6,masked,masked,masked,multi_family,2016,harvard heights
neighborhoods_159,109024,7,masked,masked,masked,multi_family,2016,harvard heights
neighborhoods_159,0,1,41786.6000,41786.6000,NA,nonres,2016,harvard heights
neighborhoods_159,798352,2,masked,masked,masked,nonres,2016,harvard heights
neighborhoods_159,383957,3,masked,masked,masked,nonres,2016,harvard heights
neighborhoods_159,273535,4,2159038.3000,114588.3500,5.0189,nonres,2016,harvard heights
neighborhoods_159,284747,5,4059981.4000,564199.7500,16.0143,nonres,2016,harvard heights
neighborhoods_159,44610,6,masked,masked,masked,nonres,2016,harvard heights
neighborhoods_159,NA,7,NA,NA,NA,nonres,2016,harvard heights
neighborhoods_160,NA,1,masked,masked,masked,multi_family,2016,harvard park
neighborhoods_160,981485,2,4006109.5000,7015.5000,3.9803,multi_family,2016,harvard park
neighborhoods_160,25693,3,masked,masked,masked,multi_family,2016,harvard park
neighborhoods_160,NA,4,NA,NA,NA,multi_family,2016,harvard park
neighborhoods_160,NA,5,NA,NA,NA,multi_family,2016,harvard park
neighborhoods_160,NA,6,NA,NA,NA,multi_family,2016,harvard park
neighborhoods_160,NA,7,NA,NA,NA,multi_family,2016,harvard park
neighborhoods_160,NA,1,NA,NA,NA,nonres,2016,harvard park
neighborhoods_160,350826,2,3248539.3000,10608.2500,3.9335,nonres,2016,harvard park
neighborhoods_160,23107,3,masked,masked,masked,nonres,2016,harvard park
neighborhoods_160,NA,4,NA,NA,NA,nonres,2016,harvard park
neighborhoods_160,NA,5,NA,NA,NA,nonres,2016,harvard park
neighborhoods_160,NA,6,NA,NA,NA,nonres,2016,harvard park
neighborhoods_160,NA,7,NA,NA,NA,nonres,2016,harvard park
neighborhoods_161,NA,1,NA,NA,NA,multi_family,2016,hasley canyon
neighborhoods_161,28714,2,masked,masked,masked,multi_family,2016,hasley canyon
neighborhoods_161,NA,3,NA,NA,NA,multi_family,2016,hasley canyon
neighborhoods_161,NA,4,NA,NA,NA,multi_family,2016,hasley canyon
neighborhoods_161,NA,5,NA,NA,NA,multi_family,2016,hasley canyon
neighborhoods_161,NA,6,NA,NA,NA,multi_family,2016,hasley canyon
neighborhoods_161,NA,7,NA,NA,NA,multi_family,2016,hasley canyon
neighborhoods_161,0,1,masked,masked,masked,nonres,2016,hasley canyon
neighborhoods_161,1580,2,masked,masked,masked,nonres,2016,hasley canyon
neighborhoods_161,NA,3,NA,NA,NA,nonres,2016,hasley canyon
neighborhoods_161,NA,4,NA,NA,NA,nonres,2016,hasley canyon
neighborhoods_161,NA,5,NA,NA,NA,nonres,2016,hasley canyon
neighborhoods_161,NA,6,NA,NA,NA,nonres,2016,hasley canyon
neighborhoods_161,NA,7,NA,NA,NA,nonres,2016,hasley canyon
neighborhoods_162,NA,1,NA,NA,NA,multi_family,2016,hawaiian gardens
neighborhoods_162,913352,2,4596914.5000,7522.5000,4.2395,multi_family,2016,hawaiian gardens
neighborhoods_162,68869,3,masked,masked,masked,multi_family,2016,hawaiian gardens
neighborhoods_162,20496,4,masked,masked,masked,multi_family,2016,hawaiian gardens
neighborhoods_162,NA,5,NA,NA,NA,multi_family,2016,hawaiian gardens
neighborhoods_162,NA,6,NA,NA,NA,multi_family,2016,hawaiian gardens
neighborhoods_162,54183,7,masked,masked,masked,multi_family,2016,hawaiian gardens
neighborhoods_162,0,1,masked,masked,masked,nonres,2016,hawaiian gardens
neighborhoods_162,397985,2,masked,masked,masked,nonres,2016,hawaiian gardens
neighborhoods_162,218133,3,masked,masked,masked,nonres,2016,hawaiian gardens
neighborhoods_162,117794,4,masked,masked,masked,nonres,2016,hawaiian gardens
neighborhoods_162,104846,5,masked,masked,masked,nonres,2016,hawaiian gardens
neighborhoods_162,43056,6,masked,masked,masked,nonres,2016,hawaiian gardens
neighborhoods_162,58316,7,masked,masked,masked,nonres,2016,hawaiian gardens
neighborhoods_163,NA,1,NA,NA,NA,multi_family,2016,hawthorne
neighborhoods_163,9839671,2,35095745.0000,10092.0000,3.3512,multi_family,2016,hawthorne
neighborhoods_163,2496835,3,10513557.0000,60756.0000,4.1111,multi_family,2016,hawthorne
neighborhoods_163,1357356,4,7858195.0000,119306.0000,4.7814,multi_family,2016,hawthorne
neighborhoods_163,1097527,5,4439719.0000,145697.0000,4.0419,multi_family,2016,hawthorne
neighborhoods_163,957292,6,4415469.0000,235275.0000,5.0195,multi_family,2016,hawthorne
neighborhoods_163,421414,7,2259248.0000,284550.5000,5.3508,multi_family,2016,hawthorne
neighborhoods_163,0,1,masked,masked,masked,nonres,2016,hawthorne
neighborhoods_163,1674886,2,36797676.0000,17011.0000,4.9653,nonres,2016,hawthorne
neighborhoods_163,996278,3,6863805.0000,52486.0000,3.5471,nonres,2016,hawthorne
neighborhoods_163,426985,4,masked,masked,masked,nonres,2016,hawthorne
neighborhoods_163,360667,5,masked,masked,masked,nonres,2016,hawthorne
neighborhoods_163,299689,6,masked,masked,masked,nonres,2016,hawthorne
neighborhoods_163,163336,7,masked,masked,masked,nonres,2016,hawthorne
neighborhoods_164,0,1,masked,masked,masked,multi_family,2016,hermosa beach
neighborhoods_164,3413319,2,12082063.0000,7356.5000,3.2669,multi_family,2016,hermosa beach
neighborhoods_164,166654,3,668030.0000,54992.5000,3.5938,multi_family,2016,hermosa beach
neighborhoods_164,NA,4,NA,NA,NA,multi_family,2016,hermosa beach
neighborhoods_164,NA,5,NA,NA,NA,multi_family,2016,hermosa beach
neighborhoods_164,NA,6,NA,NA,NA,multi_family,2016,hermosa beach
neighborhoods_164,51569,7,masked,masked,masked,multi_family,2016,hermosa beach
neighborhoods_164,0,1,109771.0000,10190.0000,NA,nonres,2016,hermosa beach
neighborhoods_164,803093,2,16805611.5000,32115.0000,10.7674,nonres,2016,hermosa beach
neighborhoods_164,217425,3,2791146.0000,169890.0000,10.2454,nonres,2016,hermosa beach
neighborhoods_164,123270,4,masked,masked,masked,nonres,2016,hermosa beach
neighborhoods_164,76743,5,masked,masked,masked,nonres,2016,hermosa beach
neighborhoods_164,130840,6,masked,masked,masked,nonres,2016,hermosa beach
neighborhoods_164,112547,7,masked,masked,masked,nonres,2016,hermosa beach
neighborhoods_165,NA,1,NA,NA,NA,multi_family,2016,hidden hills
neighborhoods_165,NA,2,NA,NA,NA,multi_family,2016,hidden hills
neighborhoods_165,NA,3,NA,NA,NA,multi_family,2016,hidden hills
neighborhoods_165,NA,4,NA,NA,NA,multi_family,2016,hidden hills
neighborhoods_165,NA,5,NA,NA,NA,multi_family,2016,hidden hills
neighborhoods_165,NA,6,NA,NA,NA,multi_family,2016,hidden hills
neighborhoods_165,NA,7,NA,NA,NA,multi_family,2016,hidden hills
neighborhoods_165,0,1,masked,masked,masked,nonres,2016,hidden hills
neighborhoods_165,6921,2,masked,masked,masked,nonres,2016,hidden hills
neighborhoods_165,10000,3,masked,masked,masked,nonres,2016,hidden hills
neighborhoods_165,NA,4,NA,NA,NA,nonres,2016,hidden hills
neighborhoods_165,NA,5,NA,NA,NA,nonres,2016,hidden hills
neighborhoods_165,NA,6,NA,NA,NA,nonres,2016,hidden hills
neighborhoods_165,NA,7,NA,NA,NA,nonres,2016,hidden hills
neighborhoods_166,NA,1,NA,NA,NA,multi_family,2016,highland park
neighborhoods_166,5639413,2,25991691.0000,8913.1000,4.0484,multi_family,2016,highland park
neighborhoods_166,1390659,3,6337469.2000,58058.1500,4.5209,multi_family,2016,highland park
neighborhoods_166,312606,4,1568326.6000,126810.3000,5.4477,multi_family,2016,highland park
neighborhoods_166,267051,5,1226923.3000,168621.7500,5.1513,multi_family,2016,highland park
neighborhoods_166,174396,6,705287.5000,180298.5500,4.1920,multi_family,2016,highland park
neighborhoods_166,NA,7,NA,NA,NA,multi_family,2016,highland park
neighborhoods_166,0,1,masked,masked,masked,nonres,2016,highland park
neighborhoods_166,1473914,2,28031731.9000,15828.8000,6.4442,nonres,2016,highland park
neighborhoods_166,456214,3,3226449.3000,70145.3000,4.7303,nonres,2016,highland park
neighborhoods_166,151361,4,masked,masked,masked,nonres,2016,highland park
neighborhoods_166,202483,5,masked,masked,masked,nonres,2016,highland park
neighborhoods_166,42217,6,masked,masked,masked,nonres,2016,highland park
neighborhoods_166,NA,7,NA,NA,NA,nonres,2016,highland park
neighborhoods_167,NA,1,NA,NA,NA,multi_family,2016,historic south-central
neighborhoods_167,6119699,2,22708316.5000,8361.1000,3.6152,multi_family,2016,historic south-central
neighborhoods_167,340330,3,1540671.7000,60108.8000,4.2309,multi_family,2016,historic south-central
neighborhoods_167,125031,4,552228.5000,102784.9000,4.4592,multi_family,2016,historic south-central
neighborhoods_167,NA,5,NA,NA,NA,multi_family,2016,historic south-central
neighborhoods_167,86454,6,masked,masked,masked,multi_family,2016,historic south-central
neighborhoods_167,108160,7,masked,masked,masked,multi_family,2016,historic south-central
neighborhoods_167,0,1,masked,masked,masked,nonres,2016,historic south-central
neighborhoods_167,1477674,2,42151376.7000,24909.7000,6.8723,nonres,2016,historic south-central
neighborhoods_167,841025,3,6752765.7000,98798.8500,6.1804,nonres,2016,historic south-central
neighborhoods_167,378972,4,masked,masked,masked,nonres,2016,historic south-central
neighborhoods_167,276298,5,masked,masked,masked,nonres,2016,historic south-central
neighborhoods_167,91830,6,masked,masked,masked,nonres,2016,historic south-central
neighborhoods_167,NA,7,NA,NA,NA,nonres,2016,historic south-central
neighborhoods_168,0,1,755899.8000,377949.9000,NA,multi_family,2016,hollywood
neighborhoods_168,8845377,2,37437076.8000,15335.2000,3.8601,multi_family,2016,hollywood
neighborhoods_168,4257128,3,19484523.7000,60092.6000,4.4739,multi_family,2016,hollywood
neighborhoods_168,2695355,4,13189708.2000,121045.7000,4.8652,multi_family,2016,hollywood
neighborhoods_168,2099735,5,10747136.6000,180116.6000,5.2862,multi_family,2016,hollywood
neighborhoods_168,1588800,6,8113520.2000,229280.5500,5.2216,multi_family,2016,hollywood
neighborhoods_168,1133617,7,5900851.7000,303138.6000,5.4600,multi_family,2016,hollywood
neighborhoods_168,0,1,39786974.7000,135266.6000,NA,nonres,2016,hollywood
neighborhoods_168,3253326,2,101061356.4000,48928.3000,10.3880,nonres,2016,hollywood
neighborhoods_168,2898338,3,47127295.7000,145232.9000,10.5311,nonres,2016,hollywood
neighborhoods_168,1488632,4,masked,masked,masked,nonres,2016,hollywood
neighborhoods_168,1364892,5,21192825.1000,524610.0000,14.9747,nonres,2016,hollywood
neighborhoods_168,1012709,6,masked,masked,masked,nonres,2016,hollywood
neighborhoods_168,709090,7,masked,masked,masked,nonres,2016,hollywood
neighborhoods_169,NA,1,masked,masked,masked,multi_family,2016,hollywood hills
neighborhoods_169,2508285,2,10174552.8000,11953.5000,3.7994,multi_family,2016,hollywood hills
neighborhoods_169,973663,3,4607666.6000,61206.4000,4.4391,multi_family,2016,hollywood hills
neighborhoods_169,585324,4,3014549.2000,130433.3000,5.0611,multi_family,2016,hollywood hills
neighborhoods_169,249080,5,1552113.0000,165789.0000,4.7230,multi_family,2016,hollywood hills
neighborhoods_169,224750,6,1039656.8000,219335.1000,5.0219,multi_family,2016,hollywood hills
neighborhoods_169,53247,7,masked,masked,masked,multi_family,2016,hollywood hills
neighborhoods_169,0,1,masked,masked,masked,nonres,2016,hollywood hills
neighborhoods_169,376613,2,10015630.4000,20253.7500,7.7555,nonres,2016,hollywood hills
neighborhoods_169,114720,3,1969274.3000,143584.8000,11.9059,nonres,2016,hollywood hills
neighborhoods_169,105806,4,masked,masked,masked,nonres,2016,hollywood hills
neighborhoods_169,97455,5,masked,masked,masked,nonres,2016,hollywood hills
neighborhoods_169,136763,6,masked,masked,masked,nonres,2016,hollywood hills
neighborhoods_169,102864,7,masked,masked,masked,nonres,2016,hollywood hills
neighborhoods_170,NA,1,masked,masked,masked,multi_family,2016,hollywood hills west
neighborhoods_170,385496,2,1763723.8000,11047.4000,4.0580,multi_family,2016,hollywood hills west
neighborhoods_170,323583,3,1637742.6000,59326.6000,4.5284,multi_family,2016,hollywood hills west
neighborhoods_170,193199,4,978944.0000,112876.9000,5.0793,multi_family,2016,hollywood hills west
neighborhoods_170,234628,5,1119771.9000,159563.4000,4.7818,multi_family,2016,hollywood hills west
neighborhoods_170,217407,6,1038564.2000,197765.3000,4.7141,multi_family,2016,hollywood hills west
neighborhoods_170,52411,7,masked,masked,masked,multi_family,2016,hollywood hills west
neighborhoods_170,0,1,masked,masked,masked,nonres,2016,hollywood hills west
neighborhoods_170,188769,2,4201631.5000,32741.2000,16.1144,nonres,2016,hollywood hills west
neighborhoods_170,NA,3,NA,NA,NA,nonres,2016,hollywood hills west
neighborhoods_170,23253,4,masked,masked,masked,nonres,2016,hollywood hills west
neighborhoods_170,NA,5,NA,NA,NA,nonres,2016,hollywood hills west
neighborhoods_170,45483,6,masked,masked,masked,nonres,2016,hollywood hills west
neighborhoods_170,NA,7,NA,NA,NA,nonres,2016,hollywood hills west
neighborhoods_171,NA,1,masked,masked,masked,multi_family,2016,huntington park
neighborhoods_171,6553116,2,24725557.6000,8910.0000,3.8405,multi_family,2016,huntington park
neighborhoods_171,527078,3,2102689.5000,50473.0000,4.0786,multi_family,2016,huntington park
neighborhoods_171,88164,4,346641.0000,87626.5000,4.1363,multi_family,2016,huntington park
neighborhoods_171,31756,5,masked,masked,masked,multi_family,2016,huntington park
neighborhoods_171,NA,6,NA,NA,NA,multi_family,2016,huntington park
neighborhoods_171,NA,7,NA,NA,NA,multi_family,2016,huntington park
neighborhoods_171,0,1,masked,masked,masked,nonres,2016,huntington park
neighborhoods_171,1943838,2,27688015.0000,16865.5000,4.8501,nonres,2016,huntington park
neighborhoods_171,902658,3,5923512.4000,42625.0000,3.4825,nonres,2016,huntington park
neighborhoods_171,628363,4,4867360.0000,116734.5000,5.2725,nonres,2016,huntington park
neighborhoods_171,349297,5,masked,masked,masked,nonres,2016,huntington park
neighborhoods_171,97129,6,masked,masked,masked,nonres,2016,huntington park
neighborhoods_171,158144,7,masked,masked,masked,nonres,2016,huntington park
neighborhoods_172,0,1,masked,masked,masked,multi_family,2016,hyde park
neighborhoods_172,3853952,2,14162480.5000,8558.2000,3.6075,multi_family,2016,hyde park
neighborhoods_172,429723,3,1713449.7000,51870.6000,4.0020,multi_family,2016,hyde park
neighborhoods_172,292786,4,1094826.2000,89395.2000,3.6482,multi_family,2016,hyde park
neighborhoods_172,98262,5,384572.5000,147705.4000,4.5386,multi_family,2016,hyde park
neighborhoods_172,45190,6,masked,masked,masked,multi_family,2016,hyde park
neighborhoods_172,NA,7,NA,NA,NA,multi_family,2016,hyde park
neighborhoods_172,0,1,masked,masked,masked,nonres,2016,hyde park
neighborhoods_172,1469342,2,20802868.5000,10102.7000,3.8834,nonres,2016,hyde park
neighborhoods_172,509098,3,2682284.1000,51089.4000,4.5142,nonres,2016,hyde park
neighborhoods_172,70841,4,masked,masked,masked,nonres,2016,hyde park
neighborhoods_172,32902,5,masked,masked,masked,nonres,2016,hyde park
neighborhoods_172,44489,6,masked,masked,masked,nonres,2016,hyde park
neighborhoods_172,59049,7,masked,masked,masked,nonres,2016,hyde park
neighborhoods_173,NA,1,NA,NA,NA,multi_family,2016,industry
neighborhoods_173,NA,2,NA,NA,NA,multi_family,2016,industry
neighborhoods_173,NA,3,NA,NA,NA,multi_family,2016,industry
neighborhoods_173,NA,4,NA,NA,NA,multi_family,2016,industry
neighborhoods_173,NA,5,NA,NA,NA,multi_family,2016,industry
neighborhoods_173,NA,6,NA,NA,NA,multi_family,2016,industry
neighborhoods_173,NA,7,NA,NA,NA,multi_family,2016,industry
neighborhoods_173,NA,1,NA,NA,NA,nonres,2016,industry
neighborhoods_173,NA,2,NA,NA,NA,nonres,2016,industry
neighborhoods_173,NA,3,NA,NA,NA,nonres,2016,industry
neighborhoods_173,NA,4,NA,NA,NA,nonres,2016,industry
neighborhoods_173,NA,5,NA,NA,NA,nonres,2016,industry
neighborhoods_173,NA,6,NA,NA,NA,nonres,2016,industry
neighborhoods_173,NA,7,NA,NA,NA,nonres,2016,industry
neighborhoods_174,NA,1,NA,NA,NA,multi_family,2016,inglewood
neighborhoods_174,13630451,2,52228330.9000,9183.0000,3.5498,multi_family,2016,inglewood
neighborhoods_174,2692540,3,11251717.5000,52783.5000,3.8575,multi_family,2016,inglewood
neighborhoods_174,892898,4,3931559.0000,105737.0000,4.2386,multi_family,2016,inglewood
neighborhoods_174,347240,5,1757446.0000,170011.5000,4.9907,multi_family,2016,inglewood
neighborhoods_174,316415,6,1352046.0000,198577.0000,4.7850,multi_family,2016,inglewood
neighborhoods_174,166421,7,952429.0000,297728.0000,5.0642,multi_family,2016,inglewood
neighborhoods_174,0,1,masked,masked,masked,nonres,2016,inglewood
neighborhoods_174,3435664,2,61607323.7000,17578.0000,5.3135,nonres,2016,inglewood
neighborhoods_174,1521233,3,12000645.3000,60988.0000,4.7504,nonres,2016,inglewood
neighborhoods_174,1001532,4,11153501.0000,129364.0000,5.3411,nonres,2016,inglewood
neighborhoods_174,462275,5,masked,masked,masked,nonres,2016,inglewood
neighborhoods_174,389949,6,masked,masked,masked,nonres,2016,inglewood
neighborhoods_174,265735,7,masked,masked,masked,nonres,2016,inglewood
neighborhoods_175,NA,1,NA,NA,NA,multi_family,2016,irwindale
neighborhoods_175,45869,2,masked,masked,masked,multi_family,2016,irwindale
neighborhoods_175,19782,3,masked,masked,masked,multi_family,2016,irwindale
neighborhoods_175,NA,4,NA,NA,NA,multi_family,2016,irwindale
neighborhoods_175,NA,5,NA,NA,NA,multi_family,2016,irwindale
neighborhoods_175,NA,6,NA,NA,NA,multi_family,2016,irwindale
neighborhoods_175,NA,7,NA,NA,NA,multi_family,2016,irwindale
neighborhoods_175,0,1,masked,masked,masked,nonres,2016,irwindale
neighborhoods_175,120744,2,masked,masked,masked,nonres,2016,irwindale
neighborhoods_175,87511,3,masked,masked,masked,nonres,2016,irwindale
neighborhoods_175,118257,4,masked,masked,masked,nonres,2016,irwindale
neighborhoods_175,200415,5,masked,masked,masked,nonres,2016,irwindale
neighborhoods_175,135872,6,masked,masked,masked,nonres,2016,irwindale
neighborhoods_175,223575,7,masked,masked,masked,nonres,2016,irwindale
neighborhoods_176,NA,1,NA,NA,NA,multi_family,2016,jefferson park
neighborhoods_176,3566328,2,14089395.8000,8275.6000,3.4600,multi_family,2016,jefferson park
neighborhoods_176,465357,3,1919035.6000,49462.3000,3.7903,multi_family,2016,jefferson park
neighborhoods_176,208393,4,801376.2000,87181.6000,3.7227,multi_family,2016,jefferson park
neighborhoods_176,174891,5,608449.9000,109027.4000,3.3349,multi_family,2016,jefferson park
neighborhoods_176,NA,6,NA,NA,NA,multi_family,2016,jefferson park
neighborhoods_176,115777,7,631596.0000,315798.0000,5.4474,multi_family,2016,jefferson park
neighborhoods_176,0,1,masked,masked,masked,nonres,2016,jefferson park
neighborhoods_176,617850,2,10743901.2000,17707.5000,5.1613,nonres,2016,jefferson park
neighborhoods_176,178500,3,886976.5000,47145.8000,3.8547,nonres,2016,jefferson park
neighborhoods_176,92587,4,masked,masked,masked,nonres,2016,jefferson park
neighborhoods_176,104221,5,masked,masked,masked,nonres,2016,jefferson park
neighborhoods_176,NA,6,NA,NA,NA,nonres,2016,jefferson park
neighborhoods_176,106225,7,masked,masked,masked,nonres,2016,jefferson park
neighborhoods_177,0,1,1155588.1000,577794.0500,NA,multi_family,2016,koreatown
neighborhoods_177,7630718,2,36426964.8000,16894.3000,3.2944,multi_family,2016,koreatown
neighborhoods_177,4990345,3,21375389.5000,57284.1000,4.1544,multi_family,2016,koreatown
neighborhoods_177,4881960,4,22038806.1000,109626.3000,4.4354,multi_family,2016,koreatown
neighborhoods_177,2883513,5,13455304.9000,158912.9500,4.7764,multi_family,2016,koreatown
neighborhoods_177,2772880,6,12300171.6000,198257.4000,4.5568,multi_family,2016,koreatown
neighborhoods_177,1562853,7,7513497.9000,265852.9000,4.7725,multi_family,2016,koreatown
neighborhoods_177,0,1,masked,masked,masked,nonres,2016,koreatown
neighborhoods_177,1910690,2,65030428.1000,47684.8000,10.6694,nonres,2016,koreatown
neighborhoods_177,1790430,3,masked,masked,masked,nonres,2016,koreatown
neighborhoods_177,1339008,4,15133862.4000,260216.5000,10.0288,nonres,2016,koreatown
neighborhoods_177,981120,5,10982574.3000,349728.4500,10.4735,nonres,2016,koreatown
neighborhoods_177,1026369,6,masked,masked,masked,nonres,2016,koreatown
neighborhoods_177,374495,7,masked,masked,masked,nonres,2016,koreatown
neighborhoods_178,NA,1,NA,NA,NA,multi_family,2016,la caÃ£Â±ada flintridge
neighborhoods_178,245765,2,895409.0000,7836.0000,2.9510,multi_family,2016,la caÃ£Â±ada flintridge
neighborhoods_178,43213,3,masked,masked,masked,multi_family,2016,la caÃ£Â±ada flintridge
neighborhoods_178,NA,4,NA,NA,NA,multi_family,2016,la caÃ£Â±ada flintridge
neighborhoods_178,32545,5,masked,masked,masked,multi_family,2016,la caÃ£Â±ada flintridge
neighborhoods_178,NA,6,NA,NA,NA,multi_family,2016,la caÃ£Â±ada flintridge
neighborhoods_178,NA,7,NA,NA,NA,multi_family,2016,la caÃ£Â±ada flintridge
neighborhoods_178,0,1,masked,masked,masked,nonres,2016,la caÃ£Â±ada flintridge
neighborhoods_178,506748,2,masked,masked,masked,nonres,2016,la caÃ£Â±ada flintridge
neighborhoods_178,248587,3,3462257.0000,182788.0000,12.1299,nonres,2016,la caÃ£Â±ada flintridge
neighborhoods_178,102022,4,masked,masked,masked,nonres,2016,la caÃ£Â±ada flintridge
neighborhoods_178,69936,5,masked,masked,masked,nonres,2016,la caÃ£Â±ada flintridge
neighborhoods_178,183120,6,masked,masked,masked,nonres,2016,la caÃ£Â±ada flintridge
neighborhoods_178,NA,7,NA,NA,NA,nonres,2016,la caÃ£Â±ada flintridge
neighborhoods_179,NA,1,NA,NA,NA,multi_family,2016,la crescenta-montrose
neighborhoods_179,1098923,2,5011479.0000,10823.0000,4.4472,multi_family,2016,la crescenta-montrose
neighborhoods_179,365557,3,1477967.0000,57309.0000,4.1906,multi_family,2016,la crescenta-montrose
neighborhoods_179,71770,4,masked,masked,masked,multi_family,2016,la crescenta-montrose
neighborhoods_179,30970,5,masked,masked,masked,multi_family,2016,la crescenta-montrose
neighborhoods_179,NA,6,NA,NA,NA,multi_family,2016,la crescenta-montrose
neighborhoods_179,NA,7,NA,NA,NA,multi_family,2016,la crescenta-montrose
neighborhoods_179,0,1,masked,masked,masked,nonres,2016,la crescenta-montrose
neighborhoods_179,360212,2,masked,masked,masked,nonres,2016,la crescenta-montrose
neighborhoods_179,143523,3,masked,masked,masked,nonres,2016,la crescenta-montrose
neighborhoods_179,102390,4,masked,masked,masked,nonres,2016,la crescenta-montrose
neighborhoods_179,37757,5,masked,masked,masked,nonres,2016,la crescenta-montrose
neighborhoods_179,88133,6,masked,masked,masked,nonres,2016,la crescenta-montrose
neighborhoods_179,NA,7,NA,NA,NA,nonres,2016,la crescenta-montrose
neighborhoods_180,NA,1,NA,NA,NA,multi_family,2016,ladera heights
neighborhoods_180,698561,2,2286617.5000,11270.0000,3.3398,multi_family,2016,ladera heights
neighborhoods_180,58857,3,masked,masked,masked,multi_family,2016,ladera heights
neighborhoods_180,105517,4,439789.0000,118003.5000,4.5511,multi_family,2016,ladera heights
neighborhoods_180,NA,5,NA,NA,NA,multi_family,2016,ladera heights
neighborhoods_180,41846,6,masked,masked,masked,multi_family,2016,ladera heights
neighborhoods_180,NA,7,NA,NA,NA,multi_family,2016,ladera heights
neighborhoods_180,NA,1,NA,NA,NA,nonres,2016,ladera heights
neighborhoods_180,37906,2,masked,masked,masked,nonres,2016,ladera heights
neighborhoods_180,82226,3,masked,masked,masked,nonres,2016,ladera heights
neighborhoods_180,46912,4,masked,masked,masked,nonres,2016,ladera heights
neighborhoods_180,35124,5,masked,masked,masked,nonres,2016,ladera heights
neighborhoods_180,45322,6,masked,masked,masked,nonres,2016,ladera heights
neighborhoods_180,53237,7,masked,masked,masked,nonres,2016,ladera heights
neighborhoods_181,NA,1,NA,NA,NA,multi_family,2016,la habra heights
neighborhoods_181,58603,2,masked,masked,masked,multi_family,2016,la habra heights
neighborhoods_181,NA,3,NA,NA,NA,multi_family,2016,la habra heights
neighborhoods_181,NA,4,NA,NA,NA,multi_family,2016,la habra heights
neighborhoods_181,NA,5,NA,NA,NA,multi_family,2016,la habra heights
neighborhoods_181,NA,6,NA,NA,NA,multi_family,2016,la habra heights
neighborhoods_181,NA,7,NA,NA,NA,multi_family,2016,la habra heights
neighborhoods_181,0,1,masked,masked,masked,nonres,2016,la habra heights
neighborhoods_181,22350,2,masked,masked,masked,nonres,2016,la habra heights
neighborhoods_181,47410,3,masked,masked,masked,nonres,2016,la habra heights
neighborhoods_181,NA,4,NA,NA,NA,nonres,2016,la habra heights
neighborhoods_181,NA,5,NA,NA,NA,nonres,2016,la habra heights
neighborhoods_181,NA,6,NA,NA,NA,nonres,2016,la habra heights
neighborhoods_181,NA,7,NA,NA,NA,nonres,2016,la habra heights
neighborhoods_182,NA,1,masked,masked,masked,multi_family,2016,lake balboa
neighborhoods_182,431715,2,2200393.4000,16402.5500,5.0136,multi_family,2016,lake balboa
neighborhoods_182,169770,3,1010217.7000,76400.4000,5.9720,multi_family,2016,lake balboa
neighborhoods_182,172795,4,902239.6000,117681.3000,5.0603,multi_family,2016,lake balboa
neighborhoods_182,320617,5,1726106.5000,190188.5000,5.1468,multi_family,2016,lake balboa
neighborhoods_182,218126,6,1383866.2000,271685.3000,6.6105,multi_family,2016,lake balboa
neighborhoods_182,53771,7,masked,masked,masked,multi_family,2016,lake balboa
neighborhoods_182,0,1,masked,masked,masked,nonres,2016,lake balboa
neighborhoods_182,384083,2,11768752.8000,55697.2000,12.6918,nonres,2016,lake balboa
neighborhoods_182,302731,3,3614798.5000,147738.9500,8.1863,nonres,2016,lake balboa
neighborhoods_182,92240,4,masked,masked,masked,nonres,2016,lake balboa
neighborhoods_182,106081,5,masked,masked,masked,nonres,2016,lake balboa
neighborhoods_182,86619,6,masked,masked,masked,nonres,2016,lake balboa
neighborhoods_182,58008,7,masked,masked,masked,nonres,2016,lake balboa
neighborhoods_183,NA,1,NA,NA,NA,multi_family,2016,lake hughes
neighborhoods_183,17799,2,masked,masked,masked,multi_family,2016,lake hughes
neighborhoods_183,NA,3,NA,NA,NA,multi_family,2016,lake hughes
neighborhoods_183,NA,4,NA,NA,NA,multi_family,2016,lake hughes
neighborhoods_183,NA,5,NA,NA,NA,multi_family,2016,lake hughes
neighborhoods_183,NA,6,NA,NA,NA,multi_family,2016,lake hughes
neighborhoods_183,NA,7,NA,NA,NA,multi_family,2016,lake hughes
neighborhoods_183,0,1,masked,masked,masked,nonres,2016,lake hughes
neighborhoods_183,50587,2,masked,masked,masked,nonres,2016,lake hughes
neighborhoods_183,13676,3,masked,masked,masked,nonres,2016,lake hughes
neighborhoods_183,29776,4,masked,masked,masked,nonres,2016,lake hughes
neighborhoods_183,32246,5,masked,masked,masked,nonres,2016,lake hughes
neighborhoods_183,NA,6,NA,NA,NA,nonres,2016,lake hughes
neighborhoods_183,NA,7,NA,NA,NA,nonres,2016,lake hughes
neighborhoods_184,NA,1,NA,NA,NA,multi_family,2016,lake los angeles
neighborhoods_184,NA,2,NA,NA,NA,multi_family,2016,lake los angeles
neighborhoods_184,NA,3,NA,NA,NA,multi_family,2016,lake los angeles
neighborhoods_184,NA,4,NA,NA,NA,multi_family,2016,lake los angeles
neighborhoods_184,NA,5,NA,NA,NA,multi_family,2016,lake los angeles
neighborhoods_184,NA,6,NA,NA,NA,multi_family,2016,lake los angeles
neighborhoods_184,NA,7,NA,NA,NA,multi_family,2016,lake los angeles
neighborhoods_184,NA,1,NA,NA,NA,nonres,2016,lake los angeles
neighborhoods_184,68376,2,masked,masked,masked,nonres,2016,lake los angeles
neighborhoods_184,36504,3,masked,masked,masked,nonres,2016,lake los angeles
neighborhoods_184,NA,4,NA,NA,NA,nonres,2016,lake los angeles
neighborhoods_184,NA,5,NA,NA,NA,nonres,2016,lake los angeles
neighborhoods_184,NA,6,NA,NA,NA,nonres,2016,lake los angeles
neighborhoods_184,NA,7,NA,NA,NA,nonres,2016,lake los angeles
neighborhoods_185,NA,1,NA,NA,NA,multi_family,2016,lake view terrace
neighborhoods_185,53205,2,masked,masked,masked,multi_family,2016,lake view terrace
neighborhoods_185,13878,3,masked,masked,masked,multi_family,2016,lake view terrace
neighborhoods_185,NA,4,NA,NA,NA,multi_family,2016,lake view terrace
neighborhoods_185,NA,5,NA,NA,NA,multi_family,2016,lake view terrace
neighborhoods_185,41942,6,masked,masked,masked,multi_family,2016,lake view terrace
neighborhoods_185,NA,7,NA,NA,NA,multi_family,2016,lake view terrace
neighborhoods_185,0,1,masked,masked,masked,nonres,2016,lake view terrace
neighborhoods_185,59587,2,masked,masked,masked,nonres,2016,lake view terrace
neighborhoods_185,58567,3,masked,masked,masked,nonres,2016,lake view terrace
neighborhoods_185,52511,4,masked,masked,masked,nonres,2016,lake view terrace
neighborhoods_185,NA,5,NA,NA,NA,nonres,2016,lake view terrace
neighborhoods_185,NA,6,NA,NA,NA,nonres,2016,lake view terrace
neighborhoods_185,NA,7,NA,NA,NA,nonres,2016,lake view terrace
neighborhoods_186,NA,1,masked,masked,masked,multi_family,2016,lakewood
neighborhoods_186,1407452,2,6014148.5000,11439.5000,4.2728,multi_family,2016,lakewood
neighborhoods_186,548599,3,2269603.0000,53695.0000,3.8853,multi_family,2016,lakewood
neighborhoods_186,281881,4,1130493.5000,97852.0000,3.9615,multi_family,2016,lakewood
neighborhoods_186,104576,5,299412.0000,112081.0000,3.0439,multi_family,2016,lakewood
neighborhoods_186,131774,6,979267.0000,293705.0000,6.6899,multi_family,2016,lakewood
neighborhoods_186,115971,7,masked,masked,masked,multi_family,2016,lakewood
neighborhoods_186,0,1,19833069.0000,351253.0000,NA,nonres,2016,lakewood
neighborhoods_186,729120,2,37533598.5000,102848.0000,26.4232,nonres,2016,lakewood
neighborhoods_186,716152,3,9164692.0000,143453.0000,11.3027,nonres,2016,lakewood
neighborhoods_186,501292,4,5886708.0000,265925.5000,11.0499,nonres,2016,lakewood
neighborhoods_186,347774,5,masked,masked,masked,nonres,2016,lakewood
neighborhoods_186,177365,6,masked,masked,masked,nonres,2016,lakewood
neighborhoods_186,272800,7,masked,masked,masked,nonres,2016,lakewood
neighborhoods_187,NA,1,NA,NA,NA,multi_family,2016,la mirada
neighborhoods_187,182115,2,897758.0000,22516.5000,4.7907,multi_family,2016,la mirada
neighborhoods_187,159668,3,834116.0000,67901.0000,5.3033,multi_family,2016,la mirada
neighborhoods_187,42112,4,masked,masked,masked,multi_family,2016,la mirada
neighborhoods_187,77322,5,365895.0000,182947.5000,4.7200,multi_family,2016,la mirada
neighborhoods_187,48904,6,masked,masked,masked,multi_family,2016,la mirada
neighborhoods_187,103544,7,475570.0000,237785.0000,4.6244,multi_family,2016,la mirada
neighborhoods_187,0,1,masked,masked,masked,nonres,2016,la mirada
neighborhoods_187,429153,2,20140143.0000,61061.0000,18.6064,nonres,2016,la mirada
neighborhoods_187,424395,3,3612767.0000,71892.0000,4.7979,nonres,2016,la mirada
neighborhoods_187,348006,4,masked,masked,masked,nonres,2016,la mirada
neighborhoods_187,316919,5,masked,masked,masked,nonres,2016,la mirada
neighborhoods_187,223242,6,masked,masked,masked,nonres,2016,la mirada
neighborhoods_187,158354,7,masked,masked,masked,nonres,2016,la mirada
neighborhoods_188,NA,1,masked,masked,masked,multi_family,2016,lancaster
neighborhoods_188,1900386,2,9246726.5000,8571.0000,4.2616,multi_family,2016,lancaster
neighborhoods_188,205482,3,1033103.0000,43584.0000,3.2968,multi_family,2016,lancaster
neighborhoods_188,189659,4,937065.0000,114596.0000,4.7071,multi_family,2016,lancaster
neighborhoods_188,32712,5,masked,masked,masked,multi_family,2016,lancaster
neighborhoods_188,577534,6,2183265.5000,96177.0000,2.2592,multi_family,2016,lancaster
neighborhoods_188,335115,7,2059337.0000,93915.0000,1.7044,multi_family,2016,lancaster
neighborhoods_188,0,1,masked,masked,masked,nonres,2016,lancaster
neighborhoods_188,2527534,2,65952454.0000,22321.0000,7.6450,nonres,2016,lancaster
neighborhoods_188,1690134,3,13615791.0000,74561.0000,5.1674,nonres,2016,lancaster
neighborhoods_188,1107560,4,8866004.0000,179108.0000,7.9736,nonres,2016,lancaster
neighborhoods_188,621834,5,masked,masked,masked,nonres,2016,lancaster
neighborhoods_188,884964,6,masked,masked,masked,nonres,2016,lancaster
neighborhoods_188,264033,7,masked,masked,masked,nonres,2016,lancaster
neighborhoods_189,NA,1,NA,NA,NA,multi_family,2016,la puente
neighborhoods_189,720485,2,3293562.0000,12357.5000,4.2407,multi_family,2016,la puente
neighborhoods_189,221425,3,1149767.0000,74523.0000,4.7324,multi_family,2016,la puente
neighborhoods_189,161489,4,908510.0000,110692.0000,5.0369,multi_family,2016,la puente
neighborhoods_189,31954,5,masked,masked,masked,multi_family,2016,la puente
neighborhoods_189,41860,6,masked,masked,masked,multi_family,2016,la puente
neighborhoods_189,225848,7,775130.0000,211575.0000,3.6901,multi_family,2016,la puente
neighborhoods_189,0,1,masked,masked,masked,nonres,2016,la puente
neighborhoods_189,818148,2,21204979.0000,24248.0000,7.4151,nonres,2016,la puente
neighborhoods_189,281014,3,masked,masked,masked,nonres,2016,la puente
neighborhoods_189,144222,4,masked,masked,masked,nonres,2016,la puente
neighborhoods_189,173159,5,masked,masked,masked,nonres,2016,la puente
neighborhoods_189,133830,6,masked,masked,masked,nonres,2016,la puente
neighborhoods_189,NA,7,NA,NA,NA,nonres,2016,la puente
neighborhoods_190,NA,1,masked,masked,masked,multi_family,2016,larchmont
neighborhoods_190,1294103,2,4969874.7000,11891.3500,3.4962,multi_family,2016,larchmont
neighborhoods_190,397232,3,1594233.0000,53670.2000,3.9449,multi_family,2016,larchmont
neighborhoods_190,139610,4,567818.7000,99151.0000,3.9044,multi_family,2016,larchmont
neighborhoods_190,NA,5,NA,NA,NA,multi_family,2016,larchmont
neighborhoods_190,43002,6,masked,masked,masked,multi_family,2016,larchmont
neighborhoods_190,NA,7,NA,NA,NA,multi_family,2016,larchmont
neighborhoods_190,NA,1,NA,NA,NA,nonres,2016,larchmont
neighborhoods_190,358367,2,5142987.3000,27059.4000,7.7754,nonres,2016,larchmont
neighborhoods_190,204851,3,1892236.3000,95952.8000,7.8419,nonres,2016,larchmont
neighborhoods_190,90581,4,masked,masked,masked,nonres,2016,larchmont
neighborhoods_190,70794,5,masked,masked,masked,nonres,2016,larchmont
neighborhoods_190,NA,6,NA,NA,NA,nonres,2016,larchmont
neighborhoods_190,52880,7,masked,masked,masked,nonres,2016,larchmont
neighborhoods_191,NA,1,NA,NA,NA,multi_family,2016,la verne
neighborhoods_191,865357,2,3551975.0000,7333.0000,3.0513,multi_family,2016,la verne
neighborhoods_191,13808,3,471284.0000,471284.0000,34.1312,multi_family,2016,la verne
neighborhoods_191,NA,4,NA,NA,NA,multi_family,2016,la verne
neighborhoods_191,NA,5,NA,NA,NA,multi_family,2016,la verne
neighborhoods_191,47712,6,284165.0000,284165.0000,5.9558,multi_family,2016,la verne
neighborhoods_191,NA,7,NA,NA,NA,multi_family,2016,la verne
neighborhoods_191,0,1,masked,masked,masked,nonres,2016,la verne
neighborhoods_191,462629,2,15898103.0000,27759.0000,8.9954,nonres,2016,la verne
neighborhoods_191,276833,3,masked,masked,masked,nonres,2016,la verne
neighborhoods_191,195267,4,masked,masked,masked,nonres,2016,la verne
neighborhoods_191,173920,5,masked,masked,masked,nonres,2016,la verne
neighborhoods_191,263610,6,masked,masked,masked,nonres,2016,la verne
neighborhoods_191,57850,7,masked,masked,masked,nonres,2016,la verne
neighborhoods_192,NA,1,masked,masked,masked,multi_family,2016,lawndale
neighborhoods_192,5145464,2,13534811.0000,4571.0000,2.2169,multi_family,2016,lawndale
neighborhoods_192,503068,3,1779627.0000,51134.0000,3.7405,multi_family,2016,lawndale
neighborhoods_192,194286,4,3357256.0000,115483.0000,5.0208,multi_family,2016,lawndale
neighborhoods_192,171521,5,728027.0000,144938.0000,4.0168,multi_family,2016,lawndale
neighborhoods_192,41536,6,masked,masked,masked,multi_family,2016,lawndale
neighborhoods_192,NA,7,NA,NA,NA,multi_family,2016,lawndale
neighborhoods_192,0,1,masked,masked,masked,nonres,2016,lawndale
neighborhoods_192,930686,2,12628779.0000,14131.5000,5.6409,nonres,2016,lawndale
neighborhoods_192,344926,3,masked,masked,masked,nonres,2016,lawndale
neighborhoods_192,243449,4,masked,masked,masked,nonres,2016,lawndale
neighborhoods_192,68938,5,masked,masked,masked,nonres,2016,lawndale
neighborhoods_192,89315,6,masked,masked,masked,nonres,2016,lawndale
neighborhoods_192,104242,7,masked,masked,masked,nonres,2016,lawndale
neighborhoods_193,NA,1,masked,masked,masked,multi_family,2016,leimert park
neighborhoods_193,2273918,2,7414019.9000,10014.4000,3.1692,multi_family,2016,leimert park
neighborhoods_193,189713,3,630497.9000,38464.7000,3.3249,multi_family,2016,leimert park
neighborhoods_193,40534,4,masked,masked,masked,multi_family,2016,leimert park
neighborhoods_193,NA,5,NA,NA,NA,multi_family,2016,leimert park
neighborhoods_193,NA,6,NA,NA,NA,multi_family,2016,leimert park
neighborhoods_193,NA,7,NA,NA,NA,multi_family,2016,leimert park
neighborhoods_193,0,1,masked,masked,masked,nonres,2016,leimert park
neighborhoods_193,583596,2,masked,masked,masked,nonres,2016,leimert park
neighborhoods_193,141405,3,masked,masked,masked,nonres,2016,leimert park
neighborhoods_193,105129,4,masked,masked,masked,nonres,2016,leimert park
neighborhoods_193,31065,5,masked,masked,masked,nonres,2016,leimert park
neighborhoods_193,NA,6,NA,NA,NA,nonres,2016,leimert park
neighborhoods_193,NA,7,NA,NA,NA,nonres,2016,leimert park
neighborhoods_194,0,1,masked,masked,masked,multi_family,2016,lennox
neighborhoods_194,2263477,2,9635930.0000,8480.0000,4.1245,multi_family,2016,lennox
neighborhoods_194,287559,3,1178933.0000,52478.0000,3.9221,multi_family,2016,lennox
neighborhoods_194,183397,4,1012837.0000,132893.0000,4.8342,multi_family,2016,lennox
neighborhoods_194,30340,5,masked,masked,masked,multi_family,2016,lennox
neighborhoods_194,NA,6,NA,NA,NA,multi_family,2016,lennox
neighborhoods_194,NA,7,NA,NA,NA,multi_family,2016,lennox
neighborhoods_194,0,1,masked,masked,masked,nonres,2016,lennox
neighborhoods_194,307254,2,6337417.0000,27544.5000,10.4642,nonres,2016,lennox
neighborhoods_194,59650,3,masked,masked,masked,nonres,2016,lennox
neighborhoods_194,115773,4,masked,masked,masked,nonres,2016,lennox
neighborhoods_194,70955,5,masked,masked,masked,nonres,2016,lennox
neighborhoods_194,NA,6,NA,NA,NA,nonres,2016,lennox
neighborhoods_194,NA,7,NA,NA,NA,nonres,2016,lennox
neighborhoods_195,NA,1,NA,NA,NA,multi_family,2016,leona valley
neighborhoods_195,41140,2,masked,masked,masked,multi_family,2016,leona valley
neighborhoods_195,NA,3,NA,NA,NA,multi_family,2016,leona valley
neighborhoods_195,NA,4,NA,NA,NA,multi_family,2016,leona valley
neighborhoods_195,NA,5,NA,NA,NA,multi_family,2016,leona valley
neighborhoods_195,NA,6,NA,NA,NA,multi_family,2016,leona valley
neighborhoods_195,NA,7,NA,NA,NA,multi_family,2016,leona valley
neighborhoods_195,0,1,masked,masked,masked,nonres,2016,leona valley
neighborhoods_195,53268,2,masked,masked,masked,nonres,2016,leona valley
neighborhoods_195,30964,3,masked,masked,masked,nonres,2016,leona valley
neighborhoods_195,NA,4,NA,NA,NA,nonres,2016,leona valley
neighborhoods_195,NA,5,NA,NA,NA,nonres,2016,leona valley
neighborhoods_195,NA,6,NA,NA,NA,nonres,2016,leona valley
neighborhoods_195,NA,7,NA,NA,NA,nonres,2016,leona valley
neighborhoods_196,NA,1,NA,NA,NA,multi_family,2016,lincoln heights
neighborhoods_196,3703637,2,15828179.3000,8788.4000,3.5322,multi_family,2016,lincoln heights
neighborhoods_196,235665,3,1022882.9000,51385.5000,3.6272,multi_family,2016,lincoln heights
neighborhoods_196,55871,4,masked,masked,masked,multi_family,2016,lincoln heights
neighborhoods_196,70368,5,masked,masked,masked,multi_family,2016,lincoln heights
neighborhoods_196,125114,6,788149.9000,218519.6000,5.2390,multi_family,2016,lincoln heights
neighborhoods_196,57431,7,masked,masked,masked,multi_family,2016,lincoln heights
neighborhoods_196,0,1,masked,masked,masked,nonres,2016,lincoln heights
neighborhoods_196,943660,2,29653148.8000,28339.1000,8.0308,nonres,2016,lincoln heights
neighborhoods_196,359948,3,2965879.8000,93804.3000,6.0180,nonres,2016,lincoln heights
neighborhoods_196,234190,4,masked,masked,masked,nonres,2016,lincoln heights
neighborhoods_196,65665,5,masked,masked,masked,nonres,2016,lincoln heights
neighborhoods_196,182274,6,masked,masked,masked,nonres,2016,lincoln heights
neighborhoods_196,159224,7,masked,masked,masked,nonres,2016,lincoln heights
neighborhoods_197,NA,1,NA,NA,NA,multi_family,2016,littlerock
neighborhoods_197,48269,2,masked,masked,masked,multi_family,2016,littlerock
neighborhoods_197,NA,3,NA,NA,NA,multi_family,2016,littlerock
neighborhoods_197,NA,4,NA,NA,NA,multi_family,2016,littlerock
neighborhoods_197,NA,5,NA,NA,NA,multi_family,2016,littlerock
neighborhoods_197,NA,6,NA,NA,NA,multi_family,2016,littlerock
neighborhoods_197,NA,7,NA,NA,NA,multi_family,2016,littlerock
neighborhoods_197,0,1,masked,masked,masked,nonres,2016,littlerock
neighborhoods_197,109358,2,2648710.0000,18284.5000,8.4190,nonres,2016,littlerock
neighborhoods_197,27557,3,masked,masked,masked,nonres,2016,littlerock
neighborhoods_197,NA,4,NA,NA,NA,nonres,2016,littlerock
neighborhoods_197,NA,5,NA,NA,NA,nonres,2016,littlerock
neighborhoods_197,NA,6,NA,NA,NA,nonres,2016,littlerock
neighborhoods_197,NA,7,NA,NA,NA,nonres,2016,littlerock
neighborhoods_198,NA,1,NA,NA,NA,multi_family,2016,lomita
neighborhoods_198,1937745,2,5640043.5000,5056.5000,2.2187,multi_family,2016,lomita
neighborhoods_198,406259,3,1808021.0000,64794.0000,4.5944,multi_family,2016,lomita
neighborhoods_198,205243,4,941327.0000,130201.0000,5.1459,multi_family,2016,lomita
neighborhoods_198,239194,5,970092.0000,139620.0000,4.0855,multi_family,2016,lomita
neighborhoods_198,128686,6,717760.5000,221885.0000,5.2314,multi_family,2016,lomita
neighborhoods_198,117861,7,612470.0000,306235.0000,5.2072,multi_family,2016,lomita
neighborhoods_198,0,1,110497.0000,3151.0000,NA,nonres,2016,lomita
neighborhoods_198,894880,2,11060097.3000,17794.0000,5.4730,nonres,2016,lomita
neighborhoods_198,349087,3,1751920.0000,33780.0000,2.7076,nonres,2016,lomita
neighborhoods_198,170085,4,masked,masked,masked,nonres,2016,lomita
neighborhoods_198,164110,5,masked,masked,masked,nonres,2016,lomita
neighborhoods_198,NA,6,NA,NA,NA,nonres,2016,lomita
neighborhoods_198,59893,7,masked,masked,masked,nonres,2016,lomita
neighborhoods_199,0,1,784340.0000,392170.0000,NA,multi_family,2016,long beach
neighborhoods_199,50579620,2,231196217.6000,10802.5000,4.2141,multi_family,2016,long beach
neighborhoods_199,6684917,3,31652874.9000,59558.0000,4.4689,multi_family,2016,long beach
neighborhoods_199,2137664,4,10890974.0000,118291.5000,4.8669,multi_family,2016,long beach
neighborhoods_199,579885,5,3348643.7000,180977.0000,5.3398,multi_family,2016,long beach
neighborhoods_199,940568,6,4948439.0000,236849.0000,5.2580,multi_family,2016,long beach
neighborhoods_199,661900,7,4173050.0000,355302.5000,6.2983,multi_family,2016,long beach
neighborhoods_199,0,1,masked,masked,masked,nonres,2016,long beach
neighborhoods_199,12043754,2,masked,masked,masked,nonres,2016,long beach
neighborhoods_199,4927125,3,51397363.4000,84876.5000,5.9810,nonres,2016,long beach
neighborhoods_199,2520674,4,27260471.0000,176247.0000,7.1079,nonres,2016,long beach
neighborhoods_199,1435794,5,16995354.0000,195437.0000,5.9046,nonres,2016,long beach
neighborhoods_199,1796158,6,20552876.0000,389005.5000,8.8559,nonres,2016,long beach
neighborhoods_199,1862223,7,30677334.0000,570337.0000,10.3263,nonres,2016,long beach
neighborhoods_200,NA,1,NA,NA,NA,multi_family,2016,lopez/kagel canyons
neighborhoods_200,16390,2,masked,masked,masked,multi_family,2016,lopez/kagel canyons
neighborhoods_200,NA,3,NA,NA,NA,multi_family,2016,lopez/kagel canyons
neighborhoods_200,NA,4,NA,NA,NA,multi_family,2016,lopez/kagel canyons
neighborhoods_200,NA,5,NA,NA,NA,multi_family,2016,lopez/kagel canyons
neighborhoods_200,NA,6,NA,NA,NA,multi_family,2016,lopez/kagel canyons
neighborhoods_200,NA,7,NA,NA,NA,multi_family,2016,lopez/kagel canyons
neighborhoods_200,0,1,masked,masked,masked,nonres,2016,lopez/kagel canyons
neighborhoods_200,42024,2,masked,masked,masked,nonres,2016,lopez/kagel canyons
neighborhoods_200,13716,3,masked,masked,masked,nonres,2016,lopez/kagel canyons
neighborhoods_200,NA,4,NA,NA,NA,nonres,2016,lopez/kagel canyons
neighborhoods_200,NA,5,NA,NA,NA,nonres,2016,lopez/kagel canyons
neighborhoods_200,NA,6,NA,NA,NA,nonres,2016,lopez/kagel canyons
neighborhoods_200,NA,7,NA,NA,NA,nonres,2016,lopez/kagel canyons
neighborhoods_201,NA,1,NA,NA,NA,multi_family,2016,los feliz
neighborhoods_201,5514572,2,21112633.3000,11956.8000,3.4730,multi_family,2016,los feliz
neighborhoods_201,2160166,3,8182135.9000,48785.0000,3.6716,multi_family,2016,los feliz
neighborhoods_201,1201122,4,4870043.7000,93014.8000,3.9869,multi_family,2016,los feliz
neighborhoods_201,607629,5,2619308.8000,142425.7500,4.2934,multi_family,2016,los feliz
neighborhoods_201,260007,6,1049132.2000,189320.3000,4.2853,multi_family,2016,los feliz
neighborhoods_201,387130,7,2018227.3000,289395.1000,5.1469,multi_family,2016,los feliz
neighborhoods_201,0,1,masked,masked,masked,nonres,2016,los feliz
neighborhoods_201,703875,2,16204603.6000,48106.2500,11.2113,nonres,2016,los feliz
neighborhoods_201,457799,3,5856017.3000,136752.8000,9.5093,nonres,2016,los feliz
neighborhoods_201,124198,4,masked,masked,masked,nonres,2016,los feliz
neighborhoods_201,334460,5,masked,masked,masked,nonres,2016,los feliz
neighborhoods_201,NA,6,NA,NA,NA,nonres,2016,los feliz
neighborhoods_201,NA,7,NA,NA,NA,nonres,2016,los feliz
neighborhoods_202,NA,1,masked,masked,masked,multi_family,2016,lynwood
neighborhoods_202,4850034,2,17957719.5000,7876.5000,3.5519,multi_family,2016,lynwood
neighborhoods_202,662996,3,2358692.0000,44775.5000,3.6916,multi_family,2016,lynwood
neighborhoods_202,162300,4,700916.0000,101873.0000,4.0677,multi_family,2016,lynwood
neighborhoods_202,98440,5,374849.0000,125782.0000,3.9429,multi_family,2016,lynwood
neighborhoods_202,44618,6,masked,masked,masked,multi_family,2016,lynwood
neighborhoods_202,NA,7,NA,NA,NA,multi_family,2016,lynwood
neighborhoods_202,0,1,masked,masked,masked,nonres,2016,lynwood
neighborhoods_202,1282666,2,masked,masked,masked,nonres,2016,lynwood
neighborhoods_202,438736,3,3353459.0000,57479.5000,4.4022,nonres,2016,lynwood
neighborhoods_202,250150,4,masked,masked,masked,nonres,2016,lynwood
neighborhoods_202,165806,5,masked,masked,masked,nonres,2016,lynwood
neighborhoods_202,136507,6,masked,masked,masked,nonres,2016,lynwood
neighborhoods_202,106514,7,masked,masked,masked,nonres,2016,lynwood
neighborhoods_203,NA,1,NA,NA,NA,multi_family,2016,malibu
neighborhoods_203,589472,2,2474713.5000,10402.0000,3.5273,multi_family,2016,malibu
neighborhoods_203,85445,3,masked,masked,masked,multi_family,2016,malibu
neighborhoods_203,23272,4,masked,masked,masked,multi_family,2016,malibu
neighborhoods_203,NA,5,NA,NA,NA,multi_family,2016,malibu
neighborhoods_203,NA,6,NA,NA,NA,multi_family,2016,malibu
neighborhoods_203,NA,7,NA,NA,NA,multi_family,2016,malibu
neighborhoods_203,0,1,masked,masked,masked,nonres,2016,malibu
neighborhoods_203,340180,2,12247054.0000,31959.5000,11.3504,nonres,2016,malibu
neighborhoods_203,215203,3,masked,masked,masked,nonres,2016,malibu
neighborhoods_203,162706,4,masked,masked,masked,nonres,2016,malibu
neighborhoods_203,135404,5,masked,masked,masked,nonres,2016,malibu
neighborhoods_203,87528,6,masked,masked,masked,nonres,2016,malibu
neighborhoods_203,50434,7,759104.0000,759104.0000,15.0514,nonres,2016,malibu
neighborhoods_204,NA,1,NA,NA,NA,multi_family,2016,manchester square
neighborhoods_204,1435854,2,5755723.7000,8753.4000,3.8648,multi_family,2016,manchester square
neighborhoods_204,48942,3,masked,masked,masked,multi_family,2016,manchester square
neighborhoods_204,NA,4,NA,NA,NA,multi_family,2016,manchester square
neighborhoods_204,38567,5,masked,masked,masked,multi_family,2016,manchester square
neighborhoods_204,NA,6,NA,NA,NA,multi_family,2016,manchester square
neighborhoods_204,NA,7,NA,NA,NA,multi_family,2016,manchester square
neighborhoods_204,NA,1,NA,NA,NA,nonres,2016,manchester square
neighborhoods_204,518343,2,5147246.2000,8744.4000,3.9615,nonres,2016,manchester square
neighborhoods_204,93790,3,masked,masked,masked,nonres,2016,manchester square
neighborhoods_204,45613,4,masked,masked,masked,nonres,2016,manchester square
neighborhoods_204,NA,5,NA,NA,NA,nonres,2016,manchester square
neighborhoods_204,NA,6,NA,NA,NA,nonres,2016,manchester square
neighborhoods_204,NA,7,NA,NA,NA,nonres,2016,manchester square
neighborhoods_205,NA,1,NA,NA,NA,multi_family,2016,manhattan beach
neighborhoods_205,3362652,2,11507534.0000,7292.5000,3.2733,multi_family,2016,manhattan beach
neighborhoods_205,170542,3,545836.0000,42433.5000,3.0920,multi_family,2016,manhattan beach
neighborhoods_205,25904,4,masked,masked,masked,multi_family,2016,manhattan beach
neighborhoods_205,31322,5,masked,masked,masked,multi_family,2016,manhattan beach
neighborhoods_205,NA,6,NA,NA,NA,multi_family,2016,manhattan beach
neighborhoods_205,NA,7,NA,NA,NA,multi_family,2016,manhattan beach
neighborhoods_205,0,1,masked,masked,masked,nonres,2016,manhattan beach
neighborhoods_205,1207092,2,26584821.0000,35898.0000,10.9498,nonres,2016,manhattan beach
neighborhoods_205,296206,3,masked,masked,masked,nonres,2016,manhattan beach
neighborhoods_205,365443,4,6395103.0000,281312.0000,12.3593,nonres,2016,manhattan beach
neighborhoods_205,248738,5,masked,masked,masked,nonres,2016,manhattan beach
neighborhoods_205,134033,6,masked,masked,masked,nonres,2016,manhattan beach
neighborhoods_205,277546,7,masked,masked,masked,nonres,2016,manhattan beach
neighborhoods_206,NA,1,NA,NA,NA,multi_family,2016,marina del rey
neighborhoods_206,NA,2,NA,NA,NA,multi_family,2016,marina del rey
neighborhoods_206,NA,3,NA,NA,NA,multi_family,2016,marina del rey
neighborhoods_206,NA,4,NA,NA,NA,multi_family,2016,marina del rey
neighborhoods_206,NA,5,NA,NA,NA,multi_family,2016,marina del rey
neighborhoods_206,NA,6,NA,NA,NA,multi_family,2016,marina del rey
neighborhoods_206,NA,7,NA,NA,NA,multi_family,2016,marina del rey
neighborhoods_206,0,1,masked,masked,masked,nonres,2016,marina del rey
neighborhoods_206,48786,2,33354318.0000,1061206.0000,334.0514,nonres,2016,marina del rey
neighborhoods_206,NA,3,NA,NA,NA,nonres,2016,marina del rey
neighborhoods_206,NA,4,NA,NA,NA,nonres,2016,marina del rey
neighborhoods_206,NA,5,NA,NA,NA,nonres,2016,marina del rey
neighborhoods_206,NA,6,NA,NA,NA,nonres,2016,marina del rey
neighborhoods_206,NA,7,NA,NA,NA,nonres,2016,marina del rey
neighborhoods_207,NA,1,masked,masked,masked,multi_family,2016,mar vista
neighborhoods_207,3704335,2,14902246.0000,15241.0000,3.5212,multi_family,2016,mar vista
neighborhoods_207,1052702,3,4848409.6000,52115.1000,3.9973,multi_family,2016,mar vista
neighborhoods_207,409878,4,1664285.7000,101995.5000,4.2392,multi_family,2016,mar vista
neighborhoods_207,66046,5,masked,masked,masked,multi_family,2016,mar vista
neighborhoods_207,266298,6,1188237.8000,217344.3000,5.1034,multi_family,2016,mar vista
neighborhoods_207,229129,7,704012.5000,215694.3000,3.7681,multi_family,2016,mar vista
neighborhoods_207,0,1,masked,masked,masked,nonres,2016,mar vista
neighborhoods_207,499565,2,masked,masked,masked,nonres,2016,mar vista
neighborhoods_207,197463,3,2597236.6000,126569.8500,11.1405,nonres,2016,mar vista
neighborhoods_207,165568,4,masked,masked,masked,nonres,2016,mar vista
neighborhoods_207,30261,5,masked,masked,masked,nonres,2016,mar vista
neighborhoods_207,NA,6,NA,NA,NA,nonres,2016,mar vista
neighborhoods_207,101291,7,masked,masked,masked,nonres,2016,mar vista
neighborhoods_208,NA,1,masked,masked,masked,multi_family,2016,mayflower village
neighborhoods_208,146417,2,717213.0000,9982.0000,4.5900,multi_family,2016,mayflower village
neighborhoods_208,30275,3,masked,masked,masked,multi_family,2016,mayflower village
neighborhoods_208,50889,4,268524.0000,134262.0000,5.2834,multi_family,2016,mayflower village
neighborhoods_208,NA,5,NA,NA,NA,multi_family,2016,mayflower village
neighborhoods_208,NA,6,NA,NA,NA,multi_family,2016,mayflower village
neighborhoods_208,NA,7,NA,NA,NA,multi_family,2016,mayflower village
neighborhoods_208,NA,1,NA,NA,NA,nonres,2016,mayflower village
neighborhoods_208,110343,2,masked,masked,masked,nonres,2016,mayflower village
neighborhoods_208,26774,3,masked,masked,masked,nonres,2016,mayflower village
neighborhoods_208,28320,4,masked,masked,masked,nonres,2016,mayflower village
neighborhoods_208,35161,5,masked,masked,masked,nonres,2016,mayflower village
neighborhoods_208,40815,6,masked,masked,masked,nonres,2016,mayflower village
neighborhoods_208,NA,7,NA,NA,NA,nonres,2016,mayflower village
neighborhoods_209,NA,1,NA,NA,NA,multi_family,2016,maywood
neighborhoods_209,3083776,2,12328234.5000,8697.5000,3.9796,multi_family,2016,maywood
neighborhoods_209,97968,3,369274.0000,35861.0000,3.4123,multi_family,2016,maywood
neighborhoods_209,44277,4,masked,masked,masked,multi_family,2016,maywood
neighborhoods_209,39005,5,masked,masked,masked,multi_family,2016,maywood
neighborhoods_209,40905,6,masked,masked,masked,multi_family,2016,maywood
neighborhoods_209,NA,7,NA,NA,NA,multi_family,2016,maywood
neighborhoods_209,0,1,masked,masked,masked,nonres,2016,maywood
neighborhoods_209,522855,2,15515356.0000,22905.0000,8.8956,nonres,2016,maywood
neighborhoods_209,194964,3,1639434.0000,52431.5000,3.9159,nonres,2016,maywood
neighborhoods_209,26259,4,masked,masked,masked,nonres,2016,maywood
neighborhoods_209,70327,5,masked,masked,masked,nonres,2016,maywood
neighborhoods_209,84724,6,masked,masked,masked,nonres,2016,maywood
neighborhoods_209,NA,7,NA,NA,NA,nonres,2016,maywood
neighborhoods_210,0,1,masked,masked,masked,multi_family,2016,mid-city
neighborhoods_210,9835465,2,32459730.3000,8992.7500,3.2463,multi_family,2016,mid-city
neighborhoods_210,1221403,3,4598726.2000,48490.0500,3.8111,multi_family,2016,mid-city
neighborhoods_210,197224,4,662767.4000,74494.2000,3.4998,multi_family,2016,mid-city
neighborhoods_210,98633,5,477784.7000,147842.3000,4.8490,multi_family,2016,mid-city
neighborhoods_210,NA,6,NA,NA,NA,multi_family,2016,mid-city
neighborhoods_210,NA,7,masked,masked,masked,multi_family,2016,mid-city
neighborhoods_210,0,1,masked,masked,masked,nonres,2016,mid-city
neighborhoods_210,1715836,2,25082356.8000,15084.6000,5.7540,nonres,2016,mid-city
neighborhoods_210,299196,3,3057679.1000,136457.5500,9.8201,nonres,2016,mid-city
neighborhoods_210,95560,4,masked,masked,masked,nonres,2016,mid-city
neighborhoods_210,208363,5,masked,masked,masked,nonres,2016,mid-city
neighborhoods_210,128836,6,masked,masked,masked,nonres,2016,mid-city
neighborhoods_210,57294,7,masked,masked,masked,nonres,2016,mid-city
neighborhoods_211,NA,1,NA,NA,NA,multi_family,2016,mid-wilshire
neighborhoods_211,9597873,2,29437775.3000,10516.9000,2.9066,multi_family,2016,mid-wilshire
neighborhoods_211,982846,3,5900688.1000,39592.4000,3.3975,multi_family,2016,mid-wilshire
neighborhoods_211,718063,4,2662455.6000,73428.6500,3.3964,multi_family,2016,mid-wilshire
neighborhoods_211,535929,5,2723002.8000,188038.4000,5.1967,multi_family,2016,mid-wilshire
neighborhoods_211,224000,6,990925.9000,220917.8000,5.1988,multi_family,2016,mid-wilshire
neighborhoods_211,883064,7,3700745.5000,271976.9500,4.8541,multi_family,2016,mid-wilshire
neighborhoods_211,0,1,masked,masked,masked,nonres,2016,mid-wilshire
neighborhoods_211,1272623,2,40867464.1000,26569.8000,7.4442,nonres,2016,mid-wilshire
neighborhoods_211,503611,3,6473226.8000,185985.4000,14.4214,nonres,2016,mid-wilshire
neighborhoods_211,376020,4,masked,masked,masked,nonres,2016,mid-wilshire
neighborhoods_211,238786,5,masked,masked,masked,nonres,2016,mid-wilshire
neighborhoods_211,177309,6,masked,masked,masked,nonres,2016,mid-wilshire
neighborhoods_211,NA,7,NA,NA,NA,nonres,2016,mid-wilshire
neighborhoods_212,NA,1,masked,masked,masked,multi_family,2016,mission hills
neighborhoods_212,144641,2,1134649.3000,12491.6000,5.3724,multi_family,2016,mission hills
neighborhoods_212,128574,3,828318.6000,94711.4500,6.0604,multi_family,2016,mission hills
neighborhoods_212,63476,4,364285.2000,121981.1000,5.7142,multi_family,2016,mission hills
neighborhoods_212,32950,5,masked,masked,masked,multi_family,2016,mission hills
neighborhoods_212,NA,6,NA,NA,NA,multi_family,2016,mission hills
neighborhoods_212,NA,7,NA,NA,NA,multi_family,2016,mission hills
neighborhoods_212,0,1,410049.9000,410049.9000,NA,nonres,2016,mission hills
neighborhoods_212,345982,2,11307365.4000,64599.6000,11.9292,nonres,2016,mission hills
neighborhoods_212,175193,3,3202525.3000,204603.5000,15.9749,nonres,2016,mission hills
neighborhoods_212,173330,4,masked,masked,masked,nonres,2016,mission hills
neighborhoods_212,176440,5,masked,masked,masked,nonres,2016,mission hills
neighborhoods_212,226562,6,masked,masked,masked,nonres,2016,mission hills
neighborhoods_212,107026,7,masked,masked,masked,nonres,2016,mission hills
neighborhoods_213,NA,1,masked,masked,masked,multi_family,2016,monrovia
neighborhoods_213,3939122,2,18785586.5000,9546.0000,4.4573,multi_family,2016,monrovia
neighborhoods_213,553898,3,2603911.5000,61334.5000,4.5703,multi_family,2016,monrovia
neighborhoods_213,220788,4,784286.0000,101540.0000,4.5808,multi_family,2016,monrovia
neighborhoods_213,107571,5,495932.5000,189718.5000,5.6089,multi_family,2016,monrovia
neighborhoods_213,132330,6,678296.0000,243000.0000,5.4534,multi_family,2016,monrovia
neighborhoods_213,108056,7,masked,masked,masked,multi_family,2016,monrovia
neighborhoods_213,0,1,masked,masked,masked,nonres,2016,monrovia
neighborhoods_213,1120328,2,29184907.0000,25438.0000,8.3065,nonres,2016,monrovia
neighborhoods_213,538282,3,6683709.0000,94545.0000,6.2486,nonres,2016,monrovia
neighborhoods_213,322961,4,masked,masked,masked,nonres,2016,monrovia
neighborhoods_213,327540,5,masked,masked,masked,nonres,2016,monrovia
neighborhoods_213,402659,6,masked,masked,masked,nonres,2016,monrovia
neighborhoods_213,441486,7,masked,masked,masked,nonres,2016,monrovia
neighborhoods_214,NA,1,NA,NA,NA,multi_family,2016,montebello
neighborhoods_214,4373270,2,20408335.6000,8437.0000,3.4890,multi_family,2016,montebello
neighborhoods_214,862906,3,3587498.5000,54862.0000,4.2211,multi_family,2016,montebello
neighborhoods_214,828298,4,3486656.0000,105596.5000,4.4862,multi_family,2016,montebello
neighborhoods_214,250610,5,1351003.0000,204063.0000,5.5194,multi_family,2016,montebello
neighborhoods_214,170658,6,928935.0000,237021.5000,5.8847,multi_family,2016,montebello
neighborhoods_214,328568,7,2221969.0000,380844.0000,7.1054,multi_family,2016,montebello
neighborhoods_214,0,1,masked,masked,masked,nonres,2016,montebello
neighborhoods_214,1874727,2,masked,masked,masked,nonres,2016,montebello
neighborhoods_214,607227,3,masked,masked,masked,nonres,2016,montebello
neighborhoods_214,388368,4,masked,masked,masked,nonres,2016,montebello
neighborhoods_214,377453,5,masked,masked,masked,nonres,2016,montebello
neighborhoods_214,359410,6,masked,masked,masked,nonres,2016,montebello
neighborhoods_214,110320,7,masked,masked,masked,nonres,2016,montebello
neighborhoods_215,NA,1,NA,NA,NA,multi_family,2016,montecito heights
neighborhoods_215,1116186,2,4450456.6000,7736.2000,3.9633,multi_family,2016,montecito heights
neighborhoods_215,62976,3,masked,masked,masked,multi_family,2016,montecito heights
neighborhoods_215,67733,4,masked,masked,masked,multi_family,2016,montecito heights
neighborhoods_215,110573,5,496699.4000,154765.6000,4.4600,multi_family,2016,montecito heights
neighborhoods_215,NA,6,NA,NA,NA,multi_family,2016,montecito heights
neighborhoods_215,NA,7,NA,NA,NA,multi_family,2016,montecito heights
neighborhoods_215,0,1,masked,masked,masked,nonres,2016,montecito heights
neighborhoods_215,134116,2,2385001.6000,11397.7500,4.4213,nonres,2016,montecito heights
neighborhoods_215,34954,3,masked,masked,masked,nonres,2016,montecito heights
neighborhoods_215,43700,4,masked,masked,masked,nonres,2016,montecito heights
neighborhoods_215,NA,5,NA,NA,NA,nonres,2016,montecito heights
neighborhoods_215,129761,6,masked,masked,masked,nonres,2016,montecito heights
neighborhoods_215,NA,7,NA,NA,NA,nonres,2016,montecito heights
neighborhoods_216,NA,1,masked,masked,masked,multi_family,2016,monterey park
neighborhoods_216,4318319,2,16146064.5000,8928.5000,3.3859,multi_family,2016,monterey park
neighborhoods_216,688376,3,3225120.0000,39877.0000,3.5631,multi_family,2016,monterey park
neighborhoods_216,574611,4,1735138.0000,58697.0000,2.4506,multi_family,2016,monterey park
neighborhoods_216,69365,5,masked,masked,masked,multi_family,2016,monterey park
neighborhoods_216,184942,6,497438.0000,113307.0000,2.4099,multi_family,2016,monterey park
neighborhoods_216,NA,7,NA,NA,NA,multi_family,2016,monterey park
neighborhoods_216,0,1,masked,masked,masked,nonres,2016,monterey park
neighborhoods_216,1218169,2,masked,masked,masked,nonres,2016,monterey park
neighborhoods_216,698848,3,6114429.0000,81181.5000,5.9405,nonres,2016,monterey park
neighborhoods_216,422194,4,masked,masked,masked,nonres,2016,monterey park
neighborhoods_216,331787,5,masked,masked,masked,nonres,2016,monterey park
neighborhoods_216,353042,6,masked,masked,masked,nonres,2016,monterey park
neighborhoods_216,216165,7,masked,masked,masked,nonres,2016,monterey park
neighborhoods_217,NA,1,NA,NA,NA,multi_family,2016,mount washington
neighborhoods_217,731864,2,2852091.1000,7087.1000,3.8316,multi_family,2016,mount washington
neighborhoods_217,40266,3,masked,masked,masked,multi_family,2016,mount washington
neighborhoods_217,NA,4,NA,NA,NA,multi_family,2016,mount washington
neighborhoods_217,NA,5,NA,NA,NA,multi_family,2016,mount washington
neighborhoods_217,40976,6,masked,masked,masked,multi_family,2016,mount washington
neighborhoods_217,50006,7,masked,masked,masked,multi_family,2016,mount washington
neighborhoods_217,0,1,masked,masked,masked,nonres,2016,mount washington
neighborhoods_217,46372,2,masked,masked,masked,nonres,2016,mount washington
neighborhoods_217,33263,3,masked,masked,masked,nonres,2016,mount washington
neighborhoods_217,NA,4,NA,NA,NA,nonres,2016,mount washington
neighborhoods_217,NA,5,NA,NA,NA,nonres,2016,mount washington
neighborhoods_217,NA,6,NA,NA,NA,nonres,2016,mount washington
neighborhoods_217,NA,7,NA,NA,NA,nonres,2016,mount washington
neighborhoods_218,NA,1,NA,NA,NA,multi_family,2016,northeast antelope valley
neighborhoods_218,118396,2,masked,masked,masked,multi_family,2016,northeast antelope valley
neighborhoods_218,NA,3,NA,NA,NA,multi_family,2016,northeast antelope valley
neighborhoods_218,NA,4,NA,NA,NA,multi_family,2016,northeast antelope valley
neighborhoods_218,NA,5,NA,NA,NA,multi_family,2016,northeast antelope valley
neighborhoods_218,NA,6,NA,NA,NA,multi_family,2016,northeast antelope valley
neighborhoods_218,NA,7,NA,NA,NA,multi_family,2016,northeast antelope valley
neighborhoods_218,0,1,masked,masked,masked,nonres,2016,northeast antelope valley
neighborhoods_218,258999,2,3776153.0000,8668.0000,5.3050,nonres,2016,northeast antelope valley
neighborhoods_218,10473,3,masked,masked,masked,nonres,2016,northeast antelope valley
neighborhoods_218,NA,4,NA,NA,NA,nonres,2016,northeast antelope valley
neighborhoods_218,NA,5,NA,NA,NA,nonres,2016,northeast antelope valley
neighborhoods_218,NA,6,NA,NA,NA,nonres,2016,northeast antelope valley
neighborhoods_218,NA,7,NA,NA,NA,nonres,2016,northeast antelope valley
neighborhoods_219,NA,1,NA,NA,NA,multi_family,2016,north el monte
neighborhoods_219,131338,2,666596.0000,14644.0000,4.8282,multi_family,2016,north el monte
neighborhoods_219,NA,3,NA,NA,NA,multi_family,2016,north el monte
neighborhoods_219,NA,4,NA,NA,NA,multi_family,2016,north el monte
neighborhoods_219,NA,5,NA,NA,NA,multi_family,2016,north el monte
neighborhoods_219,NA,6,NA,NA,NA,multi_family,2016,north el monte
neighborhoods_219,NA,7,NA,NA,NA,multi_family,2016,north el monte
neighborhoods_219,NA,1,NA,NA,NA,nonres,2016,north el monte
neighborhoods_219,5689,2,masked,masked,masked,nonres,2016,north el monte
neighborhoods_219,NA,3,NA,NA,NA,nonres,2016,north el monte
neighborhoods_219,NA,4,NA,NA,NA,nonres,2016,north el monte
neighborhoods_219,NA,5,NA,NA,NA,nonres,2016,north el monte
neighborhoods_219,NA,6,NA,NA,NA,nonres,2016,north el monte
neighborhoods_219,NA,7,NA,NA,NA,nonres,2016,north el monte
neighborhoods_220,NA,1,NA,NA,NA,multi_family,2016,north hills
neighborhoods_220,525799,2,2841580.2000,20500.6000,5.2450,multi_family,2016,north hills
neighborhoods_220,781566,3,4347999.5000,78851.4000,5.3465,multi_family,2016,north hills
neighborhoods_220,1124238,4,6298858.7000,134963.1000,5.5438,multi_family,2016,north hills
neighborhoods_220,904555,5,4637507.8000,171524.3000,4.9647,multi_family,2016,north hills
neighborhoods_220,640456,6,4034214.8000,267074.3500,5.9543,multi_family,2016,north hills
neighborhoods_220,440036,7,2464472.1000,292215.3500,5.2766,multi_family,2016,north hills
neighborhoods_220,0,1,masked,masked,masked,nonres,2016,north hills
neighborhoods_220,712809,2,25390658.4000,46610.0500,11.9400,nonres,2016,north hills
neighborhoods_220,443881,3,6112002.9000,138551.4500,9.4127,nonres,2016,north hills
neighborhoods_220,449850,4,4685079.2000,145145.1500,5.6208,nonres,2016,north hills
neighborhoods_220,140661,5,masked,masked,masked,nonres,2016,north hills
neighborhoods_220,48901,6,masked,masked,masked,nonres,2016,north hills
neighborhoods_220,331952,7,masked,masked,masked,nonres,2016,north hills
neighborhoods_221,0,1,masked,masked,masked,multi_family,2016,north hollywood
neighborhoods_221,8025562,2,39879721.9000,14890.7500,4.7624,multi_family,2016,north hollywood
neighborhoods_221,2286258,3,12107760.3000,71368.5000,5.2088,multi_family,2016,north hollywood
neighborhoods_221,1624468,4,9116952.5000,128588.6500,5.5663,multi_family,2016,north hollywood
neighborhoods_221,972348,5,5819247.2000,203803.6500,5.7651,multi_family,2016,north hollywood
neighborhoods_221,741420,6,3861955.1000,228313.4000,5.5196,multi_family,2016,north hollywood
neighborhoods_221,457096,7,masked,masked,masked,multi_family,2016,north hollywood
neighborhoods_221,0,1,masked,masked,masked,nonres,2016,north hollywood
neighborhoods_221,3033810,2,68572858.5000,25280.5000,8.4941,nonres,2016,north hollywood
neighborhoods_221,1175753,3,12829091.9000,108942.5000,8.9748,nonres,2016,north hollywood
neighborhoods_221,509755,4,masked,masked,masked,nonres,2016,north hollywood
neighborhoods_221,378993,5,masked,masked,masked,nonres,2016,north hollywood
neighborhoods_221,131338,6,masked,masked,masked,nonres,2016,north hollywood
neighborhoods_221,111041,7,masked,masked,masked,nonres,2016,north hollywood
neighborhoods_222,0,1,masked,masked,masked,multi_family,2016,northridge
neighborhoods_222,878526,2,4687556.0000,22687.3000,5.2429,multi_family,2016,northridge
neighborhoods_222,951310,3,5186951.7000,75514.5500,5.3190,multi_family,2016,northridge
neighborhoods_222,973827,4,5227142.1000,127701.9500,5.1839,multi_family,2016,northridge
neighborhoods_222,874907,5,4828233.4000,187610.7000,5.4530,multi_family,2016,northridge
neighborhoods_222,479303,6,2621321.2000,226916.0000,5.4268,multi_family,2016,northridge
neighborhoods_222,331577,7,masked,masked,masked,multi_family,2016,northridge
neighborhoods_222,0,1,masked,masked,masked,nonres,2016,northridge
neighborhoods_222,1127663,2,masked,masked,masked,nonres,2016,northridge
neighborhoods_222,881506,3,11102841.8000,138906.3000,9.8061,nonres,2016,northridge
neighborhoods_222,469826,4,5504108.6000,239322.1000,11.3983,nonres,2016,northridge
neighborhoods_222,395365,5,masked,masked,masked,nonres,2016,northridge
neighborhoods_222,129998,6,1379729.2000,160128.0000,3.7422,nonres,2016,northridge
neighborhoods_222,276951,7,masked,masked,masked,nonres,2016,northridge
neighborhoods_223,NA,1,NA,NA,NA,multi_family,2016,northwest antelope valley
neighborhoods_223,50242,2,masked,masked,masked,multi_family,2016,northwest antelope valley
neighborhoods_223,26621,3,masked,masked,masked,multi_family,2016,northwest antelope valley
neighborhoods_223,NA,4,NA,NA,NA,multi_family,2016,northwest antelope valley
neighborhoods_223,NA,5,NA,NA,NA,multi_family,2016,northwest antelope valley
neighborhoods_223,NA,6,NA,NA,NA,multi_family,2016,northwest antelope valley
neighborhoods_223,NA,7,NA,NA,NA,multi_family,2016,northwest antelope valley
neighborhoods_223,0,1,masked,masked,masked,nonres,2016,northwest antelope valley
neighborhoods_223,173012,2,3490836.5000,9345.0000,6.0415,nonres,2016,northwest antelope valley
neighborhoods_223,NA,3,NA,NA,NA,nonres,2016,northwest antelope valley
neighborhoods_223,NA,4,NA,NA,NA,nonres,2016,northwest antelope valley
neighborhoods_223,NA,5,NA,NA,NA,nonres,2016,northwest antelope valley
neighborhoods_223,NA,6,NA,NA,NA,nonres,2016,northwest antelope valley
neighborhoods_223,NA,7,NA,NA,NA,nonres,2016,northwest antelope valley
neighborhoods_224,NA,1,NA,NA,NA,multi_family,2016,northwest palmdale
neighborhoods_224,60447,2,masked,masked,masked,multi_family,2016,northwest palmdale
neighborhoods_224,NA,3,NA,NA,NA,multi_family,2016,northwest palmdale
neighborhoods_224,NA,4,NA,NA,NA,multi_family,2016,northwest palmdale
neighborhoods_224,NA,5,NA,NA,NA,multi_family,2016,northwest palmdale
neighborhoods_224,NA,6,NA,NA,NA,multi_family,2016,northwest palmdale
neighborhoods_224,NA,7,NA,NA,NA,multi_family,2016,northwest palmdale
neighborhoods_224,NA,1,NA,NA,NA,nonres,2016,northwest palmdale
neighborhoods_224,37173,2,masked,masked,masked,nonres,2016,northwest palmdale
neighborhoods_224,21028,3,masked,masked,masked,nonres,2016,northwest palmdale
neighborhoods_224,NA,4,NA,NA,NA,nonres,2016,northwest palmdale
neighborhoods_224,NA,5,NA,NA,NA,nonres,2016,northwest palmdale
neighborhoods_224,NA,6,NA,NA,NA,nonres,2016,northwest palmdale
neighborhoods_224,NA,7,NA,NA,NA,nonres,2016,northwest palmdale
neighborhoods_225,NA,1,NA,NA,NA,multi_family,2016,north whittier
neighborhoods_225,18938,2,masked,masked,masked,multi_family,2016,north whittier
neighborhoods_225,NA,3,NA,NA,NA,multi_family,2016,north whittier
neighborhoods_225,NA,4,NA,NA,NA,multi_family,2016,north whittier
neighborhoods_225,NA,5,NA,NA,NA,multi_family,2016,north whittier
neighborhoods_225,NA,6,NA,NA,NA,multi_family,2016,north whittier
neighborhoods_225,NA,7,NA,NA,NA,multi_family,2016,north whittier
neighborhoods_225,NA,1,NA,NA,NA,nonres,2016,north whittier
neighborhoods_225,35573,2,masked,masked,masked,nonres,2016,north whittier
neighborhoods_225,12526,3,masked,masked,masked,nonres,2016,north whittier
neighborhoods_225,NA,4,NA,NA,NA,nonres,2016,north whittier
neighborhoods_225,NA,5,NA,NA,NA,nonres,2016,north whittier
neighborhoods_225,NA,6,NA,NA,NA,nonres,2016,north whittier
neighborhoods_225,51164,7,masked,masked,masked,nonres,2016,north whittier
neighborhoods_226,NA,1,NA,NA,NA,multi_family,2016,norwalk
neighborhoods_226,1324052,2,4862635.0000,9728.0000,3.6368,multi_family,2016,norwalk
neighborhoods_226,723744,3,3763933.0000,75474.0000,4.9076,multi_family,2016,norwalk
neighborhoods_226,340488,4,1841320.0000,137360.0000,5.7444,multi_family,2016,norwalk
neighborhoods_226,342833,5,1396246.5000,115599.5000,3.4072,multi_family,2016,norwalk
neighborhoods_226,179238,6,669554.0000,204334.0000,4.5974,multi_family,2016,norwalk
neighborhoods_226,167936,7,879179.0000,300222.0000,5.2282,multi_family,2016,norwalk
neighborhoods_226,0,1,masked,masked,masked,nonres,2016,norwalk
neighborhoods_226,1226847,2,masked,masked,masked,nonres,2016,norwalk
neighborhoods_226,789292,3,masked,masked,masked,nonres,2016,norwalk
neighborhoods_226,407548,4,masked,masked,masked,nonres,2016,norwalk
neighborhoods_226,380466,5,2479179.0000,174905.0000,5.2833,nonres,2016,norwalk
neighborhoods_226,181170,6,masked,masked,masked,nonres,2016,norwalk
neighborhoods_226,230645,7,masked,masked,masked,nonres,2016,norwalk
neighborhoods_227,NA,1,NA,NA,NA,multi_family,2016,pacific palisades
neighborhoods_227,359556,2,1251240.8000,11032.2000,3.3866,multi_family,2016,pacific palisades
neighborhoods_227,113745,3,497117.5000,47704.3000,3.9434,multi_family,2016,pacific palisades
neighborhoods_227,74281,4,masked,masked,masked,multi_family,2016,pacific palisades
neighborhoods_227,31964,5,masked,masked,masked,multi_family,2016,pacific palisades
neighborhoods_227,NA,6,NA,NA,NA,multi_family,2016,pacific palisades
neighborhoods_227,NA,7,NA,NA,NA,multi_family,2016,pacific palisades
neighborhoods_227,0,1,masked,masked,masked,nonres,2016,pacific palisades
neighborhoods_227,452693,2,12591673.2000,40606.1000,11.2148,nonres,2016,pacific palisades
neighborhoods_227,198245,3,masked,masked,masked,nonres,2016,pacific palisades
neighborhoods_227,308123,4,masked,masked,masked,nonres,2016,pacific palisades
neighborhoods_227,163168,5,masked,masked,masked,nonres,2016,pacific palisades
neighborhoods_227,43771,6,masked,masked,masked,nonres,2016,pacific palisades
neighborhoods_227,NA,7,NA,NA,NA,nonres,2016,pacific palisades
neighborhoods_228,NA,1,NA,NA,NA,multi_family,2016,pacoima
neighborhoods_228,856245,2,6203385.7000,10694.3000,5.3162,multi_family,2016,pacoima
neighborhoods_228,72456,3,425503.4000,87035.1000,5.8755,multi_family,2016,pacoima
neighborhoods_228,153047,4,875246.7000,124574.9000,5.7539,multi_family,2016,pacoima
neighborhoods_228,137007,5,705148.2000,170132.3000,5.2121,multi_family,2016,pacoima
neighborhoods_228,139215,6,669551.4000,232609.4000,4.7821,multi_family,2016,pacoima
neighborhoods_228,385102,7,1891154.2000,266393.5000,5.2215,multi_family,2016,pacoima
neighborhoods_228,0,1,masked,masked,masked,nonres,2016,pacoima
neighborhoods_228,1127285,2,37275456.3000,29692.2500,10.4749,nonres,2016,pacoima
neighborhoods_228,489871,3,masked,masked,masked,nonres,2016,pacoima
neighborhoods_228,219060,4,masked,masked,masked,nonres,2016,pacoima
neighborhoods_228,209481,5,masked,masked,masked,nonres,2016,pacoima
neighborhoods_228,270059,6,masked,masked,masked,nonres,2016,pacoima
neighborhoods_228,52144,7,masked,masked,masked,nonres,2016,pacoima
neighborhoods_229,NA,1,NA,NA,NA,multi_family,2016,palmdale
neighborhoods_229,1160363,2,6840881.5000,11334.0000,5.0574,multi_family,2016,palmdale
neighborhoods_229,329204,3,2003915.0000,90905.5000,5.8503,multi_family,2016,palmdale
neighborhoods_229,497536,4,2935689.0000,149013.0000,6.2378,multi_family,2016,palmdale
neighborhoods_229,211593,5,1202194.0000,186049.5000,5.8978,multi_family,2016,palmdale
neighborhoods_229,217450,6,853400.0000,177147.0000,3.6807,multi_family,2016,palmdale
neighborhoods_229,385786,7,1691017.0000,289541.0000,5.7066,multi_family,2016,palmdale
neighborhoods_229,0,1,masked,masked,masked,nonres,2016,palmdale
neighborhoods_229,1618231,2,73058927.5000,37730.0000,10.1085,nonres,2016,palmdale
neighborhoods_229,1209663,3,18392701.0000,119668.5000,8.4086,nonres,2016,palmdale
neighborhoods_229,589149,4,5103390.0000,174034.0000,6.5299,nonres,2016,palmdale
neighborhoods_229,768802,5,masked,masked,masked,nonres,2016,palmdale
neighborhoods_229,402570,6,masked,masked,masked,nonres,2016,palmdale
neighborhoods_229,542540,7,masked,masked,masked,nonres,2016,palmdale
neighborhoods_230,NA,1,NA,NA,NA,multi_family,2016,palms
neighborhoods_230,5684943,2,21199403.1000,18879.0500,3.5264,multi_family,2016,palms
neighborhoods_230,3210239,3,12928127.6000,53119.1000,3.9852,multi_family,2016,palms
neighborhoods_230,1665872,4,6638231.7000,92183.9000,4.0020,multi_family,2016,palms
neighborhoods_230,844418,5,3336842.1000,131721.2000,3.9559,multi_family,2016,palms
neighborhoods_230,481106,6,1908948.7000,180664.4000,4.1557,multi_family,2016,palms
neighborhoods_230,400803,7,1881659.2000,255213.2000,4.3692,multi_family,2016,palms
neighborhoods_230,0,1,masked,masked,masked,nonres,2016,palms
neighborhoods_230,973879,2,20891615.6000,20467.8000,7.2017,nonres,2016,palms
neighborhoods_230,418038,3,masked,masked,masked,nonres,2016,palms
neighborhoods_230,251081,4,masked,masked,masked,nonres,2016,palms
neighborhoods_230,259212,5,masked,masked,masked,nonres,2016,palms
neighborhoods_230,93026,6,masked,masked,masked,nonres,2016,palms
neighborhoods_230,114293,7,masked,masked,masked,nonres,2016,palms
neighborhoods_231,NA,1,NA,NA,NA,multi_family,2016,palos verdes estates
neighborhoods_231,104476,2,masked,masked,masked,multi_family,2016,palos verdes estates
neighborhoods_231,60519,3,masked,masked,masked,multi_family,2016,palos verdes estates
neighborhoods_231,46564,4,masked,masked,masked,multi_family,2016,palos verdes estates
neighborhoods_231,NA,5,NA,NA,NA,multi_family,2016,palos verdes estates
neighborhoods_231,NA,6,NA,NA,NA,multi_family,2016,palos verdes estates
neighborhoods_231,NA,7,NA,NA,NA,multi_family,2016,palos verdes estates
neighborhoods_231,NA,1,NA,NA,NA,nonres,2016,palos verdes estates
neighborhoods_231,111326,2,masked,masked,masked,nonres,2016,palos verdes estates
neighborhoods_231,160684,3,823284.0000,56332.0000,4.4923,nonres,2016,palos verdes estates
neighborhoods_231,NA,4,NA,NA,NA,nonres,2016,palos verdes estates
neighborhoods_231,36478,5,233159.0000,233159.0000,6.3918,nonres,2016,palos verdes estates
neighborhoods_231,NA,6,NA,NA,NA,nonres,2016,palos verdes estates
neighborhoods_231,NA,7,NA,NA,NA,nonres,2016,palos verdes estates
neighborhoods_232,NA,1,NA,NA,NA,multi_family,2016,panorama city
neighborhoods_232,1192556,2,6303235.3000,13349.3500,4.9282,multi_family,2016,panorama city
neighborhoods_232,1137933,3,6195690.5000,75823.9000,5.2951,multi_family,2016,panorama city
neighborhoods_232,1838993,4,10113674.6000,134782.4000,5.3277,multi_family,2016,panorama city
neighborhoods_232,1311926,5,7388473.6000,193651.0000,5.7313,multi_family,2016,panorama city
neighborhoods_232,962972,6,5617454.2000,235927.4500,5.3883,multi_family,2016,panorama city
neighborhoods_232,600148,7,3812693.5000,314314.5000,5.6285,multi_family,2016,panorama city
neighborhoods_232,0,1,masked,masked,masked,nonres,2016,panorama city
neighborhoods_232,684516,2,20304638.6000,60889.6000,12.8050,nonres,2016,panorama city
neighborhoods_232,537533,3,8147369.9000,176905.3500,13.9441,nonres,2016,panorama city
neighborhoods_232,340063,4,3627767.8000,261159.5000,8.8436,nonres,2016,panorama city
neighborhoods_232,201430,5,masked,masked,masked,nonres,2016,panorama city
neighborhoods_232,264478,6,masked,masked,masked,nonres,2016,panorama city
neighborhoods_232,50592,7,masked,masked,masked,nonres,2016,panorama city
neighborhoods_233,NA,1,NA,NA,NA,multi_family,2016,paramount
neighborhoods_233,3519686,2,10390557.5000,5337.0000,2.5347,multi_family,2016,paramount
neighborhoods_233,689611,3,3101276.5000,62685.5000,4.7847,multi_family,2016,paramount
neighborhoods_233,262456,4,1205830.0000,102343.0000,4.4662,multi_family,2016,paramount
neighborhoods_233,172254,5,885916.0000,189618.0000,5.0695,multi_family,2016,paramount
neighborhoods_233,137950,6,613117.0000,199130.0000,4.9008,multi_family,2016,paramount
neighborhoods_233,226312,7,1464017.5000,318107.5000,5.3490,multi_family,2016,paramount
neighborhoods_233,0,1,masked,masked,masked,nonres,2016,paramount
neighborhoods_233,998247,2,18494673.0000,20393.5000,6.9602,nonres,2016,paramount
neighborhoods_233,416977,3,4102752.0000,67589.5000,5.3916,nonres,2016,paramount
neighborhoods_233,179159,4,masked,masked,masked,nonres,2016,paramount
neighborhoods_233,148417,5,masked,masked,masked,nonres,2016,paramount
neighborhoods_233,180242,6,masked,masked,masked,nonres,2016,paramount
neighborhoods_233,212721,7,masked,masked,masked,nonres,2016,paramount
neighborhoods_234,NA,1,NA,NA,NA,multi_family,2016,pasadena
neighborhoods_234,NA,2,NA,NA,NA,multi_family,2016,pasadena
neighborhoods_234,NA,3,NA,NA,NA,multi_family,2016,pasadena
neighborhoods_234,NA,4,NA,NA,NA,multi_family,2016,pasadena
neighborhoods_234,NA,5,NA,NA,NA,multi_family,2016,pasadena
neighborhoods_234,NA,6,NA,NA,NA,multi_family,2016,pasadena
neighborhoods_234,NA,7,NA,NA,NA,multi_family,2016,pasadena
neighborhoods_234,NA,1,NA,NA,NA,nonres,2016,pasadena
neighborhoods_234,NA,2,NA,NA,NA,nonres,2016,pasadena
neighborhoods_234,NA,3,NA,NA,NA,nonres,2016,pasadena
neighborhoods_234,NA,4,NA,NA,NA,nonres,2016,pasadena
neighborhoods_234,NA,5,NA,NA,NA,nonres,2016,pasadena
neighborhoods_234,NA,6,NA,NA,NA,nonres,2016,pasadena
neighborhoods_234,NA,7,NA,NA,NA,nonres,2016,pasadena
neighborhoods_235,NA,1,masked,masked,masked,multi_family,2016,pico rivera
neighborhoods_235,932682,2,3177002.0000,5839.0000,2.9263,multi_family,2016,pico rivera
neighborhoods_235,249281,3,1212602.0000,62829.5000,5.0407,multi_family,2016,pico rivera
neighborhoods_235,247375,4,1290835.5000,127782.7500,5.4090,multi_family,2016,pico rivera
neighborhoods_235,105449,5,532100.0000,192923.0000,5.0930,multi_family,2016,pico rivera
neighborhoods_235,182805,6,1189744.0000,292563.5000,6.5794,multi_family,2016,pico rivera
neighborhoods_235,50931,7,masked,masked,masked,multi_family,2016,pico rivera
neighborhoods_235,0,1,masked,masked,masked,nonres,2016,pico rivera
neighborhoods_235,911117,2,21356071.0000,32289.0000,11.0903,nonres,2016,pico rivera
neighborhoods_235,687611,3,6852003.0000,74141.0000,4.5153,nonres,2016,pico rivera
neighborhoods_235,408505,4,1514811.0000,41561.0000,1.9476,nonres,2016,pico rivera
neighborhoods_235,219083,5,masked,masked,masked,nonres,2016,pico rivera
neighborhoods_235,415983,6,masked,masked,masked,nonres,2016,pico rivera
neighborhoods_235,108278,7,masked,masked,masked,nonres,2016,pico rivera
neighborhoods_236,NA,1,masked,masked,masked,multi_family,2016,pico-robertson
neighborhoods_236,4780853,2,16443899.6000,14035.4000,3.2289,multi_family,2016,pico-robertson
neighborhoods_236,1135199,3,4588399.4000,55123.6000,3.9182,multi_family,2016,pico-robertson
neighborhoods_236,501090,4,2050623.5000,98074.7000,3.9619,multi_family,2016,pico-robertson
neighborhoods_236,344776,5,1517933.5000,141915.8500,4.1007,multi_family,2016,pico-robertson
neighborhoods_236,94493,6,masked,masked,masked,multi_family,2016,pico-robertson
neighborhoods_236,NA,7,NA,NA,NA,multi_family,2016,pico-robertson
neighborhoods_236,NA,1,NA,NA,NA,nonres,2016,pico-robertson
neighborhoods_236,1115287,2,16821712.3000,30613.2000,7.4960,nonres,2016,pico-robertson
neighborhoods_236,367468,3,4899549.1000,162167.1500,11.5967,nonres,2016,pico-robertson
neighborhoods_236,65715,4,masked,masked,masked,nonres,2016,pico-robertson
neighborhoods_236,187895,5,masked,masked,masked,nonres,2016,pico-robertson
neighborhoods_236,87082,6,masked,masked,masked,nonres,2016,pico-robertson
neighborhoods_236,110865,7,masked,masked,masked,nonres,2016,pico-robertson
neighborhoods_237,0,1,masked,masked,masked,multi_family,2016,pico-union
neighborhoods_237,4930721,2,19278278.4000,11590.5000,3.6550,multi_family,2016,pico-union
neighborhoods_237,1507832,3,6139664.7000,54154.9000,3.9441,multi_family,2016,pico-union
neighborhoods_237,523174,4,2000892.7000,86454.8500,3.8011,multi_family,2016,pico-union
neighborhoods_237,241794,5,897075.9000,140580.2000,4.2467,multi_family,2016,pico-union
neighborhoods_237,140714,6,492107.8000,138651.8000,3.3438,multi_family,2016,pico-union
neighborhoods_237,108433,7,masked,masked,masked,multi_family,2016,pico-union
neighborhoods_237,0,1,masked,masked,masked,nonres,2016,pico-union
neighborhoods_237,1585838,2,22806487.9000,23822.4000,6.6927,nonres,2016,pico-union
neighborhoods_237,1156813,3,11241943.1000,98583.9500,6.9167,nonres,2016,pico-union
neighborhoods_237,560133,4,masked,masked,masked,nonres,2016,pico-union
neighborhoods_237,277869,5,masked,masked,masked,nonres,2016,pico-union
neighborhoods_237,184572,6,masked,masked,masked,nonres,2016,pico-union
neighborhoods_237,162139,7,masked,masked,masked,nonres,2016,pico-union
neighborhoods_238,NA,1,NA,NA,NA,multi_family,2016,playa del rey
neighborhoods_238,1176732,2,4118651.9000,9933.8000,3.3321,multi_family,2016,playa del rey
neighborhoods_238,323853,3,1211897.0000,52025.5000,3.7574,multi_family,2016,playa del rey
neighborhoods_238,224380,4,885591.8000,99051.2000,3.8914,multi_family,2016,playa del rey
neighborhoods_238,238157,5,989972.9000,129582.1000,4.0370,multi_family,2016,playa del rey
neighborhoods_238,43692,6,masked,masked,masked,multi_family,2016,playa del rey
neighborhoods_238,50762,7,masked,masked,masked,multi_family,2016,playa del rey
neighborhoods_238,NA,1,NA,NA,NA,nonres,2016,playa del rey
neighborhoods_238,209366,2,masked,masked,masked,nonres,2016,playa del rey
neighborhoods_238,97148,3,1109894.6000,89177.0000,7.9558,nonres,2016,playa del rey
neighborhoods_238,NA,4,NA,NA,NA,nonres,2016,playa del rey
neighborhoods_238,NA,5,NA,NA,NA,nonres,2016,playa del rey
neighborhoods_238,44784,6,masked,masked,masked,nonres,2016,playa del rey
neighborhoods_238,NA,7,NA,NA,NA,nonres,2016,playa del rey
neighborhoods_239,0,1,502285.3000,502285.3000,NA,multi_family,2016,playa vista
neighborhoods_239,144306,2,2662847.1000,6001.5500,3.5047,multi_family,2016,playa vista
neighborhoods_239,20697,3,masked,masked,masked,multi_family,2016,playa vista
neighborhoods_239,27804,4,masked,masked,masked,multi_family,2016,playa vista
neighborhoods_239,37067,5,masked,masked,masked,multi_family,2016,playa vista
neighborhoods_239,40524,6,masked,masked,masked,multi_family,2016,playa vista
neighborhoods_239,NA,7,NA,NA,NA,multi_family,2016,playa vista
neighborhoods_239,0,1,15932230.9000,32607.1500,NA,nonres,2016,playa vista
neighborhoods_239,160665,2,masked,masked,masked,nonres,2016,playa vista
neighborhoods_239,147766,3,masked,masked,masked,nonres,2016,playa vista
neighborhoods_239,29200,4,masked,masked,masked,nonres,2016,playa vista
neighborhoods_239,110046,5,masked,masked,masked,nonres,2016,playa vista
neighborhoods_239,179348,6,masked,masked,masked,nonres,2016,playa vista
neighborhoods_239,165447,7,masked,masked,masked,nonres,2016,playa vista
neighborhoods_240,NA,1,NA,NA,NA,multi_family,2016,pomona
neighborhoods_240,5571320,2,22215756.6000,7544.0000,3.5876,multi_family,2016,pomona
neighborhoods_240,691497,3,2686920.0000,46765.0000,4.1349,multi_family,2016,pomona
neighborhoods_240,783801,4,3639489.0000,114097.0000,4.6100,multi_family,2016,pomona
neighborhoods_240,214926,5,1244375.5000,188266.2500,5.4462,multi_family,2016,pomona
neighborhoods_240,187321,6,823273.0000,250422.5000,5.4371,multi_family,2016,pomona
neighborhoods_240,225916,7,1396264.0000,329353.0000,6.0684,multi_family,2016,pomona
neighborhoods_240,0,1,masked,masked,masked,nonres,2016,pomona
neighborhoods_240,2948668,2,74537363.0000,19666.0000,8.1835,nonres,2016,pomona
neighborhoods_240,1490333,3,12145361.0000,59003.0000,4.4614,nonres,2016,pomona
neighborhoods_240,770720,4,7206516.0000,194164.0000,8.2464,nonres,2016,pomona
neighborhoods_240,708204,5,masked,masked,masked,nonres,2016,pomona
neighborhoods_240,701344,6,masked,masked,masked,nonres,2016,pomona
neighborhoods_240,768437,7,masked,masked,masked,nonres,2016,pomona
neighborhoods_241,NA,1,NA,NA,NA,multi_family,2016,porter ranch
neighborhoods_241,NA,2,NA,NA,NA,multi_family,2016,porter ranch
neighborhoods_241,NA,3,NA,NA,NA,multi_family,2016,porter ranch
neighborhoods_241,NA,4,NA,NA,NA,multi_family,2016,porter ranch
neighborhoods_241,NA,5,NA,NA,NA,multi_family,2016,porter ranch
neighborhoods_241,NA,6,NA,NA,NA,multi_family,2016,porter ranch
neighborhoods_241,NA,7,NA,NA,NA,multi_family,2016,porter ranch
neighborhoods_241,0,1,masked,masked,masked,nonres,2016,porter ranch
neighborhoods_241,85490,2,5930363.1000,199487.4000,76.4540,nonres,2016,porter ranch
neighborhoods_241,105947,3,masked,masked,masked,nonres,2016,porter ranch
neighborhoods_241,101732,4,masked,masked,masked,nonres,2016,porter ranch
neighborhoods_241,68051,5,masked,masked,masked,nonres,2016,porter ranch
neighborhoods_241,45120,6,masked,masked,masked,nonres,2016,porter ranch
neighborhoods_241,NA,7,NA,NA,NA,nonres,2016,porter ranch
neighborhoods_242,NA,1,masked,masked,masked,multi_family,2016,quartz hill
neighborhoods_242,148107,2,799296.0000,10447.0000,4.7943,multi_family,2016,quartz hill
neighborhoods_242,199619,3,1097089.0000,57224.5000,5.2114,multi_family,2016,quartz hill
neighborhoods_242,80227,4,463763.0000,155422.0000,5.5865,multi_family,2016,quartz hill
neighborhoods_242,30464,5,masked,masked,masked,multi_family,2016,quartz hill
neighborhoods_242,NA,6,NA,NA,NA,multi_family,2016,quartz hill
neighborhoods_242,NA,7,NA,NA,NA,multi_family,2016,quartz hill
neighborhoods_242,NA,1,NA,NA,NA,nonres,2016,quartz hill
neighborhoods_242,212683,2,masked,masked,masked,nonres,2016,quartz hill
neighborhoods_242,81403,3,masked,masked,masked,nonres,2016,quartz hill
neighborhoods_242,57974,4,masked,masked,masked,nonres,2016,quartz hill
neighborhoods_242,NA,5,NA,NA,NA,nonres,2016,quartz hill
neighborhoods_242,NA,6,NA,NA,NA,nonres,2016,quartz hill
neighborhoods_242,NA,7,NA,NA,NA,nonres,2016,quartz hill
neighborhoods_243,NA,1,NA,NA,NA,multi_family,2016,ramona
neighborhoods_243,12418,2,masked,masked,masked,multi_family,2016,ramona
neighborhoods_243,NA,3,NA,NA,NA,multi_family,2016,ramona
neighborhoods_243,NA,4,NA,NA,NA,multi_family,2016,ramona
neighborhoods_243,NA,5,NA,NA,NA,multi_family,2016,ramona
neighborhoods_243,NA,6,NA,NA,NA,multi_family,2016,ramona
neighborhoods_243,NA,7,NA,NA,NA,multi_family,2016,ramona
neighborhoods_243,0,1,masked,masked,masked,nonres,2016,ramona
neighborhoods_243,10921,2,masked,masked,masked,nonres,2016,ramona
neighborhoods_243,NA,3,NA,NA,NA,nonres,2016,ramona
neighborhoods_243,21473,4,masked,masked,masked,nonres,2016,ramona
neighborhoods_243,NA,5,NA,NA,NA,nonres,2016,ramona
neighborhoods_243,NA,6,NA,NA,NA,nonres,2016,ramona
neighborhoods_243,NA,7,NA,NA,NA,nonres,2016,ramona
neighborhoods_244,NA,1,NA,NA,NA,multi_family,2016,rancho dominguez
neighborhoods_244,NA,2,NA,NA,NA,multi_family,2016,rancho dominguez
neighborhoods_244,NA,3,NA,NA,NA,multi_family,2016,rancho dominguez
neighborhoods_244,NA,4,NA,NA,NA,multi_family,2016,rancho dominguez
neighborhoods_244,NA,5,NA,NA,NA,multi_family,2016,rancho dominguez
neighborhoods_244,NA,6,NA,NA,NA,multi_family,2016,rancho dominguez
neighborhoods_244,NA,7,NA,NA,NA,multi_family,2016,rancho dominguez
neighborhoods_244,0,1,masked,masked,masked,nonres,2016,rancho dominguez
neighborhoods_244,46223,2,masked,masked,masked,nonres,2016,rancho dominguez
neighborhoods_244,15280,3,masked,masked,masked,nonres,2016,rancho dominguez
neighborhoods_244,29679,4,masked,masked,masked,nonres,2016,rancho dominguez
neighborhoods_244,NA,5,NA,NA,NA,nonres,2016,rancho dominguez
neighborhoods_244,44503,6,masked,masked,masked,nonres,2016,rancho dominguez
neighborhoods_244,55280,7,masked,masked,masked,nonres,2016,rancho dominguez
neighborhoods_245,NA,1,NA,NA,NA,multi_family,2016,rancho palos verdes
neighborhoods_245,88617,2,masked,masked,masked,multi_family,2016,rancho palos verdes
neighborhoods_245,28029,3,masked,masked,masked,multi_family,2016,rancho palos verdes
neighborhoods_245,76612,4,masked,masked,masked,multi_family,2016,rancho palos verdes
neighborhoods_245,63800,5,masked,masked,masked,multi_family,2016,rancho palos verdes
neighborhoods_245,86247,6,442107.0000,221053.5000,5.1274,multi_family,2016,rancho palos verdes
neighborhoods_245,53352,7,masked,masked,masked,multi_family,2016,rancho palos verdes
neighborhoods_245,0,1,masked,masked,masked,nonres,2016,rancho palos verdes
neighborhoods_245,194077,2,6591861.0000,90160.0000,16.8942,nonres,2016,rancho palos verdes
neighborhoods_245,89566,3,masked,masked,masked,nonres,2016,rancho palos verdes
neighborhoods_245,183413,4,masked,masked,masked,nonres,2016,rancho palos verdes
neighborhoods_245,73916,5,masked,masked,masked,nonres,2016,rancho palos verdes
neighborhoods_245,89950,6,masked,masked,masked,nonres,2016,rancho palos verdes
neighborhoods_245,114437,7,masked,masked,masked,nonres,2016,rancho palos verdes
neighborhoods_246,NA,1,masked,masked,masked,multi_family,2016,rancho park
neighborhoods_246,198917,2,676218.4000,7324.8000,3.3598,multi_family,2016,rancho park
neighborhoods_246,81423,3,302092.1000,49533.8000,3.8652,multi_family,2016,rancho park
neighborhoods_246,27015,4,masked,masked,masked,multi_family,2016,rancho park
neighborhoods_246,NA,5,NA,NA,NA,multi_family,2016,rancho park
neighborhoods_246,NA,6,NA,NA,NA,multi_family,2016,rancho park
neighborhoods_246,NA,7,NA,NA,NA,multi_family,2016,rancho park
neighborhoods_246,NA,1,NA,NA,NA,nonres,2016,rancho park
neighborhoods_246,99256,2,2729521.2000,53741.5000,14.6582,nonres,2016,rancho park
neighborhoods_246,52882,3,masked,masked,masked,nonres,2016,rancho park
neighborhoods_246,46671,4,masked,masked,masked,nonres,2016,rancho park
neighborhoods_246,31552,5,masked,masked,masked,nonres,2016,rancho park
neighborhoods_246,47956,6,masked,masked,masked,nonres,2016,rancho park
neighborhoods_246,56782,7,masked,masked,masked,nonres,2016,rancho park
neighborhoods_247,0,1,masked,masked,masked,multi_family,2016,redondo beach
neighborhoods_247,7365886,2,28734866.4000,10699.5000,3.5425,multi_family,2016,redondo beach
neighborhoods_247,1000221,3,4036846.0000,52551.0000,3.6895,multi_family,2016,redondo beach
neighborhoods_247,516802,4,2391469.0000,114129.0000,4.5566,multi_family,2016,redondo beach
neighborhoods_247,435673,5,2888378.0000,151411.0000,4.6603,multi_family,2016,redondo beach
neighborhoods_247,219043,6,953525.0000,182460.0000,3.9618,multi_family,2016,redondo beach
neighborhoods_247,211266,7,masked,masked,masked,multi_family,2016,redondo beach
neighborhoods_247,0,1,masked,masked,masked,nonres,2016,redondo beach
neighborhoods_247,1633878,2,32085172.0000,16767.0000,6.7999,nonres,2016,redondo beach
neighborhoods_247,778966,3,8586855.5000,101370.0000,6.6246,nonres,2016,redondo beach
neighborhoods_247,538698,4,masked,masked,masked,nonres,2016,redondo beach
neighborhoods_247,304693,5,masked,masked,masked,nonres,2016,redondo beach
neighborhoods_247,130892,6,masked,masked,masked,nonres,2016,redondo beach
neighborhoods_247,105756,7,masked,masked,masked,nonres,2016,redondo beach
neighborhoods_248,NA,1,NA,NA,NA,multi_family,2016,reseda
neighborhoods_248,749375,2,4521523.6000,17594.3500,5.6632,multi_family,2016,reseda
neighborhoods_248,863295,3,4860698.2000,79357.1000,5.5332,multi_family,2016,reseda
neighborhoods_248,529602,4,3417032.1000,145571.6500,6.1484,multi_family,2016,reseda
neighborhoods_248,616955,5,3500095.8000,197022.5000,5.7777,multi_family,2016,reseda
neighborhoods_248,405318,6,2116863.1000,231256.7000,4.7826,multi_family,2016,reseda
neighborhoods_248,379841,7,2551918.8000,365817.2000,6.2722,multi_family,2016,reseda
neighborhoods_248,0,1,850597.7000,207944.2000,NA,nonres,2016,reseda
neighborhoods_248,1375914,2,29665417.0000,37037.0000,8.9731,nonres,2016,reseda
neighborhoods_248,786193,3,8860610.6000,90400.6000,7.6864,nonres,2016,reseda
neighborhoods_248,495879,4,7487265.2000,273557.6000,13.4890,nonres,2016,reseda
neighborhoods_248,387331,5,masked,masked,masked,nonres,2016,reseda
neighborhoods_248,260251,6,masked,masked,masked,nonres,2016,reseda
neighborhoods_248,159793,7,masked,masked,masked,nonres,2016,reseda
neighborhoods_249,NA,1,NA,NA,NA,multi_family,2016,ridge route
neighborhoods_249,21131,2,masked,masked,masked,multi_family,2016,ridge route
neighborhoods_249,NA,3,NA,NA,NA,multi_family,2016,ridge route
neighborhoods_249,NA,4,NA,NA,NA,multi_family,2016,ridge route
neighborhoods_249,NA,5,NA,NA,NA,multi_family,2016,ridge route
neighborhoods_249,NA,6,NA,NA,NA,multi_family,2016,ridge route
neighborhoods_249,NA,7,NA,NA,NA,multi_family,2016,ridge route
neighborhoods_249,0,1,masked,masked,masked,nonres,2016,ridge route
neighborhoods_249,70658,2,masked,masked,masked,nonres,2016,ridge route
neighborhoods_249,10997,3,masked,masked,masked,nonres,2016,ridge route
neighborhoods_249,28804,4,masked,masked,masked,nonres,2016,ridge route
neighborhoods_249,36532,5,masked,masked,masked,nonres,2016,ridge route
neighborhoods_249,NA,6,NA,NA,NA,nonres,2016,ridge route
neighborhoods_249,NA,7,NA,NA,NA,nonres,2016,ridge route
neighborhoods_250,NA,1,NA,NA,NA,multi_family,2016,rolling hills
neighborhoods_250,NA,2,NA,NA,NA,multi_family,2016,rolling hills
neighborhoods_250,NA,3,NA,NA,NA,multi_family,2016,rolling hills
neighborhoods_250,NA,4,NA,NA,NA,multi_family,2016,rolling hills
neighborhoods_250,NA,5,NA,NA,NA,multi_family,2016,rolling hills
neighborhoods_250,NA,6,NA,NA,NA,multi_family,2016,rolling hills
neighborhoods_250,NA,7,NA,NA,NA,multi_family,2016,rolling hills
neighborhoods_250,NA,1,NA,NA,NA,nonres,2016,rolling hills
neighborhoods_250,12104,2,masked,masked,masked,nonres,2016,rolling hills
neighborhoods_250,16272,3,masked,masked,masked,nonres,2016,rolling hills
neighborhoods_250,NA,4,NA,NA,NA,nonres,2016,rolling hills
neighborhoods_250,NA,5,NA,NA,NA,nonres,2016,rolling hills
neighborhoods_250,NA,6,NA,NA,NA,nonres,2016,rolling hills
neighborhoods_250,NA,7,NA,NA,NA,nonres,2016,rolling hills
neighborhoods_251,NA,1,NA,NA,NA,multi_family,2016,rolling hills estates
neighborhoods_251,3442,2,masked,masked,masked,multi_family,2016,rolling hills estates
neighborhoods_251,NA,3,NA,NA,NA,multi_family,2016,rolling hills estates
neighborhoods_251,NA,4,NA,NA,NA,multi_family,2016,rolling hills estates
neighborhoods_251,NA,5,NA,NA,NA,multi_family,2016,rolling hills estates
neighborhoods_251,NA,6,NA,NA,NA,multi_family,2016,rolling hills estates
neighborhoods_251,NA,7,NA,NA,NA,multi_family,2016,rolling hills estates
neighborhoods_251,0,1,157316.0000,4752.0000,NA,nonres,2016,rolling hills estates
neighborhoods_251,205753,2,3392572.0000,5793.0000,3.4536,nonres,2016,rolling hills estates
neighborhoods_251,143580,3,masked,masked,masked,nonres,2016,rolling hills estates
neighborhoods_251,224613,4,masked,masked,masked,nonres,2016,rolling hills estates
neighborhoods_251,67726,5,masked,masked,masked,nonres,2016,rolling hills estates
neighborhoods_251,315205,6,5888700.0000,414084.0000,9.4091,nonres,2016,rolling hills estates
neighborhoods_251,NA,7,NA,NA,NA,nonres,2016,rolling hills estates
neighborhoods_252,NA,1,NA,NA,NA,multi_family,2016,rosemead
neighborhoods_252,5377543,2,17502914.5000,5470.0000,2.3358,multi_family,2016,rosemead
neighborhoods_252,351736,3,1386592.0000,51766.0000,4.2055,multi_family,2016,rosemead
neighborhoods_252,70957,4,masked,masked,masked,multi_family,2016,rosemead
neighborhoods_252,79009,5,240528.0000,120264.0000,3.0326,multi_family,2016,rosemead
neighborhoods_252,NA,6,NA,NA,NA,multi_family,2016,rosemead
neighborhoods_252,56036,7,masked,masked,masked,multi_family,2016,rosemead
neighborhoods_252,0,1,masked,masked,masked,nonres,2016,rosemead
neighborhoods_252,1215986,2,17941518.0000,13602.0000,5.8509,nonres,2016,rosemead
neighborhoods_252,671943,3,6629512.0000,82751.0000,6.9349,nonres,2016,rosemead
neighborhoods_252,252652,4,masked,masked,masked,nonres,2016,rosemead
neighborhoods_252,386389,5,masked,masked,masked,nonres,2016,rosemead
neighborhoods_252,271702,6,masked,masked,masked,nonres,2016,rosemead
neighborhoods_252,59483,7,masked,masked,masked,nonres,2016,rosemead
neighborhoods_253,NA,1,NA,NA,NA,multi_family,2016,rowland heights
neighborhoods_253,597359,2,2745748.5000,16171.0000,4.3465,multi_family,2016,rowland heights
neighborhoods_253,NA,3,NA,NA,NA,multi_family,2016,rowland heights
neighborhoods_253,21400,4,masked,masked,masked,multi_family,2016,rowland heights
neighborhoods_253,30300,5,masked,masked,masked,multi_family,2016,rowland heights
neighborhoods_253,NA,6,NA,NA,NA,multi_family,2016,rowland heights
neighborhoods_253,NA,7,NA,NA,NA,multi_family,2016,rowland heights
neighborhoods_253,0,1,masked,masked,masked,nonres,2016,rowland heights
neighborhoods_253,315470,2,9984175.0000,55616.0000,19.3033,nonres,2016,rowland heights
neighborhoods_253,350450,3,masked,masked,masked,nonres,2016,rowland heights
neighborhoods_253,445706,4,4733797.0000,157709.5000,6.3725,nonres,2016,rowland heights
neighborhoods_253,204993,5,2403658.0000,96622.5000,2.7136,nonres,2016,rowland heights
neighborhoods_253,227832,6,masked,masked,masked,nonres,2016,rowland heights
neighborhoods_253,160805,7,masked,masked,masked,nonres,2016,rowland heights
neighborhoods_254,NA,1,NA,NA,NA,multi_family,2016,san dimas
neighborhoods_254,430115,2,1778764.5000,7991.0000,3.5776,multi_family,2016,san dimas
neighborhoods_254,35220,3,masked,masked,masked,multi_family,2016,san dimas
neighborhoods_254,27930,4,masked,masked,masked,multi_family,2016,san dimas
neighborhoods_254,132348,5,753851.0000,184452.5000,5.9202,multi_family,2016,san dimas
neighborhoods_254,48352,6,276038.0000,276038.0000,5.7089,multi_family,2016,san dimas
neighborhoods_254,59880,7,masked,masked,masked,multi_family,2016,san dimas
neighborhoods_254,0,1,masked,masked,masked,nonres,2016,san dimas
neighborhoods_254,627751,2,34403476.0000,50923.5000,15.1540,nonres,2016,san dimas
neighborhoods_254,421124,3,7261461.0000,120533.0000,8.0796,nonres,2016,san dimas
neighborhoods_254,345298,4,masked,masked,masked,nonres,2016,san dimas
neighborhoods_254,143306,5,masked,masked,masked,nonres,2016,san dimas
neighborhoods_254,222593,6,masked,masked,masked,nonres,2016,san dimas
neighborhoods_254,487232,7,masked,masked,masked,nonres,2016,san dimas
neighborhoods_255,NA,1,NA,NA,NA,multi_family,2016,san fernando
neighborhoods_255,1050797,2,5006478.2000,8258.0000,4.3973,multi_family,2016,san fernando
neighborhoods_255,172767,3,636966.0000,52397.0000,3.8124,multi_family,2016,san fernando
neighborhoods_255,73163,4,424219.0000,180263.0000,6.3401,multi_family,2016,san fernando
neighborhoods_255,36174,5,masked,masked,masked,multi_family,2016,san fernando
neighborhoods_255,48539,6,masked,masked,masked,multi_family,2016,san fernando
neighborhoods_255,NA,7,NA,NA,NA,multi_family,2016,san fernando
neighborhoods_255,0,1,masked,masked,masked,nonres,2016,san fernando
neighborhoods_255,1069799,2,19870215.6000,20805.0000,6.7587,nonres,2016,san fernando
neighborhoods_255,366495,3,masked,masked,masked,nonres,2016,san fernando
neighborhoods_255,242857,4,masked,masked,masked,nonres,2016,san fernando
neighborhoods_255,264293,5,masked,masked,masked,nonres,2016,san fernando
neighborhoods_255,46580,6,masked,masked,masked,nonres,2016,san fernando
neighborhoods_255,NA,7,NA,NA,NA,nonres,2016,san fernando
neighborhoods_256,NA,1,masked,masked,masked,multi_family,2016,san gabriel
neighborhoods_256,2932795,2,11911922.5000,10242.5000,3.9591,multi_family,2016,san gabriel
neighborhoods_256,804922,3,3299237.0000,50501.0000,4.0831,multi_family,2016,san gabriel
neighborhoods_256,442005,4,1674125.0000,110948.0000,4.2372,multi_family,2016,san gabriel
neighborhoods_256,175643,5,605523.0000,119558.0000,3.6673,multi_family,2016,san gabriel
neighborhoods_256,307208,6,1196509.0000,189597.0000,4.5131,multi_family,2016,san gabriel
neighborhoods_256,55170,7,masked,masked,masked,multi_family,2016,san gabriel
neighborhoods_256,0,1,masked,masked,masked,nonres,2016,san gabriel
neighborhoods_256,1697756,2,29494548.0000,16278.0000,6.2867,nonres,2016,san gabriel
neighborhoods_256,533401,3,4878295.0000,73795.0000,5.3525,nonres,2016,san gabriel
neighborhoods_256,199164,4,masked,masked,masked,nonres,2016,san gabriel
neighborhoods_256,261427,5,masked,masked,masked,nonres,2016,san gabriel
neighborhoods_256,175145,6,masked,masked,masked,nonres,2016,san gabriel
neighborhoods_256,214956,7,1704887.0000,224560.0000,4.2781,nonres,2016,san gabriel
neighborhoods_257,NA,1,NA,NA,NA,multi_family,2016,san marino
neighborhoods_257,8785,2,masked,masked,masked,multi_family,2016,san marino
neighborhoods_257,NA,3,NA,NA,NA,multi_family,2016,san marino
neighborhoods_257,NA,4,NA,NA,NA,multi_family,2016,san marino
neighborhoods_257,NA,5,NA,NA,NA,multi_family,2016,san marino
neighborhoods_257,NA,6,NA,NA,NA,multi_family,2016,san marino
neighborhoods_257,NA,7,NA,NA,NA,multi_family,2016,san marino
neighborhoods_257,0,1,masked,masked,masked,nonres,2016,san marino
neighborhoods_257,395857,2,4548307.0000,15679.0000,6.4795,nonres,2016,san marino
neighborhoods_257,252053,3,masked,masked,masked,nonres,2016,san marino
neighborhoods_257,25307,4,masked,masked,masked,nonres,2016,san marino
neighborhoods_257,72178,5,masked,masked,masked,nonres,2016,san marino
neighborhoods_257,94307,6,masked,masked,masked,nonres,2016,san marino
neighborhoods_257,NA,7,NA,NA,NA,nonres,2016,san marino
neighborhoods_258,NA,1,masked,masked,masked,multi_family,2016,san pasqual
neighborhoods_258,183807,2,860978.0000,14559.0000,4.4316,multi_family,2016,san pasqual
neighborhoods_258,59304,3,303781.0000,77029.0000,5.3851,multi_family,2016,san pasqual
neighborhoods_258,27680,4,masked,masked,masked,multi_family,2016,san pasqual
neighborhoods_258,NA,5,NA,NA,NA,multi_family,2016,san pasqual
neighborhoods_258,NA,6,NA,NA,NA,multi_family,2016,san pasqual
neighborhoods_258,NA,7,NA,NA,NA,multi_family,2016,san pasqual
neighborhoods_258,NA,1,NA,NA,NA,nonres,2016,san pasqual
neighborhoods_258,23315,2,masked,masked,masked,nonres,2016,san pasqual
neighborhoods_258,NA,3,NA,NA,NA,nonres,2016,san pasqual
neighborhoods_258,21546,4,masked,masked,masked,nonres,2016,san pasqual
neighborhoods_258,NA,5,NA,NA,NA,nonres,2016,san pasqual
neighborhoods_258,NA,6,NA,NA,NA,nonres,2016,san pasqual
neighborhoods_258,NA,7,NA,NA,NA,nonres,2016,san pasqual
neighborhoods_259,0,1,masked,masked,masked,multi_family,2016,san pedro
neighborhoods_259,10326201,2,41409386.1000,9257.4500,3.4941,multi_family,2016,san pedro
neighborhoods_259,1123510,3,4892608.9000,50188.4000,3.9044,multi_family,2016,san pedro
neighborhoods_259,226049,4,1231871.3000,96892.3500,4.1526,multi_family,2016,san pedro
neighborhoods_259,238577,5,1126786.7000,146588.2000,4.4452,multi_family,2016,san pedro
neighborhoods_259,45160,6,masked,masked,masked,multi_family,2016,san pedro
neighborhoods_259,108043,7,529613.7000,264806.8500,4.8850,multi_family,2016,san pedro
neighborhoods_259,0,1,masked,masked,masked,nonres,2016,san pedro
neighborhoods_259,2029579,2,56628258.2000,21528.6000,7.1620,nonres,2016,san pedro
neighborhoods_259,758489,3,6878115.8000,65742.3000,5.1229,nonres,2016,san pedro
neighborhoods_259,469235,4,masked,masked,masked,nonres,2016,san pedro
neighborhoods_259,208043,5,masked,masked,masked,nonres,2016,san pedro
neighborhoods_259,223668,6,masked,masked,masked,nonres,2016,san pedro
neighborhoods_259,221557,7,masked,masked,masked,nonres,2016,san pedro
neighborhoods_260,NA,1,NA,NA,NA,multi_family,2016,santa clarita
neighborhoods_260,726203,2,4089193.0000,9443.0000,4.2958,multi_family,2016,santa clarita
neighborhoods_260,635391,3,3057958.0000,71285.0000,4.7300,multi_family,2016,santa clarita
neighborhoods_260,574323,4,3296163.0000,157910.5000,6.0525,multi_family,2016,santa clarita
neighborhoods_260,684975,5,4469325.0000,177162.5000,5.5724,multi_family,2016,santa clarita
neighborhoods_260,224965,6,832305.0000,217494.0000,5.4146,multi_family,2016,santa clarita
neighborhoods_260,586240,7,3554611.0000,260192.0000,5.1419,multi_family,2016,santa clarita
neighborhoods_260,0,1,masked,masked,masked,nonres,2016,santa clarita
neighborhoods_260,1760476,2,75846232.0000,42240.5000,12.1875,nonres,2016,santa clarita
neighborhoods_260,1150778,3,13034974.0000,90836.0000,6.5126,nonres,2016,santa clarita
neighborhoods_260,1333216,4,16932152.0000,254316.5000,10.8051,nonres,2016,santa clarita
neighborhoods_260,1231648,5,14403391.0000,261729.0000,7.1403,nonres,2016,santa clarita
neighborhoods_260,1121703,6,masked,masked,masked,nonres,2016,santa clarita
neighborhoods_260,1011393,7,masked,masked,masked,nonres,2016,santa clarita
neighborhoods_261,NA,1,NA,NA,NA,multi_family,2016,santa fe springs
neighborhoods_261,121224,2,542251.0000,12064.0000,4.2035,multi_family,2016,santa fe springs
neighborhoods_261,33495,3,masked,masked,masked,multi_family,2016,santa fe springs
neighborhoods_261,40985,4,masked,masked,masked,multi_family,2016,santa fe springs
neighborhoods_261,105128,5,318053.0000,103084.0000,3.0621,multi_family,2016,santa fe springs
neighborhoods_261,46770,6,masked,masked,masked,multi_family,2016,santa fe springs
neighborhoods_261,NA,7,NA,NA,NA,multi_family,2016,santa fe springs
neighborhoods_261,0,1,masked,masked,masked,nonres,2016,santa fe springs
neighborhoods_261,471926,2,13599424.0000,60532.0000,14.2586,nonres,2016,santa fe springs
neighborhoods_261,524674,3,masked,masked,masked,nonres,2016,santa fe springs
neighborhoods_261,285984,4,masked,masked,masked,nonres,2016,santa fe springs
neighborhoods_261,132526,5,masked,masked,masked,nonres,2016,santa fe springs
neighborhoods_261,450457,6,masked,masked,masked,nonres,2016,santa fe springs
neighborhoods_261,323938,7,masked,masked,masked,nonres,2016,santa fe springs
neighborhoods_262,0,1,481397.0000,76674.0000,NA,multi_family,2016,santa monica
neighborhoods_262,14896340,2,52615521.5000,11479.0000,3.0803,multi_family,2016,santa monica
neighborhoods_262,4472276,3,14192293.0000,39930.0000,3.2566,multi_family,2016,santa monica
neighborhoods_262,2035984,4,7398545.0000,85113.0000,3.6272,multi_family,2016,santa monica
neighborhoods_262,1168914,5,4360952.0000,118190.0000,3.6990,multi_family,2016,santa monica
neighborhoods_262,1151512,6,5394267.0000,186046.0000,4.0915,multi_family,2016,santa monica
neighborhoods_262,529798,7,2176620.0000,190378.0000,3.6068,multi_family,2016,santa monica
neighborhoods_262,0,1,masked,masked,masked,nonres,2016,santa monica
neighborhoods_262,3895018,2,76348329.3000,30602.0000,8.3938,nonres,2016,santa monica
neighborhoods_262,2134096,3,26776559.0000,103261.0000,7.6740,nonres,2016,santa monica
neighborhoods_262,1585345,4,20956070.0000,253658.0000,10.3281,nonres,2016,santa monica
neighborhoods_262,943267,5,masked,masked,masked,nonres,2016,santa monica
neighborhoods_262,1158747,6,15376943.0000,352158.5000,7.6626,nonres,2016,santa monica
neighborhoods_262,1332648,7,22215344.0000,745181.5000,14.3902,nonres,2016,santa monica
neighborhoods_263,0,1,masked,masked,masked,multi_family,2016,sawtelle
neighborhoods_263,5741812,2,20847994.1000,15554.6500,3.3994,multi_family,2016,sawtelle
neighborhoods_263,2209513,3,8052386.1000,50978.1000,3.6973,multi_family,2016,sawtelle
neighborhoods_263,878299,4,3442038.2000,95099.2500,3.8206,multi_family,2016,sawtelle
neighborhoods_263,734144,5,3079770.9000,146322.7000,4.2649,multi_family,2016,sawtelle
neighborhoods_263,252105,6,969453.5000,172426.1500,4.1538,multi_family,2016,sawtelle
neighborhoods_263,161906,7,masked,masked,masked,multi_family,2016,sawtelle
neighborhoods_263,0,1,640965.8000,36821.5500,NA,nonres,2016,sawtelle
neighborhoods_263,1584873,2,masked,masked,masked,nonres,2016,sawtelle
neighborhoods_263,821169,3,10097637.0000,122192.6000,9.4036,nonres,2016,sawtelle
neighborhoods_263,467384,4,masked,masked,masked,nonres,2016,sawtelle
neighborhoods_263,231208,5,masked,masked,masked,nonres,2016,sawtelle
neighborhoods_263,461452,6,masked,masked,masked,nonres,2016,sawtelle
neighborhoods_263,329777,7,masked,masked,masked,nonres,2016,sawtelle
neighborhoods_264,NA,1,NA,NA,NA,multi_family,2016,sepulveda basin
neighborhoods_264,NA,2,NA,NA,NA,multi_family,2016,sepulveda basin
neighborhoods_264,NA,3,NA,NA,NA,multi_family,2016,sepulveda basin
neighborhoods_264,NA,4,NA,NA,NA,multi_family,2016,sepulveda basin
neighborhoods_264,NA,5,NA,NA,NA,multi_family,2016,sepulveda basin
neighborhoods_264,NA,6,NA,NA,NA,multi_family,2016,sepulveda basin
neighborhoods_264,NA,7,NA,NA,NA,multi_family,2016,sepulveda basin
neighborhoods_264,0,1,masked,masked,masked,nonres,2016,sepulveda basin
neighborhoods_264,11886,2,masked,masked,masked,nonres,2016,sepulveda basin
neighborhoods_264,NA,3,NA,NA,NA,nonres,2016,sepulveda basin
neighborhoods_264,NA,4,NA,NA,NA,nonres,2016,sepulveda basin
neighborhoods_264,NA,5,NA,NA,NA,nonres,2016,sepulveda basin
neighborhoods_264,NA,6,NA,NA,NA,nonres,2016,sepulveda basin
neighborhoods_264,102244,7,4394580.7000,2197290.3500,42.6133,nonres,2016,sepulveda basin
neighborhoods_265,NA,1,NA,NA,NA,multi_family,2016,shadow hills
neighborhoods_265,263969,2,1712533.7000,12609.8000,4.9910,multi_family,2016,shadow hills
neighborhoods_265,14176,3,masked,masked,masked,multi_family,2016,shadow hills
neighborhoods_265,NA,4,NA,NA,NA,multi_family,2016,shadow hills
neighborhoods_265,32572,5,masked,masked,masked,multi_family,2016,shadow hills
neighborhoods_265,48032,6,masked,masked,masked,multi_family,2016,shadow hills
neighborhoods_265,NA,7,NA,NA,NA,multi_family,2016,shadow hills
neighborhoods_265,0,1,masked,masked,masked,nonres,2016,shadow hills
neighborhoods_265,211037,2,masked,masked,masked,nonres,2016,shadow hills
neighborhoods_265,127358,3,masked,masked,masked,nonres,2016,shadow hills
neighborhoods_265,50985,4,masked,masked,masked,nonres,2016,shadow hills
neighborhoods_265,68004,5,masked,masked,masked,nonres,2016,shadow hills
neighborhoods_265,NA,6,NA,NA,NA,nonres,2016,shadow hills
neighborhoods_265,106732,7,masked,masked,masked,nonres,2016,shadow hills
neighborhoods_266,0,1,masked,masked,masked,multi_family,2016,sherman oaks
neighborhoods_266,3483471,2,16628083.7000,20366.7500,4.5854,multi_family,2016,sherman oaks
neighborhoods_266,2694518,3,13559633.1000,73463.2000,5.0567,multi_family,2016,sherman oaks
neighborhoods_266,2044811,4,10872377.7000,126345.6000,5.4456,multi_family,2016,sherman oaks
neighborhoods_266,1788954,5,10118535.3000,184190.7000,5.5439,multi_family,2016,sherman oaks
neighborhoods_266,1566890,6,9112454.6000,225845.1000,5.0387,multi_family,2016,sherman oaks
neighborhoods_266,444711,7,masked,masked,masked,multi_family,2016,sherman oaks
neighborhoods_266,0,1,masked,masked,masked,nonres,2016,sherman oaks
neighborhoods_266,1688510,2,40403084.9000,45545.5000,12.3100,nonres,2016,sherman oaks
neighborhoods_266,885032,3,23211903.5000,151528.0000,10.8919,nonres,2016,sherman oaks
neighborhoods_266,598667,4,6340879.8000,229420.7500,9.2400,nonres,2016,sherman oaks
neighborhoods_266,385666,5,masked,masked,masked,nonres,2016,sherman oaks
neighborhoods_266,359128,6,6798017.5000,810864.3000,17.8029,nonres,2016,sherman oaks
neighborhoods_266,316544,7,masked,masked,masked,nonres,2016,sherman oaks
neighborhoods_267,NA,1,masked,masked,masked,multi_family,2016,sierra madre
neighborhoods_267,895672,2,3460776.0000,8219.0000,3.6564,multi_family,2016,sierra madre
neighborhoods_267,323477,3,1515176.0000,58711.0000,4.7590,multi_family,2016,sierra madre
neighborhoods_267,63991,4,393009.0000,132657.0000,6.1621,multi_family,2016,sierra madre
neighborhoods_267,34451,5,masked,masked,masked,multi_family,2016,sierra madre
neighborhoods_267,NA,6,NA,NA,NA,multi_family,2016,sierra madre
neighborhoods_267,NA,7,NA,NA,NA,multi_family,2016,sierra madre
neighborhoods_267,NA,1,NA,NA,NA,nonres,2016,sierra madre
neighborhoods_267,320642,2,3857193.0000,17123.0000,6.0756,nonres,2016,sierra madre
neighborhoods_267,114103,3,masked,masked,masked,nonres,2016,sierra madre
neighborhoods_267,41564,4,masked,masked,masked,nonres,2016,sierra madre
neighborhoods_267,NA,5,NA,NA,NA,nonres,2016,sierra madre
neighborhoods_267,140629,6,masked,masked,masked,nonres,2016,sierra madre
neighborhoods_267,59252,7,masked,masked,masked,nonres,2016,sierra madre
neighborhoods_268,0,1,masked,masked,masked,multi_family,2016,signal hill
neighborhoods_268,1408586,2,6105174.0000,6529.0000,2.8860,multi_family,2016,signal hill
neighborhoods_268,98238,3,442756.0000,53708.0000,3.9318,multi_family,2016,signal hill
neighborhoods_268,48967,4,masked,masked,masked,multi_family,2016,signal hill
neighborhoods_268,NA,5,NA,NA,NA,multi_family,2016,signal hill
neighborhoods_268,45320,6,masked,masked,masked,multi_family,2016,signal hill
neighborhoods_268,55763,7,masked,masked,masked,multi_family,2016,signal hill
neighborhoods_268,NA,1,NA,NA,NA,nonres,2016,signal hill
neighborhoods_268,460041,2,masked,masked,masked,nonres,2016,signal hill
neighborhoods_268,219363,3,masked,masked,masked,nonres,2016,signal hill
neighborhoods_268,98854,4,masked,masked,masked,nonres,2016,signal hill
neighborhoods_268,208934,5,masked,masked,masked,nonres,2016,signal hill
neighborhoods_268,176360,6,masked,masked,masked,nonres,2016,signal hill
neighborhoods_268,53450,7,masked,masked,masked,nonres,2016,signal hill
neighborhoods_269,0,1,masked,masked,masked,multi_family,2016,silver lake
neighborhoods_269,6453440,2,24740646.9000,9305.6000,3.6309,multi_family,2016,silver lake
neighborhoods_269,680012,3,2993089.3000,59059.2500,4.3551,multi_family,2016,silver lake
neighborhoods_269,230335,4,1146405.9000,109694.9000,5.0386,multi_family,2016,silver lake
neighborhoods_269,201845,5,1006006.0000,171908.7000,4.6391,multi_family,2016,silver lake
neighborhoods_269,90530,6,328552.3000,164276.1500,3.6273,multi_family,2016,silver lake
neighborhoods_269,108018,7,masked,masked,masked,multi_family,2016,silver lake
neighborhoods_269,0,1,masked,masked,masked,nonres,2016,silver lake
neighborhoods_269,941750,2,15306913.4000,23562.8500,8.6842,nonres,2016,silver lake
neighborhoods_269,311535,3,4178284.4000,127345.4000,9.9409,nonres,2016,silver lake
neighborhoods_269,122068,4,masked,masked,masked,nonres,2016,silver lake
neighborhoods_269,65515,5,masked,masked,masked,nonres,2016,silver lake
neighborhoods_269,178558,6,masked,masked,masked,nonres,2016,silver lake
neighborhoods_269,52597,7,masked,masked,masked,nonres,2016,silver lake
neighborhoods_270,NA,1,NA,NA,NA,multi_family,2016,south diamond bar
neighborhoods_270,NA,2,NA,NA,NA,multi_family,2016,south diamond bar
neighborhoods_270,NA,3,NA,NA,NA,multi_family,2016,south diamond bar
neighborhoods_270,NA,4,NA,NA,NA,multi_family,2016,south diamond bar
neighborhoods_270,NA,5,NA,NA,NA,multi_family,2016,south diamond bar
neighborhoods_270,NA,6,NA,NA,NA,multi_family,2016,south diamond bar
neighborhoods_270,NA,7,NA,NA,NA,multi_family,2016,south diamond bar
neighborhoods_270,NA,1,NA,NA,NA,nonres,2016,south diamond bar
neighborhoods_270,NA,2,NA,NA,NA,nonres,2016,south diamond bar
neighborhoods_270,NA,3,NA,NA,NA,nonres,2016,south diamond bar
neighborhoods_270,NA,4,NA,NA,NA,nonres,2016,south diamond bar
neighborhoods_270,NA,5,NA,NA,NA,nonres,2016,south diamond bar
neighborhoods_270,NA,6,NA,NA,NA,nonres,2016,south diamond bar
neighborhoods_270,NA,7,NA,NA,NA,nonres,2016,south diamond bar
neighborhoods_271,NA,1,NA,NA,NA,multi_family,2016,southeast antelope valley
neighborhoods_271,113327,2,600296.0000,10145.0000,4.7422,multi_family,2016,southeast antelope valley
neighborhoods_271,NA,3,NA,NA,NA,multi_family,2016,southeast antelope valley
neighborhoods_271,NA,4,NA,NA,NA,multi_family,2016,southeast antelope valley
neighborhoods_271,NA,5,NA,NA,NA,multi_family,2016,southeast antelope valley
neighborhoods_271,NA,6,NA,NA,NA,multi_family,2016,southeast antelope valley
neighborhoods_271,NA,7,NA,NA,NA,multi_family,2016,southeast antelope valley
neighborhoods_271,0,1,masked,masked,masked,nonres,2016,southeast antelope valley
neighborhoods_271,240191,2,masked,masked,masked,nonres,2016,southeast antelope valley
neighborhoods_271,37778,3,masked,masked,masked,nonres,2016,southeast antelope valley
neighborhoods_271,NA,4,NA,NA,NA,nonres,2016,southeast antelope valley
neighborhoods_271,NA,5,NA,NA,NA,nonres,2016,southeast antelope valley
neighborhoods_271,NA,6,NA,NA,NA,nonres,2016,southeast antelope valley
neighborhoods_271,NA,7,NA,NA,NA,nonres,2016,southeast antelope valley
neighborhoods_272,NA,1,NA,NA,NA,multi_family,2016,south el monte
neighborhoods_272,1265527,2,4084569.0000,6297.0000,2.6437,multi_family,2016,south el monte
neighborhoods_272,138991,3,725072.0000,64088.0000,5.2572,multi_family,2016,south el monte
neighborhoods_272,48790,4,masked,masked,masked,multi_family,2016,south el monte
neighborhoods_272,NA,5,NA,NA,NA,multi_family,2016,south el monte
neighborhoods_272,42952,6,masked,masked,masked,multi_family,2016,south el monte
neighborhoods_272,NA,7,NA,NA,NA,multi_family,2016,south el monte
neighborhoods_272,0,1,masked,masked,masked,nonres,2016,south el monte
neighborhoods_272,464708,2,13569640.0000,22602.5000,7.8631,nonres,2016,south el monte
neighborhoods_272,244287,3,masked,masked,masked,nonres,2016,south el monte
neighborhoods_272,159645,4,masked,masked,masked,nonres,2016,south el monte
neighborhoods_272,207981,5,1067058.0000,112812.0000,3.3635,nonres,2016,south el monte
neighborhoods_272,42219,6,masked,masked,masked,nonres,2016,south el monte
neighborhoods_272,162472,7,masked,masked,masked,nonres,2016,south el monte
neighborhoods_273,NA,1,NA,NA,NA,multi_family,2016,south gate
neighborhoods_273,8550015,2,32277409.0000,8190.0000,3.8035,multi_family,2016,south gate
neighborhoods_273,461431,3,1946842.0000,49616.5000,4.1365,multi_family,2016,south gate
neighborhoods_273,185368,4,660796.0000,92247.0000,4.3621,multi_family,2016,south gate
neighborhoods_273,39512,5,masked,masked,masked,multi_family,2016,south gate
neighborhoods_273,NA,6,NA,NA,NA,multi_family,2016,south gate
neighborhoods_273,55968,7,masked,masked,masked,multi_family,2016,south gate
neighborhoods_273,0,1,masked,masked,masked,nonres,2016,south gate
neighborhoods_273,2420207,2,45097806.5000,16006.0000,5.5975,nonres,2016,south gate
neighborhoods_273,639803,3,masked,masked,masked,nonres,2016,south gate
neighborhoods_273,388327,4,masked,masked,masked,nonres,2016,south gate
neighborhoods_273,143228,5,masked,masked,masked,nonres,2016,south gate
neighborhoods_273,NA,6,NA,NA,NA,nonres,2016,south gate
neighborhoods_273,108054,7,masked,masked,masked,nonres,2016,south gate
neighborhoods_274,NA,1,NA,NA,NA,multi_family,2016,south park
neighborhoods_274,4375179,2,16468362.3000,7705.2000,3.6724,multi_family,2016,south park
neighborhoods_274,81420,3,326229.0000,45604.5000,3.4716,multi_family,2016,south park
neighborhoods_274,NA,4,NA,NA,NA,multi_family,2016,south park
neighborhoods_274,NA,5,NA,NA,NA,multi_family,2016,south park
neighborhoods_274,83033,6,masked,masked,masked,multi_family,2016,south park
neighborhoods_274,52359,7,masked,masked,masked,multi_family,2016,south park
neighborhoods_274,0,1,masked,masked,masked,nonres,2016,south park
neighborhoods_274,773485,2,10404461.8000,17223.8500,5.2502,nonres,2016,south park
neighborhoods_274,448580,3,3170133.8000,74318.2000,4.5233,nonres,2016,south park
neighborhoods_274,229681,4,masked,masked,masked,nonres,2016,south park
neighborhoods_274,68774,5,masked,masked,masked,nonres,2016,south park
neighborhoods_274,NA,6,NA,NA,NA,nonres,2016,south park
neighborhoods_274,NA,7,NA,NA,NA,nonres,2016,south park
neighborhoods_275,NA,1,masked,masked,masked,multi_family,2016,south pasadena
neighborhoods_275,2957172,2,9002911.0000,7549.5000,2.8221,multi_family,2016,south pasadena
neighborhoods_275,908656,3,3374308.0000,45367.0000,3.5097,multi_family,2016,south pasadena
neighborhoods_275,594266,4,2687470.0000,111141.0000,4.5252,multi_family,2016,south pasadena
neighborhoods_275,286380,5,1172017.0000,134351.0000,3.8326,multi_family,2016,south pasadena
neighborhoods_275,41064,6,masked,masked,masked,multi_family,2016,south pasadena
neighborhoods_275,111178,7,355662.0000,177831.0000,3.1905,multi_family,2016,south pasadena
neighborhoods_275,0,1,masked,masked,masked,nonres,2016,south pasadena
neighborhoods_275,749215,2,12789576.7000,21292.0000,6.5519,nonres,2016,south pasadena
neighborhoods_275,298910,3,2807965.0000,88169.0000,6.6805,nonres,2016,south pasadena
neighborhoods_275,232073,4,masked,masked,masked,nonres,2016,south pasadena
neighborhoods_275,145173,5,masked,masked,masked,nonres,2016,south pasadena
neighborhoods_275,86265,6,masked,masked,masked,nonres,2016,south pasadena
neighborhoods_275,53403,7,masked,masked,masked,nonres,2016,south pasadena
neighborhoods_276,NA,1,NA,NA,NA,multi_family,2016,south san gabriel
neighborhoods_276,301254,2,1357714.0000,9994.0000,4.4692,multi_family,2016,south san gabriel
neighborhoods_276,17524,3,masked,masked,masked,multi_family,2016,south san gabriel
neighborhoods_276,NA,4,NA,NA,NA,multi_family,2016,south san gabriel
neighborhoods_276,37772,5,masked,masked,masked,multi_family,2016,south san gabriel
neighborhoods_276,NA,6,NA,NA,NA,multi_family,2016,south san gabriel
neighborhoods_276,59482,7,387981.0000,387981.0000,6.5227,multi_family,2016,south san gabriel
neighborhoods_276,0,1,149522.0000,5165.0000,NA,nonres,2016,south san gabriel
neighborhoods_276,99703,2,masked,masked,masked,nonres,2016,south san gabriel
neighborhoods_276,37372,3,masked,masked,masked,nonres,2016,south san gabriel
neighborhoods_276,NA,4,NA,NA,NA,nonres,2016,south san gabriel
neighborhoods_276,NA,5,NA,NA,NA,nonres,2016,south san gabriel
neighborhoods_276,NA,6,NA,NA,NA,nonres,2016,south san gabriel
neighborhoods_276,NA,7,NA,NA,NA,nonres,2016,south san gabriel
neighborhoods_277,NA,1,NA,NA,NA,multi_family,2016,south san jose hills
neighborhoods_277,22763,2,masked,masked,masked,multi_family,2016,south san jose hills
neighborhoods_277,NA,3,NA,NA,NA,multi_family,2016,south san jose hills
neighborhoods_277,NA,4,NA,NA,NA,multi_family,2016,south san jose hills
neighborhoods_277,NA,5,NA,NA,NA,multi_family,2016,south san jose hills
neighborhoods_277,NA,6,NA,NA,NA,multi_family,2016,south san jose hills
neighborhoods_277,NA,7,NA,NA,NA,multi_family,2016,south san jose hills
neighborhoods_277,NA,1,NA,NA,NA,nonres,2016,south san jose hills
neighborhoods_277,64777,2,2883158.0000,86739.5000,26.1255,nonres,2016,south san jose hills
neighborhoods_277,31196,3,masked,masked,masked,nonres,2016,south san jose hills
neighborhoods_277,42478,4,masked,masked,masked,nonres,2016,south san jose hills
neighborhoods_277,NA,5,NA,NA,NA,nonres,2016,south san jose hills
neighborhoods_277,43400,6,masked,masked,masked,nonres,2016,south san jose hills
neighborhoods_277,50072,7,masked,masked,masked,nonres,2016,south san jose hills
neighborhoods_278,NA,1,NA,NA,NA,multi_family,2016,south whittier
neighborhoods_278,1955118,2,10024868.5000,12918.0000,4.8897,multi_family,2016,south whittier
neighborhoods_278,318527,3,1567882.0000,58216.0000,4.7454,multi_family,2016,south whittier
neighborhoods_278,286724,4,1557663.0000,133795.0000,5.1231,multi_family,2016,south whittier
neighborhoods_278,205693,5,1125720.0000,184495.5000,5.3795,multi_family,2016,south whittier
neighborhoods_278,264235,6,1432329.0000,225939.5000,5.1595,multi_family,2016,south whittier
neighborhoods_278,159130,7,783739.0000,274321.0000,5.1319,multi_family,2016,south whittier
neighborhoods_278,0,1,masked,masked,masked,nonres,2016,south whittier
neighborhoods_278,593721,2,19723996.0000,30300.0000,10.5677,nonres,2016,south whittier
neighborhoods_278,301622,3,2751881.0000,73527.0000,5.3517,nonres,2016,south whittier
neighborhoods_278,229577,4,masked,masked,masked,nonres,2016,south whittier
neighborhoods_278,100948,5,masked,masked,masked,nonres,2016,south whittier
neighborhoods_278,81468,6,masked,masked,masked,nonres,2016,south whittier
neighborhoods_278,NA,7,NA,NA,NA,nonres,2016,south whittier
neighborhoods_279,NA,1,masked,masked,masked,multi_family,2016,stevenson ranch
neighborhoods_279,2932,2,masked,masked,masked,multi_family,2016,stevenson ranch
neighborhoods_279,NA,3,NA,NA,NA,multi_family,2016,stevenson ranch
neighborhoods_279,NA,4,NA,NA,NA,multi_family,2016,stevenson ranch
neighborhoods_279,NA,5,NA,NA,NA,multi_family,2016,stevenson ranch
neighborhoods_279,NA,6,NA,NA,NA,multi_family,2016,stevenson ranch
neighborhoods_279,NA,7,NA,NA,NA,multi_family,2016,stevenson ranch
neighborhoods_279,0,1,masked,masked,masked,nonres,2016,stevenson ranch
neighborhoods_279,24901,2,masked,masked,masked,nonres,2016,stevenson ranch
neighborhoods_279,NA,3,NA,NA,NA,nonres,2016,stevenson ranch
neighborhoods_279,NA,4,NA,NA,NA,nonres,2016,stevenson ranch
neighborhoods_279,32374,5,masked,masked,masked,nonres,2016,stevenson ranch
neighborhoods_279,47349,6,masked,masked,masked,nonres,2016,stevenson ranch
neighborhoods_279,NA,7,NA,NA,NA,nonres,2016,stevenson ranch
neighborhoods_280,NA,1,NA,NA,NA,multi_family,2016,studio city
neighborhoods_280,2180612,2,11174761.6000,18788.4000,4.6653,multi_family,2016,studio city
neighborhoods_280,1537461,3,7958325.6000,70143.5000,5.1686,multi_family,2016,studio city
neighborhoods_280,1184156,4,6732352.9000,129326.5000,5.2982,multi_family,2016,studio city
neighborhoods_280,809869,5,4783730.0000,190247.0000,5.4905,multi_family,2016,studio city
neighborhoods_280,446995,6,2543770.3000,252927.2000,5.8790,multi_family,2016,studio city
neighborhoods_280,270286,7,1467333.9000,274522.0000,4.8353,multi_family,2016,studio city
neighborhoods_280,0,1,masked,masked,masked,nonres,2016,studio city
neighborhoods_280,1583205,2,40182306.2000,37923.7000,11.8672,nonres,2016,studio city
neighborhoods_280,722306,3,11901329.0000,182559.2500,14.6700,nonres,2016,studio city
neighborhoods_280,452496,4,10216495.6000,481491.3500,17.4504,nonres,2016,studio city
neighborhoods_280,246309,5,masked,masked,masked,nonres,2016,studio city
neighborhoods_280,131658,6,masked,masked,masked,nonres,2016,studio city
neighborhoods_280,270794,7,4366962.0000,682284.5000,11.7062,nonres,2016,studio city
neighborhoods_281,NA,1,masked,masked,masked,multi_family,2016,sunland
neighborhoods_281,296527,2,1673283.6000,10710.8000,5.6545,multi_family,2016,sunland
neighborhoods_281,80323,3,431648.8000,70755.1500,5.3161,multi_family,2016,sunland
neighborhoods_281,93805,4,558295.5000,142125.0000,5.9643,multi_family,2016,sunland
neighborhoods_281,138077,5,781498.4000,192967.0500,5.7255,multi_family,2016,sunland
neighborhoods_281,NA,6,NA,NA,NA,multi_family,2016,sunland
neighborhoods_281,58589,7,masked,masked,masked,multi_family,2016,sunland
neighborhoods_281,0,1,masked,masked,masked,nonres,2016,sunland
neighborhoods_281,315820,2,6611956.5000,20825.2500,9.1982,nonres,2016,sunland
neighborhoods_281,189890,3,masked,masked,masked,nonres,2016,sunland
neighborhoods_281,74525,4,830861.7000,151033.1000,6.7783,nonres,2016,sunland
neighborhoods_281,68327,5,masked,masked,masked,nonres,2016,sunland
neighborhoods_281,44579,6,masked,masked,masked,nonres,2016,sunland
neighborhoods_281,NA,7,NA,NA,NA,nonres,2016,sunland
neighborhoods_282,NA,1,NA,NA,NA,multi_family,2016,sun valley
neighborhoods_282,1614585,2,9515832.9000,13190.7000,4.9584,multi_family,2016,sun valley
neighborhoods_282,701911,3,3802492.1000,82727.5000,5.4570,multi_family,2016,sun valley
neighborhoods_282,644154,4,3688059.7000,124813.5000,5.5429,multi_family,2016,sun valley
neighborhoods_282,239822,5,1393260.0000,179568.7000,4.7472,multi_family,2016,sun valley
neighborhoods_282,395646,6,1843443.5000,224058.4000,5.0938,multi_family,2016,sun valley
neighborhoods_282,389302,7,2111266.5000,291692.0000,5.4908,multi_family,2016,sun valley
neighborhoods_282,0,1,masked,masked,masked,nonres,2016,sun valley
neighborhoods_282,1422043,2,34932751.4000,26144.6000,9.5037,nonres,2016,sun valley
neighborhoods_282,579296,3,7624480.8000,108106.1500,8.9330,nonres,2016,sun valley
neighborhoods_282,232461,4,masked,masked,masked,nonres,2016,sun valley
neighborhoods_282,251731,5,masked,masked,masked,nonres,2016,sun valley
neighborhoods_282,132292,6,masked,masked,masked,nonres,2016,sun valley
neighborhoods_282,280759,7,masked,masked,masked,nonres,2016,sun valley
neighborhoods_283,NA,1,NA,NA,NA,multi_family,2016,sun village
neighborhoods_283,85300,2,masked,masked,masked,multi_family,2016,sun village
neighborhoods_283,13393,3,masked,masked,masked,multi_family,2016,sun village
neighborhoods_283,NA,4,NA,NA,NA,multi_family,2016,sun village
neighborhoods_283,NA,5,NA,NA,NA,multi_family,2016,sun village
neighborhoods_283,NA,6,NA,NA,NA,multi_family,2016,sun village
neighborhoods_283,NA,7,NA,NA,NA,multi_family,2016,sun village
neighborhoods_283,0,1,masked,masked,masked,nonres,2016,sun village
neighborhoods_283,132730,2,masked,masked,masked,nonres,2016,sun village
neighborhoods_283,10872,3,masked,masked,masked,nonres,2016,sun village
neighborhoods_283,NA,4,NA,NA,NA,nonres,2016,sun village
neighborhoods_283,NA,5,NA,NA,NA,nonres,2016,sun village
neighborhoods_283,91329,6,masked,masked,masked,nonres,2016,sun village
neighborhoods_283,NA,7,NA,NA,NA,nonres,2016,sun village
neighborhoods_284,NA,1,NA,NA,NA,multi_family,2016,sylmar
neighborhoods_284,915276,2,5374990.7000,10923.5000,5.0424,multi_family,2016,sylmar
neighborhoods_284,424996,3,2561133.9000,82308.9500,5.2900,multi_family,2016,sylmar
neighborhoods_284,301943,4,1605170.6000,129523.1500,5.2128,multi_family,2016,sylmar
neighborhoods_284,108275,5,591814.7000,209534.2000,5.8372,multi_family,2016,sylmar
neighborhoods_284,225690,6,1013849.5000,227859.3000,5.3161,multi_family,2016,sylmar
neighborhoods_284,212963,7,1505211.5000,316453.7000,5.7117,multi_family,2016,sylmar
neighborhoods_284,0,1,984656.7000,8971.9000,NA,nonres,2016,sylmar
neighborhoods_284,558481,2,masked,masked,masked,nonres,2016,sylmar
neighborhoods_284,352770,3,masked,masked,masked,nonres,2016,sylmar
neighborhoods_284,191122,4,2009114.9000,247281.8500,8.9654,nonres,2016,sylmar
neighborhoods_284,246054,5,masked,masked,masked,nonres,2016,sylmar
neighborhoods_284,40847,6,masked,masked,masked,nonres,2016,sylmar
neighborhoods_284,111725,7,masked,masked,masked,nonres,2016,sylmar
neighborhoods_285,NA,1,NA,NA,NA,multi_family,2016,tarzana
neighborhoods_285,136088,2,738403.8000,13239.4500,4.9437,multi_family,2016,tarzana
neighborhoods_285,384548,3,2265801.2000,80984.1000,5.7594,multi_family,2016,tarzana
neighborhoods_285,916667,4,5622319.8000,150577.1000,5.9629,multi_family,2016,tarzana
neighborhoods_285,549559,5,3361585.0000,198746.1500,6.0634,multi_family,2016,tarzana
neighborhoods_285,336178,6,1639382.1000,191087.2500,4.6494,multi_family,2016,tarzana
neighborhoods_285,113901,7,537265.4000,268632.7000,4.7152,multi_family,2016,tarzana
neighborhoods_285,0,1,masked,masked,masked,nonres,2016,tarzana
neighborhoods_285,731048,2,21449349.0000,53542.1000,12.3438,nonres,2016,tarzana
neighborhoods_285,478434,3,5589923.6000,121891.8000,8.7255,nonres,2016,tarzana
neighborhoods_285,295310,4,2824350.3000,186355.4500,7.3041,nonres,2016,tarzana
neighborhoods_285,477294,5,masked,masked,masked,nonres,2016,tarzana
neighborhoods_285,186119,6,masked,masked,masked,nonres,2016,tarzana
neighborhoods_285,213944,7,masked,masked,masked,nonres,2016,tarzana
neighborhoods_286,0,1,masked,masked,masked,multi_family,2016,temple city
neighborhoods_286,2510173,2,7559837.6000,5979.0000,2.3092,multi_family,2016,temple city
neighborhoods_286,245755,3,887591.0000,40871.0000,3.0071,multi_family,2016,temple city
neighborhoods_286,54400,4,masked,masked,masked,multi_family,2016,temple city
neighborhoods_286,39450,5,masked,masked,masked,multi_family,2016,temple city
neighborhoods_286,40241,6,masked,masked,masked,multi_family,2016,temple city
neighborhoods_286,NA,7,NA,NA,NA,multi_family,2016,temple city
neighborhoods_286,0,1,252624.0000,10388.0000,NA,nonres,2016,temple city
neighborhoods_286,949162,2,17344423.0000,13204.5000,5.6973,nonres,2016,temple city
neighborhoods_286,252394,3,masked,masked,masked,nonres,2016,temple city
neighborhoods_286,190417,4,masked,masked,masked,nonres,2016,temple city
neighborhoods_286,186273,5,masked,masked,masked,nonres,2016,temple city
neighborhoods_286,42715,6,masked,masked,masked,nonres,2016,temple city
neighborhoods_286,51740,7,masked,masked,masked,nonres,2016,temple city
neighborhoods_287,NA,1,masked,masked,masked,multi_family,2016,toluca lake
neighborhoods_287,859322,2,3914757.2000,13995.9500,4.3282,multi_family,2016,toluca lake
neighborhoods_287,671430,3,3413933.5000,75359.8000,5.0210,multi_family,2016,toluca lake
neighborhoods_287,182621,4,861365.4000,113893.2000,5.0191,multi_family,2016,toluca lake
neighborhoods_287,280887,5,1576886.5000,189433.5500,5.2453,multi_family,2016,toluca lake
neighborhoods_287,265918,6,1557044.3000,238768.1000,5.5132,multi_family,2016,toluca lake
neighborhoods_287,50250,7,masked,masked,masked,multi_family,2016,toluca lake
neighborhoods_287,NA,1,NA,NA,NA,nonres,2016,toluca lake
neighborhoods_287,478011,2,9669896.8000,33075.0000,11.5705,nonres,2016,toluca lake
neighborhoods_287,156384,3,2909841.7000,188655.5000,16.0585,nonres,2016,toluca lake
neighborhoods_287,122610,4,masked,masked,masked,nonres,2016,toluca lake
neighborhoods_287,NA,5,NA,NA,NA,nonres,2016,toluca lake
neighborhoods_287,NA,6,NA,NA,NA,nonres,2016,toluca lake
neighborhoods_287,NA,7,NA,NA,NA,nonres,2016,toluca lake
neighborhoods_288,NA,1,NA,NA,NA,multi_family,2016,topanga
neighborhoods_288,86141,2,masked,masked,masked,multi_family,2016,topanga
neighborhoods_288,31804,3,masked,masked,masked,multi_family,2016,topanga
neighborhoods_288,23207,4,masked,masked,masked,multi_family,2016,topanga
neighborhoods_288,NA,5,NA,NA,NA,multi_family,2016,topanga
neighborhoods_288,NA,6,NA,NA,NA,multi_family,2016,topanga
neighborhoods_288,NA,7,NA,NA,NA,multi_family,2016,topanga
neighborhoods_288,0,1,210159.0000,18805.5000,NA,nonres,2016,topanga
neighborhoods_288,155347,2,masked,masked,masked,nonres,2016,topanga
neighborhoods_288,32261,3,masked,masked,masked,nonres,2016,topanga
neighborhoods_288,NA,4,NA,NA,NA,nonres,2016,topanga
neighborhoods_288,NA,5,NA,NA,NA,nonres,2016,topanga
neighborhoods_288,NA,6,NA,NA,NA,nonres,2016,topanga
neighborhoods_288,NA,7,NA,NA,NA,nonres,2016,topanga
neighborhoods_289,0,1,masked,masked,masked,multi_family,2016,torrance
neighborhoods_289,5761674,2,21728410.3000,8643.5000,3.2060,multi_family,2016,torrance
neighborhoods_289,2120627,3,8889428.5000,54077.0000,3.7402,multi_family,2016,torrance
neighborhoods_289,1509753,4,6966077.0000,106248.5000,4.1567,multi_family,2016,torrance
neighborhoods_289,1362829,5,6933500.5000,169184.0000,5.1762,multi_family,2016,torrance
neighborhoods_289,1003628,6,5154588.0000,220512.0000,4.5791,multi_family,2016,torrance
neighborhoods_289,509801,7,masked,masked,masked,multi_family,2016,torrance
neighborhoods_289,0,1,46379595.0000,70395.0000,NA,nonres,2016,torrance
neighborhoods_289,3068227,2,143475238.0000,34725.0000,9.5942,nonres,2016,torrance
neighborhoods_289,2071750,3,27760500.1000,117839.5000,8.6533,nonres,2016,torrance
neighborhoods_289,1948991,4,27280481.0000,238331.0000,10.2994,nonres,2016,torrance
neighborhoods_289,1269819,5,15958305.0000,317267.5000,8.7478,nonres,2016,torrance
neighborhoods_289,999096,6,11117294.0000,415057.0000,9.0102,nonres,2016,torrance
neighborhoods_289,1025469,7,masked,masked,masked,nonres,2016,torrance
neighborhoods_290,NA,1,masked,masked,masked,multi_family,2016,tujunga
neighborhoods_290,1467647,2,7448562.2000,10859.3000,4.8860,multi_family,2016,tujunga
neighborhoods_290,657571,3,3384126.0000,62998.2500,4.7293,multi_family,2016,tujunga
neighborhoods_290,363918,4,2008076.1000,119793.1000,5.0061,multi_family,2016,tujunga
neighborhoods_290,204265,5,1232170.1000,199085.7500,5.8182,multi_family,2016,tujunga
neighborhoods_290,42728,6,masked,masked,masked,multi_family,2016,tujunga
neighborhoods_290,NA,7,NA,NA,NA,multi_family,2016,tujunga
neighborhoods_290,0,1,masked,masked,masked,nonres,2016,tujunga
neighborhoods_290,632381,2,13325538.2000,17147.7500,7.4554,nonres,2016,tujunga
neighborhoods_290,159562,3,masked,masked,masked,nonres,2016,tujunga
neighborhoods_290,145323,4,masked,masked,masked,nonres,2016,tujunga
neighborhoods_290,204957,5,masked,masked,masked,nonres,2016,tujunga
neighborhoods_290,NA,6,NA,NA,NA,nonres,2016,tujunga
neighborhoods_290,50734,7,masked,masked,masked,nonres,2016,tujunga
neighborhoods_291,NA,1,NA,NA,NA,multi_family,2016,tujunga canyons
neighborhoods_291,17693,2,masked,masked,masked,multi_family,2016,tujunga canyons
neighborhoods_291,NA,3,NA,NA,NA,multi_family,2016,tujunga canyons
neighborhoods_291,NA,4,NA,NA,NA,multi_family,2016,tujunga canyons
neighborhoods_291,NA,5,NA,NA,NA,multi_family,2016,tujunga canyons
neighborhoods_291,NA,6,NA,NA,NA,multi_family,2016,tujunga canyons
neighborhoods_291,NA,7,NA,NA,NA,multi_family,2016,tujunga canyons
neighborhoods_291,0,1,masked,masked,masked,nonres,2016,tujunga canyons
neighborhoods_291,86826,2,masked,masked,masked,nonres,2016,tujunga canyons
neighborhoods_291,NA,3,NA,NA,NA,nonres,2016,tujunga canyons
neighborhoods_291,NA,4,NA,NA,NA,nonres,2016,tujunga canyons
neighborhoods_291,NA,5,NA,NA,NA,nonres,2016,tujunga canyons
neighborhoods_291,NA,6,NA,NA,NA,nonres,2016,tujunga canyons
neighborhoods_291,NA,7,NA,NA,NA,nonres,2016,tujunga canyons
neighborhoods_292,NA,1,NA,NA,NA,multi_family,2016,unincorporated catalina island
neighborhoods_292,NA,2,NA,NA,NA,multi_family,2016,unincorporated catalina island
neighborhoods_292,NA,3,NA,NA,NA,multi_family,2016,unincorporated catalina island
neighborhoods_292,NA,4,NA,NA,NA,multi_family,2016,unincorporated catalina island
neighborhoods_292,NA,5,NA,NA,NA,multi_family,2016,unincorporated catalina island
neighborhoods_292,NA,6,NA,NA,NA,multi_family,2016,unincorporated catalina island
neighborhoods_292,NA,7,NA,NA,NA,multi_family,2016,unincorporated catalina island
neighborhoods_292,NA,1,NA,NA,NA,nonres,2016,unincorporated catalina island
neighborhoods_292,8046,2,masked,masked,masked,nonres,2016,unincorporated catalina island
neighborhoods_292,17874,3,masked,masked,masked,nonres,2016,unincorporated catalina island
neighborhoods_292,45738,4,masked,masked,masked,nonres,2016,unincorporated catalina island
neighborhoods_292,33873,5,masked,masked,masked,nonres,2016,unincorporated catalina island
neighborhoods_292,NA,6,NA,NA,NA,nonres,2016,unincorporated catalina island
neighborhoods_292,NA,7,NA,NA,NA,nonres,2016,unincorporated catalina island
neighborhoods_293,NA,1,NA,NA,NA,multi_family,2016,unincorporated santa monica mountains
neighborhoods_293,58619,2,masked,masked,masked,multi_family,2016,unincorporated santa monica mountains
neighborhoods_293,NA,3,NA,NA,NA,multi_family,2016,unincorporated santa monica mountains
neighborhoods_293,NA,4,NA,NA,NA,multi_family,2016,unincorporated santa monica mountains
neighborhoods_293,NA,5,NA,NA,NA,multi_family,2016,unincorporated santa monica mountains
neighborhoods_293,NA,6,NA,NA,NA,multi_family,2016,unincorporated santa monica mountains
neighborhoods_293,NA,7,NA,NA,NA,multi_family,2016,unincorporated santa monica mountains
neighborhoods_293,0,1,1260492.0000,35524.0000,NA,nonres,2016,unincorporated santa monica mountains
neighborhoods_293,186886,2,masked,masked,masked,nonres,2016,unincorporated santa monica mountains
neighborhoods_293,30838,3,masked,masked,masked,nonres,2016,unincorporated santa monica mountains
neighborhoods_293,98380,4,masked,masked,masked,nonres,2016,unincorporated santa monica mountains
neighborhoods_293,NA,5,NA,NA,NA,nonres,2016,unincorporated santa monica mountains
neighborhoods_293,NA,6,NA,NA,NA,nonres,2016,unincorporated santa monica mountains
neighborhoods_293,NA,7,NA,NA,NA,nonres,2016,unincorporated santa monica mountains
neighborhoods_294,NA,1,NA,NA,NA,multi_family,2016,unincorporated santa susana mountains
neighborhoods_294,NA,2,NA,NA,NA,multi_family,2016,unincorporated santa susana mountains
neighborhoods_294,63624,3,352911.0000,92122.0000,5.5488,multi_family,2016,unincorporated santa susana mountains
neighborhoods_294,25824,4,masked,masked,masked,multi_family,2016,unincorporated santa susana mountains
neighborhoods_294,NA,5,NA,NA,NA,multi_family,2016,unincorporated santa susana mountains
neighborhoods_294,48267,6,masked,masked,masked,multi_family,2016,unincorporated santa susana mountains
neighborhoods_294,59028,7,masked,masked,masked,multi_family,2016,unincorporated santa susana mountains
neighborhoods_294,0,1,1787919.0000,29942.0000,NA,nonres,2016,unincorporated santa susana mountains
neighborhoods_294,280195,2,masked,masked,masked,nonres,2016,unincorporated santa susana mountains
neighborhoods_294,94007,3,masked,masked,masked,nonres,2016,unincorporated santa susana mountains
neighborhoods_294,216952,4,masked,masked,masked,nonres,2016,unincorporated santa susana mountains
neighborhoods_294,138583,5,masked,masked,masked,nonres,2016,unincorporated santa susana mountains
neighborhoods_294,239276,6,masked,masked,masked,nonres,2016,unincorporated santa susana mountains
neighborhoods_294,212170,7,masked,masked,masked,nonres,2016,unincorporated santa susana mountains
neighborhoods_295,NA,1,NA,NA,NA,multi_family,2016,universal city
neighborhoods_295,NA,2,NA,NA,NA,multi_family,2016,universal city
neighborhoods_295,NA,3,NA,NA,NA,multi_family,2016,universal city
neighborhoods_295,NA,4,NA,NA,NA,multi_family,2016,universal city
neighborhoods_295,NA,5,NA,NA,NA,multi_family,2016,universal city
neighborhoods_295,NA,6,NA,NA,NA,multi_family,2016,universal city
neighborhoods_295,NA,7,NA,NA,NA,multi_family,2016,universal city
neighborhoods_295,0,1,masked,masked,masked,nonres,2016,universal city
neighborhoods_295,NA,2,NA,NA,NA,nonres,2016,universal city
neighborhoods_295,NA,3,NA,NA,NA,nonres,2016,universal city
neighborhoods_295,NA,4,NA,NA,NA,nonres,2016,universal city
neighborhoods_295,NA,5,NA,NA,NA,nonres,2016,universal city
neighborhoods_295,NA,6,NA,NA,NA,nonres,2016,universal city
neighborhoods_295,NA,7,NA,NA,NA,nonres,2016,universal city
neighborhoods_296,NA,1,masked,masked,masked,multi_family,2016,university park
neighborhoods_296,2256078,2,13482550.9000,12136.6500,3.6193,multi_family,2016,university park
neighborhoods_296,899309,3,4175041.0000,59678.2000,4.2088,multi_family,2016,university park
neighborhoods_296,346333,4,1783521.8000,115531.6000,4.5919,multi_family,2016,university park
neighborhoods_296,278269,5,1291933.3000,144706.2000,4.2340,multi_family,2016,university park
neighborhoods_296,131206,6,761500.0000,221817.4000,4.7963,multi_family,2016,university park
neighborhoods_296,103868,7,masked,masked,masked,multi_family,2016,university park
neighborhoods_296,0,1,masked,masked,masked,nonres,2016,university park
neighborhoods_296,550340,2,masked,masked,masked,nonres,2016,university park
neighborhoods_296,569791,3,6419200.8000,106717.4000,7.9984,nonres,2016,university park
neighborhoods_296,291442,4,masked,masked,masked,nonres,2016,university park
neighborhoods_296,103431,5,masked,masked,masked,nonres,2016,university park
neighborhoods_296,85028,6,masked,masked,masked,nonres,2016,university park
neighborhoods_296,58932,7,masked,masked,masked,nonres,2016,university park
neighborhoods_297,NA,1,NA,NA,NA,multi_family,2016,valinda
neighborhoods_297,377978,2,1828517.0000,10349.5000,4.5825,multi_family,2016,valinda
neighborhoods_297,NA,3,NA,NA,NA,multi_family,2016,valinda
neighborhoods_297,NA,4,NA,NA,NA,multi_family,2016,valinda
neighborhoods_297,NA,5,NA,NA,NA,multi_family,2016,valinda
neighborhoods_297,NA,6,NA,NA,NA,multi_family,2016,valinda
neighborhoods_297,NA,7,NA,NA,NA,multi_family,2016,valinda
neighborhoods_297,0,1,masked,masked,masked,nonres,2016,valinda
neighborhoods_297,132905,2,masked,masked,masked,nonres,2016,valinda
neighborhoods_297,49574,3,masked,masked,masked,nonres,2016,valinda
neighborhoods_297,45875,4,masked,masked,masked,nonres,2016,valinda
neighborhoods_297,NA,5,NA,NA,NA,nonres,2016,valinda
neighborhoods_297,NA,6,NA,NA,NA,nonres,2016,valinda
neighborhoods_297,50081,7,masked,masked,masked,nonres,2016,valinda
neighborhoods_298,NA,1,NA,NA,NA,multi_family,2016,valley glen
neighborhoods_298,3770435,2,18868041.9000,20331.9000,4.7248,multi_family,2016,valley glen
neighborhoods_298,2686316,3,14504842.9000,71498.5000,5.3864,multi_family,2016,valley glen
neighborhoods_298,1618027,4,8892630.7000,132301.3500,5.4188,multi_family,2016,valley glen
neighborhoods_298,741335,5,4286351.7000,194956.2500,5.6946,multi_family,2016,valley glen
neighborhoods_298,722570,6,3629152.9000,214137.0000,4.8789,multi_family,2016,valley glen
neighborhoods_298,229972,7,1215152.9000,298746.7500,5.2216,multi_family,2016,valley glen
neighborhoods_298,0,1,masked,masked,masked,nonres,2016,valley glen
neighborhoods_298,950829,2,masked,masked,masked,nonres,2016,valley glen
neighborhoods_298,525601,3,6968637.0000,135340.9000,11.5269,nonres,2016,valley glen
neighborhoods_298,324675,4,5550778.9000,361915.1500,16.6068,nonres,2016,valley glen
neighborhoods_298,188855,5,masked,masked,masked,nonres,2016,valley glen
neighborhoods_298,49328,6,masked,masked,masked,nonres,2016,valley glen
neighborhoods_298,NA,7,NA,NA,NA,nonres,2016,valley glen
neighborhoods_299,NA,1,masked,masked,masked,multi_family,2016,valley village
neighborhoods_299,1911064,2,10004881.5000,17324.3000,4.5897,multi_family,2016,valley village
neighborhoods_299,1559828,3,7640887.2000,67839.9500,4.7852,multi_family,2016,valley village
neighborhoods_299,1327509,4,6862543.4000,123676.6000,4.9960,multi_family,2016,valley village
neighborhoods_299,823365,5,4770213.3000,185344.9500,5.4303,multi_family,2016,valley village
neighborhoods_299,426659,6,2319173.5000,226040.9000,5.3064,multi_family,2016,valley village
neighborhoods_299,109730,7,masked,masked,masked,multi_family,2016,valley village
neighborhoods_299,0,1,82243.5000,2165.4000,NA,nonres,2016,valley village
neighborhoods_299,493050,2,11745087.2000,43407.9000,11.4385,nonres,2016,valley village
neighborhoods_299,453816,3,7064773.9000,178329.7000,13.4383,nonres,2016,valley village
neighborhoods_299,252592,4,masked,masked,masked,nonres,2016,valley village
neighborhoods_299,172597,5,masked,masked,masked,nonres,2016,valley village
neighborhoods_299,131846,6,masked,masked,masked,nonres,2016,valley village
neighborhoods_299,NA,7,NA,NA,NA,nonres,2016,valley village
neighborhoods_300,NA,1,NA,NA,NA,multi_family,2016,val verde
neighborhoods_300,9482,2,masked,masked,masked,multi_family,2016,val verde
neighborhoods_300,NA,3,NA,NA,NA,multi_family,2016,val verde
neighborhoods_300,NA,4,NA,NA,NA,multi_family,2016,val verde
neighborhoods_300,NA,5,NA,NA,NA,multi_family,2016,val verde
neighborhoods_300,NA,6,NA,NA,NA,multi_family,2016,val verde
neighborhoods_300,NA,7,NA,NA,NA,multi_family,2016,val verde
neighborhoods_300,NA,1,NA,NA,NA,nonres,2016,val verde
neighborhoods_300,26086,2,masked,masked,masked,nonres,2016,val verde
neighborhoods_300,NA,3,NA,NA,NA,nonres,2016,val verde
neighborhoods_300,NA,4,NA,NA,NA,nonres,2016,val verde
neighborhoods_300,NA,5,NA,NA,NA,nonres,2016,val verde
neighborhoods_300,NA,6,NA,NA,NA,nonres,2016,val verde
neighborhoods_300,NA,7,NA,NA,NA,nonres,2016,val verde
neighborhoods_301,NA,1,NA,NA,NA,multi_family,2016,van nuys
neighborhoods_301,5603722,2,31069345.4000,18778.8000,4.9550,multi_family,2016,van nuys
neighborhoods_301,3504815,3,19780394.0000,80453.3000,5.5678,multi_family,2016,van nuys
neighborhoods_301,2947987,4,17384738.0000,139216.1000,5.7112,multi_family,2016,van nuys
neighborhoods_301,2016658,5,11530720.1000,187392.2000,5.5928,multi_family,2016,van nuys
neighborhoods_301,1048082,6,6091175.3000,262212.3000,5.8958,multi_family,2016,van nuys
neighborhoods_301,377767,7,2156735.1000,301200.6000,5.8113,multi_family,2016,van nuys
neighborhoods_301,0,1,masked,masked,masked,nonres,2016,van nuys
neighborhoods_301,2732652,2,111618069.8000,34480.3000,9.2156,nonres,2016,van nuys
neighborhoods_301,1882472,3,masked,masked,masked,nonres,2016,van nuys
neighborhoods_301,1190345,4,11311219.6000,189870.9000,8.4801,nonres,2016,van nuys
neighborhoods_301,803270,5,11953169.2000,410680.8000,10.6840,nonres,2016,van nuys
neighborhoods_301,900881,6,9750084.4000,623951.1000,14.5277,nonres,2016,van nuys
neighborhoods_301,488554,7,masked,masked,masked,nonres,2016,van nuys
neighborhoods_302,0,1,masked,masked,masked,multi_family,2016,venice
neighborhoods_302,6639966,2,24230516.3000,7728.9000,3.5231,multi_family,2016,venice
neighborhoods_302,1173277,3,4777876.3000,52497.7000,3.7807,multi_family,2016,venice
neighborhoods_302,629702,4,2418100.8000,83123.6500,3.8750,multi_family,2016,venice
neighborhoods_302,243059,5,1084138.6000,172170.0000,4.3711,multi_family,2016,venice
neighborhoods_302,47775,6,masked,masked,masked,multi_family,2016,venice
neighborhoods_302,54768,7,masked,masked,masked,multi_family,2016,venice
neighborhoods_302,0,1,masked,masked,masked,nonres,2016,venice
neighborhoods_302,1618755,2,29327694.0000,26269.2000,8.2167,nonres,2016,venice
neighborhoods_302,446290,3,4656982.6000,113513.8000,8.9808,nonres,2016,venice
neighborhoods_302,277332,4,masked,masked,masked,nonres,2016,venice
neighborhoods_302,208631,5,masked,masked,masked,nonres,2016,venice
neighborhoods_302,97448,6,masked,masked,masked,nonres,2016,venice
neighborhoods_302,NA,7,NA,NA,NA,nonres,2016,venice
neighborhoods_303,0,1,masked,masked,masked,multi_family,2016,vermont knolls
neighborhoods_303,3005657,2,12228083.0000,9511.2500,3.9358,multi_family,2016,vermont knolls
neighborhoods_303,240446,3,1026040.0000,59042.0000,4.0575,multi_family,2016,vermont knolls
neighborhoods_303,22219,4,masked,masked,masked,multi_family,2016,vermont knolls
neighborhoods_303,33000,5,masked,masked,masked,multi_family,2016,vermont knolls
neighborhoods_303,NA,6,NA,NA,NA,multi_family,2016,vermont knolls
neighborhoods_303,52095,7,masked,masked,masked,multi_family,2016,vermont knolls
neighborhoods_303,0,1,masked,masked,masked,nonres,2016,vermont knolls
neighborhoods_303,724328,2,12197983.6000,14476.9000,5.5354,nonres,2016,vermont knolls
neighborhoods_303,106426,3,masked,masked,masked,nonres,2016,vermont knolls
neighborhoods_303,96960,4,masked,masked,masked,nonres,2016,vermont knolls
neighborhoods_303,35412,5,masked,masked,masked,nonres,2016,vermont knolls
neighborhoods_303,44635,6,masked,masked,masked,nonres,2016,vermont knolls
neighborhoods_303,NA,7,NA,NA,NA,nonres,2016,vermont knolls
neighborhoods_304,NA,1,NA,NA,NA,multi_family,2016,vermont-slauson
neighborhoods_304,3501350,2,13391250.7000,7140.6000,3.6112,multi_family,2016,vermont-slauson
neighborhoods_304,72491,3,275550.5000,42782.9500,3.9775,multi_family,2016,vermont-slauson
neighborhoods_304,26516,4,masked,masked,masked,multi_family,2016,vermont-slauson
neighborhoods_304,32642,5,masked,masked,masked,multi_family,2016,vermont-slauson
neighborhoods_304,44769,6,masked,masked,masked,multi_family,2016,vermont-slauson
neighborhoods_304,NA,7,NA,NA,NA,multi_family,2016,vermont-slauson
neighborhoods_304,0,1,masked,masked,masked,nonres,2016,vermont-slauson
neighborhoods_304,868305,2,14341433.9000,14052.2000,4.8367,nonres,2016,vermont-slauson
neighborhoods_304,201681,3,masked,masked,masked,nonres,2016,vermont-slauson
neighborhoods_304,149100,4,masked,masked,masked,nonres,2016,vermont-slauson
neighborhoods_304,37363,5,masked,masked,masked,nonres,2016,vermont-slauson
neighborhoods_304,42489,6,masked,masked,masked,nonres,2016,vermont-slauson
neighborhoods_304,53749,7,masked,masked,masked,nonres,2016,vermont-slauson
neighborhoods_305,NA,1,NA,NA,NA,multi_family,2016,vermont square
neighborhoods_305,6599799,2,25736431.8000,8205.4000,3.4995,multi_family,2016,vermont square
neighborhoods_305,345460,3,1318108.0000,47088.1000,3.8499,multi_family,2016,vermont square
neighborhoods_305,171675,4,855064.2000,138342.1500,4.9814,multi_family,2016,vermont square
neighborhoods_305,69286,5,masked,masked,masked,multi_family,2016,vermont square
neighborhoods_305,48900,6,masked,masked,masked,multi_family,2016,vermont square
neighborhoods_305,59821,7,masked,masked,masked,multi_family,2016,vermont square
neighborhoods_305,0,1,204145.3000,204145.3000,NA,nonres,2016,vermont square
neighborhoods_305,1509536,2,16968820.9000,15018.3000,4.3935,nonres,2016,vermont square
neighborhoods_305,653322,3,4265914.2000,51715.6000,3.7598,nonres,2016,vermont square
neighborhoods_305,240970,4,masked,masked,masked,nonres,2016,vermont square
neighborhoods_305,35468,5,masked,masked,masked,nonres,2016,vermont square
neighborhoods_305,NA,6,NA,NA,NA,nonres,2016,vermont square
neighborhoods_305,NA,7,NA,NA,NA,nonres,2016,vermont square
neighborhoods_306,NA,1,masked,masked,masked,multi_family,2016,vermont vista
neighborhoods_306,2581359,2,10196617.9000,8325.4000,3.8492,multi_family,2016,vermont vista
neighborhoods_306,221127,3,894296.3000,53071.2000,4.1706,multi_family,2016,vermont vista
neighborhoods_306,71739,4,masked,masked,masked,multi_family,2016,vermont vista
neighborhoods_306,NA,5,NA,NA,NA,multi_family,2016,vermont vista
neighborhoods_306,128471,6,618425.1000,207769.6000,4.4229,multi_family,2016,vermont vista
neighborhoods_306,NA,7,NA,NA,NA,multi_family,2016,vermont vista
neighborhoods_306,0,1,masked,masked,masked,nonres,2016,vermont vista
neighborhoods_306,605898,2,12635223.6000,15728.9000,6.9363,nonres,2016,vermont vista
neighborhoods_306,164689,3,masked,masked,masked,nonres,2016,vermont vista
neighborhoods_306,51467,4,masked,masked,masked,nonres,2016,vermont vista
neighborhoods_306,32193,5,masked,masked,masked,nonres,2016,vermont vista
neighborhoods_306,NA,6,NA,NA,NA,nonres,2016,vermont vista
neighborhoods_306,117992,7,masked,masked,masked,nonres,2016,vermont vista
neighborhoods_307,NA,1,NA,NA,NA,multi_family,2016,vernon
neighborhoods_307,NA,2,NA,NA,NA,multi_family,2016,vernon
neighborhoods_307,NA,3,NA,NA,NA,multi_family,2016,vernon
neighborhoods_307,NA,4,NA,NA,NA,multi_family,2016,vernon
neighborhoods_307,NA,5,NA,NA,NA,multi_family,2016,vernon
neighborhoods_307,NA,6,NA,NA,NA,multi_family,2016,vernon
neighborhoods_307,NA,7,NA,NA,NA,multi_family,2016,vernon
neighborhoods_307,NA,1,NA,NA,NA,nonres,2016,vernon
neighborhoods_307,NA,2,NA,NA,NA,nonres,2016,vernon
neighborhoods_307,NA,3,NA,NA,NA,nonres,2016,vernon
neighborhoods_307,NA,4,NA,NA,NA,nonres,2016,vernon
neighborhoods_307,NA,5,NA,NA,NA,nonres,2016,vernon
neighborhoods_307,NA,6,NA,NA,NA,nonres,2016,vernon
neighborhoods_307,NA,7,NA,NA,NA,nonres,2016,vernon
neighborhoods_308,NA,1,NA,NA,NA,multi_family,2016,veterans administration
neighborhoods_308,NA,2,NA,NA,NA,multi_family,2016,veterans administration
neighborhoods_308,NA,3,NA,NA,NA,multi_family,2016,veterans administration
neighborhoods_308,NA,4,NA,NA,NA,multi_family,2016,veterans administration
neighborhoods_308,NA,5,NA,NA,NA,multi_family,2016,veterans administration
neighborhoods_308,NA,6,NA,NA,NA,multi_family,2016,veterans administration
neighborhoods_308,NA,7,NA,NA,NA,multi_family,2016,veterans administration
neighborhoods_308,NA,1,NA,NA,NA,nonres,2016,veterans administration
neighborhoods_308,NA,2,NA,NA,NA,nonres,2016,veterans administration
neighborhoods_308,NA,3,NA,NA,NA,nonres,2016,veterans administration
neighborhoods_308,NA,4,NA,NA,NA,nonres,2016,veterans administration
neighborhoods_308,NA,5,NA,NA,NA,nonres,2016,veterans administration
neighborhoods_308,NA,6,NA,NA,NA,nonres,2016,veterans administration
neighborhoods_308,NA,7,NA,NA,NA,nonres,2016,veterans administration
neighborhoods_309,NA,1,masked,masked,masked,multi_family,2016,view park-windsor hills
neighborhoods_309,714832,2,2218372.3000,8767.5000,3.1332,multi_family,2016,view park-windsor hills
neighborhoods_309,82508,3,246454.0000,45426.0000,3.4533,multi_family,2016,view park-windsor hills
neighborhoods_309,43721,4,155037.0000,77518.5000,3.5455,multi_family,2016,view park-windsor hills
neighborhoods_309,30988,5,masked,masked,masked,multi_family,2016,view park-windsor hills
neighborhoods_309,NA,6,NA,NA,NA,multi_family,2016,view park-windsor hills
neighborhoods_309,NA,7,NA,NA,NA,multi_family,2016,view park-windsor hills
neighborhoods_309,0,1,masked,masked,masked,nonres,2016,view park-windsor hills
neighborhoods_309,310975,2,masked,masked,masked,nonres,2016,view park-windsor hills
neighborhoods_309,109545,3,masked,masked,masked,nonres,2016,view park-windsor hills
neighborhoods_309,NA,4,NA,NA,NA,nonres,2016,view park-windsor hills
neighborhoods_309,31960,5,masked,masked,masked,nonres,2016,view park-windsor hills
neighborhoods_309,NA,6,NA,NA,NA,nonres,2016,view park-windsor hills
neighborhoods_309,NA,7,NA,NA,NA,nonres,2016,view park-windsor hills
neighborhoods_310,NA,1,NA,NA,NA,multi_family,2016,vincent
neighborhoods_310,NA,2,NA,NA,NA,multi_family,2016,vincent
neighborhoods_310,NA,3,NA,NA,NA,multi_family,2016,vincent
neighborhoods_310,NA,4,NA,NA,NA,multi_family,2016,vincent
neighborhoods_310,NA,5,NA,NA,NA,multi_family,2016,vincent
neighborhoods_310,NA,6,NA,NA,NA,multi_family,2016,vincent
neighborhoods_310,NA,7,NA,NA,NA,multi_family,2016,vincent
neighborhoods_310,NA,1,NA,NA,NA,nonres,2016,vincent
neighborhoods_310,NA,2,NA,NA,NA,nonres,2016,vincent
neighborhoods_310,NA,3,NA,NA,NA,nonres,2016,vincent
neighborhoods_310,NA,4,NA,NA,NA,nonres,2016,vincent
neighborhoods_310,NA,5,NA,NA,NA,nonres,2016,vincent
neighborhoods_310,NA,6,NA,NA,NA,nonres,2016,vincent
neighborhoods_310,NA,7,NA,NA,NA,nonres,2016,vincent
neighborhoods_311,NA,1,masked,masked,masked,multi_family,2016,walnut
neighborhoods_311,21098,2,masked,masked,masked,multi_family,2016,walnut
neighborhoods_311,NA,3,NA,NA,NA,multi_family,2016,walnut
neighborhoods_311,NA,4,NA,NA,NA,multi_family,2016,walnut
neighborhoods_311,NA,5,NA,NA,NA,multi_family,2016,walnut
neighborhoods_311,NA,6,NA,NA,NA,multi_family,2016,walnut
neighborhoods_311,NA,7,NA,NA,NA,multi_family,2016,walnut
neighborhoods_311,0,1,791566.0000,7935.0000,NA,nonres,2016,walnut
neighborhoods_311,361644,2,masked,masked,masked,nonres,2016,walnut
neighborhoods_311,276722,3,1638488.0000,52877.0000,4.2957,nonres,2016,walnut
neighborhoods_311,69622,4,masked,masked,masked,nonres,2016,walnut
neighborhoods_311,65269,5,masked,masked,masked,nonres,2016,walnut
neighborhoods_311,84144,6,masked,masked,masked,nonres,2016,walnut
neighborhoods_311,108813,7,masked,masked,masked,nonres,2016,walnut
neighborhoods_312,NA,1,masked,masked,masked,multi_family,2016,walnut park
neighborhoods_312,1049535,2,4101558.0000,8040.0000,3.8929,multi_family,2016,walnut park
neighborhoods_312,10926,3,masked,masked,masked,multi_family,2016,walnut park
neighborhoods_312,NA,4,NA,NA,NA,multi_family,2016,walnut park
neighborhoods_312,NA,5,NA,NA,NA,multi_family,2016,walnut park
neighborhoods_312,NA,6,NA,NA,NA,multi_family,2016,walnut park
neighborhoods_312,NA,7,NA,NA,NA,multi_family,2016,walnut park
neighborhoods_312,0,1,masked,masked,masked,nonres,2016,walnut park
neighborhoods_312,426341,2,6637672.0000,23665.0000,8.9464,nonres,2016,walnut park
neighborhoods_312,67636,3,masked,masked,masked,nonres,2016,walnut park
neighborhoods_312,71898,4,masked,masked,masked,nonres,2016,walnut park
neighborhoods_312,NA,5,NA,NA,NA,nonres,2016,walnut park
neighborhoods_312,NA,6,NA,NA,NA,nonres,2016,walnut park
neighborhoods_312,NA,7,NA,NA,NA,nonres,2016,walnut park
neighborhoods_313,0,1,masked,masked,masked,multi_family,2016,watts
neighborhoods_313,2096002,2,8921943.6000,7712.3000,4.0566,multi_family,2016,watts
neighborhoods_313,51603,3,masked,masked,masked,multi_family,2016,watts
neighborhoods_313,53689,4,masked,masked,masked,multi_family,2016,watts
neighborhoods_313,NA,5,NA,NA,NA,multi_family,2016,watts
neighborhoods_313,NA,6,NA,NA,NA,multi_family,2016,watts
neighborhoods_313,NA,7,NA,NA,NA,multi_family,2016,watts
neighborhoods_313,0,1,masked,masked,masked,nonres,2016,watts
neighborhoods_313,539889,2,13495071.3000,11810.4000,6.0586,nonres,2016,watts
neighborhoods_313,147678,3,masked,masked,masked,nonres,2016,watts
neighborhoods_313,87633,4,masked,masked,masked,nonres,2016,watts
neighborhoods_313,137978,5,masked,masked,masked,nonres,2016,watts
neighborhoods_313,NA,6,NA,NA,NA,nonres,2016,watts
neighborhoods_313,NA,7,NA,NA,NA,nonres,2016,watts
neighborhoods_314,NA,1,NA,NA,NA,multi_family,2016,west adams
neighborhoods_314,3615448,2,12531343.3000,7557.5000,3.3028,multi_family,2016,west adams
neighborhoods_314,130472,3,519824.0000,44547.4000,4.1221,multi_family,2016,west adams
neighborhoods_314,57493,4,masked,masked,masked,multi_family,2016,west adams
neighborhoods_314,NA,5,NA,NA,NA,multi_family,2016,west adams
neighborhoods_314,NA,6,NA,NA,NA,multi_family,2016,west adams
neighborhoods_314,50000,7,masked,masked,masked,multi_family,2016,west adams
neighborhoods_314,0,1,masked,masked,masked,nonres,2016,west adams
neighborhoods_314,954718,2,masked,masked,masked,nonres,2016,west adams
neighborhoods_314,212835,3,masked,masked,masked,nonres,2016,west adams
neighborhoods_314,103168,4,masked,masked,masked,nonres,2016,west adams
neighborhoods_314,30412,5,masked,masked,masked,nonres,2016,west adams
neighborhoods_314,92199,6,masked,masked,masked,nonres,2016,west adams
neighborhoods_314,50908,7,masked,masked,masked,nonres,2016,west adams
neighborhoods_315,NA,1,NA,NA,NA,multi_family,2016,west carson
neighborhoods_315,364691,2,1437912.0000,7624.0000,3.8448,multi_family,2016,west carson
neighborhoods_315,NA,3,NA,NA,NA,multi_family,2016,west carson
neighborhoods_315,96346,4,1218080.0000,209884.5000,8.6714,multi_family,2016,west carson
neighborhoods_315,32872,5,masked,masked,masked,multi_family,2016,west carson
neighborhoods_315,44241,6,masked,masked,masked,multi_family,2016,west carson
neighborhoods_315,NA,7,NA,NA,NA,multi_family,2016,west carson
neighborhoods_315,0,1,masked,masked,masked,nonres,2016,west carson
neighborhoods_315,253335,2,6718901.3000,32122.5000,11.9209,nonres,2016,west carson
neighborhoods_315,75546,3,masked,masked,masked,nonres,2016,west carson
neighborhoods_315,124060,4,masked,masked,masked,nonres,2016,west carson
neighborhoods_315,109911,5,masked,masked,masked,nonres,2016,west carson
neighborhoods_315,91644,6,masked,masked,masked,nonres,2016,west carson
neighborhoods_315,58958,7,masked,masked,masked,nonres,2016,west carson
neighborhoods_316,NA,1,NA,NA,NA,multi_family,2016,westchester
neighborhoods_316,2373519,2,9504953.7000,8188.4000,3.3673,multi_family,2016,westchester
neighborhoods_316,487692,3,1820917.3000,47802.6000,3.6132,multi_family,2016,westchester
neighborhoods_316,259577,4,2322858.6000,111457.4000,4.4318,multi_family,2016,westchester
neighborhoods_316,177838,5,430534.0000,80319.2000,2.4068,multi_family,2016,westchester
neighborhoods_316,184868,6,468543.1000,108497.7000,2.4444,multi_family,2016,westchester
neighborhoods_316,NA,7,NA,NA,NA,multi_family,2016,westchester
neighborhoods_316,0,1,33166901.2000,113812.2500,NA,nonres,2016,westchester
neighborhoods_316,911082,2,72430479.6000,42408.4000,11.3839,nonres,2016,westchester
neighborhoods_316,757834,3,14791043.9000,129007.7000,9.5132,nonres,2016,westchester
neighborhoods_316,661396,4,8130356.1000,217756.9000,8.6412,nonres,2016,westchester
neighborhoods_316,617078,5,masked,masked,masked,nonres,2016,westchester
neighborhoods_316,226220,6,masked,masked,masked,nonres,2016,westchester
neighborhoods_316,267667,7,masked,masked,masked,nonres,2016,westchester
neighborhoods_317,NA,1,NA,NA,NA,multi_family,2016,west compton
neighborhoods_317,35675,2,masked,masked,masked,multi_family,2016,west compton
neighborhoods_317,NA,3,NA,NA,NA,multi_family,2016,west compton
neighborhoods_317,NA,4,NA,NA,NA,multi_family,2016,west compton
neighborhoods_317,NA,5,NA,NA,NA,multi_family,2016,west compton
neighborhoods_317,NA,6,NA,NA,NA,multi_family,2016,west compton
neighborhoods_317,NA,7,NA,NA,NA,multi_family,2016,west compton
neighborhoods_317,0,1,masked,masked,masked,nonres,2016,west compton
neighborhoods_317,163080,2,masked,masked,masked,nonres,2016,west compton
neighborhoods_317,120589,3,masked,masked,masked,nonres,2016,west compton
neighborhoods_317,NA,4,NA,NA,NA,nonres,2016,west compton
neighborhoods_317,61857,5,masked,masked,masked,nonres,2016,west compton
neighborhoods_317,NA,6,NA,NA,NA,nonres,2016,west compton
neighborhoods_317,NA,7,NA,NA,NA,nonres,2016,west compton
neighborhoods_318,NA,1,masked,masked,masked,multi_family,2016,west covina
neighborhoods_318,1408371,2,7880082.0000,17475.0000,5.3896,multi_family,2016,west covina
neighborhoods_318,234195,3,1281294.5000,68245.0000,4.7497,multi_family,2016,west covina
neighborhoods_318,269516,4,1002577.0000,84317.0000,3.2662,multi_family,2016,west covina
neighborhoods_318,207739,5,1462878.5000,215826.7500,6.1498,multi_family,2016,west covina
neighborhoods_318,137742,6,949752.5000,323334.5000,7.0492,multi_family,2016,west covina
neighborhoods_318,163768,7,masked,masked,masked,multi_family,2016,west covina
neighborhoods_318,0,1,masked,masked,masked,nonres,2016,west covina
neighborhoods_318,1218873,2,masked,masked,masked,nonres,2016,west covina
neighborhoods_318,805094,3,10445847.0000,109851.0000,8.4832,nonres,2016,west covina
neighborhoods_318,536414,4,masked,masked,masked,nonres,2016,west covina
neighborhoods_318,517235,5,masked,masked,masked,nonres,2016,west covina
neighborhoods_318,633826,6,16227563.0000,283446.5000,6.4097,nonres,2016,west covina
neighborhoods_318,396180,7,masked,masked,masked,nonres,2016,west covina
neighborhoods_319,NA,1,NA,NA,NA,multi_family,2016,west hills
neighborhoods_319,40174,2,masked,masked,masked,multi_family,2016,west hills
neighborhoods_319,26113,3,masked,masked,masked,multi_family,2016,west hills
neighborhoods_319,24656,4,masked,masked,masked,multi_family,2016,west hills
neighborhoods_319,72453,5,masked,masked,masked,multi_family,2016,west hills
neighborhoods_319,NA,6,NA,NA,NA,multi_family,2016,west hills
neighborhoods_319,NA,7,NA,NA,NA,multi_family,2016,west hills
neighborhoods_319,0,1,masked,masked,masked,nonres,2016,west hills
neighborhoods_319,187977,2,8723930.3000,87935.3000,45.3582,nonres,2016,west hills
neighborhoods_319,151647,3,1987785.5000,164419.7500,10.1970,nonres,2016,west hills
neighborhoods_319,216196,4,masked,masked,masked,nonres,2016,west hills
neighborhoods_319,63966,5,masked,masked,masked,nonres,2016,west hills
neighborhoods_319,43722,6,masked,masked,masked,nonres,2016,west hills
neighborhoods_319,222939,7,masked,masked,masked,nonres,2016,west hills
neighborhoods_320,0,1,masked,masked,masked,multi_family,2016,west hollywood
neighborhoods_320,7006383,2,26989650.6000,11682.0000,3.3616,multi_family,2016,west hollywood
neighborhoods_320,3802934,3,19315724.2000,53221.0000,4.0277,multi_family,2016,west hollywood
neighborhoods_320,1345157,4,5653199.5000,106032.0000,4.3836,multi_family,2016,west hollywood
neighborhoods_320,1275734,5,4931486.2000,151490.0000,4.3343,multi_family,2016,west hollywood
neighborhoods_320,645416,6,2963841.0000,212909.0000,5.0746,multi_family,2016,west hollywood
neighborhoods_320,268445,7,masked,masked,masked,multi_family,2016,west hollywood
neighborhoods_320,0,1,masked,masked,masked,nonres,2016,west hollywood
neighborhoods_320,1953880,2,masked,masked,masked,nonres,2016,west hollywood
neighborhoods_320,1134914,3,20610432.2000,137919.0000,12.1961,nonres,2016,west hollywood
neighborhoods_320,328929,4,masked,masked,masked,nonres,2016,west hollywood
neighborhoods_320,243717,5,masked,masked,masked,nonres,2016,west hollywood
neighborhoods_320,218246,6,masked,masked,masked,nonres,2016,west hollywood
neighborhoods_320,218933,7,masked,masked,masked,nonres,2016,west hollywood
neighborhoods_321,0,1,603905.6000,218058.1000,NA,multi_family,2016,westlake
neighborhoods_321,6168386,2,29922766.0000,12413.0000,3.6444,multi_family,2016,westlake
neighborhoods_321,4770101,3,20323869.9000,58408.1000,4.2014,multi_family,2016,westlake
neighborhoods_321,2578127,4,12296262.5000,113215.9000,4.6088,multi_family,2016,westlake
neighborhoods_321,1873826,5,9400420.7000,167589.1000,4.7744,multi_family,2016,westlake
neighborhoods_321,1683619,6,9156118.6000,233019.6500,5.4060,multi_family,2016,westlake
neighborhoods_321,855975,7,3951818.6000,250662.4000,4.4930,multi_family,2016,westlake
neighborhoods_321,0,1,masked,masked,masked,nonres,2016,westlake
neighborhoods_321,2066115,2,51003900.2000,33017.5000,7.5961,nonres,2016,westlake
neighborhoods_321,2091232,3,masked,masked,masked,nonres,2016,westlake
neighborhoods_321,1600888,4,16992215.3000,167141.9000,7.3623,nonres,2016,westlake
neighborhoods_321,1300003,5,13519121.8000,295111.5000,7.9743,nonres,2016,westlake
neighborhoods_321,762103,6,7662109.8000,369752.9000,8.3425,nonres,2016,westlake
neighborhoods_321,806357,7,masked,masked,masked,nonres,2016,westlake
neighborhoods_322,NA,1,NA,NA,NA,multi_family,2016,westlake village
neighborhoods_322,NA,2,NA,NA,NA,multi_family,2016,westlake village
neighborhoods_322,NA,3,NA,NA,NA,multi_family,2016,westlake village
neighborhoods_322,NA,4,NA,NA,NA,multi_family,2016,westlake village
neighborhoods_322,NA,5,NA,NA,NA,multi_family,2016,westlake village
neighborhoods_322,NA,6,NA,NA,NA,multi_family,2016,westlake village
neighborhoods_322,NA,7,NA,NA,NA,multi_family,2016,westlake village
neighborhoods_322,0,1,masked,masked,masked,nonres,2016,westlake village
neighborhoods_322,92022,2,masked,masked,masked,nonres,2016,westlake village
neighborhoods_322,151265,3,masked,masked,masked,nonres,2016,westlake village
neighborhoods_322,267163,4,2975487.0000,337454.5000,12.9134,nonres,2016,westlake village
neighborhoods_322,170548,5,masked,masked,masked,nonres,2016,westlake village
neighborhoods_322,91677,6,masked,masked,masked,nonres,2016,westlake village
neighborhoods_322,103874,7,masked,masked,masked,nonres,2016,westlake village
neighborhoods_323,NA,1,NA,NA,NA,multi_family,2016,west los angeles
neighborhoods_323,1188964,2,4092706.5000,17200.7000,3.3627,multi_family,2016,west los angeles
neighborhoods_323,687768,3,2636589.0000,51089.1000,3.8021,multi_family,2016,west los angeles
neighborhoods_323,660059,4,2682945.8000,100002.6000,3.9041,multi_family,2016,west los angeles
neighborhoods_323,164287,5,863292.3000,173350.3000,5.3350,multi_family,2016,west los angeles
neighborhoods_323,49769,6,masked,masked,masked,multi_family,2016,west los angeles
neighborhoods_323,52371,7,masked,masked,masked,multi_family,2016,west los angeles
neighborhoods_323,0,1,masked,masked,masked,nonres,2016,west los angeles
neighborhoods_323,801245,2,16032881.8000,42930.1000,12.1430,nonres,2016,west los angeles
neighborhoods_323,301719,3,4616656.4000,227372.6000,14.2372,nonres,2016,west los angeles
neighborhoods_323,216506,4,2650570.2000,319467.4000,12.1939,nonres,2016,west los angeles
neighborhoods_323,31207,5,masked,masked,masked,nonres,2016,west los angeles
neighborhoods_323,89001,6,masked,masked,masked,nonres,2016,west los angeles
neighborhoods_323,109291,7,masked,masked,masked,nonres,2016,west los angeles
neighborhoods_324,NA,1,NA,NA,NA,multi_family,2016,westmont
neighborhoods_324,5027108,2,19715933.4000,8491.0000,3.7332,multi_family,2016,westmont
neighborhoods_324,304720,3,1177407.0000,56130.0000,3.9528,multi_family,2016,westmont
neighborhoods_324,114951,4,masked,masked,masked,multi_family,2016,westmont
neighborhoods_324,63232,5,masked,masked,masked,multi_family,2016,westmont
neighborhoods_324,NA,6,NA,NA,NA,multi_family,2016,westmont
neighborhoods_324,58808,7,masked,masked,masked,multi_family,2016,westmont
neighborhoods_324,0,1,masked,masked,masked,nonres,2016,westmont
neighborhoods_324,563551,2,masked,masked,masked,nonres,2016,westmont
neighborhoods_324,205563,3,782206.0000,33323.0000,2.3255,nonres,2016,westmont
neighborhoods_324,49515,4,masked,masked,masked,nonres,2016,westmont
neighborhoods_324,30232,5,masked,masked,masked,nonres,2016,westmont
neighborhoods_324,44758,6,masked,masked,masked,nonres,2016,westmont
neighborhoods_324,NA,7,NA,NA,NA,nonres,2016,westmont
neighborhoods_325,NA,1,NA,NA,NA,multi_family,2016,west puente valley
neighborhoods_325,18670,2,masked,masked,masked,multi_family,2016,west puente valley
neighborhoods_325,14688,3,masked,masked,masked,multi_family,2016,west puente valley
neighborhoods_325,NA,4,NA,NA,NA,multi_family,2016,west puente valley
neighborhoods_325,30336,5,masked,masked,masked,multi_family,2016,west puente valley
neighborhoods_325,NA,6,NA,NA,NA,multi_family,2016,west puente valley
neighborhoods_325,NA,7,NA,NA,NA,multi_family,2016,west puente valley
neighborhoods_325,NA,1,NA,NA,NA,nonres,2016,west puente valley
neighborhoods_325,85903,2,4558536.0000,92704.0000,45.8369,nonres,2016,west puente valley
neighborhoods_325,40317,3,masked,masked,masked,nonres,2016,west puente valley
neighborhoods_325,NA,4,NA,NA,NA,nonres,2016,west puente valley
neighborhoods_325,35351,5,masked,masked,masked,nonres,2016,west puente valley
neighborhoods_325,NA,6,NA,NA,NA,nonres,2016,west puente valley
neighborhoods_325,NA,7,NA,NA,NA,nonres,2016,west puente valley
neighborhoods_326,NA,1,NA,NA,NA,multi_family,2016,west san dimas
neighborhoods_326,NA,2,NA,NA,NA,multi_family,2016,west san dimas
neighborhoods_326,NA,3,NA,NA,NA,multi_family,2016,west san dimas
neighborhoods_326,NA,4,NA,NA,NA,multi_family,2016,west san dimas
neighborhoods_326,NA,5,NA,NA,NA,multi_family,2016,west san dimas
neighborhoods_326,NA,6,NA,NA,NA,multi_family,2016,west san dimas
neighborhoods_326,NA,7,NA,NA,NA,multi_family,2016,west san dimas
neighborhoods_326,NA,1,NA,NA,NA,nonres,2016,west san dimas
neighborhoods_326,838,2,masked,masked,masked,nonres,2016,west san dimas
neighborhoods_326,12036,3,masked,masked,masked,nonres,2016,west san dimas
neighborhoods_326,NA,4,NA,NA,NA,nonres,2016,west san dimas
neighborhoods_326,NA,5,NA,NA,NA,nonres,2016,west san dimas
neighborhoods_326,NA,6,NA,NA,NA,nonres,2016,west san dimas
neighborhoods_326,NA,7,NA,NA,NA,nonres,2016,west san dimas
neighborhoods_327,NA,1,NA,NA,NA,multi_family,2016,west whittier-los nietos
neighborhoods_327,443335,2,2127855.0000,9507.0000,4.7805,multi_family,2016,west whittier-los nietos
neighborhoods_327,163700,3,747471.0000,65689.0000,4.8340,multi_family,2016,west whittier-los nietos
neighborhoods_327,77840,4,masked,masked,masked,multi_family,2016,west whittier-los nietos
neighborhoods_327,30274,5,masked,masked,masked,multi_family,2016,west whittier-los nietos
neighborhoods_327,95827,6,559939.0000,279969.5000,5.8419,multi_family,2016,west whittier-los nietos
neighborhoods_327,NA,7,NA,NA,NA,multi_family,2016,west whittier-los nietos
neighborhoods_327,0,1,masked,masked,masked,nonres,2016,west whittier-los nietos
neighborhoods_327,330439,2,9092584.0000,32625.0000,11.0530,nonres,2016,west whittier-los nietos
neighborhoods_327,160656,3,masked,masked,masked,nonres,2016,west whittier-los nietos
neighborhoods_327,89113,4,masked,masked,masked,nonres,2016,west whittier-los nietos
neighborhoods_327,NA,5,NA,NA,NA,nonres,2016,west whittier-los nietos
neighborhoods_327,40683,6,masked,masked,masked,nonres,2016,west whittier-los nietos
neighborhoods_327,NA,7,NA,NA,NA,nonres,2016,west whittier-los nietos
neighborhoods_328,0,1,masked,masked,masked,multi_family,2016,westwood
neighborhoods_328,2715667,2,14479637.6000,11934.5000,2.7737,multi_family,2016,westwood
neighborhoods_328,1437135,3,5020541.6000,54040.0000,3.5605,multi_family,2016,westwood
neighborhoods_328,692388,4,3298820.9000,108929.5000,4.3043,multi_family,2016,westwood
neighborhoods_328,1077534,5,5311327.5000,171322.7000,4.8091,multi_family,2016,westwood
neighborhoods_328,700712,6,3077208.0000,201195.5000,4.3700,multi_family,2016,westwood
neighborhoods_328,547043,7,masked,masked,masked,multi_family,2016,westwood
neighborhoods_328,0,1,masked,masked,masked,nonres,2016,westwood
neighborhoods_328,835542,2,masked,masked,masked,nonres,2016,westwood
neighborhoods_328,795296,3,12815561.9000,164356.1500,11.0374,nonres,2016,westwood
neighborhoods_328,302038,4,4748136.9000,337736.0000,13.5347,nonres,2016,westwood
neighborhoods_328,144826,5,masked,masked,masked,nonres,2016,westwood
neighborhoods_328,180581,6,masked,masked,masked,nonres,2016,westwood
neighborhoods_328,105503,7,masked,masked,masked,nonres,2016,westwood
neighborhoods_329,NA,1,NA,NA,NA,multi_family,2016,whittier
neighborhoods_329,5837274,2,23501853.0000,7676.0000,3.4775,multi_family,2016,whittier
neighborhoods_329,1000904,3,6066190.0000,71985.0000,5.6659,multi_family,2016,whittier
neighborhoods_329,648278,4,3686969.0000,122093.0000,5.5816,multi_family,2016,whittier
neighborhoods_329,316205,5,2047773.0000,229132.0000,6.7065,multi_family,2016,whittier
neighborhoods_329,132920,6,masked,masked,masked,multi_family,2016,whittier
neighborhoods_329,57672,7,masked,masked,masked,multi_family,2016,whittier
neighborhoods_329,0,1,masked,masked,masked,nonres,2016,whittier
neighborhoods_329,2199859,2,40227674.0000,19662.0000,6.4472,nonres,2016,whittier
neighborhoods_329,1415925,3,masked,masked,masked,nonres,2016,whittier
neighborhoods_329,1005648,4,8226083.0000,104928.5000,4.2241,nonres,2016,whittier
neighborhoods_329,604274,5,masked,masked,masked,nonres,2016,whittier
neighborhoods_329,616948,6,6012040.0000,365064.0000,8.0105,nonres,2016,whittier
neighborhoods_329,484135,7,masked,masked,masked,nonres,2016,whittier
neighborhoods_330,NA,1,NA,NA,NA,multi_family,2016,whittier narrows
neighborhoods_330,NA,2,NA,NA,NA,multi_family,2016,whittier narrows
neighborhoods_330,NA,3,NA,NA,NA,multi_family,2016,whittier narrows
neighborhoods_330,NA,4,NA,NA,NA,multi_family,2016,whittier narrows
neighborhoods_330,NA,5,NA,NA,NA,multi_family,2016,whittier narrows
neighborhoods_330,NA,6,NA,NA,NA,multi_family,2016,whittier narrows
neighborhoods_330,NA,7,NA,NA,NA,multi_family,2016,whittier narrows
neighborhoods_330,0,1,masked,masked,masked,nonres,2016,whittier narrows
neighborhoods_330,14751,2,masked,masked,masked,nonres,2016,whittier narrows
neighborhoods_330,12798,3,masked,masked,masked,nonres,2016,whittier narrows
neighborhoods_330,NA,4,NA,NA,NA,nonres,2016,whittier narrows
neighborhoods_330,NA,5,NA,NA,NA,nonres,2016,whittier narrows
neighborhoods_330,NA,6,NA,NA,NA,nonres,2016,whittier narrows
neighborhoods_330,NA,7,NA,NA,NA,nonres,2016,whittier narrows
neighborhoods_331,NA,1,NA,NA,NA,multi_family,2016,willowbrook
neighborhoods_331,1742346,2,7761977.5000,8321.0000,4.1624,multi_family,2016,willowbrook
neighborhoods_331,209396,3,610229.0000,47775.0000,3.7143,multi_family,2016,willowbrook
neighborhoods_331,71350,4,masked,masked,masked,multi_family,2016,willowbrook
neighborhoods_331,66337,5,332749.0000,166374.5000,5.0113,multi_family,2016,willowbrook
neighborhoods_331,131392,6,475424.0000,181260.0000,4.1258,multi_family,2016,willowbrook
neighborhoods_331,53517,7,masked,masked,masked,multi_family,2016,willowbrook
neighborhoods_331,0,1,masked,masked,masked,nonres,2016,willowbrook
neighborhoods_331,493326,2,masked,masked,masked,nonres,2016,willowbrook
neighborhoods_331,157751,3,masked,masked,masked,nonres,2016,willowbrook
neighborhoods_331,79200,4,masked,masked,masked,nonres,2016,willowbrook
neighborhoods_331,135385,5,masked,masked,masked,nonres,2016,willowbrook
neighborhoods_331,133195,6,masked,masked,masked,nonres,2016,willowbrook
neighborhoods_331,106868,7,masked,masked,masked,nonres,2016,willowbrook
neighborhoods_332,NA,1,masked,masked,masked,multi_family,2016,wilmington
neighborhoods_332,4142028,2,16757566.6000,8388.7000,3.8230,multi_family,2016,wilmington
neighborhoods_332,570800,3,2206909.6000,51570.7000,4.1267,multi_family,2016,wilmington
neighborhoods_332,121749,4,551533.2000,112679.6000,4.5198,multi_family,2016,wilmington
neighborhoods_332,35014,5,masked,masked,masked,multi_family,2016,wilmington
neighborhoods_332,135532,6,696348.2000,200539.7000,4.6878,multi_family,2016,wilmington
neighborhoods_332,NA,7,NA,NA,NA,multi_family,2016,wilmington
neighborhoods_332,0,1,masked,masked,masked,nonres,2016,wilmington
neighborhoods_332,1936666,2,44461483.2000,14058.9000,6.0823,nonres,2016,wilmington
neighborhoods_332,473312,3,masked,masked,masked,nonres,2016,wilmington
neighborhoods_332,268439,4,876113.5000,97843.5000,3.8592,nonres,2016,wilmington
neighborhoods_332,70286,5,masked,masked,masked,nonres,2016,wilmington
neighborhoods_332,90118,6,masked,masked,masked,nonres,2016,wilmington
neighborhoods_332,106846,7,masked,masked,masked,nonres,2016,wilmington
neighborhoods_333,NA,1,NA,NA,NA,multi_family,2016,windsor square
neighborhoods_333,336746,2,1144701.3000,12246.3000,3.5164,multi_family,2016,windsor square
neighborhoods_333,104729,3,390829.9000,46984.9000,3.2907,multi_family,2016,windsor square
neighborhoods_333,114888,4,519017.7000,100269.8000,4.7695,multi_family,2016,windsor square
neighborhoods_333,31617,5,masked,masked,masked,multi_family,2016,windsor square
neighborhoods_333,49592,6,masked,masked,masked,multi_family,2016,windsor square
neighborhoods_333,50140,7,masked,masked,masked,multi_family,2016,windsor square
neighborhoods_333,NA,1,NA,NA,NA,nonres,2016,windsor square
neighborhoods_333,141520,2,2771986.3000,107258.9000,17.8100,nonres,2016,windsor square
neighborhoods_333,110986,3,1642698.7000,185070.6500,12.1278,nonres,2016,windsor square
neighborhoods_333,NA,4,NA,NA,NA,nonres,2016,windsor square
neighborhoods_333,39610,5,masked,masked,masked,nonres,2016,windsor square
neighborhoods_333,42890,6,masked,masked,masked,nonres,2016,windsor square
neighborhoods_333,NA,7,NA,NA,NA,nonres,2016,windsor square
neighborhoods_334,NA,1,NA,NA,NA,multi_family,2016,winnetka
neighborhoods_334,299073,2,1519539.8000,21335.1000,4.9751,multi_family,2016,winnetka
neighborhoods_334,386114,3,2326986.6000,97141.6500,5.5772,multi_family,2016,winnetka
neighborhoods_334,897799,4,5911914.1000,168189.1500,6.1268,multi_family,2016,winnetka
neighborhoods_334,551715,5,3274479.4000,181222.6000,5.5152,multi_family,2016,winnetka
neighborhoods_334,353697,6,2143424.9000,253885.1500,5.7057,multi_family,2016,winnetka
neighborhoods_334,104739,7,679852.9000,339926.4500,6.5154,multi_family,2016,winnetka
neighborhoods_334,0,1,masked,masked,masked,nonres,2016,winnetka
neighborhoods_334,463683,2,12738809.1000,48247.2000,15.7084,nonres,2016,winnetka
neighborhoods_334,480034,3,4762672.1000,63479.2000,4.8473,nonres,2016,winnetka
neighborhoods_334,171186,4,masked,masked,masked,nonres,2016,winnetka
neighborhoods_334,128684,5,masked,masked,masked,nonres,2016,winnetka
neighborhoods_334,86509,6,masked,masked,masked,nonres,2016,winnetka
neighborhoods_334,57294,7,masked,masked,masked,nonres,2016,winnetka
neighborhoods_335,0,1,2581843.2000,2581843.2000,NA,multi_family,2016,woodland hills
neighborhoods_335,512119,2,4846268.7000,11156.1000,5.4616,multi_family,2016,woodland hills
neighborhoods_335,77579,3,483986.7000,79252.7500,6.0235,multi_family,2016,woodland hills
neighborhoods_335,54934,4,masked,masked,masked,multi_family,2016,woodland hills
neighborhoods_335,101155,5,616182.8000,203187.3000,5.4983,multi_family,2016,woodland hills
neighborhoods_335,90187,6,796731.0000,398365.5000,8.6506,multi_family,2016,woodland hills
neighborhoods_335,57772,7,masked,masked,masked,multi_family,2016,woodland hills
neighborhoods_335,0,1,masked,masked,masked,nonres,2016,woodland hills
neighborhoods_335,1249810,2,masked,masked,masked,nonres,2016,woodland hills
neighborhoods_335,876981,3,11346672.7000,142419.6500,9.7671,nonres,2016,woodland hills
neighborhoods_335,634233,4,9296753.5000,290019.1500,12.3004,nonres,2016,woodland hills
neighborhoods_335,445698,5,masked,masked,masked,nonres,2016,woodland hills
neighborhoods_335,525309,6,masked,masked,masked,nonres,2016,woodland hills
neighborhoods_335,432151,7,masked,masked,masked,nonres,2016,woodland hills
neighborhoods_64,NA,1,NA,NA,NA,multi_family,2016,acton
neighborhoods_64,51000,2,masked,masked,masked,multi_family,2016,acton
neighborhoods_64,NA,3,NA,NA,NA,multi_family,2016,acton
neighborhoods_64,NA,4,NA,NA,NA,multi_family,2016,acton
neighborhoods_64,NA,5,NA,NA,NA,multi_family,2016,acton
neighborhoods_64,NA,6,NA,NA,NA,multi_family,2016,acton
neighborhoods_64,NA,7,NA,NA,NA,multi_family,2016,acton
neighborhoods_64,0,1,164281.0000,11236.5000,NA,nonres,2016,acton
neighborhoods_64,177339,2,5465314.0000,14790.5000,6.7348,nonres,2016,acton
neighborhoods_64,61656,3,masked,masked,masked,nonres,2016,acton
neighborhoods_64,22014,4,masked,masked,masked,nonres,2016,acton
neighborhoods_64,39654,5,masked,masked,masked,nonres,2016,acton
neighborhoods_64,NA,6,NA,NA,NA,nonres,2016,acton
neighborhoods_64,NA,7,NA,NA,NA,nonres,2016,acton
neighborhoods_65,NA,1,NA,NA,NA,multi_family,2016,adams-normandie
neighborhoods_65,2946426,2,9909367.5000,9858.8000,3.1997,multi_family,2016,adams-normandie
neighborhoods_65,287709,3,1268874.6000,57243.4000,4.2172,multi_family,2016,adams-normandie
neighborhoods_65,166341,4,662038.8000,91805.8000,3.5403,multi_family,2016,adams-normandie
neighborhoods_65,66393,5,masked,masked,masked,multi_family,2016,adams-normandie
neighborhoods_65,49107,6,masked,masked,masked,multi_family,2016,adams-normandie
neighborhoods_65,NA,7,NA,NA,NA,multi_family,2016,adams-normandie
neighborhoods_65,NA,1,NA,NA,NA,nonres,2016,adams-normandie
neighborhoods_65,428082,2,masked,masked,masked,nonres,2016,adams-normandie
neighborhoods_65,251800,3,2376716.2000,97511.9500,7.4339,nonres,2016,adams-normandie
neighborhoods_65,41263,4,masked,masked,masked,nonres,2016,adams-normandie
neighborhoods_65,63922,5,masked,masked,masked,nonres,2016,adams-normandie
neighborhoods_65,NA,6,NA,NA,NA,nonres,2016,adams-normandie
neighborhoods_65,54234,7,masked,masked,masked,nonres,2016,adams-normandie
neighborhoods_66,NA,1,NA,NA,NA,multi_family,2016,agoura hills
neighborhoods_66,29932,2,masked,masked,masked,multi_family,2016,agoura hills
neighborhoods_66,25601,3,masked,masked,masked,multi_family,2016,agoura hills
neighborhoods_66,46427,4,masked,masked,masked,multi_family,2016,agoura hills
neighborhoods_66,NA,5,NA,NA,NA,multi_family,2016,agoura hills
neighborhoods_66,40749,6,masked,masked,masked,multi_family,2016,agoura hills
neighborhoods_66,NA,7,NA,NA,NA,multi_family,2016,agoura hills
neighborhoods_66,0,1,masked,masked,masked,nonres,2016,agoura hills
neighborhoods_66,305704,2,12283597.0000,66439.0000,11.7841,nonres,2016,agoura hills
neighborhoods_66,418245,3,6928983.0000,110569.5000,7.5205,nonres,2016,agoura hills
neighborhoods_66,285098,4,3136692.0000,223335.0000,8.9000,nonres,2016,agoura hills
neighborhoods_66,252785,5,masked,masked,masked,nonres,2016,agoura hills
neighborhoods_66,222498,6,masked,masked,masked,nonres,2016,agoura hills
neighborhoods_66,155444,7,masked,masked,masked,nonres,2016,agoura hills
neighborhoods_67,NA,1,NA,NA,NA,multi_family,2016,agua dulce
neighborhoods_67,90434,2,masked,masked,masked,multi_family,2016,agua dulce
neighborhoods_67,14154,3,masked,masked,masked,multi_family,2016,agua dulce
neighborhoods_67,NA,4,NA,NA,NA,multi_family,2016,agua dulce
neighborhoods_67,NA,5,NA,NA,NA,multi_family,2016,agua dulce
neighborhoods_67,NA,6,NA,NA,NA,multi_family,2016,agua dulce
neighborhoods_67,NA,7,NA,NA,NA,multi_family,2016,agua dulce
neighborhoods_67,0,1,masked,masked,masked,nonres,2016,agua dulce
neighborhoods_67,112314,2,1141362.0000,14954.0000,8.1272,nonres,2016,agua dulce
neighborhoods_67,17350,3,masked,masked,masked,nonres,2016,agua dulce
neighborhoods_67,21000,4,masked,masked,masked,nonres,2016,agua dulce
neighborhoods_67,NA,5,NA,NA,NA,nonres,2016,agua dulce
neighborhoods_67,NA,6,NA,NA,NA,nonres,2016,agua dulce
neighborhoods_67,NA,7,NA,NA,NA,nonres,2016,agua dulce
neighborhoods_68,NA,1,NA,NA,NA,multi_family,2016,alhambra
neighborhoods_68,10871592,2,37171649.1000,7727.0000,3.0398,multi_family,2016,alhambra
neighborhoods_68,1711327,3,6286620.5000,48951.5000,3.7865,multi_family,2016,alhambra
neighborhoods_68,654076,4,2585119.0000,104268.0000,4.3180,multi_family,2016,alhambra
neighborhoods_68,481072,5,2286474.0000,165367.5000,4.8767,multi_family,2016,alhambra
neighborhoods_68,170132,6,1056932.0000,262682.5000,6.1757,multi_family,2016,alhambra
neighborhoods_68,155936,7,573391.0000,226751.0000,4.2437,multi_family,2016,alhambra
neighborhoods_68,0,1,masked,masked,masked,nonres,2016,alhambra
neighborhoods_68,2000405,2,51546521.7000,17903.5000,6.4902,nonres,2016,alhambra
neighborhoods_68,990046,3,9098144.0000,75131.5000,6.2770,nonres,2016,alhambra
neighborhoods_68,807800,4,6881973.0000,182211.0000,7.9587,nonres,2016,alhambra
neighborhoods_68,723835,5,masked,masked,masked,nonres,2016,alhambra
neighborhoods_68,399569,6,masked,masked,masked,nonres,2016,alhambra
neighborhoods_68,165390,7,masked,masked,masked,nonres,2016,alhambra
neighborhoods_69,NA,1,masked,masked,masked,multi_family,2016,alondra park
neighborhoods_69,226185,2,965998.0000,10599.0000,3.8103,multi_family,2016,alondra park
neighborhoods_69,183419,3,798307.0000,54986.0000,4.3331,multi_family,2016,alondra park
neighborhoods_69,201490,4,910090.5000,113142.0000,4.8377,multi_family,2016,alondra park
neighborhoods_69,109555,5,516554.0000,152624.0000,4.3410,multi_family,2016,alondra park
neighborhoods_69,44026,6,masked,masked,masked,multi_family,2016,alondra park
neighborhoods_69,NA,7,NA,NA,NA,multi_family,2016,alondra park
neighborhoods_69,NA,1,NA,NA,NA,nonres,2016,alondra park
neighborhoods_69,127683,2,masked,masked,masked,nonres,2016,alondra park
neighborhoods_69,85058,3,masked,masked,masked,nonres,2016,alondra park
neighborhoods_69,73996,4,masked,masked,masked,nonres,2016,alondra park
neighborhoods_69,38346,5,masked,masked,masked,nonres,2016,alondra park
neighborhoods_69,NA,6,NA,NA,NA,nonres,2016,alondra park
neighborhoods_69,NA,7,NA,NA,NA,nonres,2016,alondra park
neighborhoods_70,NA,1,NA,NA,NA,multi_family,2016,altadena
neighborhoods_70,2298588,2,10724100.0000,10483.5000,4.5275,multi_family,2016,altadena
neighborhoods_70,115863,3,491343.0000,58789.0000,4.2968,multi_family,2016,altadena
neighborhoods_70,117286,4,465685.0000,88689.0000,4.1335,multi_family,2016,altadena
neighborhoods_70,34710,5,masked,masked,masked,multi_family,2016,altadena
neighborhoods_70,46584,6,masked,masked,masked,multi_family,2016,altadena
neighborhoods_70,54145,7,290711.5000,290711.5000,5.3691,multi_family,2016,altadena
neighborhoods_70,0,1,masked,masked,masked,nonres,2016,altadena
neighborhoods_70,775835,2,18663673.0000,16471.0000,7.6633,nonres,2016,altadena
neighborhoods_70,258482,3,masked,masked,masked,nonres,2016,altadena
neighborhoods_70,153587,4,masked,masked,masked,nonres,2016,altadena
neighborhoods_70,108500,5,masked,masked,masked,nonres,2016,altadena
neighborhoods_70,46800,6,masked,masked,masked,nonres,2016,altadena
neighborhoods_70,54872,7,masked,masked,masked,nonres,2016,altadena
neighborhoods_71,NA,1,NA,NA,NA,multi_family,2016,angeles crest
neighborhoods_71,4825,2,masked,masked,masked,multi_family,2016,angeles crest
neighborhoods_71,NA,3,NA,NA,NA,multi_family,2016,angeles crest
neighborhoods_71,NA,4,NA,NA,NA,multi_family,2016,angeles crest
neighborhoods_71,NA,5,NA,NA,NA,multi_family,2016,angeles crest
neighborhoods_71,NA,6,NA,NA,NA,multi_family,2016,angeles crest
neighborhoods_71,NA,7,NA,NA,NA,multi_family,2016,angeles crest
neighborhoods_71,0,1,masked,masked,masked,nonres,2016,angeles crest
neighborhoods_71,20013,2,masked,masked,masked,nonres,2016,angeles crest
neighborhoods_71,14173,3,masked,masked,masked,nonres,2016,angeles crest
neighborhoods_71,NA,4,NA,NA,NA,nonres,2016,angeles crest
neighborhoods_71,NA,5,NA,NA,NA,nonres,2016,angeles crest
neighborhoods_71,NA,6,NA,NA,NA,nonres,2016,angeles crest
neighborhoods_71,NA,7,NA,NA,NA,nonres,2016,angeles crest
neighborhoods_72,NA,1,NA,NA,NA,multi_family,2016,arcadia
neighborhoods_72,2512431,2,9257434.5000,10439.0000,3.4921,multi_family,2016,arcadia
neighborhoods_72,930998,3,3557272.0000,48426.0000,3.7138,multi_family,2016,arcadia
neighborhoods_72,1123751,4,4950876.5000,110705.0000,4.3585,multi_family,2016,arcadia
neighborhoods_72,320295,5,1632592.0000,174091.0000,4.5975,multi_family,2016,arcadia
neighborhoods_72,167340,6,702055.5000,180411.5000,4.4106,multi_family,2016,arcadia
neighborhoods_72,162361,7,688387.0000,200596.0000,3.7393,multi_family,2016,arcadia
neighborhoods_72,0,1,masked,masked,masked,nonres,2016,arcadia
neighborhoods_72,1558897,2,31455902.0000,21487.0000,7.1772,nonres,2016,arcadia
neighborhoods_72,836620,3,masked,masked,masked,nonres,2016,arcadia
neighborhoods_72,726364,4,masked,masked,masked,nonres,2016,arcadia
neighborhoods_72,382031,5,masked,masked,masked,nonres,2016,arcadia
neighborhoods_72,495558,6,masked,masked,masked,nonres,2016,arcadia
neighborhoods_72,215876,7,masked,masked,masked,nonres,2016,arcadia
neighborhoods_73,NA,1,NA,NA,NA,multi_family,2016,arleta
neighborhoods_73,92250,2,masked,masked,masked,multi_family,2016,arleta
neighborhoods_73,59336,3,376621.2000,99990.3000,6.5791,multi_family,2016,arleta
neighborhoods_73,45574,4,masked,masked,masked,multi_family,2016,arleta
neighborhoods_73,NA,5,NA,NA,NA,multi_family,2016,arleta
neighborhoods_73,NA,6,NA,NA,NA,multi_family,2016,arleta
neighborhoods_73,NA,7,NA,NA,NA,multi_family,2016,arleta
neighborhoods_73,NA,1,NA,NA,NA,nonres,2016,arleta
neighborhoods_73,220321,2,masked,masked,masked,nonres,2016,arleta
neighborhoods_73,180753,3,masked,masked,masked,nonres,2016,arleta
neighborhoods_73,27200,4,masked,masked,masked,nonres,2016,arleta
neighborhoods_73,68550,5,masked,masked,masked,nonres,2016,arleta
neighborhoods_73,NA,6,NA,NA,NA,nonres,2016,arleta
neighborhoods_73,NA,7,NA,NA,NA,nonres,2016,arleta
neighborhoods_74,NA,1,NA,NA,NA,multi_family,2016,arlington heights
neighborhoods_74,4243217,2,13605866.5000,11175.3000,3.0926,multi_family,2016,arlington heights
neighborhoods_74,804103,3,2845961.0000,47471.0500,3.6475,multi_family,2016,arlington heights
neighborhoods_74,218458,4,1117988.2000,111729.5000,4.8039,multi_family,2016,arlington heights
neighborhoods_74,95784,5,masked,masked,masked,multi_family,2016,arlington heights
neighborhoods_74,41875,6,masked,masked,masked,multi_family,2016,arlington heights
neighborhoods_74,57027,7,masked,masked,masked,multi_family,2016,arlington heights
neighborhoods_74,0,1,masked,masked,masked,nonres,2016,arlington heights
neighborhoods_74,655087,2,8521266.3000,21599.2000,5.2663,nonres,2016,arlington heights
neighborhoods_74,452053,3,masked,masked,masked,nonres,2016,arlington heights
neighborhoods_74,98303,4,masked,masked,masked,nonres,2016,arlington heights
neighborhoods_74,97864,5,masked,masked,masked,nonres,2016,arlington heights
neighborhoods_74,46381,6,masked,masked,masked,nonres,2016,arlington heights
neighborhoods_74,NA,7,NA,NA,NA,nonres,2016,arlington heights
neighborhoods_75,NA,1,NA,NA,NA,multi_family,2016,artesia
neighborhoods_75,755948,2,2363716.0000,7740.0000,2.7813,multi_family,2016,artesia
neighborhoods_75,118622,3,467269.0000,50011.0000,4.0953,multi_family,2016,artesia
neighborhoods_75,45929,4,masked,masked,masked,multi_family,2016,artesia
neighborhoods_75,35288,5,masked,masked,masked,multi_family,2016,artesia
neighborhoods_75,NA,6,NA,NA,NA,multi_family,2016,artesia
neighborhoods_75,NA,7,NA,NA,NA,multi_family,2016,artesia
neighborhoods_75,0,1,masked,masked,masked,nonres,2016,artesia
neighborhoods_75,546363,2,14167497.0000,22143.0000,7.5669,nonres,2016,artesia
neighborhoods_75,424130,3,masked,masked,masked,nonres,2016,artesia
neighborhoods_75,217647,4,masked,masked,masked,nonres,2016,artesia
neighborhoods_75,69240,5,masked,masked,masked,nonres,2016,artesia
neighborhoods_75,92266,6,masked,masked,masked,nonres,2016,artesia
neighborhoods_75,56531,7,masked,masked,masked,nonres,2016,artesia
neighborhoods_76,0,1,masked,masked,masked,multi_family,2016,athens
neighborhoods_76,576259,2,2293611.5000,10465.0000,3.5019,multi_family,2016,athens
neighborhoods_76,150457,3,568510.5000,50874.5000,4.2473,multi_family,2016,athens
neighborhoods_76,NA,4,NA,NA,NA,multi_family,2016,athens
neighborhoods_76,38496,5,masked,masked,masked,multi_family,2016,athens
neighborhoods_76,NA,6,NA,NA,NA,multi_family,2016,athens
neighborhoods_76,NA,7,NA,NA,NA,multi_family,2016,athens
neighborhoods_76,NA,1,NA,NA,NA,nonres,2016,athens
neighborhoods_76,177339,2,masked,masked,masked,nonres,2016,athens
neighborhoods_76,96625,3,masked,masked,masked,nonres,2016,athens
neighborhoods_76,70907,4,masked,masked,masked,nonres,2016,athens
neighborhoods_76,35000,5,masked,masked,masked,nonres,2016,athens
neighborhoods_76,NA,6,NA,NA,NA,nonres,2016,athens
neighborhoods_76,NA,7,NA,NA,NA,nonres,2016,athens
neighborhoods_77,NA,1,NA,NA,NA,multi_family,2016,atwater village
neighborhoods_77,2289951,2,9394304.9000,8306.0000,3.9714,multi_family,2016,atwater village
neighborhoods_77,69675,3,317644.3000,52770.1500,4.3682,multi_family,2016,atwater village
neighborhoods_77,NA,4,NA,NA,NA,multi_family,2016,atwater village
neighborhoods_77,NA,5,NA,NA,NA,multi_family,2016,atwater village
neighborhoods_77,NA,6,NA,NA,NA,multi_family,2016,atwater village
neighborhoods_77,NA,7,NA,NA,NA,multi_family,2016,atwater village
neighborhoods_77,0,1,masked,masked,masked,nonres,2016,atwater village
neighborhoods_77,519694,2,masked,masked,masked,nonres,2016,atwater village
neighborhoods_77,174702,3,masked,masked,masked,nonres,2016,atwater village
neighborhoods_77,89742,4,masked,masked,masked,nonres,2016,atwater village
neighborhoods_77,32180,5,masked,masked,masked,nonres,2016,atwater village
neighborhoods_77,87639,6,masked,masked,masked,nonres,2016,atwater village
neighborhoods_77,59489,7,masked,masked,masked,nonres,2016,atwater village
neighborhoods_78,0,1,NA,NA,NA,multi_family,2016,avalon
neighborhoods_78,541152,2,NA,NA,NA,multi_family,2016,avalon
neighborhoods_78,17580,3,NA,NA,NA,multi_family,2016,avalon
neighborhoods_78,26052,4,NA,NA,NA,multi_family,2016,avalon
neighborhoods_78,NA,5,NA,NA,NA,multi_family,2016,avalon
neighborhoods_78,NA,6,NA,NA,NA,multi_family,2016,avalon
neighborhoods_78,58700,7,NA,NA,NA,multi_family,2016,avalon
neighborhoods_78,0,1,NA,NA,NA,nonres,2016,avalon
neighborhoods_78,229943,2,NA,NA,NA,nonres,2016,avalon
neighborhoods_78,128084,3,NA,NA,NA,nonres,2016,avalon
neighborhoods_78,45028,4,NA,NA,NA,nonres,2016,avalon
neighborhoods_78,71263,5,NA,NA,NA,nonres,2016,avalon
neighborhoods_78,NA,6,NA,NA,NA,nonres,2016,avalon
neighborhoods_78,110125,7,NA,NA,NA,nonres,2016,avalon
neighborhoods_79,NA,1,masked,masked,masked,multi_family,2016,avocado heights
neighborhoods_79,477167,2,2442727.0000,10273.0000,5.0228,multi_family,2016,avocado heights
neighborhoods_79,10800,3,masked,masked,masked,multi_family,2016,avocado heights
neighborhoods_79,NA,4,NA,NA,NA,multi_family,2016,avocado heights
neighborhoods_79,NA,5,NA,NA,NA,multi_family,2016,avocado heights
neighborhoods_79,NA,6,NA,NA,NA,multi_family,2016,avocado heights
neighborhoods_79,NA,7,NA,NA,NA,multi_family,2016,avocado heights
neighborhoods_79,0,1,663774.0000,7717.0000,NA,nonres,2016,avocado heights
neighborhoods_79,255429,2,masked,masked,masked,nonres,2016,avocado heights
neighborhoods_79,117709,3,masked,masked,masked,nonres,2016,avocado heights
neighborhoods_79,47954,4,masked,masked,masked,nonres,2016,avocado heights
neighborhoods_79,114398,5,masked,masked,masked,nonres,2016,avocado heights
neighborhoods_79,90077,6,masked,masked,masked,nonres,2016,avocado heights
neighborhoods_79,109935,7,masked,masked,masked,nonres,2016,avocado heights
neighborhoods_80,NA,1,NA,NA,NA,multi_family,2016,azusa
neighborhoods_80,NA,2,NA,NA,NA,multi_family,2016,azusa
neighborhoods_80,NA,3,NA,NA,NA,multi_family,2016,azusa
neighborhoods_80,NA,4,NA,NA,NA,multi_family,2016,azusa
neighborhoods_80,NA,5,NA,NA,NA,multi_family,2016,azusa
neighborhoods_80,NA,6,NA,NA,NA,multi_family,2016,azusa
neighborhoods_80,NA,7,NA,NA,NA,multi_family,2016,azusa
neighborhoods_80,NA,1,NA,NA,NA,nonres,2016,azusa
neighborhoods_80,NA,2,NA,NA,NA,nonres,2016,azusa
neighborhoods_80,NA,3,NA,NA,NA,nonres,2016,azusa
neighborhoods_80,NA,4,NA,NA,NA,nonres,2016,azusa
neighborhoods_80,NA,5,NA,NA,NA,nonres,2016,azusa
neighborhoods_80,NA,6,NA,NA,NA,nonres,2016,azusa
neighborhoods_80,NA,7,NA,NA,NA,nonres,2016,azusa
neighborhoods_81,0,1,masked,masked,masked,multi_family,2016,baldwin hills/crenshaw
neighborhoods_81,2496308,2,8771415.5000,21780.9000,3.3997,multi_family,2016,baldwin hills/crenshaw
neighborhoods_81,2105887,3,7751935.6000,57170.6500,3.7548,multi_family,2016,baldwin hills/crenshaw
neighborhoods_81,1585557,4,5611462.2000,90697.8000,3.5506,multi_family,2016,baldwin hills/crenshaw
neighborhoods_81,619150,5,2085220.4000,103551.2000,3.1261,multi_family,2016,baldwin hills/crenshaw
neighborhoods_81,256197,6,977627.4000,161257.7000,3.7434,multi_family,2016,baldwin hills/crenshaw
neighborhoods_81,59698,7,masked,masked,masked,multi_family,2016,baldwin hills/crenshaw
neighborhoods_81,0,1,masked,masked,masked,nonres,2016,baldwin hills/crenshaw
neighborhoods_81,205015,2,masked,masked,masked,nonres,2016,baldwin hills/crenshaw
neighborhoods_81,339716,3,2892423.0000,90691.7000,7.3729,nonres,2016,baldwin hills/crenshaw
neighborhoods_81,125591,4,3057438.9000,432460.6000,19.6573,nonres,2016,baldwin hills/crenshaw
neighborhoods_81,103947,5,masked,masked,masked,nonres,2016,baldwin hills/crenshaw
neighborhoods_81,91693,6,masked,masked,masked,nonres,2016,baldwin hills/crenshaw
neighborhoods_81,111407,7,masked,masked,masked,nonres,2016,baldwin hills/crenshaw
neighborhoods_82,NA,1,NA,NA,NA,multi_family,2016,baldwin park
neighborhoods_82,2209545,2,9780016.5000,7617.5000,3.3636,multi_family,2016,baldwin park
neighborhoods_82,555464,3,2453852.0000,67497.5000,4.7404,multi_family,2016,baldwin park
neighborhoods_82,398083,4,1763139.0000,116260.0000,5.2913,multi_family,2016,baldwin park
neighborhoods_82,324927,5,1386796.5000,167208.0000,4.7571,multi_family,2016,baldwin park
neighborhoods_82,44468,6,masked,masked,masked,multi_family,2016,baldwin park
neighborhoods_82,53882,7,masked,masked,masked,multi_family,2016,baldwin park
neighborhoods_82,0,1,masked,masked,masked,nonres,2016,baldwin park
neighborhoods_82,1009531,2,masked,masked,masked,nonres,2016,baldwin park
neighborhoods_82,425582,3,3862115.0000,71945.0000,5.5075,nonres,2016,baldwin park
neighborhoods_82,296770,4,masked,masked,masked,nonres,2016,baldwin park
neighborhoods_82,382439,5,masked,masked,masked,nonres,2016,baldwin park
neighborhoods_82,136823,6,masked,masked,masked,nonres,2016,baldwin park
neighborhoods_82,164673,7,masked,masked,masked,nonres,2016,baldwin park
neighborhoods_83,0,1,masked,masked,masked,multi_family,2016,bel-air
neighborhoods_83,95870,2,436155.1000,12412.7000,3.6331,multi_family,2016,bel-air
neighborhoods_83,65299,3,masked,masked,masked,multi_family,2016,bel-air
neighborhoods_83,80184,4,masked,masked,masked,multi_family,2016,bel-air
neighborhoods_83,NA,5,NA,NA,NA,multi_family,2016,bel-air
neighborhoods_83,NA,6,NA,NA,NA,multi_family,2016,bel-air
neighborhoods_83,NA,7,NA,NA,NA,multi_family,2016,bel-air
neighborhoods_83,0,1,masked,masked,masked,nonres,2016,bel-air
neighborhoods_83,122656,2,1989570.1000,28789.1000,7.8720,nonres,2016,bel-air
neighborhoods_83,71499,3,masked,masked,masked,nonres,2016,bel-air
neighborhoods_83,73879,4,masked,masked,masked,nonres,2016,bel-air
neighborhoods_83,101550,5,masked,masked,masked,nonres,2016,bel-air
neighborhoods_83,43747,6,masked,masked,masked,nonres,2016,bel-air
neighborhoods_83,50891,7,masked,masked,masked,nonres,2016,bel-air
neighborhoods_84,NA,1,NA,NA,NA,multi_family,2016,bell
neighborhoods_84,4048704,2,16828809.0000,9535.0000,4.1982,multi_family,2016,bell
neighborhoods_84,395476,3,1359599.0000,50592.5000,3.8871,multi_family,2016,bell
neighborhoods_84,131463,4,699168.0000,105949.0000,4.8824,multi_family,2016,bell
neighborhoods_84,69370,5,masked,masked,masked,multi_family,2016,bell
neighborhoods_84,46399,6,masked,masked,masked,multi_family,2016,bell
neighborhoods_84,59262,7,masked,masked,masked,multi_family,2016,bell
neighborhoods_84,0,1,masked,masked,masked,nonres,2016,bell
neighborhoods_84,854186,2,19644390.0000,18874.0000,6.0954,nonres,2016,bell
neighborhoods_84,302705,3,masked,masked,masked,nonres,2016,bell
neighborhoods_84,175454,4,masked,masked,masked,nonres,2016,bell
neighborhoods_84,75007,5,masked,masked,masked,nonres,2016,bell
neighborhoods_84,133961,6,masked,masked,masked,nonres,2016,bell
neighborhoods_84,114970,7,masked,masked,masked,nonres,2016,bell
neighborhoods_85,NA,1,NA,NA,NA,multi_family,2016,bellflower
neighborhoods_85,5484509,2,16846975.0000,7042.0000,2.6422,multi_family,2016,bellflower
neighborhoods_85,1708621,3,7024295.5000,57259.0000,4.4376,multi_family,2016,bellflower
neighborhoods_85,1211962,4,6605887.0000,129646.2500,5.3894,multi_family,2016,bellflower
neighborhoods_85,559939,5,2719949.5000,183879.5000,5.1636,multi_family,2016,bellflower
neighborhoods_85,354542,6,1297516.0000,160163.0000,3.6757,multi_family,2016,bellflower
neighborhoods_85,266600,7,1150278.0000,251931.0000,4.5762,multi_family,2016,bellflower
neighborhoods_85,0,1,212481.5000,3024.0000,NA,nonres,2016,bellflower
neighborhoods_85,2017956,2,30525854.0000,13380.5000,5.1349,nonres,2016,bellflower
neighborhoods_85,1079856,3,7192026.0000,41115.5000,2.9852,nonres,2016,bellflower
neighborhoods_85,538675,4,2309142.0000,66802.0000,2.8591,nonres,2016,bellflower
neighborhoods_85,300865,5,masked,masked,masked,nonres,2016,bellflower
neighborhoods_85,182805,6,masked,masked,masked,nonres,2016,bellflower
neighborhoods_85,162255,7,masked,masked,masked,nonres,2016,bellflower
neighborhoods_86,NA,1,NA,NA,NA,multi_family,2016,bell gardens
neighborhoods_86,5839471,2,18243326.0000,5633.0000,2.3348,multi_family,2016,bell gardens
neighborhoods_86,202082,3,665633.0000,50489.5000,4.1505,multi_family,2016,bell gardens
neighborhoods_86,117372,4,329388.0000,41086.0000,2.0527,multi_family,2016,bell gardens
neighborhoods_86,NA,5,NA,NA,NA,multi_family,2016,bell gardens
neighborhoods_86,NA,6,NA,NA,NA,multi_family,2016,bell gardens
neighborhoods_86,108148,7,438342.0000,219171.0000,4.0572,multi_family,2016,bell gardens
neighborhoods_86,NA,1,NA,NA,NA,nonres,2016,bell gardens
neighborhoods_86,764781,2,masked,masked,masked,nonres,2016,bell gardens
neighborhoods_86,323146,3,masked,masked,masked,nonres,2016,bell gardens
neighborhoods_86,67824,4,masked,masked,masked,nonres,2016,bell gardens
neighborhoods_86,NA,5,NA,NA,NA,nonres,2016,bell gardens
neighborhoods_86,NA,6,NA,NA,NA,nonres,2016,bell gardens
neighborhoods_86,NA,7,NA,NA,NA,nonres,2016,bell gardens
neighborhoods_87,0,1,masked,masked,masked,multi_family,2016,beverly crest
neighborhoods_87,28353,2,masked,masked,masked,multi_family,2016,beverly crest
neighborhoods_87,NA,3,NA,NA,NA,multi_family,2016,beverly crest
neighborhoods_87,NA,4,NA,NA,NA,multi_family,2016,beverly crest
neighborhoods_87,NA,5,NA,NA,NA,multi_family,2016,beverly crest
neighborhoods_87,NA,6,NA,NA,NA,multi_family,2016,beverly crest
neighborhoods_87,NA,7,NA,NA,NA,multi_family,2016,beverly crest
neighborhoods_87,0,1,638578.6000,59331.4000,NA,nonres,2016,beverly crest
neighborhoods_87,50795,2,masked,masked,masked,nonres,2016,beverly crest
neighborhoods_87,16150,3,masked,masked,masked,nonres,2016,beverly crest
neighborhoods_87,NA,4,NA,NA,NA,nonres,2016,beverly crest
neighborhoods_87,30919,5,masked,masked,masked,nonres,2016,beverly crest
neighborhoods_87,NA,6,NA,NA,NA,nonres,2016,beverly crest
neighborhoods_87,NA,7,NA,NA,NA,nonres,2016,beverly crest
neighborhoods_88,0,1,masked,masked,masked,multi_family,2016,beverly grove
neighborhoods_88,5355089,2,17839353.4000,12963.8000,3.2230,multi_family,2016,beverly grove
neighborhoods_88,896094,3,4180645.5000,62210.7000,4.5466,multi_family,2016,beverly grove
neighborhoods_88,953996,4,4827356.6000,118695.8000,4.8347,multi_family,2016,beverly grove
neighborhoods_88,747089,5,3473224.6000,159875.8500,4.6518,multi_family,2016,beverly grove
neighborhoods_88,358558,6,1388590.9000,206630.8000,4.8575,multi_family,2016,beverly grove
neighborhoods_88,162854,7,masked,masked,masked,multi_family,2016,beverly grove
neighborhoods_88,NA,1,NA,NA,NA,nonres,2016,beverly grove
neighborhoods_88,2051187,2,masked,masked,masked,nonres,2016,beverly grove
neighborhoods_88,998359,3,13868032.5000,172504.3000,12.2370,nonres,2016,beverly grove
neighborhoods_88,271813,4,4478643.3000,332433.5000,15.8424,nonres,2016,beverly grove
neighborhoods_88,204182,5,masked,masked,masked,nonres,2016,beverly grove
neighborhoods_88,222017,6,masked,masked,masked,nonres,2016,beverly grove
neighborhoods_88,169474,7,masked,masked,masked,nonres,2016,beverly grove
neighborhoods_89,NA,1,NA,NA,NA,multi_family,2016,beverly hills
neighborhoods_89,5080399,2,18629076.2000,18743.5000,3.4984,multi_family,2016,beverly hills
neighborhoods_89,1334315,3,5602531.2000,53022.0000,3.9612,multi_family,2016,beverly hills
neighborhoods_89,995415,4,4548998.5000,103988.0000,4.0323,multi_family,2016,beverly hills
neighborhoods_89,745700,5,4237528.0000,176536.5000,5.2182,multi_family,2016,beverly hills
neighborhoods_89,649162,6,3188966.6000,215084.0000,4.8059,multi_family,2016,beverly hills
neighborhoods_89,157242,7,770648.0000,237519.0000,4.4860,multi_family,2016,beverly hills
neighborhoods_89,0,1,masked,masked,masked,nonres,2016,beverly hills
neighborhoods_89,1903915,2,82456683.1000,62408.5000,13.9180,nonres,2016,beverly hills
neighborhoods_89,1774010,3,37683536.0000,213189.0000,16.3418,nonres,2016,beverly hills
neighborhoods_89,1004043,4,18257154.0000,381805.0000,13.8295,nonres,2016,beverly hills
neighborhoods_89,723475,5,12358640.0000,488666.0000,15.8459,nonres,2016,beverly hills
neighborhoods_89,906775,6,14274750.0000,725678.0000,17.1276,nonres,2016,beverly hills
neighborhoods_89,864371,7,18361147.0000,1214440.5000,21.8985,nonres,2016,beverly hills
neighborhoods_90,NA,1,masked,masked,masked,multi_family,2016,beverlywood
neighborhoods_90,197807,2,621599.3000,8825.0000,3.2552,multi_family,2016,beverlywood
neighborhoods_90,43448,3,masked,masked,masked,multi_family,2016,beverlywood
neighborhoods_90,NA,4,NA,NA,NA,multi_family,2016,beverlywood
neighborhoods_90,NA,5,NA,NA,NA,multi_family,2016,beverlywood
neighborhoods_90,NA,6,NA,NA,NA,multi_family,2016,beverlywood
neighborhoods_90,NA,7,NA,NA,NA,multi_family,2016,beverlywood
neighborhoods_90,NA,1,NA,NA,NA,nonres,2016,beverlywood
neighborhoods_90,101566,2,masked,masked,masked,nonres,2016,beverlywood
neighborhoods_90,NA,3,NA,NA,NA,nonres,2016,beverlywood
neighborhoods_90,NA,4,NA,NA,NA,nonres,2016,beverlywood
neighborhoods_90,NA,5,NA,NA,NA,nonres,2016,beverlywood
neighborhoods_90,NA,6,NA,NA,NA,nonres,2016,beverlywood
neighborhoods_90,NA,7,NA,NA,NA,nonres,2016,beverlywood
neighborhoods_91,0,1,masked,masked,masked,multi_family,2016,boyle heights
neighborhoods_91,10525331,2,41471171.8000,8035.3000,3.7815,multi_family,2016,boyle heights
neighborhoods_91,697332,3,3022473.6000,51342.8000,4.1457,multi_family,2016,boyle heights
neighborhoods_91,215198,4,1112710.8000,130299.7500,4.9918,multi_family,2016,boyle heights
neighborhoods_91,103381,5,420168.4000,129832.1000,4.0290,multi_family,2016,boyle heights
neighborhoods_91,217766,6,986159.2000,229296.1000,5.5010,multi_family,2016,boyle heights
neighborhoods_91,55610,7,masked,masked,masked,multi_family,2016,boyle heights
neighborhoods_91,0,1,masked,masked,masked,nonres,2016,boyle heights
neighborhoods_91,2866233,2,69423242.8000,23561.8000,7.4003,nonres,2016,boyle heights
neighborhoods_91,1103777,3,9276144.9000,68518.7000,5.3211,nonres,2016,boyle heights
neighborhoods_91,355253,4,masked,masked,masked,nonres,2016,boyle heights
neighborhoods_91,130551,5,masked,masked,masked,nonres,2016,boyle heights
neighborhoods_91,92221,6,masked,masked,masked,nonres,2016,boyle heights
neighborhoods_91,101467,7,masked,masked,masked,nonres,2016,boyle heights
neighborhoods_92,NA,1,NA,NA,NA,multi_family,2016,bradbury
neighborhoods_92,12772,2,masked,masked,masked,multi_family,2016,bradbury
neighborhoods_92,34337,3,masked,masked,masked,multi_family,2016,bradbury
neighborhoods_92,NA,4,NA,NA,NA,multi_family,2016,bradbury
neighborhoods_92,NA,5,NA,NA,NA,multi_family,2016,bradbury
neighborhoods_92,NA,6,NA,NA,NA,multi_family,2016,bradbury
neighborhoods_92,NA,7,NA,NA,NA,multi_family,2016,bradbury
neighborhoods_92,NA,1,NA,NA,NA,nonres,2016,bradbury
neighborhoods_92,6358,2,masked,masked,masked,nonres,2016,bradbury
neighborhoods_92,NA,3,NA,NA,NA,nonres,2016,bradbury
neighborhoods_92,NA,4,NA,NA,NA,nonres,2016,bradbury
neighborhoods_92,NA,5,NA,NA,NA,nonres,2016,bradbury
neighborhoods_92,NA,6,NA,NA,NA,nonres,2016,bradbury
neighborhoods_92,NA,7,NA,NA,NA,nonres,2016,bradbury
neighborhoods_93,NA,1,NA,NA,NA,multi_family,2016,brentwood
neighborhoods_93,1992313,2,7227025.1000,20209.1000,3.2317,multi_family,2016,brentwood
neighborhoods_93,1139789,3,4357206.8000,51797.9000,3.4911,multi_family,2016,brentwood
neighborhoods_93,768152,4,2958561.1000,96018.7000,3.8424,multi_family,2016,brentwood
neighborhoods_93,591713,5,2315728.0000,143021.6000,4.0332,multi_family,2016,brentwood
neighborhoods_93,349815,6,1418607.6000,164847.8000,3.8322,multi_family,2016,brentwood
neighborhoods_93,373277,7,1700349.7000,200425.4000,3.6055,multi_family,2016,brentwood
neighborhoods_93,0,1,masked,masked,masked,nonres,2016,brentwood
neighborhoods_93,551469,2,12889497.3000,50783.7000,16.7598,nonres,2016,brentwood
neighborhoods_93,326524,3,9568536.7000,177930.4000,11.7551,nonres,2016,brentwood
neighborhoods_93,175428,4,masked,masked,masked,nonres,2016,brentwood
neighborhoods_93,206423,5,masked,masked,masked,nonres,2016,brentwood
neighborhoods_93,274637,6,6214288.4000,798038.0500,17.0821,nonres,2016,brentwood
neighborhoods_93,112596,7,masked,masked,masked,nonres,2016,brentwood
neighborhoods_94,NA,1,NA,NA,NA,multi_family,2016,broadway-manchester
neighborhoods_94,3373366,2,13055886.6000,7690.2000,3.7992,multi_family,2016,broadway-manchester
neighborhoods_94,135165,3,523136.9000,59660.8000,4.2179,multi_family,2016,broadway-manchester
neighborhoods_94,85554,4,masked,masked,masked,multi_family,2016,broadway-manchester
neighborhoods_94,99384,5,masked,masked,masked,multi_family,2016,broadway-manchester
neighborhoods_94,88663,6,masked,masked,masked,multi_family,2016,broadway-manchester
neighborhoods_94,NA,7,NA,NA,NA,multi_family,2016,broadway-manchester
neighborhoods_94,0,1,masked,masked,masked,nonres,2016,broadway-manchester
neighborhoods_94,929287,2,10039876.7000,9760.5000,4.1217,nonres,2016,broadway-manchester
neighborhoods_94,141957,3,masked,masked,masked,nonres,2016,broadway-manchester
neighborhoods_94,132493,4,masked,masked,masked,nonres,2016,broadway-manchester
neighborhoods_94,30225,5,masked,masked,masked,nonres,2016,broadway-manchester
neighborhoods_94,NA,6,NA,NA,NA,nonres,2016,broadway-manchester
neighborhoods_94,NA,7,NA,NA,NA,nonres,2016,broadway-manchester
neighborhoods_95,NA,1,NA,NA,NA,multi_family,2016,burbank
neighborhoods_95,NA,2,NA,NA,NA,multi_family,2016,burbank
neighborhoods_95,NA,3,NA,NA,NA,multi_family,2016,burbank
neighborhoods_95,NA,4,NA,NA,NA,multi_family,2016,burbank
neighborhoods_95,NA,5,NA,NA,NA,multi_family,2016,burbank
neighborhoods_95,NA,6,NA,NA,NA,multi_family,2016,burbank
neighborhoods_95,NA,7,NA,NA,NA,multi_family,2016,burbank
neighborhoods_95,NA,1,NA,NA,NA,nonres,2016,burbank
neighborhoods_95,NA,2,NA,NA,NA,nonres,2016,burbank
neighborhoods_95,NA,3,NA,NA,NA,nonres,2016,burbank
neighborhoods_95,NA,4,NA,NA,NA,nonres,2016,burbank
neighborhoods_95,NA,5,NA,NA,NA,nonres,2016,burbank
neighborhoods_95,NA,6,NA,NA,NA,nonres,2016,burbank
neighborhoods_95,NA,7,NA,NA,NA,nonres,2016,burbank
neighborhoods_96,NA,1,NA,NA,NA,multi_family,2016,calabasas
neighborhoods_96,16282,2,masked,masked,masked,multi_family,2016,calabasas
neighborhoods_96,NA,3,NA,NA,NA,multi_family,2016,calabasas
neighborhoods_96,NA,4,NA,NA,NA,multi_family,2016,calabasas
neighborhoods_96,34366,5,masked,masked,masked,multi_family,2016,calabasas
neighborhoods_96,NA,6,NA,NA,NA,multi_family,2016,calabasas
neighborhoods_96,53961,7,masked,masked,masked,multi_family,2016,calabasas
neighborhoods_96,0,1,1912095.5000,248822.5000,NA,nonres,2016,calabasas
neighborhoods_96,274830,2,masked,masked,masked,nonres,2016,calabasas
neighborhoods_96,331666,3,4349585.0000,151075.0000,9.9752,nonres,2016,calabasas
neighborhoods_96,172753,4,masked,masked,masked,nonres,2016,calabasas
neighborhoods_96,282350,5,masked,masked,masked,nonres,2016,calabasas
neighborhoods_96,403721,6,masked,masked,masked,nonres,2016,calabasas
neighborhoods_96,326882,7,masked,masked,masked,nonres,2016,calabasas
neighborhoods_97,NA,1,NA,NA,NA,multi_family,2016,canoga park
neighborhoods_97,1144212,2,6996437.5000,26319.5000,5.6754,multi_family,2016,canoga park
neighborhoods_97,1483117,3,13273440.6000,91176.3000,5.8311,multi_family,2016,canoga park
neighborhoods_97,1689328,4,10259169.0000,146858.8500,5.9229,multi_family,2016,canoga park
neighborhoods_97,1025577,5,6135657.0000,191528.3000,6.0245,multi_family,2016,canoga park
neighborhoods_97,621612,6,3833220.9000,260096.2000,5.5759,multi_family,2016,canoga park
neighborhoods_97,337268,7,2063258.0000,343133.1500,6.1604,multi_family,2016,canoga park
neighborhoods_97,0,1,281774.1000,140887.0500,NA,nonres,2016,canoga park
neighborhoods_97,1530782,2,27166278.4000,29719.7000,8.1432,nonres,2016,canoga park
neighborhoods_97,782152,3,9041399.2000,111578.7000,8.8159,nonres,2016,canoga park
neighborhoods_97,560609,4,masked,masked,masked,nonres,2016,canoga park
neighborhoods_97,401322,5,4072109.8000,356430.6500,10.2522,nonres,2016,canoga park
neighborhoods_97,303832,6,masked,masked,masked,nonres,2016,canoga park
neighborhoods_97,215155,7,masked,masked,masked,nonres,2016,canoga park
neighborhoods_98,0,1,masked,masked,masked,multi_family,2016,carson
neighborhoods_98,1353251,2,5571232.0000,8302.0000,3.9941,multi_family,2016,carson
neighborhoods_98,122124,3,746280.0000,67190.0000,4.9172,multi_family,2016,carson
neighborhoods_98,171849,4,713121.0000,107030.0000,3.9512,multi_family,2016,carson
neighborhoods_98,60704,5,masked,masked,masked,multi_family,2016,carson
neighborhoods_98,136502,6,660524.0000,206368.0000,4.4268,multi_family,2016,carson
neighborhoods_98,169299,7,526343.0000,242290.0000,4.4799,multi_family,2016,carson
neighborhoods_98,0,1,masked,masked,masked,nonres,2016,carson
neighborhoods_98,1138537,2,masked,masked,masked,nonres,2016,carson
neighborhoods_98,723927,3,8500284.0000,122340.5000,8.0984,nonres,2016,carson
neighborhoods_98,893246,4,masked,masked,masked,nonres,2016,carson
neighborhoods_98,419677,5,masked,masked,masked,nonres,2016,carson
neighborhoods_98,182052,6,masked,masked,masked,nonres,2016,carson
neighborhoods_98,212905,7,masked,masked,masked,nonres,2016,carson
neighborhoods_99,NA,1,NA,NA,NA,multi_family,2016,carthay
neighborhoods_99,1721759,2,5388035.0000,11120.5000,2.9280,multi_family,2016,carthay
neighborhoods_99,154806,3,366591.4000,39109.8000,2.5107,multi_family,2016,carthay
neighborhoods_99,NA,4,NA,NA,NA,multi_family,2016,carthay
neighborhoods_99,NA,5,NA,NA,NA,multi_family,2016,carthay
neighborhoods_99,NA,6,NA,NA,NA,multi_family,2016,carthay
neighborhoods_99,NA,7,NA,NA,NA,multi_family,2016,carthay
neighborhoods_99,NA,1,NA,NA,NA,nonres,2016,carthay
neighborhoods_99,147653,2,1935031.2000,31414.7000,8.1413,nonres,2016,carthay
neighborhoods_99,126753,3,masked,masked,masked,nonres,2016,carthay
neighborhoods_99,76365,4,masked,masked,masked,nonres,2016,carthay
neighborhoods_99,129977,5,masked,masked,masked,nonres,2016,carthay
neighborhoods_99,NA,6,NA,NA,NA,nonres,2016,carthay
neighborhoods_99,53736,7,masked,masked,masked,nonres,2016,carthay
