geo_id,sqft,usage,usage_med,usage_med_sqft,usetype,year,name,solar_potential,pop,usage_percap
cities_1,1253,masked,masked,masked,agriculture,2016,agoura hills,NA,NA,masked
cities_1,4802115,65825608.0000,121901,9.7676,commercial,2016,agoura hills,NA,NA,NA
cities_1,8906397,43707916.6000,9136,3.9839,condo,2016,agoura hills,NA,NA,NA
cities_1,734698,masked,masked,masked,industrial,2016,agoura hills,NA,NA,masked
cities_1,100192,masked,masked,masked,institutional,2016,agoura hills,NA,NA,masked
cities_1,742420,2010646.5000,70823,3.2102,multi_family,2016,agoura hills,NA,NA,NA
cities_1,4199,masked,masked,masked,other,2016,agoura hills,NA,NA,masked
cities_1,46700,masked,masked,masked,residential_other,2016,agoura hills,NA,NA,masked
cities_1,0,masked,masked,masked,residential_uncat,2016,agoura hills,NA,NA,masked
cities_1,14557697,70081933.1000,9369,4.0788,res_total,2016,agoura hills,NA,20236,3463.2305
cities_1,4862180,22023992.5000,9761.5,4.2576,single_family,2016,agoura hills,NA,NA,NA
cities_1,0,521491.0000,NA,NA,uncat,2016,agoura hills,NA,NA,NA
cities_10,90,masked,masked,masked,agriculture,2016,carson,NA,NA,masked
cities_10,10104483,125222787.0000,92528,11.2118,commercial,2016,carson,NA,NA,NA
cities_10,1321314,17307344.0000,6596,3.2035,condo,2016,carson,NA,NA,NA
cities_10,45483634,729301093.8000,101301,3.7578,industrial,2016,carson,NA,NA,NA
cities_10,528471,masked,masked,masked,institutional,2016,carson,NA,NA,masked
cities_10,2601870,10681457.0000,8763.5,4.0139,multi_family,2016,carson,NA,NA,NA
cities_10,250146,masked,masked,masked,other,2016,carson,NA,NA,masked
cities_10,479648,8598051.0000,45244,12.4779,residential_other,2016,carson,NA,NA,NA
cities_10,0,3281712.0000,NA,NA,residential_uncat,2016,carson,NA,NA,NA
cities_10,30551091,142818189.6000,5644,3.7428,res_total,2016,carson,NA,91578,1559.5251
cities_10,26148259,102949625.6000,5542.5,3.7462,single_family,2016,carson,NA,NA,NA
cities_10,0,masked,masked,masked,uncat,2016,carson,NA,NA,masked
cities_100,12790,masked,masked,masked,agriculture,2016,camarillo,NA,NA,masked
cities_100,3607005,101109206.0000,92712,15.5566,commercial,2016,camarillo,NA,NA,NA
cities_100,7041285,31072697.0000,5449.5,4.0624,condo,2016,camarillo,NA,NA,NA
cities_100,9015456,121027924.0000,52237,4.9007,industrial,2016,camarillo,NA,NA,NA
cities_100,198264,27756200.0000,54147,32.2843,institutional,2016,camarillo,NA,NA,NA
cities_100,2697315,10424378.0000,8848.5,4.0647,multi_family,2016,camarillo,NA,NA,NA
cities_100,357554,masked,masked,masked,other,2016,camarillo,NA,NA,masked
cities_100,154979,4885336.0000,4555,2.7205,residential_other,2016,camarillo,NA,NA,NA
cities_100,0,4932137.3333,NA,NA,residential_uncat,2016,camarillo,NA,NA,NA
cities_100,39994451,152487457.5833,5985,3.3739,res_total,2016,camarillo,NA,65985,2310.9412
cities_100,30100872,101172909.2500,6150,3.2041,single_family,2016,camarillo,NA,NA,NA
cities_100,0,2281847.0000,NA,NA,uncat,2016,camarillo,NA,NA,NA
cities_101,3541,masked,masked,masked,agriculture,2016,fillmore,NA,NA,masked
cities_101,482740,masked,masked,masked,commercial,2016,fillmore,NA,NA,masked
cities_101,233159,1111459.0000,5324,4.2741,condo,2016,fillmore,NA,NA,NA
cities_101,235373,masked,masked,masked,industrial,2016,fillmore,NA,NA,masked
cities_101,16024,masked,masked,masked,institutional,2016,fillmore,NA,NA,masked
cities_101,694644,2834267.0000,8111,4.1491,multi_family,2016,fillmore,NA,NA,NA
cities_101,47370,masked,masked,masked,other,2016,fillmore,NA,NA,masked
cities_101,46235,2683067.0000,7223.5,4.1899,residential_other,2016,fillmore,NA,NA,NA
cities_101,0,815363.0000,NA,NA,residential_uncat,2016,fillmore,NA,NA,NA
cities_101,5441259,26281606.0000,6218,4.1241,res_total,2016,fillmore,NA,15203,1728.7118
cities_101,4467221,18837450.0000,6170,4.0982,single_family,2016,fillmore,NA,NA,NA
cities_101,0,masked,masked,masked,uncat,2016,fillmore,NA,NA,masked
cities_102,0,masked,masked,masked,agriculture,2016,moorpark,NA,NA,masked
cities_102,1422838,33270932.0000,92260,11.1069,commercial,2016,moorpark,NA,NA,NA
cities_102,1702345,7755670.5000,5209.5,3.8314,condo,2016,moorpark,NA,NA,NA
cities_102,2967672,masked,masked,masked,industrial,2016,moorpark,NA,NA,masked
cities_102,135327,masked,masked,masked,institutional,2016,moorpark,NA,NA,masked
cities_102,469043,2736859.0000,5460,2.9417,multi_family,2016,moorpark,NA,NA,NA
cities_102,41651,masked,masked,masked,other,2016,moorpark,NA,NA,masked
cities_102,200272,1196353.0000,5348,4.3777,residential_other,2016,moorpark,NA,NA,NA
cities_102,0,3795361.0000,NA,NA,residential_uncat,2016,moorpark,NA,NA,NA
cities_102,20760410,79101065.5000,6816,3.4795,res_total,2016,moorpark,NA,35033,2257.9016
cities_102,18388750,63616822.0000,7123,3.4176,single_family,2016,moorpark,NA,NA,NA
cities_102,0,masked,masked,masked,uncat,2016,moorpark,NA,NA,masked
cities_103,5215,masked,masked,masked,agriculture,2016,ojai,NA,NA,masked
cities_103,645637,16020323.0000,22717,7.9742,commercial,2016,ojai,NA,NA,NA
cities_103,208769,816347.5000,4726,3.1562,condo,2016,ojai,NA,NA,NA
cities_103,228418,masked,masked,masked,industrial,2016,ojai,NA,NA,masked
cities_103,59519,2422109.0000,27567.5,35.4625,institutional,2016,ojai,NA,NA,NA
cities_103,450580,1888664.0000,8638,3.7559,multi_family,2016,ojai,NA,NA,NA
cities_103,17254,253439.0000,7215,NA,other,2016,ojai,NA,NA,NA
cities_103,51173,masked,masked,masked,residential_other,2016,ojai,NA,NA,masked
cities_103,0,masked,masked,masked,residential_uncat,2016,ojai,NA,NA,masked
cities_103,4291261,19522502.0000,6061,3.7774,res_total,2016,ojai,NA,7558,2583.0249
cities_103,3580739,14852930.5000,6019,3.8360,single_family,2016,ojai,NA,NA,NA
cities_103,0,masked,masked,masked,uncat,2016,ojai,NA,NA,masked
cities_104,32674,masked,masked,masked,agriculture,2016,santa paula,NA,NA,masked
cities_104,928783,21920705.0000,15272.5,6.0034,commercial,2016,santa paula,NA,NA,NA
cities_104,564167,2778479.0000,4698,4.4466,condo,2016,santa paula,NA,NA,NA
cities_104,1209892,24007666.0000,13174,2.8500,industrial,2016,santa paula,NA,NA,NA
cities_104,104233,3853824.0000,8852.5,6.5238,institutional,2016,santa paula,NA,NA,NA
cities_104,2108768,7332401.0000,6312,3.1836,multi_family,2016,santa paula,NA,NA,NA
cities_104,103831,381407.0000,3151,3.1022,other,2016,santa paula,NA,NA,NA
cities_104,212201,2760586.0000,3980,2.8274,residential_other,2016,santa paula,NA,NA,NA
cities_104,0,3856801.5000,NA,NA,residential_uncat,2016,santa paula,NA,NA,NA
cities_104,9079223,39883083.5000,5027,3.5698,res_total,2016,santa paula,NA,29990,1329.8794
cities_104,6194087,23154816.0000,4983.5,3.5695,single_family,2016,santa paula,NA,NA,NA
cities_104,0,masked,masked,masked,uncat,2016,santa paula,NA,NA,masked
cities_105,12574,masked,masked,masked,agriculture,2016,simi valley,NA,NA,masked
cities_105,4549728,158779099.0000,101659,15.5227,commercial,2016,simi valley,NA,NA,NA
cities_105,5352497,27666305.0000,5936.5,4.4933,condo,2016,simi valley,NA,NA,NA
cities_105,7021007,85146421.0000,91631,4.8920,industrial,2016,simi valley,NA,NA,NA
cities_105,422614,22956564.0000,74142.5,38.1907,institutional,2016,simi valley,NA,NA,NA
cities_105,3994174,22978930.5000,19557,5.0547,multi_family,2016,simi valley,NA,NA,NA
cities_105,95488,masked,masked,masked,other,2016,simi valley,NA,NA,masked
cities_105,176580,masked,masked,masked,residential_other,2016,simi valley,NA,NA,masked
cities_105,0,masked,masked,masked,residential_uncat,2016,simi valley,NA,NA,masked
cities_105,68974626,324787061.1667,7672,4.2754,res_total,2016,simi valley,NA,115258,2817.9134
cities_105,59451375,258580203.6667,7898,4.2436,single_family,2016,simi valley,NA,NA,NA
cities_105,0,5270116.0000,NA,NA,uncat,2016,simi valley,NA,NA,NA
cities_106,NA,NA,NA,NA,agriculture,2016,thousand oaks,NA,NA,NA
cities_106,8115057,253726147.5000,95552,15.7598,commercial,2016,thousand oaks,NA,NA,NA
cities_106,12064505,50503632.5000,5528,3.7518,condo,2016,thousand oaks,NA,NA,NA
cities_106,5949073,masked,masked,masked,industrial,2016,thousand oaks,NA,NA,masked
cities_106,490657,masked,masked,masked,institutional,2016,thousand oaks,NA,NA,masked
cities_106,5368343,32704285.8333,16860,4.9421,multi_family,2016,thousand oaks,NA,NA,NA
cities_106,82552,20260035.0000,7773.5,NA,other,2016,thousand oaks,NA,NA,NA
cities_106,154290,13400649.0000,9734,5.8835,residential_other,2016,thousand oaks,NA,NA,NA
cities_106,0,4564714.3333,NA,NA,residential_uncat,2016,thousand oaks,NA,NA,NA
cities_106,86373906,368184276.6667,7226,3.6798,res_total,2016,thousand oaks,NA,129588,2841.1911
cities_106,68786768,267010995.0000,7730,3.6571,single_family,2016,thousand oaks,NA,NA,NA
cities_106,0,masked,masked,masked,uncat,2016,thousand oaks,NA,NA,masked
cities_107,NA,NA,NA,NA,agriculture,2016,port hueneme,NA,NA,NA
cities_107,575432,15695724.0000,47035,4.9415,commercial,2016,port hueneme,NA,NA,NA
cities_107,3564742,16394634.5000,4550,3.8587,condo,2016,port hueneme,NA,NA,NA
cities_107,163847,masked,masked,masked,industrial,2016,port hueneme,NA,NA,masked
cities_107,61299,masked,masked,masked,institutional,2016,port hueneme,NA,NA,masked
cities_107,832030,2483542.5000,5456,2.5836,multi_family,2016,port hueneme,NA,NA,NA
cities_107,39035,masked,masked,masked,other,2016,port hueneme,NA,NA,masked
cities_107,8616,masked,masked,masked,residential_other,2016,port hueneme,NA,NA,masked
cities_107,0,masked,masked,masked,residential_uncat,2016,port hueneme,NA,NA,masked
cities_107,7722026,32210511.5000,4589,3.5227,res_total,2016,port hueneme,NA,21684,1485.4506
cities_107,3316638,11402336.5000,4596,3.3009,single_family,2016,port hueneme,NA,NA,NA
cities_107,0,masked,masked,masked,uncat,2016,port hueneme,NA,NA,masked
cities_108,4501,masked,masked,masked,agriculture,2016,oxnard,NA,NA,masked
cities_108,6642182,192869078.5000,48003.5,13.2935,commercial,2016,oxnard,NA,NA,NA
cities_108,9791824,33894386.5000,4332,2.9333,condo,2016,oxnard,NA,NA,NA
cities_108,13553038,296935752.0000,42188,3.6997,industrial,2016,oxnard,NA,NA,NA
cities_108,828717,masked,masked,masked,institutional,2016,oxnard,NA,NA,masked
cities_108,10764456,47160530.5000,10216.5,3.6394,multi_family,2016,oxnard,NA,NA,NA
cities_108,339905,33378499.0000,5667,NA,other,2016,oxnard,NA,NA,NA
cities_108,403195,7759950.0000,3823,2.2684,residential_other,2016,oxnard,NA,NA,NA
cities_108,0,7112882.0000,NA,NA,residential_uncat,2016,oxnard,NA,NA,NA
cities_108,68406061,242540119.0000,5006,3.0351,res_total,2016,oxnard,NA,186913,1297.6097
cities_108,47446586,146612370.0000,5038,3.0228,single_family,2016,oxnard,NA,NA,NA
cities_108,0,690042.0000,NA,NA,uncat,2016,oxnard,NA,NA,NA
cities_109,9817,masked,masked,masked,agriculture,2016,san buenaventura,NA,NA,masked
cities_109,7594535,178649376.5000,37978.5,9.8987,commercial,2016,san buenaventura,NA,NA,NA
cities_109,5004096,19326813.5000,4050,3.1922,condo,2016,san buenaventura,NA,NA,NA
cities_109,7969903,67492235.0000,22115,3.3784,industrial,2016,san buenaventura,NA,NA,NA
cities_109,758132,masked,masked,masked,institutional,2016,san buenaventura,NA,NA,masked
cities_109,8441445,36834735.5000,7488.5,3.5104,multi_family,2016,san buenaventura,NA,NA,NA
cities_109,310949,17321798.5000,6219,5.6634,other,2016,san buenaventura,NA,NA,NA
cities_109,601410,11637368.0000,3940,2.9990,residential_other,2016,san buenaventura,NA,NA,NA
cities_109,0,5017662.5000,NA,NA,residential_uncat,2016,san buenaventura,NA,NA,NA
cities_109,51003082,188845801.5000,4849,3.0204,res_total,2016,san buenaventura,NA,108449,1741.3328
cities_109,36956131,116029222.0000,4870,2.9473,single_family,2016,san buenaventura,NA,NA,NA
cities_109,0,masked,masked,masked,uncat,2016,san buenaventura,NA,NA,masked
cities_11,NA,NA,NA,NA,agriculture,2016,cerritos,NA,NA,NA
cities_11,NA,NA,NA,NA,commercial,2016,cerritos,NA,NA,NA
cities_11,NA,NA,NA,NA,condo,2016,cerritos,NA,NA,NA
cities_11,NA,NA,NA,NA,industrial,2016,cerritos,NA,NA,NA
cities_11,NA,NA,NA,NA,institutional,2016,cerritos,NA,NA,NA
cities_11,NA,NA,NA,NA,multi_family,2016,cerritos,NA,NA,NA
cities_11,NA,NA,NA,NA,other,2016,cerritos,NA,NA,NA
cities_11,NA,NA,NA,NA,residential_other,2016,cerritos,NA,NA,NA
cities_11,NA,NA,NA,NA,residential_uncat,2016,cerritos,NA,NA,NA
cities_11,NA,NA,NA,NA,res_total,2016,cerritos,NA,49732,NA
cities_11,NA,NA,NA,NA,single_family,2016,cerritos,NA,NA,NA
cities_11,NA,NA,NA,NA,uncat,2016,cerritos,NA,NA,NA
cities_110,NA,NA,NA,NA,agriculture,2016,adelanto,NA,NA,NA
cities_110,982402,14899840.0000,30449.5,8.4262,commercial,2016,adelanto,NA,NA,NA
cities_110,NA,NA,NA,NA,condo,2016,adelanto,NA,NA,NA
cities_110,1738102,masked,masked,masked,industrial,2016,adelanto,NA,NA,masked
cities_110,50907,masked,masked,masked,institutional,2016,adelanto,NA,NA,masked
cities_110,1185041,6836340.0000,11949,5.6854,multi_family,2016,adelanto,NA,NA,NA
cities_110,13466,masked,masked,masked,other,2016,adelanto,NA,NA,masked
cities_110,333753,masked,masked,masked,residential_other,2016,adelanto,NA,NA,masked
cities_110,0,masked,masked,masked,residential_uncat,2016,adelanto,NA,NA,masked
cities_110,12831639,65453481.5000,7223.5,4.6130,res_total,2016,adelanto,NA,29281,2235.3568
cities_110,11312845,54408834.5000,7206.5,4.5448,single_family,2016,adelanto,NA,NA,NA
cities_110,0,masked,masked,masked,uncat,2016,adelanto,NA,NA,masked
cities_111,11907,masked,masked,masked,agriculture,2016,apple valley,NA,NA,masked
cities_111,3929570,77476892.0000,52640,10.8189,commercial,2016,apple valley,NA,NA,NA
cities_111,4412012,17325023.0000,5793,3.6285,condo,2016,apple valley,NA,NA,NA
cities_111,432516,masked,masked,masked,industrial,2016,apple valley,NA,NA,masked
cities_111,116786,masked,masked,masked,institutional,2016,apple valley,NA,NA,masked
cities_111,3277941,21169997.0000,19188,6.3644,multi_family,2016,apple valley,NA,NA,NA
cities_111,9013,1310341.0000,2511,NA,other,2016,apple valley,NA,NA,NA
cities_111,1565720,13119942.0000,6761,NA,residential_other,2016,apple valley,NA,NA,NA
cities_111,0,1591938.3333,NA,NA,residential_uncat,2016,apple valley,NA,NA,NA
cities_111,43260550,211092326.4167,8028,4.3566,res_total,2016,apple valley,NA,67548,3125.0715
cities_111,34004877,157885426.0833,8219,4.3879,single_family,2016,apple valley,NA,NA,NA
cities_111,0,masked,masked,masked,uncat,2016,apple valley,NA,NA,masked
cities_112,4236,masked,masked,masked,agriculture,2016,barstow,NA,NA,masked
cities_112,3393197,65583424.5000,30356.5,11.0214,commercial,2016,barstow,NA,NA,NA
cities_112,5860,805941.0000,166672,133.9807,condo,2016,barstow,NA,NA,NA
cities_112,386228,masked,masked,masked,industrial,2016,barstow,NA,NA,masked
cities_112,245765,masked,masked,masked,institutional,2016,barstow,NA,NA,masked
cities_112,1854613,12756439.5000,9456,5.9270,multi_family,2016,barstow,NA,NA,NA
cities_112,50321,masked,masked,masked,other,2016,barstow,NA,NA,masked
cities_112,158938,5600588.0000,7302,NA,residential_other,2016,barstow,NA,NA,NA
cities_112,0,928088.6667,NA,NA,residential_uncat,2016,barstow,NA,NA,NA
cities_112,8309975,53763143.6667,6787,5.1873,res_total,2016,barstow,NA,24231,2218.7753
cities_112,6290564,33672086.5000,6635.5,5.0744,single_family,2016,barstow,NA,NA,NA
cities_112,0,masked,masked,masked,uncat,2016,barstow,NA,NA,masked
cities_113,NA,NA,NA,NA,agriculture,2016,big bear lake,NA,NA,NA
cities_113,NA,NA,NA,NA,commercial,2016,big bear lake,NA,NA,NA
cities_113,NA,NA,NA,NA,condo,2016,big bear lake,NA,NA,NA
cities_113,NA,NA,NA,NA,industrial,2016,big bear lake,NA,NA,NA
cities_113,NA,NA,NA,NA,institutional,2016,big bear lake,NA,NA,NA
cities_113,NA,NA,NA,NA,multi_family,2016,big bear lake,NA,NA,NA
cities_113,NA,NA,NA,NA,other,2016,big bear lake,NA,NA,NA
cities_113,NA,NA,NA,NA,residential_other,2016,big bear lake,NA,NA,NA
cities_113,NA,NA,NA,NA,residential_uncat,2016,big bear lake,NA,NA,NA
cities_113,NA,NA,NA,NA,res_total,2016,big bear lake,NA,4909,NA
cities_113,NA,NA,NA,NA,single_family,2016,big bear lake,NA,NA,NA
cities_113,NA,NA,NA,NA,uncat,2016,big bear lake,NA,NA,NA
cities_114,67281,masked,masked,masked,agriculture,2016,chino,NA,NA,masked
cities_114,8533131,124787583.0000,41311,8.2151,commercial,2016,chino,NA,NA,NA
cities_114,5249878,29141752.5000,6335,4.0427,condo,2016,chino,NA,NA,NA
cities_114,21940532,masked,masked,masked,industrial,2016,chino,NA,NA,masked
cities_114,551518,masked,masked,masked,institutional,2016,chino,NA,NA,masked
cities_114,1932383,15812341.5000,10993.5,6.5829,multi_family,2016,chino,NA,NA,NA
cities_114,175894,masked,masked,masked,other,2016,chino,NA,NA,masked
cities_114,446054,6337067.0000,8509,NA,residential_other,2016,chino,NA,NA,NA
cities_114,0,2947619.3000,NA,NA,residential_uncat,2016,chino,NA,NA,NA
cities_114,33613963,173660451.8000,7681,4.4703,res_total,2016,chino,NA,78895,2201.1592
cities_114,25985648,119421671.5000,8046,4.5298,single_family,2016,chino,NA,NA,NA
cities_114,0,885035.0000,NA,NA,uncat,2016,chino,NA,NA,NA
cities_115,25794,masked,masked,masked,agriculture,2016,chino hills,NA,NA,masked
cities_115,2356224,97073057.0000,154165,16.4953,commercial,2016,chino hills,NA,NA,NA
cities_115,1801115,9957646.0000,5958,4.3323,condo,2016,chino hills,NA,NA,NA
cities_115,88346,masked,masked,masked,industrial,2016,chino hills,NA,NA,masked
cities_115,148048,masked,masked,masked,institutional,2016,chino hills,NA,NA,masked
cities_115,1458152,10904849.5000,16446,5.7801,multi_family,2016,chino hills,NA,NA,NA
cities_115,96596,7222699.0000,5483.5,NA,other,2016,chino hills,NA,NA,NA
cities_115,976550,6342094.0000,7107,5.8734,residential_other,2016,chino hills,NA,NA,NA
cities_115,0,776969.0000,NA,NA,residential_uncat,2016,chino hills,NA,NA,NA
cities_115,43498961,182698848.0000,7583.5,3.8697,res_total,2016,chino hills,NA,72078,2534.7380
cities_115,39263144,154717289.5000,7663,3.8370,single_family,2016,chino hills,NA,NA,NA
cities_115,0,567048.0000,NA,NA,uncat,2016,chino hills,NA,NA,NA
cities_116,NA,NA,NA,NA,agriculture,2016,colton,NA,NA,NA
cities_116,NA,NA,NA,NA,commercial,2016,colton,NA,NA,NA
cities_116,NA,NA,NA,NA,condo,2016,colton,NA,NA,NA
cities_116,NA,NA,NA,NA,industrial,2016,colton,NA,NA,NA
cities_116,NA,NA,NA,NA,institutional,2016,colton,NA,NA,NA
cities_116,NA,NA,NA,NA,multi_family,2016,colton,NA,NA,NA
cities_116,NA,NA,NA,NA,other,2016,colton,NA,NA,NA
cities_116,NA,NA,NA,NA,residential_other,2016,colton,NA,NA,NA
cities_116,NA,NA,NA,NA,residential_uncat,2016,colton,NA,NA,NA
cities_116,NA,NA,NA,NA,res_total,2016,colton,NA,52380,NA
cities_116,NA,NA,NA,NA,single_family,2016,colton,NA,NA,NA
cities_116,NA,NA,NA,NA,uncat,2016,colton,NA,NA,NA
cities_117,6356,masked,masked,masked,agriculture,2016,fontana,NA,NA,masked
cities_117,12750182,271250454.0000,57463.5,12.6654,commercial,2016,fontana,NA,NA,NA
cities_117,882404,10671305.5000,7027,5.6846,condo,2016,fontana,NA,NA,NA
cities_117,15479519,213732636.0000,75687,7.4104,industrial,2016,fontana,NA,NA,NA
cities_117,483513,masked,masked,masked,institutional,2016,fontana,NA,NA,masked
cities_117,5633590,44301485.0000,12667,6.4458,multi_family,2016,fontana,NA,NA,NA
cities_117,169231,masked,masked,masked,other,2016,fontana,NA,NA,masked
cities_117,1647112,15648999.0000,5012.5,NA,residential_other,2016,fontana,NA,NA,NA
cities_117,0,3218749.0000,NA,NA,residential_uncat,2016,fontana,NA,NA,NA
cities_117,79076171,399272498.1667,7779,4.5341,res_total,2016,fontana,NA,199630,2000.0626
cities_117,70913065,325431959.6667,7750,4.4724,single_family,2016,fontana,NA,NA,NA
cities_117,0,masked,masked,masked,uncat,2016,fontana,NA,NA,masked
cities_118,NA,NA,NA,NA,agriculture,2016,grand terrace,NA,NA,NA
cities_118,376357,masked,masked,masked,commercial,2016,grand terrace,NA,NA,masked
cities_118,187076,2157917.0000,7372,4.3322,condo,2016,grand terrace,NA,NA,NA
cities_118,133259,masked,masked,masked,industrial,2016,grand terrace,NA,NA,masked
cities_118,124338,masked,masked,masked,institutional,2016,grand terrace,NA,NA,masked
cities_118,887588,4616679.5000,14988,5.4340,multi_family,2016,grand terrace,NA,NA,NA
cities_118,56585,masked,masked,masked,other,2016,grand terrace,NA,NA,masked
cities_118,190066,masked,masked,masked,residential_other,2016,grand terrace,NA,NA,masked
cities_118,0,masked,masked,masked,residential_uncat,2016,grand terrace,NA,NA,masked
cities_118,5973257,34149392.5000,8317,4.9687,res_total,2016,grand terrace,NA,11832,2886.1894
cities_118,4708527,24745119.0000,8283,4.9660,single_family,2016,grand terrace,NA,NA,NA
cities_118,0,masked,masked,masked,uncat,2016,grand terrace,NA,NA,masked
cities_119,28626,masked,masked,masked,agriculture,2016,hesperia,NA,NA,masked
cities_119,5353118,85902131.0000,40918,8.2694,commercial,2016,hesperia,NA,NA,NA
cities_119,203861,965691.0000,7093,4.4854,condo,2016,hesperia,NA,NA,NA
cities_119,1859458,38699457.0000,33649.5,5.3643,industrial,2016,hesperia,NA,NA,NA
cities_119,584477,15687721.0000,35577,12.1054,institutional,2016,hesperia,NA,NA,NA
cities_119,2971851,17853116.0000,12179,5.8188,multi_family,2016,hesperia,NA,NA,NA
cities_119,1028644,3604107.0000,7722,NA,other,2016,hesperia,NA,NA,NA
cities_119,5297244,12924159.7500,5833,5.6274,residential_other,2016,hesperia,NA,NA,NA
cities_119,0,2031614.0000,NA,NA,residential_uncat,2016,hesperia,NA,NA,NA
cities_119,48275856,218473744.7500,7413,4.4077,res_total,2016,hesperia,NA,89517,2440.5839
cities_119,39802900,184699164.0000,7392,4.3616,single_family,2016,hesperia,NA,NA,NA
cities_119,0,masked,masked,masked,uncat,2016,hesperia,NA,NA,masked
cities_12,NA,NA,NA,NA,agriculture,2016,claremont,NA,NA,NA
cities_12,3461145,masked,masked,masked,commercial,2016,claremont,NA,NA,masked
cities_12,1266265,7511757.0000,6174,4.0416,condo,2016,claremont,NA,NA,NA
cities_12,808340,11225160.0000,240679,7.2481,industrial,2016,claremont,NA,NA,NA
cities_12,1368297,masked,masked,masked,institutional,2016,claremont,NA,NA,masked
cities_12,2125045,7287848.0000,7369,2.6769,multi_family,2016,claremont,NA,NA,NA
cities_12,8327,masked,masked,masked,other,2016,claremont,NA,NA,masked
cities_12,340077,9398668.5000,8655,4.1332,residential_other,2016,claremont,NA,NA,NA
cities_12,0,5555191.5000,NA,NA,residential_uncat,2016,claremont,NA,NA,NA
cities_12,20146073,97976791.0000,7707,3.9996,res_total,2016,claremont,NA,35484,2761.1541
cities_12,16414686,68223326.0000,7927,4.0312,single_family,2016,claremont,NA,NA,NA
cities_12,0,masked,masked,masked,uncat,2016,claremont,NA,NA,masked
cities_120,2119,masked,masked,masked,agriculture,2016,highland,NA,NA,masked
cities_120,1313793,33830206.0000,23110,13.3400,commercial,2016,highland,NA,NA,NA
cities_120,6241492,25585025.0000,8199,3.9569,condo,2016,highland,NA,NA,NA
cities_120,215457,masked,masked,masked,industrial,2016,highland,NA,NA,masked
cities_120,224497,masked,masked,masked,institutional,2016,highland,NA,NA,masked
cities_120,1722044,11969719.5000,10613,7.5346,multi_family,2016,highland,NA,NA,NA
cities_120,149542,11688217.5000,7888,NA,other,2016,highland,NA,NA,NA
cities_120,901088,4324198.0000,9486,13.0638,residential_other,2016,highland,NA,NA,NA
cities_120,0,1636711.5000,NA,NA,residential_uncat,2016,highland,NA,NA,NA
cities_120,23185101,117377406.0000,7879,4.8476,res_total,2016,highland,NA,54032,2172.3683
cities_120,14320477,73861752.0000,7701,5.0564,single_family,2016,highland,NA,NA,NA
cities_120,0,1528029.0000,NA,NA,uncat,2016,highland,NA,NA,NA
cities_121,5956,masked,masked,masked,agriculture,2016,loma linda,NA,NA,masked
cities_121,1044651,31472373.0000,107777.5,20.1085,commercial,2016,loma linda,NA,NA,NA
cities_121,2201064,11013573.0000,6468,3.7953,condo,2016,loma linda,NA,NA,NA
cities_121,526346,masked,masked,masked,industrial,2016,loma linda,NA,NA,masked
cities_121,322692,masked,masked,masked,institutional,2016,loma linda,NA,NA,masked
cities_121,2443170,15444617.5000,12921,6.2872,multi_family,2016,loma linda,NA,NA,NA
cities_121,7699,masked,masked,masked,other,2016,loma linda,NA,NA,masked
cities_121,360560,masked,masked,masked,residential_other,2016,loma linda,NA,NA,masked
cities_121,0,masked,masked,masked,residential_uncat,2016,loma linda,NA,NA,masked
cities_121,10910647,59165938.0000,7582,4.2129,res_total,2016,loma linda,NA,23648,2501.9426
cities_121,5905853,25776327.5000,7676,4.2206,single_family,2016,loma linda,NA,NA,NA
cities_121,0,masked,masked,masked,uncat,2016,loma linda,NA,NA,masked
cities_122,2752,masked,masked,masked,agriculture,2016,montclair,NA,NA,masked
cities_122,4535142,69735960.5000,55047.5,7.7878,commercial,2016,montclair,NA,NA,NA
cities_122,932843,5476579.0000,5788,4.1301,condo,2016,montclair,NA,NA,NA
cities_122,1831097,20440648.0000,31847,4.1393,industrial,2016,montclair,NA,NA,NA
cities_122,304272,masked,masked,masked,institutional,2016,montclair,NA,NA,masked
cities_122,2127946,12469685.0000,14335,4.7800,multi_family,2016,montclair,NA,NA,NA
cities_122,19145,masked,masked,masked,other,2016,montclair,NA,NA,masked
cities_122,1391598,6599517.0000,170432,60.3663,residential_other,2016,montclair,NA,NA,NA
cities_122,0,1611271.0000,NA,NA,residential_uncat,2016,montclair,NA,NA,NA
cities_122,12449222,66911373.5000,7056.5,4.7686,res_total,2016,montclair,NA,38768,1725.9434
cities_122,7996835,40754321.5000,6979,4.8498,single_family,2016,montclair,NA,NA,NA
cities_122,0,325707.0000,NA,NA,uncat,2016,montclair,NA,NA,NA
cities_123,NA,NA,NA,NA,agriculture,2016,needles,NA,NA,NA
cities_123,NA,NA,NA,NA,commercial,2016,needles,NA,NA,NA
cities_123,NA,NA,NA,NA,condo,2016,needles,NA,NA,NA
cities_123,NA,NA,NA,NA,industrial,2016,needles,NA,NA,NA
cities_123,NA,NA,NA,NA,institutional,2016,needles,NA,NA,NA
cities_123,NA,NA,NA,NA,multi_family,2016,needles,NA,NA,NA
cities_123,NA,NA,NA,NA,other,2016,needles,NA,NA,NA
cities_123,NA,NA,NA,NA,residential_other,2016,needles,NA,NA,NA
cities_123,NA,NA,NA,NA,residential_uncat,2016,needles,NA,NA,NA
cities_123,NA,NA,NA,NA,res_total,2016,needles,NA,4923,NA
cities_123,NA,NA,NA,NA,single_family,2016,needles,NA,NA,NA
cities_123,NA,NA,NA,NA,uncat,2016,needles,NA,NA,NA
cities_124,305835,15438297.0000,16476,NA,agriculture,2016,ontario,NA,NA,NA
cities_124,37599692,503664148.0000,65241,8.7522,commercial,2016,ontario,NA,NA,NA
cities_124,6278132,48265989.0000,7120,5.4186,condo,2016,ontario,NA,NA,NA
cities_124,55216613,724066830.5000,67677,4.2096,industrial,2016,ontario,NA,NA,NA
cities_124,810035,37220473.0000,28345,10.3091,institutional,2016,ontario,NA,NA,NA
cities_124,10186434,60885296.0000,13253,6.0660,multi_family,2016,ontario,NA,NA,NA
cities_124,708812,masked,masked,masked,other,2016,ontario,NA,NA,masked
cities_124,2123494,18827943.5000,4844,NA,residential_other,2016,ontario,NA,NA,NA
cities_124,0,4153374.0000,NA,NA,residential_uncat,2016,ontario,NA,NA,NA
cities_124,53028121,315481105.0000,7496,5.2423,res_total,2016,ontario,NA,171471,1839.8511
cities_124,34440061,183348502.5000,7394,5.1308,single_family,2016,ontario,NA,NA,NA
cities_124,0,masked,masked,masked,uncat,2016,ontario,NA,NA,masked
cities_125,18085,masked,masked,masked,agriculture,2016,rancho cucamonga,NA,NA,masked
cities_125,15539817,255338091.5000,81585,10.2338,commercial,2016,rancho cucamonga,NA,NA,NA
cities_125,4557605,42149498.5000,6466,4.9125,condo,2016,rancho cucamonga,NA,NA,NA
cities_125,21029788,masked,masked,masked,industrial,2016,rancho cucamonga,NA,NA,masked
cities_125,475209,masked,masked,masked,institutional,2016,rancho cucamonga,NA,NA,masked
cities_125,5695340,48654038.0000,15010,5.7583,multi_family,2016,rancho cucamonga,NA,NA,NA
cities_125,435471,39319487.0000,13170,NA,other,2016,rancho cucamonga,NA,NA,NA
cities_125,2021253,28072802.5000,8746,NA,residential_other,2016,rancho cucamonga,NA,NA,NA
cities_125,0,5765691.5000,NA,NA,residential_uncat,2016,rancho cucamonga,NA,NA,NA
cities_125,84463091,445045526.0000,8368,4.4377,res_total,2016,rancho cucamonga,NA,168291,2644.4999
cities_125,72188893,320403495.5000,8492,4.3876,single_family,2016,rancho cucamonga,NA,NA,NA
cities_125,0,2051764.0000,NA,NA,uncat,2016,rancho cucamonga,NA,NA,NA
cities_126,27077,masked,masked,masked,agriculture,2016,redlands,NA,NA,masked
cities_126,6154573,144139467.5000,41335,9.5294,commercial,2016,redlands,NA,NA,NA
cities_126,3733353,18709593.0000,7333,3.8553,condo,2016,redlands,NA,NA,NA
cities_126,6895031,57215933.0000,58542,4.8907,industrial,2016,redlands,NA,NA,NA
cities_126,444936,masked,masked,masked,institutional,2016,redlands,NA,NA,masked
cities_126,5425494,34923627.5000,14037,5.9137,multi_family,2016,redlands,NA,NA,NA
cities_126,361919,masked,masked,masked,other,2016,redlands,NA,NA,masked
cities_126,2110959,11110569.0000,6593,5.1717,residential_other,2016,redlands,NA,NA,NA
cities_126,0,1959208.5000,NA,NA,residential_uncat,2016,redlands,NA,NA,NA
cities_126,38439232,203212222.1667,8322,4.7980,res_total,2016,redlands,NA,73323,2771.4663
cities_126,27169426,136509224.1667,8345,4.8839,single_family,2016,redlands,NA,NA,NA
cities_126,0,381793.0000,NA,NA,uncat,2016,redlands,NA,NA,NA
cities_127,9200,masked,masked,masked,agriculture,2016,rialto,NA,NA,masked
cities_127,4456040,masked,masked,masked,commercial,2016,rialto,NA,NA,masked
cities_127,829075,5786628.0000,6518.5,4.6862,condo,2016,rialto,NA,NA,NA
cities_127,8047840,107933023.0000,48508,5.0326,industrial,2016,rialto,NA,NA,NA
cities_127,429647,19605625.0000,32203,10.0106,institutional,2016,rialto,NA,NA,NA
cities_127,3909943,25461466.5000,16979,5.4779,multi_family,2016,rialto,NA,NA,NA
cities_127,29441,masked,masked,masked,other,2016,rialto,NA,NA,masked
cities_127,1303763,14621501.0000,15294.5,681.7221,residential_other,2016,rialto,NA,NA,NA
cities_127,0,2117238.0000,NA,NA,residential_uncat,2016,rialto,NA,NA,NA
cities_127,34038592,192494761.5000,7529,4.8901,res_total,2016,rialto,NA,105938,1817.0511
cities_127,27995811,144507928.0000,7464,4.8729,single_family,2016,rialto,NA,NA,NA
cities_127,0,429201.0000,NA,NA,uncat,2016,rialto,NA,NA,NA
cities_128,10412,masked,masked,masked,agriculture,2016,san bernardino,NA,NA,masked
cities_128,20248807,469127799.5000,31134,8.0422,commercial,2016,san bernardino,NA,NA,NA
cities_128,2680348,27131664.5000,7106,5.1288,condo,2016,san bernardino,NA,NA,NA
cities_128,12058587,233779943.5000,34218.5,5.0289,industrial,2016,san bernardino,NA,NA,NA
cities_128,1599727,101939427.0000,25138,6.3967,institutional,2016,san bernardino,NA,NA,NA
cities_128,12049350,80833094.0000,10925,6.4797,multi_family,2016,san bernardino,NA,NA,NA
cities_128,1270883,masked,masked,masked,other,2016,san bernardino,NA,NA,masked
cities_128,4121559,35159778.5000,7442,7.2717,residential_other,2016,san bernardino,NA,NA,NA
cities_128,0,8789256.5000,NA,NA,residential_uncat,2016,san bernardino,NA,NA,NA
cities_128,66546266,417945209.5000,7308,5.4114,res_total,2016,san bernardino,NA,222867,1875.3122
cities_128,47695009,266031416.0000,7200,5.3544,single_family,2016,san bernardino,NA,NA,NA
cities_128,0,masked,masked,masked,uncat,2016,san bernardino,NA,NA,masked
cities_129,4500,masked,masked,masked,agriculture,2016,twentynine palms,NA,NA,masked
cities_129,1333261,20372349.0000,13212,7.7838,commercial,2016,twentynine palms,NA,NA,NA
cities_129,NA,NA,NA,NA,condo,2016,twentynine palms,NA,NA,NA
cities_129,24734,masked,masked,masked,industrial,2016,twentynine palms,NA,NA,masked
cities_129,67345,masked,masked,masked,institutional,2016,twentynine palms,NA,NA,masked
cities_129,1140994,10926803.5000,7805.5,5.3990,multi_family,2016,twentynine palms,NA,NA,NA
cities_129,36696,masked,masked,masked,other,2016,twentynine palms,NA,NA,masked
cities_129,1574705,3829102.0000,6144,NA,residential_other,2016,twentynine palms,NA,NA,NA
cities_129,0,994504.0000,NA,NA,residential_uncat,2016,twentynine palms,NA,NA,NA
cities_129,8708803,49565189.5000,6918,5.3962,res_total,2016,twentynine palms,NA,25601,1936.0646
cities_129,5993104,33814780.0000,6866,5.2922,single_family,2016,twentynine palms,NA,NA,NA
cities_129,0,masked,masked,masked,uncat,2016,twentynine palms,NA,NA,masked
cities_13,NA,NA,NA,NA,agriculture,2016,commerce,NA,NA,NA
cities_13,6105482,118253725.7000,46407,7.2737,commercial,2016,commerce,NA,NA,NA
cities_13,125024,579720.0000,4869,3.5995,condo,2016,commerce,NA,NA,NA
cities_13,49938037,411075779.1000,72805.5,2.7066,industrial,2016,commerce,NA,NA,NA
cities_13,124987,masked,masked,masked,institutional,2016,commerce,NA,NA,masked
cities_13,1318008,4498757.5000,4852,2.4472,multi_family,2016,commerce,NA,NA,NA
cities_13,291068,masked,masked,masked,other,2016,commerce,NA,NA,masked
cities_13,NA,NA,NA,NA,residential_other,2016,commerce,NA,NA,NA
cities_13,0,2603374.0000,NA,NA,residential_uncat,2016,commerce,NA,NA,NA
cities_13,3217876,16449117.5000,5200,4.1448,res_total,2016,commerce,NA,14064,1169.5903
cities_13,1774844,8767266.0000,5343,4.7369,single_family,2016,commerce,NA,NA,NA
cities_13,0,masked,masked,masked,uncat,2016,commerce,NA,NA,masked
cities_130,7618,masked,masked,masked,agriculture,2016,upland,NA,NA,masked
cities_130,5194964,116377593.0000,39400,11.2669,commercial,2016,upland,NA,NA,NA
cities_130,3910597,18506079.0000,5997.5,3.9076,condo,2016,upland,NA,NA,NA
cities_130,1649361,47889336.0000,15255,5.6426,industrial,2016,upland,NA,NA,NA
cities_130,461680,masked,masked,masked,institutional,2016,upland,NA,NA,masked
cities_130,7041712,39888974.0000,16505,5.7399,multi_family,2016,upland,NA,NA,NA
cities_130,252567,masked,masked,masked,other,2016,upland,NA,NA,masked
cities_130,234634,4884613.0000,8817.5,NA,residential_other,2016,upland,NA,NA,NA
cities_130,0,2977981.0000,NA,NA,residential_uncat,2016,upland,NA,NA,NA
cities_130,39762044,194578601.0000,8116,4.3327,res_total,2016,upland,NA,75418,2580.0021
cities_130,28575101,128320954.0000,8358,4.3410,single_family,2016,upland,NA,NA,NA
cities_130,0,1052807.0000,NA,NA,uncat,2016,upland,NA,NA,NA
cities_131,0,masked,masked,masked,agriculture,2016,victorville,NA,NA,masked
cities_131,9523416,182146961.0000,56251,10.2318,commercial,2016,victorville,NA,NA,NA
cities_131,194561,2154677.0000,8370,7.2093,condo,2016,victorville,NA,NA,NA
cities_131,1138156,masked,masked,masked,industrial,2016,victorville,NA,NA,masked
cities_131,423272,masked,masked,masked,institutional,2016,victorville,NA,NA,masked
cities_131,3932424,28234309.5000,13836,6.3898,multi_family,2016,victorville,NA,NA,NA
cities_131,31506,11744416.0000,31096,NA,other,2016,victorville,NA,NA,NA
cities_131,2064012,16051865.0000,5701.5,8.3346,residential_other,2016,victorville,NA,NA,NA
cities_131,0,2506671.0000,NA,NA,residential_uncat,2016,victorville,NA,NA,NA
cities_131,58653170,279790890.8000,7684,4.2869,res_total,2016,victorville,NA,112468,2487.7378
cities_131,52462173,230843368.3000,7684,4.2351,single_family,2016,victorville,NA,NA,NA
cities_131,0,masked,masked,masked,uncat,2016,victorville,NA,NA,masked
cities_132,3758,masked,masked,masked,agriculture,2016,yucaipa,NA,NA,masked
cities_132,1819901,36351922.0000,18741,8.9377,commercial,2016,yucaipa,NA,NA,NA
cities_132,5498312,21400586.0000,8105.5,3.6663,condo,2016,yucaipa,NA,NA,NA
cities_132,80999,17923260.0000,36210,7.5224,industrial,2016,yucaipa,NA,NA,NA
cities_132,374734,5261258.0000,27863.5,11.4076,institutional,2016,yucaipa,NA,NA,NA
cities_132,1351630,10152196.0000,10552.5,7.0090,multi_family,2016,yucaipa,NA,NA,NA
cities_132,44352,masked,masked,masked,other,2016,yucaipa,NA,NA,masked
cities_132,4981268,20450612.0000,7491,NA,residential_other,2016,yucaipa,NA,NA,NA
cities_132,0,2541033.0000,NA,NA,residential_uncat,2016,yucaipa,NA,NA,NA
cities_132,29395342,138261156.0000,7930.5,4.4872,res_total,2016,yucaipa,NA,51244,2698.0945
cities_132,17564132,83716729.0000,7794,4.6034,single_family,2016,yucaipa,NA,NA,NA
cities_132,0,masked,masked,masked,uncat,2016,yucaipa,NA,NA,masked
cities_133,1190,masked,masked,masked,agriculture,2016,yucca valley,NA,NA,masked
cities_133,2350053,36443836.0000,20120,8.9098,commercial,2016,yucca valley,NA,NA,NA
cities_133,12605,429997.0000,9773,66.5356,condo,2016,yucca valley,NA,NA,NA
cities_133,120461,masked,masked,masked,industrial,2016,yucca valley,NA,NA,masked
cities_133,106144,masked,masked,masked,institutional,2016,yucca valley,NA,NA,masked
cities_133,1056982,5723402.5000,9532.5,5.1505,multi_family,2016,yucca valley,NA,NA,NA
cities_133,36532,masked,masked,masked,other,2016,yucca valley,NA,NA,masked
cities_133,313984,7113449.0000,7170,NA,residential_other,2016,yucca valley,NA,NA,NA
cities_133,0,1354788.0000,NA,NA,residential_uncat,2016,yucca valley,NA,NA,NA
cities_133,12082344,69224140.0000,7353,4.8502,res_total,2016,yucca valley,NA,20165,3432.8857
cities_133,10698773,54602503.5000,7265,4.7597,single_family,2016,yucca valley,NA,NA,NA
cities_133,0,147010.0000,NA,NA,uncat,2016,yucca valley,NA,NA,NA
cities_134,NA,NA,NA,NA,agriculture,2016,banning,NA,NA,NA
cities_134,NA,NA,NA,NA,commercial,2016,banning,NA,NA,NA
cities_134,NA,NA,NA,NA,condo,2016,banning,NA,NA,NA
cities_134,NA,NA,NA,NA,industrial,2016,banning,NA,NA,NA
cities_134,NA,NA,NA,NA,institutional,2016,banning,NA,NA,NA
cities_134,NA,NA,NA,NA,multi_family,2016,banning,NA,NA,NA
cities_134,NA,NA,NA,NA,other,2016,banning,NA,NA,NA
cities_134,NA,NA,NA,NA,residential_other,2016,banning,NA,NA,NA
cities_134,NA,NA,NA,NA,residential_uncat,2016,banning,NA,NA,NA
cities_134,NA,NA,NA,NA,res_total,2016,banning,NA,30281,NA
cities_134,NA,NA,NA,NA,single_family,2016,banning,NA,NA,NA
cities_134,NA,NA,NA,NA,uncat,2016,banning,NA,NA,NA
cities_135,NA,masked,masked,masked,agriculture,2016,beaumont,NA,NA,masked
cities_135,NA,77037991.0000,28634,NA,commercial,2016,beaumont,NA,NA,NA
cities_135,25217,masked,masked,masked,condo,2016,beaumont,NA,NA,masked
cities_135,NA,NA,NA,NA,industrial,2016,beaumont,NA,NA,NA
cities_135,NA,masked,masked,masked,institutional,2016,beaumont,NA,NA,masked
cities_135,243665,3742552.0000,8889,8.0807,multi_family,2016,beaumont,NA,NA,NA
cities_135,NA,1595966.0000,4014.5,NA,other,2016,beaumont,NA,NA,NA
cities_135,81888,2522166.0000,4835,NA,residential_other,2016,beaumont,NA,NA,NA
cities_135,0,masked,masked,masked,residential_uncat,2016,beaumont,NA,NA,masked
cities_135,25749925,103718243.5000,7050,3.5016,res_total,2016,beaumont,NA,39620,2617.8254
cities_135,25399155,90727364.5000,7040,3.4645,single_family,2016,beaumont,NA,NA,NA
cities_135,0,masked,masked,masked,uncat,2016,beaumont,NA,NA,masked
cities_136,NA,257753.0000,15567.5,NA,agriculture,2016,blythe,NA,NA,NA
cities_136,NA,masked,masked,masked,commercial,2016,blythe,NA,NA,masked
cities_136,45422,masked,masked,masked,condo,2016,blythe,NA,NA,masked
cities_136,NA,NA,NA,NA,industrial,2016,blythe,NA,NA,NA
cities_136,NA,masked,masked,masked,institutional,2016,blythe,NA,NA,masked
cities_136,224415,6428434.0000,11575,11.1540,multi_family,2016,blythe,NA,NA,NA
cities_136,NA,masked,masked,masked,other,2016,blythe,NA,NA,masked
cities_136,415372,3695894.0000,2385,1.2651,residential_other,2016,blythe,NA,NA,NA
cities_136,0,masked,masked,masked,residential_uncat,2016,blythe,NA,NA,masked
cities_136,4682951,44164483.0000,10617,7.8502,res_total,2016,blythe,NA,20101,2197.1287
cities_136,3997742,31049180.0000,10820,7.9464,single_family,2016,blythe,NA,NA,NA
cities_136,0,masked,masked,masked,uncat,2016,blythe,NA,NA,masked
cities_137,NA,masked,masked,masked,agriculture,2016,calimesa,NA,NA,masked
cities_137,NA,masked,masked,masked,commercial,2016,calimesa,NA,NA,masked
cities_137,8850,masked,masked,masked,condo,2016,calimesa,NA,NA,masked
cities_137,NA,NA,NA,NA,industrial,2016,calimesa,NA,NA,NA
cities_137,NA,masked,masked,masked,institutional,2016,calimesa,NA,NA,masked
cities_137,92607,1006269.0000,9512,8.5999,multi_family,2016,calimesa,NA,NA,NA
cities_137,NA,masked,masked,masked,other,2016,calimesa,NA,NA,masked
cities_137,229940,6253963.5000,4650.5,3.1857,residential_other,2016,calimesa,NA,NA,NA
cities_137,0,masked,masked,masked,residential_uncat,2016,calimesa,NA,NA,masked
cities_137,3797086,26269227.5000,7638,4.6066,res_total,2016,calimesa,NA,11638,2257.1943
cities_137,3465689,16692434.0000,7712.5,4.6301,single_family,2016,calimesa,NA,NA,NA
cities_137,0,masked,masked,masked,uncat,2016,calimesa,NA,NA,masked
cities_138,NA,NA,NA,NA,agriculture,2016,canyon lake,NA,NA,NA
cities_138,NA,5806186.0000,30816,NA,commercial,2016,canyon lake,NA,NA,NA
cities_138,95354,masked,masked,masked,condo,2016,canyon lake,NA,NA,masked
cities_138,NA,NA,NA,NA,industrial,2016,canyon lake,NA,NA,NA
cities_138,NA,masked,masked,masked,institutional,2016,canyon lake,NA,NA,masked
cities_138,7896,masked,masked,masked,multi_family,2016,canyon lake,NA,NA,masked
cities_138,NA,712488.0000,9823,NA,other,2016,canyon lake,NA,NA,NA
cities_138,109016,masked,masked,masked,residential_other,2016,canyon lake,NA,NA,masked
cities_138,0,masked,masked,masked,residential_uncat,2016,canyon lake,NA,NA,masked
cities_138,9688362,55251296.5000,11959,5.6291,res_total,2016,canyon lake,NA,11900,4642.9661
cities_138,9476096,53014975.5000,12054.5,5.6225,single_family,2016,canyon lake,NA,NA,NA
cities_138,0,masked,masked,masked,uncat,2016,canyon lake,NA,NA,masked
cities_139,NA,NA,NA,NA,agriculture,2016,cathedral city,NA,NA,NA
cities_139,NA,104307435.0000,55592.5,NA,commercial,2016,cathedral city,NA,NA,NA
cities_139,140339,1858270.0000,9959,6.1014,condo,2016,cathedral city,NA,NA,NA
cities_139,NA,NA,NA,NA,industrial,2016,cathedral city,NA,NA,NA
cities_139,NA,masked,masked,masked,institutional,2016,cathedral city,NA,NA,masked
cities_139,1916354,30594402.5000,19400,8.6571,multi_family,2016,cathedral city,NA,NA,NA
cities_139,NA,5768166.5000,100074,NA,other,2016,cathedral city,NA,NA,NA
cities_139,4210166,27430979.0000,2702,1.4586,residential_other,2016,cathedral city,NA,NA,NA
cities_139,0,10475223.0000,NA,NA,residential_uncat,2016,cathedral city,NA,NA,NA
cities_139,24988622,195733645.5000,10776,6.5120,res_total,2016,cathedral city,NA,48897,4002.9786
cities_139,18721763,125374771.0000,11075,6.6694,single_family,2016,cathedral city,NA,NA,NA
cities_139,0,masked,masked,masked,uncat,2016,cathedral city,NA,NA,masked
cities_14,29136,119612.0000,59806,29.1987,agriculture,2016,compton,NA,NA,NA
cities_14,5419890,71855408.0000,12729,5.0160,commercial,2016,compton,NA,NA,NA
cities_14,351383,2449884.0000,5640,3.2635,condo,2016,compton,NA,NA,NA
cities_14,17227019,masked,masked,masked,industrial,2016,compton,NA,NA,masked
cities_14,822373,masked,masked,masked,institutional,2016,compton,NA,NA,masked
cities_14,5906130,21773085.0000,7208,3.5423,multi_family,2016,compton,NA,NA,NA
cities_14,55907,masked,masked,masked,other,2016,compton,NA,NA,masked
cities_14,255749,3718794.0000,66723,7.5584,residential_other,2016,compton,NA,NA,NA
cities_14,0,6876236.6667,NA,NA,residential_uncat,2016,compton,NA,NA,NA
cities_14,24074832,115623240.1667,5268,4.2436,res_total,2016,compton,NA,100520,1150.2511
cities_14,17561570,80805240.5000,5122.5,4.3544,single_family,2016,compton,NA,NA,NA
cities_14,0,masked,masked,masked,uncat,2016,compton,NA,NA,masked
cities_140,NA,NA,NA,NA,agriculture,2016,coachella,NA,NA,NA
cities_140,NA,NA,NA,NA,commercial,2016,coachella,NA,NA,NA
cities_140,NA,NA,NA,NA,condo,2016,coachella,NA,NA,NA
cities_140,NA,NA,NA,NA,industrial,2016,coachella,NA,NA,NA
cities_140,NA,NA,NA,NA,institutional,2016,coachella,NA,NA,NA
cities_140,NA,NA,NA,NA,multi_family,2016,coachella,NA,NA,NA
cities_140,NA,NA,NA,NA,other,2016,coachella,NA,NA,NA
cities_140,NA,NA,NA,NA,residential_other,2016,coachella,NA,NA,NA
cities_140,NA,NA,NA,NA,residential_uncat,2016,coachella,NA,NA,NA
cities_140,NA,NA,NA,NA,res_total,2016,coachella,NA,41985,NA
cities_140,NA,NA,NA,NA,single_family,2016,coachella,NA,NA,NA
cities_140,NA,NA,NA,NA,uncat,2016,coachella,NA,NA,NA
cities_141,NA,masked,masked,masked,agriculture,2016,corona,NA,NA,masked
cities_141,NA,619761525.5000,74929,NA,commercial,2016,corona,NA,NA,NA
cities_141,1375242,8365118.0000,6404,4.8047,condo,2016,corona,NA,NA,NA
cities_141,NA,NA,NA,NA,industrial,2016,corona,NA,NA,NA
cities_141,NA,masked,masked,masked,institutional,2016,corona,NA,NA,masked
cities_141,626788,29716030.0000,13482,11.8306,multi_family,2016,corona,NA,NA,NA
cities_141,NA,masked,masked,masked,other,2016,corona,NA,NA,masked
cities_141,295521,26904327.0000,31631.5,NA,residential_other,2016,corona,NA,NA,NA
cities_141,0,20893222.5000,NA,NA,residential_uncat,2016,corona,NA,NA,NA
cities_141,63004507,340972891.1667,8271,4.2194,res_total,2016,corona,NA,154521,2206.6443
cities_141,60706956,255094193.6667,8273,4.1361,single_family,2016,corona,NA,NA,NA
cities_141,0,masked,masked,masked,uncat,2016,corona,NA,NA,masked
cities_142,NA,masked,masked,masked,agriculture,2016,desert hot springs,NA,NA,masked
cities_142,NA,44479952.0000,34116,NA,commercial,2016,desert hot springs,NA,NA,NA
cities_142,7821,1834177.0000,63821,39.9631,condo,2016,desert hot springs,NA,NA,NA
cities_142,NA,NA,NA,NA,industrial,2016,desert hot springs,NA,NA,NA
cities_142,NA,masked,masked,masked,institutional,2016,desert hot springs,NA,NA,masked
cities_142,1191143,18562371.0000,16242.5,8.7654,multi_family,2016,desert hot springs,NA,NA,NA
cities_142,NA,masked,masked,masked,other,2016,desert hot springs,NA,NA,masked
cities_142,261498,3499170.5000,6167,4.5856,residential_other,2016,desert hot springs,NA,NA,NA
cities_142,0,3104150.0000,NA,NA,residential_uncat,2016,desert hot springs,NA,NA,NA
cities_142,12145157,93512427.5000,9359,6.2541,res_total,2016,desert hot springs,NA,27678,3378.5833
cities_142,10684695,66512559.0000,9092,6.0884,single_family,2016,desert hot springs,NA,NA,NA
cities_142,0,masked,masked,masked,uncat,2016,desert hot springs,NA,NA,masked
cities_143,NA,masked,masked,masked,agriculture,2016,hemet,NA,NA,masked
cities_143,NA,174438548.0000,42359.5,NA,commercial,2016,hemet,NA,NA,NA
cities_143,382731,1992850.0000,5225,4.6892,condo,2016,hemet,NA,NA,NA
cities_143,NA,NA,NA,NA,industrial,2016,hemet,NA,NA,NA
cities_143,NA,7456642.0000,224600,NA,institutional,2016,hemet,NA,NA,NA
cities_143,885052,29347010.5000,13418,9.8388,multi_family,2016,hemet,NA,NA,NA
cities_143,NA,masked,masked,masked,other,2016,hemet,NA,NA,masked
cities_143,2831010,30097920.5833,5341,4.0343,residential_other,2016,hemet,NA,NA,NA
cities_143,0,9052599.3434,NA,NA,residential_uncat,2016,hemet,NA,NA,NA
cities_143,34929059,209198967.4268,6780.5,4.4005,res_total,2016,hemet,NA,74704,2800.3717
cities_143,30830266,138708587.0000,6866,4.3648,single_family,2016,hemet,NA,NA,NA
cities_143,0,639904.0000,NA,NA,uncat,2016,hemet,NA,NA,NA
cities_144,NA,NA,NA,NA,agriculture,2016,indian wells,NA,NA,NA
cities_144,NA,masked,masked,masked,commercial,2016,indian wells,NA,NA,masked
cities_144,2772016,13514780.0000,10176.5,4.1528,condo,2016,indian wells,NA,NA,NA
cities_144,NA,NA,NA,NA,industrial,2016,indian wells,NA,NA,NA
cities_144,NA,masked,masked,masked,institutional,2016,indian wells,NA,NA,masked
cities_144,56379,masked,masked,masked,multi_family,2016,indian wells,NA,NA,masked
cities_144,NA,752125.0000,24263.5,NA,other,2016,indian wells,NA,NA,NA
cities_144,47544,3198988.5000,1988.5,NA,residential_other,2016,indian wells,NA,NA,NA
cities_144,0,masked,masked,masked,residential_uncat,2016,indian wells,NA,NA,masked
cities_144,13118918,85209575.0000,16067.5,5.3307,res_total,2016,indian wells,NA,7977,10681.9074
cities_144,10242979,64974957.5000,18782,5.7304,single_family,2016,indian wells,NA,NA,NA
cities_144,0,masked,masked,masked,uncat,2016,indian wells,NA,NA,masked
cities_145,NA,NA,NA,NA,agriculture,2016,indio,NA,NA,NA
cities_145,NA,NA,NA,NA,commercial,2016,indio,NA,NA,NA
cities_145,NA,NA,NA,NA,condo,2016,indio,NA,NA,NA
cities_145,NA,NA,NA,NA,industrial,2016,indio,NA,NA,NA
cities_145,NA,NA,NA,NA,institutional,2016,indio,NA,NA,NA
cities_145,NA,NA,NA,NA,multi_family,2016,indio,NA,NA,NA
cities_145,NA,NA,NA,NA,other,2016,indio,NA,NA,NA
cities_145,NA,NA,NA,NA,residential_other,2016,indio,NA,NA,NA
cities_145,NA,NA,NA,NA,residential_uncat,2016,indio,NA,NA,NA
cities_145,NA,NA,NA,NA,res_total,2016,indio,NA,81070,NA
cities_145,NA,NA,NA,NA,single_family,2016,indio,NA,NA,NA
cities_145,NA,NA,NA,NA,uncat,2016,indio,NA,NA,NA
cities_146,NA,NA,NA,NA,agriculture,2016,la quinta,NA,NA,NA
cities_146,NA,NA,NA,NA,commercial,2016,la quinta,NA,NA,NA
cities_146,NA,NA,NA,NA,condo,2016,la quinta,NA,NA,NA
cities_146,NA,NA,NA,NA,industrial,2016,la quinta,NA,NA,NA
cities_146,NA,NA,NA,NA,institutional,2016,la quinta,NA,NA,NA
cities_146,NA,NA,NA,NA,multi_family,2016,la quinta,NA,NA,NA
cities_146,NA,NA,NA,NA,other,2016,la quinta,NA,NA,NA
cities_146,NA,NA,NA,NA,residential_other,2016,la quinta,NA,NA,NA
cities_146,NA,NA,NA,NA,residential_uncat,2016,la quinta,NA,NA,NA
cities_146,NA,NA,NA,NA,res_total,2016,la quinta,NA,36317,NA
cities_146,NA,NA,NA,NA,single_family,2016,la quinta,NA,NA,NA
cities_146,NA,NA,NA,NA,uncat,2016,la quinta,NA,NA,NA
cities_147,NA,masked,masked,masked,agriculture,2016,lake elsinore,NA,NA,masked
cities_147,NA,115943634.0000,46331.5,NA,commercial,2016,lake elsinore,NA,NA,NA
cities_147,46678,1189839.0000,4336,NA,condo,2016,lake elsinore,NA,NA,NA
cities_147,NA,NA,NA,NA,industrial,2016,lake elsinore,NA,NA,NA
cities_147,NA,masked,masked,masked,institutional,2016,lake elsinore,NA,NA,masked
cities_147,485155,11046066.0000,14117,8.3208,multi_family,2016,lake elsinore,NA,NA,NA
cities_147,NA,masked,masked,masked,other,2016,lake elsinore,NA,NA,masked
cities_147,165240,6632189.5000,4973,NA,residential_other,2016,lake elsinore,NA,NA,NA
cities_147,0,7457961.0000,NA,NA,residential_uncat,2016,lake elsinore,NA,NA,NA
cities_147,29447062,143219591.5000,7801,3.9532,res_total,2016,lake elsinore,NA,54599,2623.1175
cities_147,28749989,116893536.0000,7793,3.8686,single_family,2016,lake elsinore,NA,NA,NA
cities_147,0,masked,masked,masked,uncat,2016,lake elsinore,NA,NA,masked
cities_148,NA,masked,masked,masked,agriculture,2016,menifee,NA,NA,masked
cities_148,NA,94241387.2929,72642.5,NA,commercial,2016,menifee,NA,NA,NA
cities_148,977152,4932544.5000,5342.5,5.0077,condo,2016,menifee,NA,NA,NA
cities_148,NA,NA,NA,NA,industrial,2016,menifee,NA,NA,NA
cities_148,NA,masked,masked,masked,institutional,2016,menifee,NA,NA,masked
cities_148,150571,8059202.5000,10934,8.1959,multi_family,2016,menifee,NA,NA,NA
cities_148,NA,2154408.0000,6742.5,NA,other,2016,menifee,NA,NA,NA
cities_148,888446,12902168.0000,3761.5,5.9925,residential_other,2016,menifee,NA,NA,NA
cities_148,0,8422514.0000,NA,NA,residential_uncat,2016,menifee,NA,NA,NA
cities_148,53482332,256730394.5000,7408,4.1894,res_total,2016,menifee,NA,77416,3316.2446
cities_148,51466163,222413965.5000,7522,4.1536,single_family,2016,menifee,NA,NA,NA
cities_148,0,masked,masked,masked,uncat,2016,menifee,NA,NA,masked
cities_149,NA,NA,NA,NA,agriculture,2016,moreno valley,NA,NA,NA
cities_149,NA,NA,NA,NA,commercial,2016,moreno valley,NA,NA,NA
cities_149,NA,NA,NA,NA,condo,2016,moreno valley,NA,NA,NA
cities_149,NA,NA,NA,NA,industrial,2016,moreno valley,NA,NA,NA
cities_149,NA,NA,NA,NA,institutional,2016,moreno valley,NA,NA,NA
cities_149,NA,NA,NA,NA,multi_family,2016,moreno valley,NA,NA,NA
cities_149,NA,NA,NA,NA,other,2016,moreno valley,NA,NA,NA
cities_149,NA,NA,NA,NA,residential_other,2016,moreno valley,NA,NA,NA
cities_149,NA,NA,NA,NA,residential_uncat,2016,moreno valley,NA,NA,NA
cities_149,NA,NA,NA,NA,res_total,2016,moreno valley,NA,198872,NA
cities_149,NA,NA,NA,NA,single_family,2016,moreno valley,NA,NA,NA
cities_149,NA,NA,NA,NA,uncat,2016,moreno valley,NA,NA,NA
cities_15,NA,NA,NA,NA,agriculture,2016,covina,NA,NA,NA
cities_15,8178562,100780139.0000,35490,7.4354,commercial,2016,covina,NA,NA,NA
cities_15,647660,10878315.5000,6800.5,4.1116,condo,2016,covina,NA,NA,NA
cities_15,3151494,masked,masked,masked,industrial,2016,covina,NA,NA,masked
cities_15,791986,masked,masked,masked,institutional,2016,covina,NA,NA,masked
cities_15,4720546,21125382.0000,16437.5,4.3048,multi_family,2016,covina,NA,NA,NA
cities_15,16065,masked,masked,masked,other,2016,covina,NA,NA,masked
cities_15,162147,masked,masked,masked,residential_other,2016,covina,NA,NA,masked
cities_15,0,masked,masked,masked,residential_uncat,2016,covina,NA,NA,masked
cities_15,19398359,113979347.5000,7683,4.8473,res_total,2016,covina,NA,49089,2321.8918
cities_15,13868006,71386830.5000,7587,4.9249,single_family,2016,covina,NA,NA,NA
cities_15,0,596231.0000,NA,NA,uncat,2016,covina,NA,NA,NA
cities_150,NA,masked,masked,masked,agriculture,2016,murrieta,NA,NA,masked
cities_150,NA,188270755.5000,79247.5,NA,commercial,2016,murrieta,NA,NA,NA
cities_150,166656,1026368.0000,5408,3.7882,condo,2016,murrieta,NA,NA,NA
cities_150,NA,NA,NA,NA,industrial,2016,murrieta,NA,NA,NA
cities_150,NA,masked,masked,masked,institutional,2016,murrieta,NA,NA,masked
cities_150,205934,21731668.0000,18150.5,391.9556,multi_family,2016,murrieta,NA,NA,NA
cities_150,NA,11152675.5000,52768.5,NA,other,2016,murrieta,NA,NA,NA
cities_150,812999,11272347.0000,6025.5,4.4561,residential_other,2016,murrieta,NA,NA,NA
cities_150,0,8646225.5000,NA,NA,residential_uncat,2016,murrieta,NA,NA,NA
cities_150,63335345,274001667.0000,8214,3.6191,res_total,2016,murrieta,NA,106326,2576.9959
cities_150,62149756,231325058.5000,8249,3.6000,single_family,2016,murrieta,NA,NA,NA
cities_150,0,masked,masked,masked,uncat,2016,murrieta,NA,NA,masked
cities_151,NA,masked,masked,masked,agriculture,2016,norco,NA,NA,masked
cities_151,NA,67719222.0000,56876,NA,commercial,2016,norco,NA,NA,NA
cities_151,2603,masked,masked,masked,condo,2016,norco,NA,NA,masked
cities_151,NA,NA,NA,NA,industrial,2016,norco,NA,NA,NA
cities_151,NA,masked,masked,masked,institutional,2016,norco,NA,NA,masked
cities_151,199040,2338704.0000,9656,7.3966,multi_family,2016,norco,NA,NA,NA
cities_151,NA,masked,masked,masked,other,2016,norco,NA,NA,masked
cities_151,19420,masked,masked,masked,residential_other,2016,norco,NA,NA,masked
cities_151,0,2002704.0000,NA,NA,residential_uncat,2016,norco,NA,NA,NA
cities_151,13891763,72383668.5000,9625,4.9026,res_total,2016,norco,NA,28005,2584.6695
cities_151,13670700,67938840.5000,9629,4.8679,single_family,2016,norco,NA,NA,NA
cities_151,0,masked,masked,masked,uncat,2016,norco,NA,NA,masked
cities_152,NA,NA,NA,NA,agriculture,2016,palm desert,NA,NA,NA
cities_152,NA,324232209.0000,79006,NA,commercial,2016,palm desert,NA,NA,NA
cities_152,8361398,44111008.5000,6314,4.3463,condo,2016,palm desert,NA,NA,NA
cities_152,NA,NA,NA,NA,industrial,2016,palm desert,NA,NA,NA
cities_152,NA,masked,masked,masked,institutional,2016,palm desert,NA,NA,masked
cities_152,506945,32598662.0000,25667.5,19.2741,multi_family,2016,palm desert,NA,NA,NA
cities_152,NA,20846997.0000,33801.5,NA,other,2016,palm desert,NA,NA,NA
cities_152,1631301,58307706.0000,9527,6.1455,residential_other,2016,palm desert,NA,NA,NA
cities_152,0,18859663.5000,NA,NA,residential_uncat,2016,palm desert,NA,NA,NA
cities_152,38063034,329798272.5000,10386,5.7078,res_total,2016,palm desert,NA,45799,7200.9929
cities_152,27563390,175921232.5000,12083,6.1509,single_family,2016,palm desert,NA,NA,NA
cities_152,0,masked,masked,masked,uncat,2016,palm desert,NA,NA,masked
cities_153,NA,NA,NA,NA,agriculture,2016,palm springs,NA,NA,NA
cities_153,NA,301435167.0000,61245,NA,commercial,2016,palm springs,NA,NA,NA
cities_153,2900083,24901737.0000,7198,4.0111,condo,2016,palm springs,NA,NA,NA
cities_153,NA,NA,NA,NA,industrial,2016,palm springs,NA,NA,NA
cities_153,NA,12979220.0000,17325.5,NA,institutional,2016,palm springs,NA,NA,NA
cities_153,673302,34729284.5000,22116,23.7451,multi_family,2016,palm springs,NA,NA,NA
cities_153,NA,23116341.0000,61568,NA,other,2016,palm springs,NA,NA,NA
cities_153,250880,40540323.0000,23771.5,NA,residential_other,2016,palm springs,NA,NA,NA
cities_153,0,24410223.0000,NA,NA,residential_uncat,2016,palm springs,NA,NA,NA
cities_153,27485796,279770803.0000,11957,6.3054,res_total,2016,palm springs,NA,48816,5731.1292
cities_153,23661531,155189235.5000,12301,6.4145,single_family,2016,palm springs,NA,NA,NA
cities_153,0,8218749.0000,NA,NA,uncat,2016,palm springs,NA,NA,NA
cities_154,NA,masked,masked,masked,agriculture,2016,perris,NA,NA,masked
cities_154,NA,171831161.5000,62181,NA,commercial,2016,perris,NA,NA,NA
cities_154,83269,masked,masked,masked,condo,2016,perris,NA,NA,masked
cities_154,NA,NA,NA,NA,industrial,2016,perris,NA,NA,NA
cities_154,NA,9042678.0000,199102,NA,institutional,2016,perris,NA,NA,NA
cities_154,199435,7767602.5000,9900,7.5114,multi_family,2016,perris,NA,NA,NA
cities_154,NA,masked,masked,masked,other,2016,perris,NA,NA,masked
cities_154,711839,8712646.5000,5143,4.9410,residential_other,2016,perris,NA,NA,NA
cities_154,0,masked,masked,masked,residential_uncat,2016,perris,NA,NA,masked
cities_154,27692184,134100211.5000,7063,4.1604,res_total,2016,perris,NA,67861,1976.1013
cities_154,26697641,111228062.5000,7111.5,4.1276,single_family,2016,perris,NA,NA,NA
cities_154,0,masked,masked,masked,uncat,2016,perris,NA,NA,masked
cities_155,NA,NA,NA,NA,agriculture,2016,rancho mirage,NA,NA,NA
cities_155,NA,masked,masked,masked,commercial,2016,rancho mirage,NA,NA,masked
cities_155,6839624,38986743.0000,9817,4.7121,condo,2016,rancho mirage,NA,NA,NA
cities_155,NA,NA,NA,NA,industrial,2016,rancho mirage,NA,NA,NA
cities_155,NA,masked,masked,masked,institutional,2016,rancho mirage,NA,NA,masked
cities_155,146569,3824981.0000,24325,13.4825,multi_family,2016,rancho mirage,NA,NA,NA
cities_155,NA,7683151.0000,107847.75,NA,other,2016,rancho mirage,NA,NA,NA
cities_155,125811,14480074.0000,106787.5,NA,residential_other,2016,rancho mirage,NA,NA,NA
cities_155,0,6669281.0000,NA,NA,residential_uncat,2016,rancho mirage,NA,NA,NA
cities_155,24093339,168843099.6667,13666.5,5.3428,res_total,2016,rancho mirage,NA,16330,10339.4427
cities_155,16981335,104882020.6667,15553.5,5.5929,single_family,2016,rancho mirage,NA,NA,NA
cities_155,0,masked,masked,masked,uncat,2016,rancho mirage,NA,NA,masked
cities_156,NA,NA,NA,NA,agriculture,2016,riverside,NA,NA,NA
cities_156,NA,NA,NA,NA,commercial,2016,riverside,NA,NA,NA
cities_156,NA,NA,NA,NA,condo,2016,riverside,NA,NA,NA
cities_156,NA,NA,NA,NA,industrial,2016,riverside,NA,NA,NA
cities_156,NA,NA,NA,NA,institutional,2016,riverside,NA,NA,NA
cities_156,NA,NA,NA,NA,multi_family,2016,riverside,NA,NA,NA
cities_156,NA,NA,NA,NA,other,2016,riverside,NA,NA,NA
cities_156,NA,NA,NA,NA,residential_other,2016,riverside,NA,NA,NA
cities_156,NA,NA,NA,NA,residential_uncat,2016,riverside,NA,NA,NA
cities_156,NA,NA,NA,NA,res_total,2016,riverside,NA,310961,NA
cities_156,NA,NA,NA,NA,single_family,2016,riverside,NA,NA,NA
cities_156,NA,NA,NA,NA,uncat,2016,riverside,NA,NA,NA
cities_157,NA,masked,masked,masked,agriculture,2016,san jacinto,NA,NA,masked
cities_157,NA,65690487.0000,22477.5,NA,commercial,2016,san jacinto,NA,NA,NA
cities_157,325128,1474063.0000,4819.5,4.5374,condo,2016,san jacinto,NA,NA,NA
cities_157,NA,NA,NA,NA,industrial,2016,san jacinto,NA,NA,NA
cities_157,NA,7713662.0000,4961,NA,institutional,2016,san jacinto,NA,NA,NA
cities_157,424507,5327456.0000,9034,6.3167,multi_family,2016,san jacinto,NA,NA,NA
cities_157,NA,masked,masked,masked,other,2016,san jacinto,NA,NA,masked
cities_157,396660,8608636.0000,4934,4.0270,residential_other,2016,san jacinto,NA,NA,NA
cities_157,0,8258208.0000,NA,NA,residential_uncat,2016,san jacinto,NA,NA,NA
cities_157,20982941,108878922.0000,7498,4.2328,res_total,2016,san jacinto,NA,42238,2577.7480
cities_157,19836646,85210559.0000,7623,4.2025,single_family,2016,san jacinto,NA,NA,NA
cities_157,0,masked,masked,masked,uncat,2016,san jacinto,NA,NA,masked
cities_158,NA,masked,masked,masked,agriculture,2016,temecula,NA,NA,masked
cities_158,NA,421084993.0000,108078,NA,commercial,2016,temecula,NA,NA,NA
cities_158,110733,619057.0000,5943.5,3.2820,condo,2016,temecula,NA,NA,NA
cities_158,NA,NA,NA,NA,industrial,2016,temecula,NA,NA,NA
cities_158,NA,masked,masked,masked,institutional,2016,temecula,NA,NA,masked
cities_158,242938,15177087.5000,14287,5.7395,multi_family,2016,temecula,NA,NA,NA
cities_158,NA,6981892.5000,26791,NA,other,2016,temecula,NA,NA,NA
cities_158,274742,8281493.0000,6070,4.8063,residential_other,2016,temecula,NA,NA,NA
cities_158,0,16551182.5000,NA,NA,residential_uncat,2016,temecula,NA,NA,NA
cities_158,60559244,265595233.0000,7836,3.6657,res_total,2016,temecula,NA,95755,2773.6957
cities_158,59930831,224966413.0000,7832,3.6593,single_family,2016,temecula,NA,NA,NA
cities_158,0,masked,masked,masked,uncat,2016,temecula,NA,NA,masked
cities_159,NA,masked,masked,masked,agriculture,2016,wildomar,NA,NA,masked
cities_159,NA,masked,masked,masked,commercial,2016,wildomar,NA,NA,masked
cities_159,11869,masked,masked,masked,condo,2016,wildomar,NA,NA,masked
cities_159,NA,NA,NA,NA,industrial,2016,wildomar,NA,NA,NA
cities_159,NA,masked,masked,masked,institutional,2016,wildomar,NA,NA,masked
cities_159,86390,6632899.5000,11954,7.6155,multi_family,2016,wildomar,NA,NA,NA
cities_159,NA,750519.5000,6858.5,NA,other,2016,wildomar,NA,NA,NA
cities_159,916451,6219818.5000,6572,5.7171,residential_other,2016,wildomar,NA,NA,NA
cities_159,0,masked,masked,masked,residential_uncat,2016,wildomar,NA,NA,masked
cities_159,18807607,95752397.3333,8115.5,4.2784,res_total,2016,wildomar,NA,37036,2585.3871
cities_159,17792897,78229495.3333,8203.5,4.1654,single_family,2016,wildomar,NA,NA,NA
cities_159,0,209535.0000,NA,NA,uncat,2016,wildomar,NA,NA,NA
cities_16,NA,NA,NA,NA,agriculture,2016,el segundo,NA,NA,NA
cities_16,20512703,299740296.6000,55029.5,8.8935,commercial,2016,el segundo,NA,NA,NA
cities_16,107020,4550140.0000,39484,25.0602,condo,2016,el segundo,NA,NA,NA
cities_16,7186561,masked,masked,masked,industrial,2016,el segundo,NA,NA,masked
cities_16,376499,masked,masked,masked,institutional,2016,el segundo,NA,NA,masked
cities_16,3286734,11527105.5000,10313.5,3.1834,multi_family,2016,el segundo,NA,NA,NA
cities_16,339731,masked,masked,masked,other,2016,el segundo,NA,NA,masked
cities_16,19491,masked,masked,masked,residential_other,2016,el segundo,NA,NA,masked
cities_16,0,masked,masked,masked,residential_uncat,2016,el segundo,NA,NA,masked
cities_16,8233898,35077069.0000,6516,3.3793,res_total,2016,el segundo,NA,16664,2104.9609
cities_16,4820653,17243410.5000,5961.5,3.3970,single_family,2016,el segundo,NA,NA,NA
cities_16,0,masked,masked,masked,uncat,2016,el segundo,NA,NA,masked
cities_160,NA,masked,masked,masked,agriculture,2016,jurupa valley,NA,NA,masked
cities_160,NA,masked,masked,masked,commercial,2016,jurupa valley,NA,NA,masked
cities_160,248860,1114447.5000,5575,4.0315,condo,2016,jurupa valley,NA,NA,NA
cities_160,NA,NA,NA,NA,industrial,2016,jurupa valley,NA,NA,NA
cities_160,NA,15654043.0000,493501,NA,institutional,2016,jurupa valley,NA,NA,NA
cities_160,794898,13093368.0000,9090,8.2042,multi_family,2016,jurupa valley,NA,NA,NA
cities_160,NA,masked,masked,masked,other,2016,jurupa valley,NA,NA,masked
cities_160,108788,9543598.5000,3193.5,NA,residential_other,2016,jurupa valley,NA,NA,NA
cities_160,0,10853078.0000,NA,NA,residential_uncat,2016,jurupa valley,NA,NA,NA
cities_160,31936461,196383529.5833,7652,5.1197,res_total,2016,jurupa valley,NA,101266,1939.2840
cities_160,30783915,161779037.5833,7668,5.0505,single_family,2016,jurupa valley,NA,NA,NA
cities_160,0,masked,masked,masked,uncat,2016,jurupa valley,NA,NA,masked
cities_161,NA,masked,masked,masked,agriculture,2016,eastvale,NA,NA,masked
cities_161,NA,masked,masked,masked,commercial,2016,eastvale,NA,NA,masked
cities_161,0,masked,masked,masked,condo,2016,eastvale,NA,NA,masked
cities_161,NA,NA,NA,NA,industrial,2016,eastvale,NA,NA,NA
cities_161,NA,masked,masked,masked,institutional,2016,eastvale,NA,NA,masked
cities_161,20827,2724943.0000,7431,6.1400,multi_family,2016,eastvale,NA,NA,NA
cities_161,NA,masked,masked,masked,other,2016,eastvale,NA,NA,masked
cities_161,79254,12794259.5000,5884.5,NA,residential_other,2016,eastvale,NA,NA,NA
cities_161,0,masked,masked,masked,residential_uncat,2016,eastvale,NA,NA,masked
cities_161,42882811,154974707.5000,8509,2.9396,res_total,2016,eastvale,NA,55298,2802.5373
cities_161,42782730,129399768.5000,8514.5,2.9229,single_family,2016,eastvale,NA,NA,NA
cities_161,0,masked,masked,masked,uncat,2016,eastvale,NA,NA,masked
cities_162,NA,NA,NA,NA,agriculture,2016,aliso viejo,NA,NA,NA
cities_162,NA,NA,NA,NA,commercial,2016,aliso viejo,NA,NA,NA
cities_162,NA,NA,NA,NA,condo,2016,aliso viejo,NA,NA,NA
cities_162,NA,NA,NA,NA,industrial,2016,aliso viejo,NA,NA,NA
cities_162,NA,NA,NA,NA,institutional,2016,aliso viejo,NA,NA,NA
cities_162,NA,NA,NA,NA,multi_family,2016,aliso viejo,NA,NA,NA
cities_162,NA,NA,NA,NA,other,2016,aliso viejo,NA,NA,NA
cities_162,NA,NA,NA,NA,residential_other,2016,aliso viejo,NA,NA,NA
cities_162,NA,NA,NA,NA,residential_uncat,2016,aliso viejo,NA,NA,NA
cities_162,NA,NA,NA,NA,res_total,2016,aliso viejo,NA,NA,NA
cities_162,NA,NA,NA,NA,single_family,2016,aliso viejo,NA,NA,NA
cities_162,NA,NA,NA,NA,uncat,2016,aliso viejo,NA,NA,NA
cities_163,NA,NA,NA,NA,agriculture,2016,anaheim,NA,NA,NA
cities_163,NA,NA,NA,NA,commercial,2016,anaheim,NA,NA,NA
cities_163,NA,NA,NA,NA,condo,2016,anaheim,NA,NA,NA
cities_163,NA,NA,NA,NA,industrial,2016,anaheim,NA,NA,NA
cities_163,NA,NA,NA,NA,institutional,2016,anaheim,NA,NA,NA
cities_163,NA,NA,NA,NA,multi_family,2016,anaheim,NA,NA,NA
cities_163,NA,NA,NA,NA,other,2016,anaheim,NA,NA,NA
cities_163,NA,NA,NA,NA,residential_other,2016,anaheim,NA,NA,NA
cities_163,NA,NA,NA,NA,residential_uncat,2016,anaheim,NA,NA,NA
cities_163,NA,NA,NA,NA,res_total,2016,anaheim,NA,339551,NA
cities_163,NA,NA,NA,NA,single_family,2016,anaheim,NA,NA,NA
cities_163,NA,NA,NA,NA,uncat,2016,anaheim,NA,NA,NA
cities_164,3381,masked,masked,masked,agriculture,2016,brea,NA,NA,masked
cities_164,1389822,165181469.0000,113498.5,NA,commercial,2016,brea,NA,NA,NA
cities_164,28821,2678983.0000,25975,132.8714,condo,2016,brea,NA,NA,NA
cities_164,3665048,132717792.0000,85077,12.2147,industrial,2016,brea,NA,NA,NA
cities_164,9390,masked,masked,masked,institutional,2016,brea,NA,NA,masked
cities_164,1755987,13982346.5000,18994,5.9966,multi_family,2016,brea,NA,NA,NA
cities_164,11529,masked,masked,masked,other,2016,brea,NA,NA,masked
cities_164,18251,965913.0000,11819,NA,residential_other,2016,brea,NA,NA,NA
cities_164,0,10879535.0000,NA,NA,residential_uncat,2016,brea,NA,NA,NA
cities_164,19491944,99408785.5000,7243,3.8737,res_total,2016,brea,NA,37716,2635.7192
cities_164,17688885,70902008.0000,7192,3.8439,single_family,2016,brea,NA,NA,NA
cities_164,0,1067951.0000,NA,NA,uncat,2016,brea,NA,NA,NA
cities_165,1644,masked,masked,masked,agriculture,2016,buena park,NA,NA,masked
cities_165,2337268,166380681.0000,57643,39.1193,commercial,2016,buena park,NA,NA,NA
cities_165,19244,1519856.0000,52883,36.0000,condo,2016,buena park,NA,NA,NA
cities_165,5664889,109192383.0000,83816,4.3777,industrial,2016,buena park,NA,NA,NA
cities_165,48722,18092571.0000,152719,NA,institutional,2016,buena park,NA,NA,NA
cities_165,4956384,27095040.1667,21198,5.1071,multi_family,2016,buena park,NA,NA,NA
cities_165,191778,masked,masked,masked,other,2016,buena park,NA,NA,masked
cities_165,15476,masked,masked,masked,residential_other,2016,buena park,NA,NA,masked
cities_165,0,masked,masked,masked,residential_uncat,2016,buena park,NA,NA,masked
cities_165,28732808,143037010.6667,6286,4.1613,res_total,2016,buena park,NA,83683,1709.2720
cities_165,23741704,101787902.5000,6172,4.1213,single_family,2016,buena park,NA,NA,NA
cities_165,0,3514005.0000,NA,NA,uncat,2016,buena park,NA,NA,NA
cities_166,NA,NA,NA,NA,agriculture,2016,costa mesa,NA,NA,NA
cities_166,4697889,415542672.0000,54487.5,15.9567,commercial,2016,costa mesa,NA,NA,NA
cities_166,257683,11920783.5000,30398,23.0546,condo,2016,costa mesa,NA,NA,NA
cities_166,7875822,118467874.0000,36554.5,4.8931,industrial,2016,costa mesa,NA,NA,NA
cities_166,172081,masked,masked,masked,institutional,2016,costa mesa,NA,NA,masked
cities_166,11343562,62719573.5000,12389,3.8685,multi_family,2016,costa mesa,NA,NA,NA
cities_166,21011,6888201.5000,6036,NA,other,2016,costa mesa,NA,NA,NA
cities_166,42491,799075.0000,5443,NA,residential_other,2016,costa mesa,NA,NA,NA
cities_166,0,26579939.0000,NA,NA,residential_uncat,2016,costa mesa,NA,NA,NA
cities_166,36986165,202728039.0000,6478,3.7263,res_total,2016,costa mesa,NA,112852,1796.4063
cities_166,25342429,100708668.0000,6093.5,3.6690,single_family,2016,costa mesa,NA,NA,NA
cities_166,0,masked,masked,masked,uncat,2016,costa mesa,NA,NA,masked
cities_167,3200,masked,masked,masked,agriculture,2016,cypress,NA,NA,masked
cities_167,1295195,97611708.0000,62133,31.1801,commercial,2016,cypress,NA,NA,NA
cities_167,76273,4382285.5000,43142,30.8681,condo,2016,cypress,NA,NA,NA
cities_167,869243,52273740.0000,119123,27.3983,industrial,2016,cypress,NA,NA,NA
cities_167,2367,masked,masked,masked,institutional,2016,cypress,NA,NA,masked
cities_167,2015115,9915323.0000,21656,6.1349,multi_family,2016,cypress,NA,NA,NA
cities_167,15633,masked,masked,masked,other,2016,cypress,NA,NA,masked
cities_167,15495,masked,masked,masked,residential_other,2016,cypress,NA,NA,masked
cities_167,0,masked,masked,masked,residential_uncat,2016,cypress,NA,NA,masked
cities_167,22612390,101161347.0000,6648.5,3.8156,res_total,2016,cypress,NA,49502,2043.5810
cities_167,20505507,80659430.5000,6599,3.7899,single_family,2016,cypress,NA,NA,NA
cities_167,0,1845773.0000,NA,NA,uncat,2016,cypress,NA,NA,NA
cities_168,NA,NA,NA,NA,agriculture,2016,dana point,NA,NA,NA
cities_168,NA,NA,NA,NA,commercial,2016,dana point,NA,NA,NA
cities_168,NA,NA,NA,NA,condo,2016,dana point,NA,NA,NA
cities_168,NA,NA,NA,NA,industrial,2016,dana point,NA,NA,NA
cities_168,NA,NA,NA,NA,institutional,2016,dana point,NA,NA,NA
cities_168,NA,NA,NA,NA,multi_family,2016,dana point,NA,NA,NA
cities_168,NA,NA,NA,NA,other,2016,dana point,NA,NA,NA
cities_168,NA,NA,NA,NA,residential_other,2016,dana point,NA,NA,NA
cities_168,NA,NA,NA,NA,residential_uncat,2016,dana point,NA,NA,NA
cities_168,NA,NA,NA,NA,res_total,2016,dana point,NA,NA,NA
cities_168,NA,NA,NA,NA,single_family,2016,dana point,NA,NA,NA
cities_168,NA,NA,NA,NA,uncat,2016,dana point,NA,NA,NA
cities_169,1195,masked,masked,masked,agriculture,2016,fountain valley,NA,NA,masked
cities_169,2211585,141839845.0000,121437,31.4619,commercial,2016,fountain valley,NA,NA,NA
cities_169,14852,3324652.0000,174954,137.8356,condo,2016,fountain valley,NA,NA,NA
cities_169,2889190,47452285.0000,74219,5.2840,industrial,2016,fountain valley,NA,NA,NA
cities_169,12146,masked,masked,masked,institutional,2016,fountain valley,NA,NA,masked
cities_169,1565712,4885091.0000,12972,2.8415,multi_family,2016,fountain valley,NA,NA,NA
cities_169,6189,masked,masked,masked,other,2016,fountain valley,NA,NA,masked
cities_169,10380,masked,masked,masked,residential_other,2016,fountain valley,NA,NA,masked
cities_169,0,masked,masked,masked,residential_uncat,2016,fountain valley,NA,NA,masked
cities_169,30049002,114798890.0000,6370.5,3.3479,res_total,2016,fountain valley,NA,56270,2040.1438
cities_169,28458058,101192565.0000,6361,3.3479,single_family,2016,fountain valley,NA,NA,NA
cities_169,0,2812143.0000,NA,NA,uncat,2016,fountain valley,NA,NA,NA
cities_17,830,masked,masked,masked,agriculture,2016,whittier,NA,NA,masked
cities_17,7483295,120214441.0000,26648,6.4740,commercial,2016,whittier,NA,NA,NA
cities_17,825177,7215663.0000,6716,3.5260,condo,2016,whittier,NA,NA,NA
cities_17,3567081,20888325.0000,39333,2.8198,industrial,2016,whittier,NA,NA,NA
cities_17,2847082,masked,masked,masked,institutional,2016,whittier,NA,NA,masked
cities_17,8343586,37030940.0000,8158,3.5695,multi_family,2016,whittier,NA,NA,NA
cities_17,83037,masked,masked,masked,other,2016,whittier,NA,NA,masked
cities_17,385974,7432085.0000,21908,10.0333,residential_other,2016,whittier,NA,NA,NA
cities_17,0,9748516.0000,NA,NA,residential_uncat,2016,whittier,NA,NA,NA
cities_17,37589383,188115024.3000,6945,4.2934,res_total,2016,whittier,NA,85720,2194.5290
cities_17,28034646,126687820.3000,6866,4.3847,single_family,2016,whittier,NA,NA,NA
cities_17,0,masked,masked,masked,uncat,2016,whittier,NA,NA,masked
cities_170,NA,NA,NA,NA,agriculture,2016,fullerton,NA,NA,NA
cities_170,5101344,260339563.0000,38824,12.7519,commercial,2016,fullerton,NA,NA,NA
cities_170,61731,13593631.0000,125998.5,156.4569,condo,2016,fullerton,NA,NA,NA
cities_170,6245021,222160434.0000,83587,6.8645,industrial,2016,fullerton,NA,NA,NA
cities_170,60535,masked,masked,masked,institutional,2016,fullerton,NA,NA,masked
cities_170,9843748,43400723.5000,17739,4.7262,multi_family,2016,fullerton,NA,NA,NA
cities_170,78834,19824835.0000,11859.5,NA,other,2016,fullerton,NA,NA,NA
cities_170,29512,3995080.5000,6059,NA,residential_other,2016,fullerton,NA,NA,NA
cities_170,0,30042626.5000,NA,NA,residential_uncat,2016,fullerton,NA,NA,NA
cities_170,57168447,281483055.0000,7117,3.9657,res_total,2016,fullerton,NA,138085,2038.4767
cities_170,47233456,190450993.5000,6969,3.9127,single_family,2016,fullerton,NA,NA,NA
cities_170,0,masked,masked,masked,uncat,2016,fullerton,NA,NA,masked
cities_171,NA,NA,NA,NA,agriculture,2016,garden grove,NA,NA,NA
cities_171,5050711,276462092.5000,40949,11.6074,commercial,2016,garden grove,NA,NA,NA
cities_171,105645,14923330.0000,91741,86.1183,condo,2016,garden grove,NA,NA,NA
cities_171,6378941,160667731.0000,61198.5,8.5915,industrial,2016,garden grove,NA,NA,NA
cities_171,145584,27858317.0000,70350,NA,institutional,2016,garden grove,NA,NA,NA
cities_171,9282067,41740458.5000,19422,4.3545,multi_family,2016,garden grove,NA,NA,NA
cities_171,12598,masked,masked,masked,other,2016,garden grove,NA,NA,masked
cities_171,47888,1168706.0000,13495,13.9694,residential_other,2016,garden grove,NA,NA,NA
cities_171,0,22074602.0000,NA,NA,residential_uncat,2016,garden grove,NA,NA,NA
cities_171,52310099,270217353.5000,6308,4.1691,res_total,2016,garden grove,NA,177629,1521.2457
cities_171,42874499,190310257.0000,6168,4.1505,single_family,2016,garden grove,NA,NA,NA
cities_171,0,masked,masked,masked,uncat,2016,garden grove,NA,NA,masked
cities_172,10966,masked,masked,masked,agriculture,2016,huntington beach,NA,NA,masked
cities_172,5993784,300781540.0000,63116.5,18.7409,commercial,2016,huntington beach,NA,NA,NA
cities_172,227821,23063561.5000,32957,23.2158,condo,2016,huntington beach,NA,NA,NA
cities_172,8137418,masked,masked,masked,industrial,2016,huntington beach,NA,NA,masked
cities_172,91233,masked,masked,masked,institutional,2016,huntington beach,NA,NA,masked
cities_172,17091201,78675575.1667,13692,3.7214,multi_family,2016,huntington beach,NA,NA,NA
cities_172,107615,26525073.0000,6080,NA,other,2016,huntington beach,NA,NA,NA
cities_172,139618,4496996.5000,6622.5,9.5232,residential_other,2016,huntington beach,NA,NA,NA
cities_172,0,28112801.0000,NA,NA,residential_uncat,2016,huntington beach,NA,NA,NA
cities_172,99409219,419287468.6667,6260,3.3359,res_total,2016,huntington beach,NA,192046,2183.2658
cities_172,81950579,284938534.5000,6044,3.2916,single_family,2016,huntington beach,NA,NA,NA
cities_172,0,9486227.0000,NA,NA,uncat,2016,huntington beach,NA,NA,NA
cities_173,36631,3911177.0000,25055.5,NA,agriculture,2016,irvine,NA,NA,NA
cities_173,5668189,1004079947.5000,262090,NA,commercial,2016,irvine,NA,NA,NA
cities_173,351411,37301783.0000,44003,63.7782,condo,2016,irvine,NA,NA,NA
cities_173,12505598,720920283.0000,129943,15.2530,industrial,2016,irvine,NA,NA,NA
cities_173,720689,93996324.5000,5222,NA,institutional,2016,irvine,NA,NA,NA
cities_173,3581752,82374097.5000,446812,332.8374,multi_family,2016,irvine,NA,NA,NA
cities_173,124474,masked,masked,masked,other,2016,irvine,NA,NA,masked
cities_173,485571,12265052.0000,5662,NA,residential_other,2016,irvine,NA,NA,NA
cities_173,0,123905228.5000,NA,NA,residential_uncat,2016,irvine,NA,NA,NA
cities_173,55698582,420919780.0000,6249,3.0928,res_total,2016,irvine,NA,219838,1914.6816
cities_173,51279848,165073619.0000,6205,3.0124,single_family,2016,irvine,NA,NA,NA
cities_173,0,masked,masked,masked,uncat,2016,irvine,NA,NA,masked
cities_174,NA,NA,NA,NA,agriculture,2016,la habra,NA,NA,NA
cities_174,1976438,100072076.0000,37069,11.7082,commercial,2016,la habra,NA,NA,NA
cities_174,55564,8347256.0000,79545,66.8116,condo,2016,la habra,NA,NA,NA
cities_174,1344551,masked,masked,masked,industrial,2016,la habra,NA,NA,masked
cities_174,17404,masked,masked,masked,institutional,2016,la habra,NA,NA,masked
cities_174,3628217,20782624.5000,16815.5,4.8229,multi_family,2016,la habra,NA,NA,NA
cities_174,12546,masked,masked,masked,other,2016,la habra,NA,NA,masked
cities_174,19824,532847.0000,6017.5,8.6850,residential_other,2016,la habra,NA,NA,NA
cities_174,0,9466038.5000,NA,NA,residential_uncat,2016,la habra,NA,NA,NA
cities_174,20978442,116044260.0000,6854.5,4.3737,res_total,2016,la habra,NA,60681,1912.3656
cities_174,17274837,76915494.0000,6720,4.3400,single_family,2016,la habra,NA,NA,NA
cities_174,0,910693.0000,NA,NA,uncat,2016,la habra,NA,NA,NA
cities_175,5465,masked,masked,masked,agriculture,2016,laguna beach,NA,NA,masked
cities_175,1591711,masked,masked,masked,commercial,2016,laguna beach,NA,NA,masked
cities_175,79539,3996450.0000,21092,12.7588,condo,2016,laguna beach,NA,NA,NA
cities_175,185303,masked,masked,masked,industrial,2016,laguna beach,NA,NA,masked
cities_175,8178,masked,masked,masked,institutional,2016,laguna beach,NA,NA,masked
cities_175,1354631,6172392.0000,6716,3.3559,multi_family,2016,laguna beach,NA,NA,NA
cities_175,10309,1907612.0000,11712,NA,other,2016,laguna beach,NA,NA,NA
cities_175,89014,masked,masked,masked,residential_other,2016,laguna beach,NA,NA,masked
cities_175,0,masked,masked,masked,residential_uncat,2016,laguna beach,NA,NA,masked
cities_175,13256178,67625725.5000,6324,3.3647,res_total,2016,laguna beach,NA,23114,2925.7474
cities_175,11732994,43962050.5000,6246,3.3484,single_family,2016,laguna beach,NA,NA,NA
cities_175,0,masked,masked,masked,uncat,2016,laguna beach,NA,NA,masked
cities_176,NA,NA,NA,NA,agriculture,2016,laguna hills,NA,NA,NA
cities_176,NA,NA,NA,NA,commercial,2016,laguna hills,NA,NA,NA
cities_176,NA,NA,NA,NA,condo,2016,laguna hills,NA,NA,NA
cities_176,NA,NA,NA,NA,industrial,2016,laguna hills,NA,NA,NA
cities_176,NA,NA,NA,NA,institutional,2016,laguna hills,NA,NA,NA
cities_176,NA,NA,NA,NA,multi_family,2016,laguna hills,NA,NA,NA
cities_176,NA,NA,NA,NA,other,2016,laguna hills,NA,NA,NA
cities_176,NA,NA,NA,NA,residential_other,2016,laguna hills,NA,NA,NA
cities_176,NA,NA,NA,NA,residential_uncat,2016,laguna hills,NA,NA,NA
cities_176,NA,NA,NA,NA,res_total,2016,laguna hills,NA,NA,NA
cities_176,NA,NA,NA,NA,single_family,2016,laguna hills,NA,NA,NA
cities_176,NA,NA,NA,NA,uncat,2016,laguna hills,NA,NA,NA
cities_177,NA,NA,NA,NA,agriculture,2016,laguna niguel,NA,NA,NA
cities_177,NA,NA,NA,NA,commercial,2016,laguna niguel,NA,NA,NA
cities_177,NA,NA,NA,NA,condo,2016,laguna niguel,NA,NA,NA
cities_177,NA,NA,NA,NA,industrial,2016,laguna niguel,NA,NA,NA
cities_177,NA,NA,NA,NA,institutional,2016,laguna niguel,NA,NA,NA
cities_177,NA,NA,NA,NA,multi_family,2016,laguna niguel,NA,NA,NA
cities_177,NA,NA,NA,NA,other,2016,laguna niguel,NA,NA,NA
cities_177,NA,NA,NA,NA,residential_other,2016,laguna niguel,NA,NA,NA
cities_177,NA,NA,NA,NA,residential_uncat,2016,laguna niguel,NA,NA,NA
cities_177,NA,NA,NA,NA,res_total,2016,laguna niguel,NA,NA,NA
cities_177,NA,NA,NA,NA,single_family,2016,laguna niguel,NA,NA,NA
cities_177,NA,NA,NA,NA,uncat,2016,laguna niguel,NA,NA,NA
cities_178,NA,NA,NA,NA,agriculture,2016,laguna woods,NA,NA,NA
cities_178,166773,27513490.0000,213914,NA,commercial,2016,laguna woods,NA,NA,NA
cities_178,56191,11062302.5000,286090.5,216.9538,condo,2016,laguna woods,NA,NA,NA
cities_178,2320,masked,masked,masked,industrial,2016,laguna woods,NA,NA,masked
cities_178,0,masked,masked,masked,institutional,2016,laguna woods,NA,NA,masked
cities_178,6441342,6604326.0000,84811,1.0050,multi_family,2016,laguna woods,NA,NA,NA
cities_178,20334,9597377.5000,38292,NA,other,2016,laguna woods,NA,NA,NA
cities_178,39251,masked,masked,masked,residential_other,2016,laguna woods,NA,NA,masked
cities_178,0,masked,masked,masked,residential_uncat,2016,laguna woods,NA,NA,masked
cities_178,6536784,54905720.5000,84295,1.3654,res_total,2016,laguna woods,NA,16187,3391.9640
cities_178,NA,NA,NA,NA,single_family,2016,laguna woods,NA,NA,NA
cities_178,0,masked,masked,masked,uncat,2016,laguna woods,NA,NA,masked
cities_179,5774,2806260.0000,470646,423.0800,agriculture,2016,lake forest,NA,NA,NA
cities_179,1083679,178800532.0000,114759.5,NA,commercial,2016,lake forest,NA,NA,NA
cities_179,43528,13647357.5000,8488,NA,condo,2016,lake forest,NA,NA,NA
cities_179,1541211,masked,masked,masked,industrial,2016,lake forest,NA,NA,masked
cities_179,13340,masked,masked,masked,institutional,2016,lake forest,NA,NA,masked
cities_179,727790,10725065.5000,25992.5,5.5148,multi_family,2016,lake forest,NA,NA,NA
cities_179,14397,21146364.5000,12044,NA,other,2016,lake forest,NA,NA,NA
cities_179,47930,4262111.5000,4947,NA,residential_other,2016,lake forest,NA,NA,NA
cities_179,0,27567369.0000,NA,NA,residential_uncat,2016,lake forest,NA,NA,NA
cities_179,28154529,161086604.5000,7310.5,3.7068,res_total,2016,lake forest,NA,75176,2142.7930
cities_179,27335281,104884701.0000,7309,3.6719,single_family,2016,lake forest,NA,NA,NA
cities_179,0,2719951.0000,NA,NA,uncat,2016,lake forest,NA,NA,NA
cities_18,NA,NA,NA,NA,agriculture,2016,glendale,NA,NA,NA
cities_18,NA,NA,NA,NA,commercial,2016,glendale,NA,NA,NA
cities_18,NA,NA,NA,NA,condo,2016,glendale,NA,NA,NA
cities_18,NA,NA,NA,NA,industrial,2016,glendale,NA,NA,NA
cities_18,NA,NA,NA,NA,institutional,2016,glendale,NA,NA,NA
cities_18,NA,NA,NA,NA,multi_family,2016,glendale,NA,NA,NA
cities_18,NA,NA,NA,NA,other,2016,glendale,NA,NA,NA
cities_18,NA,NA,NA,NA,residential_other,2016,glendale,NA,NA,NA
cities_18,NA,NA,NA,NA,residential_uncat,2016,glendale,NA,NA,NA
cities_18,NA,NA,NA,NA,res_total,2016,glendale,NA,195449,NA
cities_18,NA,NA,NA,NA,single_family,2016,glendale,NA,NA,NA
cities_18,NA,NA,NA,NA,uncat,2016,glendale,NA,NA,NA
cities_180,NA,NA,NA,NA,agriculture,2016,los alamitos,NA,NA,NA
cities_180,797483,42674758.0000,54499,13.6488,commercial,2016,los alamitos,NA,NA,NA
cities_180,63412,1731429.0000,30748.5,19.9243,condo,2016,los alamitos,NA,NA,NA
cities_180,1527878,masked,masked,masked,industrial,2016,los alamitos,NA,NA,masked
cities_180,2793,masked,masked,masked,institutional,2016,los alamitos,NA,NA,masked
cities_180,1363709,7044407.5000,12503,4.8740,multi_family,2016,los alamitos,NA,NA,NA
cities_180,0,masked,masked,masked,other,2016,los alamitos,NA,NA,masked
cities_180,2913,masked,masked,masked,residential_other,2016,los alamitos,NA,NA,masked
cities_180,0,masked,masked,masked,residential_uncat,2016,los alamitos,NA,NA,masked
cities_180,4701021,25737528.0000,7340.5,3.8771,res_total,2016,los alamitos,NA,12346,2084.6856
cities_180,3270987,12956303.5000,6826,3.7428,single_family,2016,los alamitos,NA,NA,NA
cities_180,0,masked,masked,masked,uncat,2016,los alamitos,NA,NA,masked
cities_181,NA,NA,NA,NA,agriculture,2016,mission viejo,NA,NA,NA
cities_181,NA,NA,NA,NA,commercial,2016,mission viejo,NA,NA,NA
cities_181,NA,NA,NA,NA,condo,2016,mission viejo,NA,NA,NA
cities_181,NA,NA,NA,NA,industrial,2016,mission viejo,NA,NA,NA
cities_181,NA,NA,NA,NA,institutional,2016,mission viejo,NA,NA,NA
cities_181,NA,NA,NA,NA,multi_family,2016,mission viejo,NA,NA,NA
cities_181,NA,NA,NA,NA,other,2016,mission viejo,NA,NA,NA
cities_181,NA,NA,NA,NA,residential_other,2016,mission viejo,NA,NA,NA
cities_181,NA,NA,NA,NA,residential_uncat,2016,mission viejo,NA,NA,NA
cities_181,NA,NA,NA,NA,res_total,2016,mission viejo,NA,NA,NA
cities_181,NA,NA,NA,NA,single_family,2016,mission viejo,NA,NA,NA
cities_181,NA,NA,NA,NA,uncat,2016,mission viejo,NA,NA,NA
cities_182,3128,masked,masked,masked,agriculture,2016,newport beach,NA,NA,masked
cities_182,5666887,470367984.5000,54228,17.5104,commercial,2016,newport beach,NA,NA,NA
cities_182,850740,22835352.5000,9709,6.0202,condo,2016,newport beach,NA,NA,NA
cities_182,557199,masked,masked,masked,industrial,2016,newport beach,NA,NA,masked
cities_182,240410,masked,masked,masked,institutional,2016,newport beach,NA,NA,masked
cities_182,7710212,35015448.0000,5940.5,3.2307,multi_family,2016,newport beach,NA,NA,NA
cities_182,150006,masked,masked,masked,other,2016,newport beach,NA,NA,masked
cities_182,207239,5297786.5000,7152,4.1074,residential_other,2016,newport beach,NA,NA,NA
cities_182,0,68234552.5000,NA,NA,residential_uncat,2016,newport beach,NA,NA,NA
cities_182,58707100,320013590.0000,7839,3.3588,res_total,2016,newport beach,NA,84998,3764.9544
cities_182,49938909,188630450.5000,8165.5,3.3359,single_family,2016,newport beach,NA,NA,NA
cities_182,0,masked,masked,masked,uncat,2016,newport beach,NA,NA,masked
cities_183,5266,masked,masked,masked,agriculture,2016,orange,NA,NA,masked
cities_183,5063570,473360714.5000,46543,15.9229,commercial,2016,orange,NA,NA,NA
cities_183,79003,15517144.0000,152680.5,124.0933,condo,2016,orange,NA,NA,NA
cities_183,8650246,162527419.0000,44694,5.2708,industrial,2016,orange,NA,NA,NA
cities_183,538302,masked,masked,masked,institutional,2016,orange,NA,NA,masked
cities_183,7361027,41059117.5000,9816.5,3.6826,multi_family,2016,orange,NA,NA,NA
cities_183,20793,masked,masked,masked,other,2016,orange,NA,NA,masked
cities_183,127588,4386530.5000,13770,5.7536,residential_other,2016,orange,NA,NA,NA
cities_183,0,44831949.6667,NA,NA,residential_uncat,2016,orange,NA,NA,NA
cities_183,51743915,291260912.6667,7542,4.0281,res_total,2016,orange,NA,133426,2182.9397
cities_183,44176297,185466171.0000,7452,4.0411,single_family,2016,orange,NA,NA,NA
cities_183,0,4812650.0000,NA,NA,uncat,2016,orange,NA,NA,NA
cities_184,2918,masked,masked,masked,agriculture,2016,placentia,NA,NA,masked
cities_184,958781,49141731.0000,36502,16.7146,commercial,2016,placentia,NA,NA,NA
cities_184,25880,3545527.0000,66580.5,61.9721,condo,2016,placentia,NA,NA,NA
cities_184,2425073,50378136.0000,58406,11.8185,industrial,2016,placentia,NA,NA,NA
cities_184,13336,13828835.0000,83593.5,NA,institutional,2016,placentia,NA,NA,NA
cities_184,1590968,11743060.5000,16198.5,4.9626,multi_family,2016,placentia,NA,NA,NA
cities_184,48931,8163236.0000,9170,NA,other,2016,placentia,NA,NA,NA
cities_184,28086,masked,masked,masked,residential_other,2016,placentia,NA,NA,masked
cities_184,0,masked,masked,masked,residential_uncat,2016,placentia,NA,NA,masked
cities_184,21751189,105655326.0000,7156.5,3.8166,res_total,2016,placentia,NA,49687,2126.4179
cities_184,20106255,79773323.5000,7090.5,3.7918,single_family,2016,placentia,NA,NA,NA
cities_184,0,masked,masked,masked,uncat,2016,placentia,NA,NA,masked
cities_185,0,masked,masked,masked,agriculture,2016,rancho santa margarita,NA,NA,masked
cities_185,58187,57480990.0000,119945,NA,commercial,2016,rancho santa margarita,NA,NA,NA
cities_185,42068,5128802.0000,33407,30.6195,condo,2016,rancho santa margarita,NA,NA,NA
cities_185,266040,50953977.0000,47365,20.1334,industrial,2016,rancho santa margarita,NA,NA,NA
cities_185,0,masked,masked,masked,institutional,2016,rancho santa margarita,NA,NA,masked
cities_185,26249,6575750.5000,512144.75,243.2745,multi_family,2016,rancho santa margarita,NA,NA,NA
cities_185,8643,17684883.0000,12756,NA,other,2016,rancho santa margarita,NA,NA,NA
cities_185,55797,2085029.0000,27813,18.0822,residential_other,2016,rancho santa margarita,NA,NA,NA
cities_185,0,36681818.0000,NA,NA,residential_uncat,2016,rancho santa margarita,NA,NA,NA
cities_185,13659939,102693179.5000,7866,3.7543,res_total,2016,rancho santa margarita,NA,47254,2173.2166
cities_185,13535825,52221780.0000,7841,3.7386,single_family,2016,rancho santa margarita,NA,NA,NA
cities_185,0,masked,masked,masked,uncat,2016,rancho santa margarita,NA,NA,masked
cities_186,NA,NA,NA,NA,agriculture,2016,san clemente,NA,NA,NA
cities_186,NA,NA,NA,NA,commercial,2016,san clemente,NA,NA,NA
cities_186,NA,NA,NA,NA,condo,2016,san clemente,NA,NA,NA
cities_186,NA,NA,NA,NA,industrial,2016,san clemente,NA,NA,NA
cities_186,NA,NA,NA,NA,institutional,2016,san clemente,NA,NA,NA
cities_186,NA,NA,NA,NA,multi_family,2016,san clemente,NA,NA,NA
cities_186,NA,NA,NA,NA,other,2016,san clemente,NA,NA,NA
cities_186,NA,NA,NA,NA,residential_other,2016,san clemente,NA,NA,NA
cities_186,NA,NA,NA,NA,residential_uncat,2016,san clemente,NA,NA,NA
cities_186,NA,NA,NA,NA,res_total,2016,san clemente,NA,NA,NA
cities_186,NA,NA,NA,NA,single_family,2016,san clemente,NA,NA,NA
cities_186,NA,NA,NA,NA,uncat,2016,san clemente,NA,NA,NA
cities_187,NA,NA,NA,NA,agriculture,2016,san juan capistrano,NA,NA,NA
cities_187,NA,NA,NA,NA,commercial,2016,san juan capistrano,NA,NA,NA
cities_187,NA,NA,NA,NA,condo,2016,san juan capistrano,NA,NA,NA
cities_187,NA,NA,NA,NA,industrial,2016,san juan capistrano,NA,NA,NA
cities_187,NA,NA,NA,NA,institutional,2016,san juan capistrano,NA,NA,NA
cities_187,NA,NA,NA,NA,multi_family,2016,san juan capistrano,NA,NA,NA
cities_187,NA,NA,NA,NA,other,2016,san juan capistrano,NA,NA,NA
cities_187,NA,NA,NA,NA,residential_other,2016,san juan capistrano,NA,NA,NA
cities_187,NA,NA,NA,NA,residential_uncat,2016,san juan capistrano,NA,NA,NA
cities_187,NA,NA,NA,NA,res_total,2016,san juan capistrano,NA,NA,NA
cities_187,NA,NA,NA,NA,single_family,2016,san juan capistrano,NA,NA,NA
cities_187,NA,NA,NA,NA,uncat,2016,san juan capistrano,NA,NA,NA
cities_188,NA,NA,NA,NA,agriculture,2016,santa ana,NA,NA,NA
cities_188,11102193,530598762.0000,26396,12.1112,commercial,2016,santa ana,NA,NA,NA
cities_188,138866,37165916.0000,143219,109.1781,condo,2016,santa ana,NA,NA,NA
cities_188,18488656,408701137.0000,47054,4.8953,industrial,2016,santa ana,NA,NA,NA
cities_188,349195,109306619.0000,120073,NA,institutional,2016,santa ana,NA,NA,NA
cities_188,12346646,72198048.0000,10572.5,4.0308,multi_family,2016,santa ana,NA,NA,NA
cities_188,75666,masked,masked,masked,other,2016,santa ana,NA,NA,masked
cities_188,89181,1658922.2000,9728,6.2960,residential_other,2016,santa ana,NA,NA,NA
cities_188,0,61331854.5000,NA,NA,residential_uncat,2016,santa ana,NA,NA,NA
cities_188,56854340,361662787.2000,5828,4.0833,res_total,2016,santa ana,NA,331180,1092.0430
cities_188,44279647,189308046.5000,5694.5,4.0786,single_family,2016,santa ana,NA,NA,NA
cities_188,0,masked,masked,masked,uncat,2016,santa ana,NA,NA,masked
cities_189,NA,NA,NA,NA,agriculture,2016,seal beach,NA,NA,NA
cities_189,802919,masked,masked,masked,commercial,2016,seal beach,NA,NA,masked
cities_189,38104,3400661.0000,14055,10.5814,condo,2016,seal beach,NA,NA,NA
cities_189,3150,masked,masked,masked,industrial,2016,seal beach,NA,NA,masked
cities_189,11707,masked,masked,masked,institutional,2016,seal beach,NA,NA,masked
cities_189,6503909,16853822.0000,11124.5,3.3407,multi_family,2016,seal beach,NA,NA,NA
cities_189,30027,masked,masked,masked,other,2016,seal beach,NA,NA,masked
cities_189,10747,masked,masked,masked,residential_other,2016,seal beach,NA,NA,masked
cities_189,0,masked,masked,masked,residential_uncat,2016,seal beach,NA,NA,masked
cities_189,14913429,69521381.5000,6601,3.2559,res_total,2016,seal beach,NA,25331,2744.5178
cities_189,8360669,28471222.5000,6303,3.2273,single_family,2016,seal beach,NA,NA,NA
cities_189,0,masked,masked,masked,uncat,2016,seal beach,NA,NA,masked
cities_19,NA,NA,NA,NA,agriculture,2016,glendora,NA,NA,NA
cities_19,6574159,84775888.0000,44138.5,7.7184,commercial,2016,glendora,NA,NA,NA
cities_19,820959,7722311.0000,7737.5,3.7937,condo,2016,glendora,NA,NA,NA
cities_19,1147400,masked,masked,masked,industrial,2016,glendora,NA,NA,masked
cities_19,674591,13964904.0000,44498.5,6.1241,institutional,2016,glendora,NA,NA,NA
cities_19,2791742,15195845.0000,11616,4.5576,multi_family,2016,glendora,NA,NA,NA
cities_19,101145,1032528.0000,10929.5,24.1827,other,2016,glendora,NA,NA,NA
cities_19,500512,6260923.0000,14419,37.5402,residential_other,2016,glendora,NA,NA,NA
cities_19,0,5711492.0000,NA,NA,residential_uncat,2016,glendora,NA,NA,NA
cities_19,25625578,146200650.0000,8314,5.0328,res_total,2016,glendora,NA,53968,2709.0248
cities_19,21512365,111310079.0000,8270,5.0762,single_family,2016,glendora,NA,NA,NA
cities_19,0,masked,masked,masked,uncat,2016,glendora,NA,NA,masked
cities_190,NA,NA,NA,NA,agriculture,2016,stanton,NA,NA,NA
cities_190,1581166,37518672.0000,36082,8.7261,commercial,2016,stanton,NA,NA,NA
cities_190,30269,2419357.0000,34808.5,99.2311,condo,2016,stanton,NA,NA,NA
cities_190,1360569,23183091.2000,20822.5,3.9204,industrial,2016,stanton,NA,NA,NA
cities_190,64857,masked,masked,masked,institutional,2016,stanton,NA,NA,masked
cities_190,2561531,10715236.5000,12785,3.8311,multi_family,2016,stanton,NA,NA,NA
cities_190,8476,5426284.5000,5646,NA,other,2016,stanton,NA,NA,NA
cities_190,28527,masked,masked,masked,residential_other,2016,stanton,NA,NA,masked
cities_190,0,masked,masked,masked,residential_uncat,2016,stanton,NA,NA,masked
cities_190,7529279,44747315.5000,6270.5,4.5892,res_total,2016,stanton,NA,38455,1163.6280
cities_190,4908952,24342315.0000,6092,4.6540,single_family,2016,stanton,NA,NA,NA
cities_190,0,510579.0000,NA,NA,uncat,2016,stanton,NA,NA,NA
cities_191,0,746540.0000,746540,NA,agriculture,2016,tustin,NA,NA,NA
cities_191,4074603,206756901.0000,87574.5,13.0641,commercial,2016,tustin,NA,NA,NA
cities_191,58093,13328340.5000,148153,102.1041,condo,2016,tustin,NA,NA,NA
cities_191,3478415,masked,masked,masked,industrial,2016,tustin,NA,NA,masked
cities_191,53666,17863618.0000,221808.5,NA,institutional,2016,tustin,NA,NA,NA
cities_191,5041791,31752705.0000,17606,4.1354,multi_family,2016,tustin,NA,NA,NA
cities_191,35403,14643917.5000,12357,NA,other,2016,tustin,NA,NA,NA
cities_191,26053,2282270.0000,4438,NA,residential_other,2016,tustin,NA,NA,NA
cities_191,0,32312738.5000,NA,NA,residential_uncat,2016,tustin,NA,NA,NA
cities_191,21785086,143686250.5000,7148,3.7665,res_total,2016,tustin,NA,79457,1808.3523
cities_191,16659149,64010196.5000,7050,3.6580,single_family,2016,tustin,NA,NA,NA
cities_191,0,masked,masked,masked,uncat,2016,tustin,NA,NA,masked
cities_192,4227,masked,masked,masked,agriculture,2016,villa park,NA,NA,masked
cities_192,98423,masked,masked,masked,commercial,2016,villa park,NA,NA,masked
cities_192,NA,NA,NA,NA,condo,2016,villa park,NA,NA,NA
cities_192,0,masked,masked,masked,industrial,2016,villa park,NA,NA,masked
cities_192,0,masked,masked,masked,institutional,2016,villa park,NA,NA,masked
cities_192,NA,NA,NA,NA,multi_family,2016,villa park,NA,NA,NA
cities_192,2072,masked,masked,masked,other,2016,villa park,NA,NA,masked
cities_192,3608,masked,masked,masked,residential_other,2016,villa park,NA,NA,masked
cities_192,0,masked,masked,masked,residential_uncat,2016,villa park,NA,NA,masked
cities_192,6007395,28220909.0000,12282,3.7708,res_total,2016,villa park,NA,6013,4693.3160
cities_192,6003787,24322499.0000,12287.5,3.7695,single_family,2016,villa park,NA,NA,NA
cities_192,0,masked,masked,masked,uncat,2016,villa park,NA,NA,masked
cities_193,NA,NA,NA,NA,agriculture,2016,westminster,NA,NA,NA
cities_193,3952999,152538129.5000,54185,12.4707,commercial,2016,westminster,NA,NA,NA
cities_193,18569,1551758.0000,49572,38.3981,condo,2016,westminster,NA,NA,NA
cities_193,1761752,26490599.0000,22429.5,3.1264,industrial,2016,westminster,NA,NA,NA
cities_193,60119,masked,masked,masked,institutional,2016,westminster,NA,NA,masked
cities_193,4307966,21218415.5000,13933,4.1241,multi_family,2016,westminster,NA,NA,NA
cities_193,49173,masked,masked,masked,other,2016,westminster,NA,NA,masked
cities_193,72635,2812977.0000,4644,NA,residential_other,2016,westminster,NA,NA,NA
cities_193,0,14127369.0000,NA,NA,residential_uncat,2016,westminster,NA,NA,NA
cities_193,31093396,144673963.5000,6049,3.7271,res_total,2016,westminster,NA,92559,1563.0459
cities_193,26694226,104963444.0000,5936,3.6943,single_family,2016,westminster,NA,NA,NA
cities_193,0,masked,masked,masked,uncat,2016,westminster,NA,NA,masked
cities_194,7635,masked,masked,masked,agriculture,2016,yorba linda,NA,NA,masked
cities_194,1009751,59322159.0000,56698,17.5060,commercial,2016,yorba linda,NA,NA,NA
cities_194,36829,6202697.0000,172146,153.2177,condo,2016,yorba linda,NA,NA,NA
cities_194,192970,masked,masked,masked,industrial,2016,yorba linda,NA,NA,masked
cities_194,14812,masked,masked,masked,institutional,2016,yorba linda,NA,NA,masked
cities_194,345004,3699207.5000,13317,4.2895,multi_family,2016,yorba linda,NA,NA,NA
cities_194,25168,masked,masked,masked,other,2016,yorba linda,NA,NA,masked
cities_194,75285,558796.0000,6784.5,4.3576,residential_other,2016,yorba linda,NA,NA,NA
cities_194,0,35593389.0000,NA,NA,residential_uncat,2016,yorba linda,NA,NA,NA
cities_194,38951600,204028684.5000,8837,3.9437,res_total,2016,yorba linda,NA,62759,3250.9869
cities_194,38494482,157974595.0000,8818,3.9403,single_family,2016,yorba linda,NA,NA,NA
cities_194,0,4047727.0000,NA,NA,uncat,2016,yorba linda,NA,NA,NA
cities_195,NA,NA,NA,NA,agriculture,2016,westmorland,NA,NA,NA
cities_195,NA,NA,NA,NA,commercial,2016,westmorland,NA,NA,NA
cities_195,NA,NA,NA,NA,condo,2016,westmorland,NA,NA,NA
cities_195,NA,NA,NA,NA,industrial,2016,westmorland,NA,NA,NA
cities_195,NA,NA,NA,NA,institutional,2016,westmorland,NA,NA,NA
cities_195,NA,NA,NA,NA,multi_family,2016,westmorland,NA,NA,NA
cities_195,NA,NA,NA,NA,other,2016,westmorland,NA,NA,NA
cities_195,NA,NA,NA,NA,residential_other,2016,westmorland,NA,NA,NA
cities_195,NA,NA,NA,NA,residential_uncat,2016,westmorland,NA,NA,NA
cities_195,NA,NA,NA,NA,res_total,2016,westmorland,NA,1747,NA
cities_195,NA,NA,NA,NA,single_family,2016,westmorland,NA,NA,NA
cities_195,NA,NA,NA,NA,uncat,2016,westmorland,NA,NA,NA
cities_196,NA,NA,NA,NA,agriculture,2016,el centro,NA,NA,NA
cities_196,NA,NA,NA,NA,commercial,2016,el centro,NA,NA,NA
cities_196,NA,NA,NA,NA,condo,2016,el centro,NA,NA,NA
cities_196,NA,NA,NA,NA,industrial,2016,el centro,NA,NA,NA
cities_196,NA,NA,NA,NA,institutional,2016,el centro,NA,NA,NA
cities_196,NA,NA,NA,NA,multi_family,2016,el centro,NA,NA,NA
cities_196,NA,NA,NA,NA,other,2016,el centro,NA,NA,NA
cities_196,NA,NA,NA,NA,residential_other,2016,el centro,NA,NA,NA
cities_196,NA,NA,NA,NA,residential_uncat,2016,el centro,NA,NA,NA
cities_196,NA,NA,NA,NA,res_total,2016,el centro,NA,40107,NA
cities_196,NA,NA,NA,NA,single_family,2016,el centro,NA,NA,NA
cities_196,NA,NA,NA,NA,uncat,2016,el centro,NA,NA,NA
cities_197,NA,NA,NA,NA,agriculture,2016,imperial,NA,NA,NA
cities_197,NA,NA,NA,NA,commercial,2016,imperial,NA,NA,NA
cities_197,NA,NA,NA,NA,condo,2016,imperial,NA,NA,NA
cities_197,NA,NA,NA,NA,industrial,2016,imperial,NA,NA,NA
cities_197,NA,NA,NA,NA,institutional,2016,imperial,NA,NA,NA
cities_197,NA,NA,NA,NA,multi_family,2016,imperial,NA,NA,NA
cities_197,NA,NA,NA,NA,other,2016,imperial,NA,NA,NA
cities_197,NA,NA,NA,NA,residential_other,2016,imperial,NA,NA,NA
cities_197,NA,NA,NA,NA,residential_uncat,2016,imperial,NA,NA,NA
cities_197,NA,NA,NA,NA,res_total,2016,imperial,NA,15782,NA
cities_197,NA,NA,NA,NA,single_family,2016,imperial,NA,NA,NA
cities_197,NA,NA,NA,NA,uncat,2016,imperial,NA,NA,NA
cities_198,NA,NA,NA,NA,agriculture,2016,holtville,NA,NA,NA
cities_198,NA,NA,NA,NA,commercial,2016,holtville,NA,NA,NA
cities_198,NA,NA,NA,NA,condo,2016,holtville,NA,NA,NA
cities_198,NA,NA,NA,NA,industrial,2016,holtville,NA,NA,NA
cities_198,NA,NA,NA,NA,institutional,2016,holtville,NA,NA,NA
cities_198,NA,NA,NA,NA,multi_family,2016,holtville,NA,NA,NA
cities_198,NA,NA,NA,NA,other,2016,holtville,NA,NA,NA
cities_198,NA,NA,NA,NA,residential_other,2016,holtville,NA,NA,NA
cities_198,NA,NA,NA,NA,residential_uncat,2016,holtville,NA,NA,NA
cities_198,NA,NA,NA,NA,res_total,2016,holtville,NA,6067,NA
cities_198,NA,NA,NA,NA,single_family,2016,holtville,NA,NA,NA
cities_198,NA,NA,NA,NA,uncat,2016,holtville,NA,NA,NA
cities_199,NA,NA,NA,NA,agriculture,2016,calipatria,NA,NA,NA
cities_199,NA,NA,NA,NA,commercial,2016,calipatria,NA,NA,NA
cities_199,NA,NA,NA,NA,condo,2016,calipatria,NA,NA,NA
cities_199,NA,NA,NA,NA,industrial,2016,calipatria,NA,NA,NA
cities_199,NA,NA,NA,NA,institutional,2016,calipatria,NA,NA,NA
cities_199,NA,NA,NA,NA,multi_family,2016,calipatria,NA,NA,NA
cities_199,NA,NA,NA,NA,other,2016,calipatria,NA,NA,NA
cities_199,NA,NA,NA,NA,residential_other,2016,calipatria,NA,NA,NA
cities_199,NA,NA,NA,NA,residential_uncat,2016,calipatria,NA,NA,NA
cities_199,NA,NA,NA,NA,res_total,2016,calipatria,NA,7599,NA
cities_199,NA,NA,NA,NA,single_family,2016,calipatria,NA,NA,NA
cities_199,NA,NA,NA,NA,uncat,2016,calipatria,NA,NA,NA
cities_2,NA,NA,NA,NA,agriculture,2016,alhambra,NA,NA,NA
cities_2,7228245,110452922.2000,25310,6.9877,commercial,2016,alhambra,NA,NA,NA
cities_2,484430,22331144.0000,32037.5,24.6818,condo,2016,alhambra,NA,NA,NA
cities_2,2534457,masked,masked,masked,industrial,2016,alhambra,NA,NA,masked
cities_2,1558197,51822826.0000,39569,6.5321,institutional,2016,alhambra,NA,NA,NA
cities_2,14703192,53265669.6000,8099.5,3.0972,multi_family,2016,alhambra,NA,NA,NA
cities_2,172989,masked,masked,masked,other,2016,alhambra,NA,NA,masked
cities_2,499774,masked,masked,masked,residential_other,2016,alhambra,NA,NA,masked
cities_2,0,masked,masked,masked,residential_uncat,2016,alhambra,NA,NA,masked
cities_2,30274817,150895321.8000,5955.5,3.6054,res_total,2016,alhambra,NA,84358,1788.7494
cities_2,14587421,59056892.2000,5448,3.7208,single_family,2016,alhambra,NA,NA,NA
cities_2,0,masked,masked,masked,uncat,2016,alhambra,NA,NA,masked
cities_20,NA,NA,NA,NA,agriculture,2016,huntington park,NA,NA,NA
cities_20,4110254,71230450.4000,20143,4.8304,commercial,2016,huntington park,NA,NA,NA
cities_20,82085,3764937.0000,7471,5.6729,condo,2016,huntington park,NA,NA,NA
cities_20,3876877,41282408.0000,32633,3.6611,industrial,2016,huntington park,NA,NA,NA
cities_20,533803,18611589.0000,26542.5,4.4452,institutional,2016,huntington park,NA,NA,NA
cities_20,7603878,29481966.1000,9068,3.8431,multi_family,2016,huntington park,NA,NA,NA
cities_20,17476,masked,masked,masked,other,2016,huntington park,NA,NA,masked
cities_20,254687,2146315.0000,15995,5.0260,residential_other,2016,huntington park,NA,NA,NA
cities_20,0,5242482.0000,NA,NA,residential_uncat,2016,huntington park,NA,NA,NA
cities_20,11661441,56952949.4000,6450,3.9694,res_total,2016,huntington park,NA,60167,946.5812
cities_20,3720791,16317249.3000,5283,4.0631,single_family,2016,huntington park,NA,NA,NA
cities_20,0,masked,masked,masked,uncat,2016,huntington park,NA,NA,masked
cities_200,NA,NA,NA,NA,agriculture,2016,brawley,NA,NA,NA
cities_200,NA,NA,NA,NA,commercial,2016,brawley,NA,NA,NA
cities_200,NA,NA,NA,NA,condo,2016,brawley,NA,NA,NA
cities_200,NA,NA,NA,NA,industrial,2016,brawley,NA,NA,NA
cities_200,NA,NA,NA,NA,institutional,2016,brawley,NA,NA,NA
cities_200,NA,NA,NA,NA,multi_family,2016,brawley,NA,NA,NA
cities_200,NA,NA,NA,NA,other,2016,brawley,NA,NA,NA
cities_200,NA,NA,NA,NA,residential_other,2016,brawley,NA,NA,NA
cities_200,NA,NA,NA,NA,residential_uncat,2016,brawley,NA,NA,NA
cities_200,NA,NA,NA,NA,res_total,2016,brawley,NA,25478,NA
cities_200,NA,NA,NA,NA,single_family,2016,brawley,NA,NA,NA
cities_200,NA,NA,NA,NA,uncat,2016,brawley,NA,NA,NA
cities_201,NA,NA,NA,NA,agriculture,2016,calexico,NA,NA,NA
cities_201,NA,NA,NA,NA,commercial,2016,calexico,NA,NA,NA
cities_201,NA,NA,NA,NA,condo,2016,calexico,NA,NA,NA
cities_201,NA,NA,NA,NA,industrial,2016,calexico,NA,NA,NA
cities_201,NA,NA,NA,NA,institutional,2016,calexico,NA,NA,NA
cities_201,NA,NA,NA,NA,multi_family,2016,calexico,NA,NA,NA
cities_201,NA,NA,NA,NA,other,2016,calexico,NA,NA,NA
cities_201,NA,NA,NA,NA,residential_other,2016,calexico,NA,NA,NA
cities_201,NA,NA,NA,NA,residential_uncat,2016,calexico,NA,NA,NA
cities_201,NA,NA,NA,NA,res_total,2016,calexico,NA,39281,NA
cities_201,NA,NA,NA,NA,single_family,2016,calexico,NA,NA,NA
cities_201,NA,NA,NA,NA,uncat,2016,calexico,NA,NA,NA
cities_202,2160602,74676118.0000,16151,15.0120,agriculture,2016,ventura unincorporated area,NA,NA,NA
cities_202,759819,masked,masked,masked,commercial,2016,ventura unincorporated area,NA,NA,masked
cities_202,1814732,9447653.0000,5985,4.1920,condo,2016,ventura unincorporated area,NA,NA,NA
cities_202,1622013,239605961.0000,31126,4.3135,industrial,2016,ventura unincorporated area,NA,NA,NA
cities_202,800331,masked,masked,masked,institutional,2016,ventura unincorporated area,NA,NA,masked
cities_202,2287373,6972507.0000,6114,3.2517,multi_family,2016,ventura unincorporated area,NA,NA,NA
cities_202,703441,masked,masked,masked,other,2016,ventura unincorporated area,NA,NA,masked
cities_202,617077,7406117.5000,6186,4.7168,residential_other,2016,ventura unincorporated area,NA,NA,NA
cities_202,0,34602926.0000,NA,NA,residential_uncat,2016,ventura unincorporated area,NA,NA,NA
cities_202,50871172,251354341.8333,7154,3.7733,res_total,2016,ventura unincorporated area,NA,166370,1510.8153
cities_202,46151990,192925138.3333,7305.5,3.7545,single_family,2016,ventura unincorporated area,NA,NA,NA
cities_202,0,masked,masked,masked,uncat,2016,ventura unincorporated area,NA,NA,masked
cities_203,339652,masked,masked,masked,agriculture,2016,san bernardino unincorporated area,NA,NA,masked
cities_203,10329074,264722882.5000,18510,9.3268,commercial,2016,san bernardino unincorporated area,NA,NA,NA
cities_203,1453743,9084389.0000,6380,4.5080,condo,2016,san bernardino unincorporated area,NA,NA,NA
cities_203,15753897,masked,masked,masked,industrial,2016,san bernardino unincorporated area,NA,NA,masked
cities_203,950044,masked,masked,masked,institutional,2016,san bernardino unincorporated area,NA,NA,masked
cities_203,5838822,45836614.5000,10472,7.5106,multi_family,2016,san bernardino unincorporated area,NA,NA,NA
cities_203,573195,masked,masked,masked,other,2016,san bernardino unincorporated area,NA,NA,masked
cities_203,11629267,87902667.0000,6633.5,5.5413,residential_other,2016,san bernardino unincorporated area,NA,NA,NA
cities_203,0,39906362.0000,NA,NA,residential_uncat,2016,san bernardino unincorporated area,NA,NA,NA
cities_203,142221532,730795614.1667,6516,4.2813,res_total,2016,san bernardino unincorporated area,NA,322930,2263.0156
cities_203,123299700,548065581.6667,6407,4.0979,single_family,2016,san bernardino unincorporated area,NA,NA,NA
cities_203,0,masked,masked,masked,uncat,2016,san bernardino unincorporated area,NA,NA,masked
cities_204,NA,38503058.5000,12819,NA,agriculture,2016,riverside unincorporated area,NA,NA,NA
cities_204,NA,702405317.0000,33322,NA,commercial,2016,riverside unincorporated area,NA,NA,NA
cities_204,284504,1602978.0000,5188,5.1477,condo,2016,riverside unincorporated area,NA,NA,NA
cities_204,NA,NA,NA,NA,industrial,2016,riverside unincorporated area,NA,NA,NA
cities_204,NA,masked,masked,masked,institutional,2016,riverside unincorporated area,NA,NA,masked
cities_204,3474937,30712055.0000,11486,6.5374,multi_family,2016,riverside unincorporated area,NA,NA,NA
cities_204,NA,38885980.5000,8478,NA,other,2016,riverside unincorporated area,NA,NA,NA
cities_204,6111956,91126422.5000,6094,5.7972,residential_other,2016,riverside unincorporated area,NA,NA,NA
cities_204,0,73803274.5000,NA,NA,residential_uncat,2016,riverside unincorporated area,NA,NA,NA
cities_204,161401138,870364655.8000,8067,4.2844,res_total,2016,riverside unincorporated area,NA,448124,1942.2407
cities_204,151529741,673119925.8000,8154,4.1762,single_family,2016,riverside unincorporated area,NA,NA,NA
cities_204,0,masked,masked,masked,uncat,2016,riverside unincorporated area,NA,NA,masked
cities_205,NA,masked,masked,masked,agriculture,2016,orange unincorporated area,NA,NA,masked
cities_205,NA,84742679.0000,19276,NA,commercial,2016,orange unincorporated area,NA,NA,NA
cities_205,NA,4031048.0000,58294,NA,condo,2016,orange unincorporated area,NA,NA,NA
cities_205,NA,masked,masked,masked,industrial,2016,orange unincorporated area,NA,NA,masked
cities_205,NA,19859712.0000,29576,NA,institutional,2016,orange unincorporated area,NA,NA,NA
cities_205,NA,7115685.5000,11499,NA,multi_family,2016,orange unincorporated area,NA,NA,NA
cities_205,NA,masked,masked,masked,other,2016,orange unincorporated area,NA,NA,masked
cities_205,NA,1240684.0000,6395.5,NA,residential_other,2016,orange unincorporated area,NA,NA,NA
cities_205,NA,67167468.5000,NA,NA,residential_uncat,2016,orange unincorporated area,NA,NA,NA
cities_205,NA,272874116.5000,8385,NA,res_total,2016,orange unincorporated area,NA,NA,NA
cities_205,NA,193319230.5000,8366,NA,single_family,2016,orange unincorporated area,NA,NA,NA
cities_205,NA,masked,masked,masked,uncat,2016,orange unincorporated area,NA,NA,masked
cities_206,NA,NA,NA,NA,agriculture,2016,imperial unincorporated area,NA,NA,NA
cities_206,NA,NA,NA,NA,commercial,2016,imperial unincorporated area,NA,NA,NA
cities_206,NA,NA,NA,NA,condo,2016,imperial unincorporated area,NA,NA,NA
cities_206,NA,NA,NA,NA,industrial,2016,imperial unincorporated area,NA,NA,NA
cities_206,NA,NA,NA,NA,institutional,2016,imperial unincorporated area,NA,NA,NA
cities_206,NA,NA,NA,NA,multi_family,2016,imperial unincorporated area,NA,NA,NA
cities_206,NA,NA,NA,NA,other,2016,imperial unincorporated area,NA,NA,NA
cities_206,NA,NA,NA,NA,residential_other,2016,imperial unincorporated area,NA,NA,NA
cities_206,NA,NA,NA,NA,residential_uncat,2016,imperial unincorporated area,NA,NA,NA
cities_206,NA,NA,NA,NA,res_total,2016,imperial unincorporated area,NA,71761,NA
cities_206,NA,NA,NA,NA,single_family,2016,imperial unincorporated area,NA,NA,NA
cities_206,NA,NA,NA,NA,uncat,2016,imperial unincorporated area,NA,NA,NA
cities_21,NA,NA,NA,NA,agriculture,2016,industry,NA,NA,NA
cities_21,NA,NA,NA,NA,commercial,2016,industry,NA,NA,NA
cities_21,NA,NA,NA,NA,condo,2016,industry,NA,NA,NA
cities_21,NA,NA,NA,NA,industrial,2016,industry,NA,NA,NA
cities_21,NA,NA,NA,NA,institutional,2016,industry,NA,NA,NA
cities_21,NA,NA,NA,NA,multi_family,2016,industry,NA,NA,NA
cities_21,NA,NA,NA,NA,other,2016,industry,NA,NA,NA
cities_21,NA,NA,NA,NA,residential_other,2016,industry,NA,NA,NA
cities_21,NA,NA,NA,NA,residential_uncat,2016,industry,NA,NA,NA
cities_21,NA,NA,NA,NA,res_total,2016,industry,NA,384,NA
cities_21,NA,NA,NA,NA,single_family,2016,industry,NA,NA,NA
cities_21,NA,NA,NA,NA,uncat,2016,industry,NA,NA,NA
cities_22,NA,NA,NA,NA,agriculture,2016,la puente,NA,NA,NA
cities_22,3418748,37802544.0000,32794,6.2133,commercial,2016,la puente,NA,NA,NA
cities_22,651543,3940416.0000,5061,3.5688,condo,2016,la puente,NA,NA,NA
cities_22,277902,masked,masked,masked,industrial,2016,la puente,NA,NA,masked
cities_22,167704,masked,masked,masked,institutional,2016,la puente,NA,NA,masked
cities_22,2178794,8802266.0000,15352,4.4389,multi_family,2016,la puente,NA,NA,NA
cities_22,4127,masked,masked,masked,other,2016,la puente,NA,NA,masked
cities_22,304463,masked,masked,masked,residential_other,2016,la puente,NA,NA,masked
cities_22,0,masked,masked,masked,residential_uncat,2016,la puente,NA,NA,masked
cities_22,10933312,56759723.0000,6279,4.8901,res_total,2016,la puente,NA,40631,1396.9561
cities_22,7798512,41093280.0000,6287,5.0012,single_family,2016,la puente,NA,NA,NA
cities_22,0,masked,masked,masked,uncat,2016,la puente,NA,NA,masked
cities_23,48777,masked,masked,masked,agriculture,2016,lancaster,NA,NA,masked
cities_23,13209150,190068119.0000,40479.5,7.4083,commercial,2016,lancaster,NA,NA,NA
cities_23,514041,17472249.0000,6979,5.1871,condo,2016,lancaster,NA,NA,NA
cities_23,7673658,masked,masked,masked,industrial,2016,lancaster,NA,NA,masked
cities_23,1799182,47322608.0000,43393,5.7418,institutional,2016,lancaster,NA,NA,NA
cities_23,8718697,30388207.0000,9934,4.0870,multi_family,2016,lancaster,NA,NA,NA
cities_23,198553,masked,masked,masked,other,2016,lancaster,NA,NA,masked
cities_23,567702,26827148.0000,8958,5.5644,residential_other,2016,lancaster,NA,NA,NA
cities_23,0,41193172.0000,NA,NA,residential_uncat,2016,lancaster,NA,NA,NA
cities_23,73009213,397321443.1000,7623,4.3271,res_total,2016,lancaster,NA,155742,2551.1515
cities_23,63208773,281440667.1000,7607,4.3203,single_family,2016,lancaster,NA,NA,NA
cities_23,0,masked,masked,masked,uncat,2016,lancaster,NA,NA,masked
cities_24,NA,NA,NA,NA,agriculture,2016,artesia,NA,NA,NA
cities_24,2080847,30399229.0000,35244,7.6272,commercial,2016,artesia,NA,NA,NA
cities_24,8345,984075.0000,104709,100.2960,condo,2016,artesia,NA,NA,NA
cities_24,587174,masked,masked,masked,industrial,2016,artesia,NA,NA,masked
cities_24,262571,masked,masked,masked,institutional,2016,artesia,NA,NA,masked
cities_24,1172711,4266605.0000,8064,2.8324,multi_family,2016,artesia,NA,NA,NA
cities_24,4416,masked,masked,masked,other,2016,artesia,NA,NA,masked
cities_24,262423,masked,masked,masked,residential_other,2016,artesia,NA,NA,masked
cities_24,0,masked,masked,masked,residential_uncat,2016,artesia,NA,NA,masked
cities_24,5818134,28142279.0000,5758,4.1054,res_total,2016,artesia,NA,16578,1697.5678
cities_24,4374655,18765421.0000,5629,4.2170,single_family,2016,artesia,NA,NA,NA
cities_24,0,masked,masked,masked,uncat,2016,artesia,NA,NA,masked
cities_25,NA,NA,NA,NA,agriculture,2016,avalon,NA,NA,NA
cities_25,NA,NA,NA,NA,commercial,2016,avalon,NA,NA,NA
cities_25,NA,NA,NA,NA,condo,2016,avalon,NA,NA,NA
cities_25,NA,NA,NA,NA,industrial,2016,avalon,NA,NA,NA
cities_25,NA,NA,NA,NA,institutional,2016,avalon,NA,NA,NA
cities_25,NA,NA,NA,NA,multi_family,2016,avalon,NA,NA,NA
cities_25,NA,NA,NA,NA,other,2016,avalon,NA,NA,NA
cities_25,NA,NA,NA,NA,residential_other,2016,avalon,NA,NA,NA
cities_25,NA,NA,NA,NA,residential_uncat,2016,avalon,NA,NA,NA
cities_25,NA,NA,NA,NA,res_total,2016,avalon,NA,3768,NA
cities_25,NA,NA,NA,NA,single_family,2016,avalon,NA,NA,NA
cities_25,NA,NA,NA,NA,uncat,2016,avalon,NA,NA,NA
cities_26,NA,NA,NA,NA,agriculture,2016,bradbury,NA,NA,NA
cities_26,0,masked,masked,masked,commercial,2016,bradbury,NA,NA,masked
cities_26,NA,NA,NA,NA,condo,2016,bradbury,NA,NA,NA
cities_26,0,masked,masked,masked,industrial,2016,bradbury,NA,NA,masked
cities_26,97082,masked,masked,masked,institutional,2016,bradbury,NA,NA,masked
cities_26,47109,masked,masked,masked,multi_family,2016,bradbury,NA,NA,masked
cities_26,NA,NA,NA,NA,other,2016,bradbury,NA,NA,NA
cities_26,5106,masked,masked,masked,residential_other,2016,bradbury,NA,NA,masked
cities_26,0,masked,masked,masked,residential_uncat,2016,bradbury,NA,NA,masked
cities_26,1221985,6875975.0000,12639,3.9242,res_total,2016,bradbury,NA,1088,6319.8300
cities_26,1169770,masked,masked,masked,single_family,2016,bradbury,NA,NA,masked
cities_26,0,masked,masked,masked,uncat,2016,bradbury,NA,NA,masked
cities_27,NA,NA,NA,NA,agriculture,2016,burbank,NA,NA,NA
cities_27,NA,NA,NA,NA,commercial,2016,burbank,NA,NA,NA
cities_27,NA,NA,NA,NA,condo,2016,burbank,NA,NA,NA
cities_27,NA,NA,NA,NA,industrial,2016,burbank,NA,NA,NA
cities_27,NA,NA,NA,NA,institutional,2016,burbank,NA,NA,NA
cities_27,NA,NA,NA,NA,multi_family,2016,burbank,NA,NA,NA
cities_27,NA,NA,NA,NA,other,2016,burbank,NA,NA,NA
cities_27,NA,NA,NA,NA,residential_other,2016,burbank,NA,NA,NA
cities_27,NA,NA,NA,NA,residential_uncat,2016,burbank,NA,NA,NA
cities_27,NA,NA,NA,NA,res_total,2016,burbank,NA,104450,NA
cities_27,NA,NA,NA,NA,single_family,2016,burbank,NA,NA,NA
cities_27,NA,NA,NA,NA,uncat,2016,burbank,NA,NA,NA
cities_28,NA,NA,NA,NA,agriculture,2016,calabasas,NA,NA,NA
cities_28,4302959,68293419.0000,267580,13.4594,commercial,2016,calabasas,NA,NA,NA
cities_28,9080988,49218371.6000,12593,4.1656,condo,2016,calabasas,NA,NA,NA
cities_28,470990,masked,masked,masked,industrial,2016,calabasas,NA,NA,masked
cities_28,49863,masked,masked,masked,institutional,2016,calabasas,NA,NA,masked
cities_28,1184740,3542831.0000,269890,2.4277,multi_family,2016,calabasas,NA,NA,NA
cities_28,25812,masked,masked,masked,other,2016,calabasas,NA,NA,masked
cities_28,164804,4082185.0000,25054,13.6557,residential_other,2016,calabasas,NA,NA,NA
cities_28,0,6383438.9545,NA,NA,residential_uncat,2016,calabasas,NA,NA,NA
cities_28,18955530,103251687.5545,11944,4.3012,res_total,2016,calabasas,NA,23956,4310.0554
cities_28,8524998,40024861.0000,11371.5,4.4226,single_family,2016,calabasas,NA,NA,NA
cities_28,0,masked,masked,masked,uncat,2016,calabasas,NA,NA,masked
cities_29,NA,NA,NA,NA,agriculture,2016,cudahy,NA,NA,NA
cities_29,446764,masked,masked,masked,commercial,2016,cudahy,NA,NA,masked
cities_29,153998,1546472.0000,6222,3.9321,condo,2016,cudahy,NA,NA,NA
cities_29,889213,masked,masked,masked,industrial,2016,cudahy,NA,NA,masked
cities_29,52327,masked,masked,masked,institutional,2016,cudahy,NA,NA,masked
cities_29,3788186,10780092.0000,7947,2.3454,multi_family,2016,cudahy,NA,NA,NA
cities_29,26095,masked,masked,masked,other,2016,cudahy,NA,NA,masked
cities_29,68881,1244494.0000,45411,24.9552,residential_other,2016,cudahy,NA,NA,NA
cities_29,0,7268456.0000,NA,NA,residential_uncat,2016,cudahy,NA,NA,NA
cities_29,4495512,23294563.5000,6631,3.1997,res_total,2016,cudahy,NA,24730,941.9557
cities_29,484447,2455049.5000,5489,4.5228,single_family,2016,cudahy,NA,NA,NA
cities_29,0,masked,masked,masked,uncat,2016,cudahy,NA,NA,masked
cities_3,865,masked,masked,masked,agriculture,2016,arcadia,NA,NA,masked
cities_3,7913150,143815467.0000,37313.5,7.5944,commercial,2016,arcadia,NA,NA,NA
cities_3,840709,23130163.5000,29767,16.8413,condo,2016,arcadia,NA,NA,NA
cities_3,1625915,masked,masked,masked,industrial,2016,arcadia,NA,NA,masked
cities_3,762811,masked,masked,masked,institutional,2016,arcadia,NA,NA,masked
cities_3,5280714,20812637.5000,12599,3.5960,multi_family,2016,arcadia,NA,NA,NA
cities_3,99344,masked,masked,masked,other,2016,arcadia,NA,NA,masked
cities_3,533484,2405501.0000,13128,5.3670,residential_other,2016,arcadia,NA,NA,NA
cities_3,0,7436063.0000,NA,NA,residential_uncat,2016,arcadia,NA,NA,NA
cities_3,34096537,149636387.7000,8459,3.5255,res_total,2016,arcadia,NA,59632,2509.3304
cities_3,27441630,95852022.7000,8129.5,3.4389,single_family,2016,arcadia,NA,NA,NA
cities_3,0,masked,masked,masked,uncat,2016,arcadia,NA,NA,masked
cities_30,2384,masked,masked,masked,agriculture,2016,culver city,NA,NA,masked
cities_30,13633893,189434058.2000,49138,9.6140,commercial,2016,culver city,NA,NA,NA
cities_30,691703,26780623.9000,6484,3.8656,condo,2016,culver city,NA,NA,NA
cities_30,3205735,36834476.9000,51615.5,5.6957,industrial,2016,culver city,NA,NA,NA
cities_30,783806,masked,masked,masked,institutional,2016,culver city,NA,NA,masked
cities_30,5650228,21644065.9000,8675.5,3.5210,multi_family,2016,culver city,NA,NA,NA
cities_30,813837,masked,masked,masked,other,2016,culver city,NA,NA,masked
cities_30,454180,5251294.2000,16154,5.9643,residential_other,2016,culver city,NA,NA,NA
cities_30,0,2427355.0000,NA,NA,residential_uncat,2016,culver city,NA,NA,NA
cities_30,15760434,90437664.3000,5860,3.5473,res_total,2016,culver city,NA,38460,2351.4733
cities_30,8964323,34334325.3000,5311,3.5395,single_family,2016,culver city,NA,NA,NA
cities_30,0,masked,masked,masked,uncat,2016,culver city,NA,NA,masked
cities_31,NA,NA,NA,NA,agriculture,2016,diamond bar,NA,NA,NA
cities_31,5931670,72731757.0000,165990,13.3956,commercial,2016,diamond bar,NA,NA,NA
cities_31,617194,21379903.0000,7072,4.8874,condo,2016,diamond bar,NA,NA,NA
cities_31,1093220,6503835.0000,53408,3.6811,industrial,2016,diamond bar,NA,NA,NA
cities_31,376623,masked,masked,masked,institutional,2016,diamond bar,NA,NA,masked
cities_31,545509,2197283.0000,19435,4.4030,multi_family,2016,diamond bar,NA,NA,NA
cities_31,28861,masked,masked,masked,other,2016,diamond bar,NA,NA,masked
cities_31,120586,2308429.0000,6695.5,1.2613,residential_other,2016,diamond bar,NA,NA,NA
cities_31,0,3135671.9397,NA,NA,residential_uncat,2016,diamond bar,NA,NA,NA
cities_31,30299776,132454792.9397,7070,3.4506,res_total,2016,diamond bar,NA,56259,2354.3752
cities_31,29016487,103433506.0000,7066,3.4296,single_family,2016,diamond bar,NA,NA,NA
cities_31,0,713474.0000,NA,NA,uncat,2016,diamond bar,NA,NA,NA
cities_32,NA,NA,NA,NA,agriculture,2016,downey,NA,NA,NA
cities_32,11386864,200491231.0000,45726.5,8.4467,commercial,2016,downey,NA,NA,NA
cities_32,223805,6946280.5000,8550,5.9106,condo,2016,downey,NA,NA,NA
cities_32,6103014,68268154.0000,33199,3.4558,industrial,2016,downey,NA,NA,NA
cities_32,1272795,masked,masked,masked,institutional,2016,downey,NA,NA,masked
cities_32,12627570,50206555.5000,7570,2.9578,multi_family,2016,downey,NA,NA,NA
cities_32,448720,masked,masked,masked,other,2016,downey,NA,NA,masked
cities_32,330688,masked,masked,masked,residential_other,2016,downey,NA,NA,masked
cities_32,0,masked,masked,masked,residential_uncat,2016,downey,NA,NA,masked
cities_32,43747613,200058201.0000,6400,3.9518,res_total,2016,downey,NA,113107,1768.7517
cities_32,30565550,126749159.5000,6318,4.0262,single_family,2016,downey,NA,NA,NA
cities_32,0,1790449.0000,NA,NA,uncat,2016,downey,NA,NA,NA
cities_33,NA,NA,NA,NA,agriculture,2016,duarte,NA,NA,NA
cities_33,1573815,27286555.0000,56225,8.1492,commercial,2016,duarte,NA,NA,NA
cities_33,1011968,8108060.0000,5960,3.8909,condo,2016,duarte,NA,NA,NA
cities_33,1256880,masked,masked,masked,industrial,2016,duarte,NA,NA,masked
cities_33,230159,masked,masked,masked,institutional,2016,duarte,NA,NA,masked
cities_33,746407,3764134.0000,12352,4.6421,multi_family,2016,duarte,NA,NA,NA
cities_33,3396,masked,masked,masked,other,2016,duarte,NA,NA,masked
cities_33,80082,1879700.0000,13780,5.2550,residential_other,2016,duarte,NA,NA,NA
cities_33,0,2056300.0000,NA,NA,residential_uncat,2016,duarte,NA,NA,NA
cities_33,7575317,45050744.5000,6558,4.8238,res_total,2016,duarte,NA,21492,2096.1634
cities_33,5736860,29242550.5000,6625,4.9889,single_family,2016,duarte,NA,NA,NA
cities_33,0,masked,masked,masked,uncat,2016,duarte,NA,NA,masked
cities_34,36073,masked,masked,masked,agriculture,2016,el monte,NA,NA,masked
cities_34,9823313,113807258.7000,24810,6.4224,commercial,2016,el monte,NA,NA,NA
cities_34,3711656,22102400.0000,5829,3.2523,condo,2016,el monte,NA,NA,NA
cities_34,8353491,68124437.0000,28999,2.2918,industrial,2016,el monte,NA,NA,NA
cities_34,1333085,37311918.0000,34756.5,5.1701,institutional,2016,el monte,NA,NA,NA
cities_34,10974948,36843234.7000,7221,2.7344,multi_family,2016,el monte,NA,NA,NA
cities_34,193262,masked,masked,masked,other,2016,el monte,NA,NA,masked
cities_34,700313,11312240.0000,18305.5,7.2605,residential_other,2016,el monte,NA,NA,NA
cities_34,0,23623849.0000,NA,NA,residential_uncat,2016,el monte,NA,NA,NA
cities_34,26748726,151740463.2000,6084.5,4.0666,res_total,2016,el monte,NA,111077,1366.0836
cities_34,11361809,57858739.5000,5895,4.6337,single_family,2016,el monte,NA,NA,NA
cities_34,0,masked,masked,masked,uncat,2016,el monte,NA,NA,masked
cities_342,NA,NA,NA,NA,agriculture,2016,la palma,NA,NA,NA
cities_342,582637,23123102.0000,143940.5,28.0734,commercial,2016,la palma,NA,NA,NA
cities_342,6092,623135.0000,142622,118.4568,condo,2016,la palma,NA,NA,NA
cities_342,669244,masked,masked,masked,industrial,2016,la palma,NA,NA,masked
cities_342,10970,masked,masked,masked,institutional,2016,la palma,NA,NA,masked
cities_342,336749,2875722.5000,312035.5,24.3628,multi_family,2016,la palma,NA,NA,NA
cities_342,2887,masked,masked,masked,other,2016,la palma,NA,NA,masked
cities_342,1084,masked,masked,masked,residential_other,2016,la palma,NA,NA,masked
cities_342,0,masked,masked,masked,residential_uncat,2016,la palma,NA,NA,masked
cities_342,8130440,32477768.5000,6422.5,3.2811,res_total,2016,la palma,NA,14241,2280.5820
cities_342,7786515,26815102.0000,6418,3.2704,single_family,2016,la palma,NA,NA,NA
cities_342,0,663129.0000,NA,NA,uncat,2016,la palma,NA,NA,NA
cities_343,450506,12863155.7000,11719,5.7784,agriculture,2016,los angeles unincorporated area,NA,NA,NA
cities_343,44315836,masked,masked,masked,commercial,2016,los angeles unincorporated area,NA,NA,masked
cities_343,5209516,98064151.5000,9160,4.6197,condo,2016,los angeles unincorporated area,NA,NA,NA
cities_343,60650195,687741362.2000,48943.5,3.9455,industrial,2016,los angeles unincorporated area,NA,NA,NA
cities_343,10414522,474775956.1000,31675,6.2887,institutional,2016,los angeles unincorporated area,NA,NA,NA
cities_343,63894535,298610551.7000,8978,4.2989,multi_family,2016,los angeles unincorporated area,NA,NA,NA
cities_343,3188259,masked,masked,masked,other,2016,los angeles unincorporated area,NA,NA,masked
cities_343,5553268,86833910.4000,8015,4.8574,residential_other,2016,los angeles unincorporated area,NA,NA,NA
cities_343,0,79927431.3000,NA,NA,residential_uncat,2016,los angeles unincorporated area,NA,NA,NA
cities_343,378508162,1951612865.0000,6840,4.3403,res_total,2016,los angeles unincorporated area,NA,1066167,1830.4945
cities_343,303850843,1388176820.1000,6623,4.3382,single_family,2016,los angeles unincorporated area,NA,NA,NA
cities_343,0,masked,masked,masked,uncat,2016,los angeles unincorporated area,NA,NA,masked
cities_35,NA,NA,NA,NA,agriculture,2016,gardena,NA,NA,NA
cities_35,6925703,91881758.0000,20559,5.4565,commercial,2016,gardena,NA,NA,NA
cities_35,415906,9871596.0000,13117,9.5868,condo,2016,gardena,NA,NA,NA
cities_35,10801972,masked,masked,masked,industrial,2016,gardena,NA,NA,masked
cities_35,938411,masked,masked,masked,institutional,2016,gardena,NA,NA,masked
cities_35,7787143,29337424.8000,10376,3.3010,multi_family,2016,gardena,NA,NA,NA
cities_35,6125,masked,masked,masked,other,2016,gardena,NA,NA,masked
cities_35,428230,5125291.5000,73358,18.6710,residential_other,2016,gardena,NA,NA,NA
cities_35,0,4691062.0000,NA,NA,residential_uncat,2016,gardena,NA,NA,NA
cities_35,19884407,92005429.8000,5263,3.5286,res_total,2016,gardena,NA,59574,1544.3890
cities_35,11253128,42980055.5000,4859,3.5662,single_family,2016,gardena,NA,NA,NA
cities_35,0,691230.0000,NA,NA,uncat,2016,gardena,NA,NA,NA
cities_36,2424,masked,masked,masked,agriculture,2016,inglewood,NA,NA,masked
cities_36,10763008,142779531.4000,22684.5,5.3300,commercial,2016,inglewood,NA,NA,NA
cities_36,284272,18276059.0000,40726,36.3685,condo,2016,inglewood,NA,NA,NA
cities_36,4053045,45919500.5000,39107,4.3404,industrial,2016,inglewood,NA,NA,NA
cities_36,1771987,30892434.0000,31408,4.2365,institutional,2016,inglewood,NA,NA,NA
cities_36,19120333,75261297.4000,9793,3.5797,multi_family,2016,inglewood,NA,NA,NA
cities_36,24786,masked,masked,masked,other,2016,inglewood,NA,NA,masked
cities_36,408335,2601870.0000,19466.5,4.3193,residential_other,2016,inglewood,NA,NA,NA
cities_36,0,9172767.0000,NA,NA,residential_uncat,2016,inglewood,NA,NA,NA
cities_36,35202663,165496116.4000,5841,3.7017,res_total,2016,inglewood,NA,113129,1462.8974
cities_36,15389723,60184123.0000,5181,3.7232,single_family,2016,inglewood,NA,NA,NA
cities_36,0,masked,masked,masked,uncat,2016,inglewood,NA,NA,masked
cities_37,NA,NA,NA,NA,agriculture,2016,irwindale,NA,NA,NA
cities_37,2458454,17292016.0000,159907,9.7297,commercial,2016,irwindale,NA,NA,NA
cities_37,NA,NA,NA,NA,condo,2016,irwindale,NA,NA,NA
cities_37,13703423,masked,masked,masked,industrial,2016,irwindale,NA,NA,masked
cities_37,438310,masked,masked,masked,institutional,2016,irwindale,NA,NA,masked
cities_37,62827,masked,masked,masked,multi_family,2016,irwindale,NA,NA,masked
cities_37,26996,masked,masked,masked,other,2016,irwindale,NA,NA,masked
cities_37,5427,masked,masked,masked,residential_other,2016,irwindale,NA,NA,masked
cities_37,0,masked,masked,masked,residential_uncat,2016,irwindale,NA,NA,masked
cities_37,480056,2655093.0000,6965.5,4.7733,res_total,2016,irwindale,NA,1970,1347.7629
cities_37,411802,masked,masked,masked,single_family,2016,irwindale,NA,NA,masked
cities_37,0,masked,masked,masked,uncat,2016,irwindale,NA,NA,masked
cities_38,NA,NA,NA,NA,agriculture,2016,la canada flintridge,NA,NA,NA
cities_38,1396512,25799934.0000,28559,9.4536,commercial,2016,la canada flintridge,NA,NA,NA
cities_38,237456,1132623.0000,6147,3.3366,condo,2016,la canada flintridge,NA,NA,NA
cities_38,0,masked,masked,masked,industrial,2016,la canada flintridge,NA,NA,masked
cities_38,342317,masked,masked,masked,institutional,2016,la canada flintridge,NA,NA,masked
cities_38,322977,1184639.0000,8079.5,3.0025,multi_family,2016,la canada flintridge,NA,NA,NA
cities_38,5974,masked,masked,masked,other,2016,la canada flintridge,NA,NA,masked
cities_38,30089,masked,masked,masked,residential_other,2016,la canada flintridge,NA,NA,masked
cities_38,0,masked,masked,masked,residential_uncat,2016,la canada flintridge,NA,NA,masked
cities_38,18202010,84930038.9000,10412.5,4.2466,res_total,2016,la canada flintridge,NA,21022,4040.0551
cities_38,17611488,80414597.9000,10514,4.2821,single_family,2016,la canada flintridge,NA,NA,NA
cities_38,0,masked,masked,masked,uncat,2016,la canada flintridge,NA,NA,masked
cities_39,NA,NA,NA,NA,agriculture,2016,la habra heights,NA,NA,NA
cities_39,4099,masked,masked,masked,commercial,2016,la habra heights,NA,NA,masked
cities_39,NA,NA,NA,NA,condo,2016,la habra heights,NA,NA,NA
cities_39,9756,masked,masked,masked,industrial,2016,la habra heights,NA,NA,masked
cities_39,59282,masked,masked,masked,institutional,2016,la habra heights,NA,NA,masked
cities_39,58603,masked,masked,masked,multi_family,2016,la habra heights,NA,NA,masked
cities_39,6379,masked,masked,masked,other,2016,la habra heights,NA,NA,masked
cities_39,44271,masked,masked,masked,residential_other,2016,la habra heights,NA,NA,masked
cities_39,0,1176818.0000,NA,NA,residential_uncat,2016,la habra heights,NA,NA,NA
cities_39,4865428,20233266.8000,9663,3.6493,res_total,2016,la habra heights,NA,6786,2981.6190
cities_39,4762554,18686421.8000,9662,3.6472,single_family,2016,la habra heights,NA,NA,NA
cities_39,0,masked,masked,masked,uncat,2016,la habra heights,NA,NA,masked
cities_4,NA,NA,NA,NA,agriculture,2016,azusa,NA,NA,NA
cities_4,NA,NA,NA,NA,commercial,2016,azusa,NA,NA,NA
cities_4,NA,NA,NA,NA,condo,2016,azusa,NA,NA,NA
cities_4,NA,NA,NA,NA,industrial,2016,azusa,NA,NA,NA
cities_4,NA,NA,NA,NA,institutional,2016,azusa,NA,NA,NA
cities_4,NA,NA,NA,NA,multi_family,2016,azusa,NA,NA,NA
cities_4,NA,NA,NA,NA,other,2016,azusa,NA,NA,NA
cities_4,NA,NA,NA,NA,residential_other,2016,azusa,NA,NA,NA
cities_4,NA,NA,NA,NA,residential_uncat,2016,azusa,NA,NA,NA
cities_4,NA,NA,NA,NA,res_total,2016,azusa,NA,45443,NA
cities_4,NA,NA,NA,NA,single_family,2016,azusa,NA,NA,NA
cities_4,NA,NA,NA,NA,uncat,2016,azusa,NA,NA,NA
cities_40,NA,NA,NA,NA,agriculture,2016,hawaiian gardens,NA,NA,NA
cities_40,1314770,masked,masked,masked,commercial,2016,hawaiian gardens,NA,NA,masked
cities_40,59848,2745598.0000,8090.5,7.3246,condo,2016,hawaiian gardens,NA,NA,NA
cities_40,182571,1272707.0000,18573,3.6449,industrial,2016,hawaiian gardens,NA,NA,NA
cities_40,104635,masked,masked,masked,institutional,2016,hawaiian gardens,NA,NA,masked
cities_40,1386570,6465656.5000,7609,4.2395,multi_family,2016,hawaiian gardens,NA,NA,NA
cities_40,14281,masked,masked,masked,other,2016,hawaiian gardens,NA,NA,masked
cities_40,115038,masked,masked,masked,residential_other,2016,hawaiian gardens,NA,NA,masked
cities_40,0,masked,masked,masked,residential_uncat,2016,hawaiian gardens,NA,NA,masked
cities_40,2853609,17094910.5000,5542,4.5512,res_total,2016,hawaiian gardens,NA,14061,1215.7678
cities_40,1292153,6331322.0000,5054,4.7108,single_family,2016,hawaiian gardens,NA,NA,NA
cities_40,0,76323.0000,NA,NA,uncat,2016,hawaiian gardens,NA,NA,NA
cities_41,NA,NA,NA,NA,agriculture,2016,hawthorne,NA,NA,NA
cities_41,5552538,masked,masked,masked,commercial,2016,hawthorne,NA,NA,masked
cities_41,510724,6898987.0000,7680,4.6511,condo,2016,hawthorne,NA,NA,NA
cities_41,6798694,masked,masked,masked,industrial,2016,hawthorne,NA,NA,masked
cities_41,772278,masked,masked,masked,institutional,2016,hawthorne,NA,NA,masked
cities_41,16419957,65802105.0000,11294,3.4367,multi_family,2016,hawthorne,NA,NA,NA
cities_41,108091,masked,masked,masked,other,2016,hawthorne,NA,NA,masked
cities_41,114171,masked,masked,masked,residential_other,2016,hawthorne,NA,NA,masked
cities_41,0,masked,masked,masked,residential_uncat,2016,hawthorne,NA,NA,masked
cities_41,25556813,116622656.5000,5723,3.5899,res_total,2016,hawthorne,NA,88153,1322.9573
cities_41,8511961,32765045.0000,4785.5,3.6423,single_family,2016,hawthorne,NA,NA,NA
cities_41,0,masked,masked,masked,uncat,2016,hawthorne,NA,NA,masked
cities_42,36083,masked,masked,masked,agriculture,2016,palmdale,NA,NA,masked
cities_42,9269558,177522189.5000,74719,10.0099,commercial,2016,palmdale,NA,NA,NA
cities_42,477349,8786148.0000,7196,4.8538,condo,2016,palmdale,NA,NA,NA
cities_42,9442122,masked,masked,masked,industrial,2016,palmdale,NA,NA,masked
cities_42,876823,masked,masked,masked,institutional,2016,palmdale,NA,NA,masked
cities_42,4881689,29405441.5000,21747,5.4522,multi_family,2016,palmdale,NA,NA,NA
cities_42,90763,masked,masked,masked,other,2016,palmdale,NA,NA,masked
cities_42,303838,masked,masked,masked,residential_other,2016,palmdale,NA,NA,masked
cities_42,0,masked,masked,masked,residential_uncat,2016,palmdale,NA,NA,masked
cities_42,72409271,354106247.0000,7461,4.1569,res_total,2016,palmdale,NA,151939,2330.5817
cities_42,66746395,282287217.5000,7440,4.1394,single_family,2016,palmdale,NA,NA,NA
cities_42,0,1134153.0000,NA,NA,uncat,2016,palmdale,NA,NA,NA
cities_43,NA,NA,NA,NA,agriculture,2016,palos verdes estates,NA,NA,NA
cities_43,221543,masked,masked,masked,commercial,2016,palos verdes estates,NA,NA,masked
cities_43,31564,masked,masked,masked,condo,2016,palos verdes estates,NA,NA,masked
cities_43,0,masked,masked,masked,industrial,2016,palos verdes estates,NA,NA,masked
cities_43,79520,masked,masked,masked,institutional,2016,palos verdes estates,NA,NA,masked
cities_43,211559,masked,masked,masked,multi_family,2016,palos verdes estates,NA,NA,masked
cities_43,7425,masked,masked,masked,other,2016,palos verdes estates,NA,NA,masked
cities_43,3588,masked,masked,masked,residential_other,2016,palos verdes estates,NA,NA,masked
cities_43,0,masked,masked,masked,residential_uncat,2016,palos verdes estates,NA,NA,masked
cities_43,15026021,51125210.2000,8050.5,2.9232,res_total,2016,palos verdes estates,NA,13296,3845.1572
cities_43,14779310,48283081.2000,8044,2.9229,single_family,2016,palos verdes estates,NA,NA,NA
cities_43,0,masked,masked,masked,uncat,2016,palos verdes estates,NA,NA,masked
cities_44,3358,masked,masked,masked,agriculture,2016,paramount,NA,NA,masked
cities_44,2764547,49786832.0000,26108.5,7.1935,commercial,2016,paramount,NA,NA,NA
cities_44,111062,9383675.0000,48512,41.9595,condo,2016,paramount,NA,NA,NA
cities_44,8210707,masked,masked,masked,industrial,2016,paramount,NA,NA,masked
cities_44,604860,20692147.0000,25834,5.4758,institutional,2016,paramount,NA,NA,NA
cities_44,5848093,20360884.0000,5638,2.5899,multi_family,2016,paramount,NA,NA,NA
cities_44,11721,masked,masked,masked,other,2016,paramount,NA,NA,masked
cities_44,108735,5724750.0000,87693,46.5359,residential_other,2016,paramount,NA,NA,NA
cities_44,0,9108992.5000,NA,NA,residential_uncat,2016,paramount,NA,NA,NA
cities_44,10832016,66539992.0000,5489.5,4.0058,res_total,2016,paramount,NA,54557,1219.6417
cities_44,4764126,21961690.5000,5377,4.3612,single_family,2016,paramount,NA,NA,NA
cities_44,0,masked,masked,masked,uncat,2016,paramount,NA,NA,masked
cities_45,NA,NA,NA,NA,agriculture,2016,pasadena,NA,NA,NA
cities_45,NA,NA,NA,NA,commercial,2016,pasadena,NA,NA,NA
cities_45,NA,NA,NA,NA,condo,2016,pasadena,NA,NA,NA
cities_45,NA,NA,NA,NA,industrial,2016,pasadena,NA,NA,NA
cities_45,NA,NA,NA,NA,institutional,2016,pasadena,NA,NA,NA
cities_45,NA,NA,NA,NA,multi_family,2016,pasadena,NA,NA,NA
cities_45,NA,NA,NA,NA,other,2016,pasadena,NA,NA,NA
cities_45,NA,NA,NA,NA,residential_other,2016,pasadena,NA,NA,NA
cities_45,NA,NA,NA,NA,residential_uncat,2016,pasadena,NA,NA,NA
cities_45,NA,NA,NA,NA,res_total,2016,pasadena,NA,139976,NA
cities_45,NA,NA,NA,NA,single_family,2016,pasadena,NA,NA,NA
cities_45,NA,NA,NA,NA,uncat,2016,pasadena,NA,NA,NA
cities_46,NA,NA,NA,NA,agriculture,2016,pico rivera,NA,NA,NA
cities_46,3490270,63503421.0000,42776.5,8.9322,commercial,2016,pico rivera,NA,NA,NA
cities_46,658177,5302480.0000,5873,3.9141,condo,2016,pico rivera,NA,NA,NA
cities_46,10986557,80454944.0000,88044.5,2.9609,industrial,2016,pico rivera,NA,NA,NA
cities_46,471767,masked,masked,masked,institutional,2016,pico rivera,NA,NA,masked
cities_46,2315949,10827483.5000,6490.5,3.1567,multi_family,2016,pico rivera,NA,NA,NA
cities_46,79678,masked,masked,masked,other,2016,pico rivera,NA,NA,masked
cities_46,199716,2940987.0000,76358,8.7399,residential_other,2016,pico rivera,NA,NA,NA
cities_46,0,2456811.0000,NA,NA,residential_uncat,2016,pico rivera,NA,NA,NA
cities_46,18827109,97327761.5000,5813,4.5141,res_total,2016,pico rivera,NA,65508,1485.7386
cities_46,15653267,75800000.0000,5799,4.5804,single_family,2016,pico rivera,NA,NA,NA
cities_46,0,masked,masked,masked,uncat,2016,pico rivera,NA,NA,masked
cities_47,NA,NA,NA,NA,agriculture,2016,pomona,NA,NA,NA
cities_47,11831196,154927820.0000,27043,7.5290,commercial,2016,pomona,NA,NA,NA
cities_47,2508851,23779507.0000,6214,3.6793,condo,2016,pomona,NA,NA,NA
cities_47,17528063,164889549.0000,38149,3.3938,industrial,2016,pomona,NA,NA,NA
cities_47,4064949,masked,masked,masked,institutional,2016,pomona,NA,NA,masked
cities_47,9772368,41767417.6000,7985,3.6314,multi_family,2016,pomona,NA,NA,NA
cities_47,278328,masked,masked,masked,other,2016,pomona,NA,NA,masked
cities_47,1243769,14849217.5000,13099.5,6.8734,residential_other,2016,pomona,NA,NA,NA
cities_47,0,17875302.0000,NA,NA,residential_uncat,2016,pomona,NA,NA,NA
cities_47,44620178,251785625.9000,6544,4.5925,res_total,2016,pomona,NA,150929,1668.2389
cities_47,31095190,153514181.8000,6495,4.7309,single_family,2016,pomona,NA,NA,NA
cities_47,0,masked,masked,masked,uncat,2016,pomona,NA,NA,masked
cities_48,1037,masked,masked,masked,agriculture,2016,rancho palos verdes,NA,NA,masked
cities_48,1218516,23509531.5000,113777,14.3371,commercial,2016,rancho palos verdes,NA,NA,NA
cities_48,1105592,14072043.1000,6432,2.3459,condo,2016,rancho palos verdes,NA,NA,NA
cities_48,0,masked,masked,masked,industrial,2016,rancho palos verdes,NA,NA,masked
cities_48,599279,9873463.0000,112085,8.7932,institutional,2016,rancho palos verdes,NA,NA,NA
cities_48,1696458,6175981.0000,38018,3.7175,multi_family,2016,rancho palos verdes,NA,NA,NA
cities_48,6827,masked,masked,masked,other,2016,rancho palos verdes,NA,NA,masked
cities_48,539868,masked,masked,masked,residential_other,2016,rancho palos verdes,NA,NA,masked
cities_48,0,masked,masked,masked,residential_uncat,2016,rancho palos verdes,NA,NA,masked
cities_48,32927063,124046254.8000,6850.5,2.9793,res_total,2016,rancho palos verdes,NA,41492,2989.6427
cities_48,29585145,96508800.2000,6851.5,2.9977,single_family,2016,rancho palos verdes,NA,NA,NA
cities_48,0,masked,masked,masked,uncat,2016,rancho palos verdes,NA,NA,masked
cities_49,NA,NA,NA,NA,agriculture,2016,redondo beach,NA,NA,NA
cities_49,7264467,110807832.0000,28591.5,7.5037,commercial,2016,redondo beach,NA,NA,NA
cities_49,5005409,50361407.6000,12864,6.0011,condo,2016,redondo beach,NA,NA,NA
cities_49,3484412,masked,masked,masked,industrial,2016,redondo beach,NA,NA,masked
cities_49,703911,15808923.0000,33168,6.1253,institutional,2016,redondo beach,NA,NA,NA
cities_49,10733390,43091330.4000,11189.5,3.5723,multi_family,2016,redondo beach,NA,NA,NA
cities_49,156858,masked,masked,masked,other,2016,redondo beach,NA,NA,masked
cities_49,203262,masked,masked,masked,residential_other,2016,redondo beach,NA,NA,masked
cities_49,0,masked,masked,masked,residential_uncat,2016,redondo beach,NA,NA,masked
cities_49,30134208,149324920.0000,6739.5,3.6656,res_total,2016,redondo beach,NA,66525,2244.6437
cities_49,14192147,48849817.0000,5128,3.2131,single_family,2016,redondo beach,NA,NA,NA
cities_49,0,masked,masked,masked,uncat,2016,redondo beach,NA,NA,masked
cities_5,21031,masked,masked,masked,agriculture,2016,baldwin park,NA,NA,masked
cities_5,2881352,59016184.0000,35796,11.3910,commercial,2016,baldwin park,NA,NA,NA
cities_5,1085554,13900881.5000,5850,3.8223,condo,2016,baldwin park,NA,NA,NA
cities_5,4523467,masked,masked,masked,industrial,2016,baldwin park,NA,NA,masked
cities_5,2135655,masked,masked,masked,institutional,2016,baldwin park,NA,NA,masked
cities_5,3899929,17565571.0000,8172,3.5000,multi_family,2016,baldwin park,NA,NA,NA
cities_5,26204,masked,masked,masked,other,2016,baldwin park,NA,NA,masked
cities_5,357430,2938693.0000,6421,4.2563,residential_other,2016,baldwin park,NA,NA,NA
cities_5,0,6743513.0000,NA,NA,residential_uncat,2016,baldwin park,NA,NA,NA
cities_5,18084342,108907473.3000,6215,4.7894,res_total,2016,baldwin park,NA,76385,1425.7704
cities_5,12741429,67758814.8000,6131,4.9426,single_family,2016,baldwin park,NA,NA,NA
cities_5,0,masked,masked,masked,uncat,2016,baldwin park,NA,NA,masked
cities_50,NA,NA,NA,NA,agriculture,2016,rolling hills,NA,NA,NA
cities_50,0,masked,masked,masked,commercial,2016,rolling hills,NA,NA,masked
cities_50,812,masked,masked,masked,condo,2016,rolling hills,NA,NA,masked
cities_50,0,masked,masked,masked,industrial,2016,rolling hills,NA,NA,masked
cities_50,5270,masked,masked,masked,institutional,2016,rolling hills,NA,NA,masked
cities_50,NA,NA,NA,NA,multi_family,2016,rolling hills,NA,NA,NA
cities_50,2176,masked,masked,masked,other,2016,rolling hills,NA,NA,masked
cities_50,8212,masked,masked,masked,residential_other,2016,rolling hills,NA,NA,masked
cities_50,0,masked,masked,masked,residential_uncat,2016,rolling hills,NA,NA,masked
cities_50,2489149,13498532.0000,15719,4.1888,res_total,2016,rolling hills,NA,1754,7695.8563
cities_50,2480125,12435854.0000,15662,4.1430,single_family,2016,rolling hills,NA,NA,NA
cities_50,0,masked,masked,masked,uncat,2016,rolling hills,NA,NA,masked
cities_51,NA,NA,NA,NA,agriculture,2016,hermosa beach,NA,NA,NA
cities_51,1728044,26079549.5000,41642,10.5185,commercial,2016,hermosa beach,NA,NA,NA
cities_51,986708,9378401.0000,12493.5,6.1646,condo,2016,hermosa beach,NA,NA,NA
cities_51,111020,masked,masked,masked,industrial,2016,hermosa beach,NA,NA,masked
cities_51,154040,masked,masked,masked,institutional,2016,hermosa beach,NA,NA,masked
cities_51,4087344,14448071.5000,7485,3.2876,multi_family,2016,hermosa beach,NA,NA,NA
cities_51,19969,masked,masked,masked,other,2016,hermosa beach,NA,NA,masked
cities_51,14204,1566307.0000,6790,6.0195,residential_other,2016,hermosa beach,NA,NA,NA
cities_51,0,1741198.5000,NA,NA,residential_uncat,2016,hermosa beach,NA,NA,NA
cities_51,11166211,47989777.2000,6430,3.3652,res_total,2016,hermosa beach,NA,19503,2460.6357
cities_51,6077955,20855799.2000,5561,3.1695,single_family,2016,hermosa beach,NA,NA,NA
cities_51,0,masked,masked,masked,uncat,2016,hermosa beach,NA,NA,masked
cities_52,NA,NA,NA,NA,agriculture,2016,hidden hills,NA,NA,NA
cities_52,10000,masked,masked,masked,commercial,2016,hidden hills,NA,NA,masked
cities_52,330891,masked,masked,masked,condo,2016,hidden hills,NA,NA,masked
cities_52,0,masked,masked,masked,industrial,2016,hidden hills,NA,NA,masked
cities_52,3879,masked,masked,masked,institutional,2016,hidden hills,NA,NA,masked
cities_52,NA,NA,NA,NA,multi_family,2016,hidden hills,NA,NA,NA
cities_52,3042,masked,masked,masked,other,2016,hidden hills,NA,NA,masked
cities_52,49114,masked,masked,masked,residential_other,2016,hidden hills,NA,NA,masked
cities_52,0,masked,masked,masked,residential_uncat,2016,hidden hills,NA,NA,masked
cities_52,3111447,20036392.0000,25008,5.6625,res_total,2016,hidden hills,NA,1749,11455.9131
cities_52,2731442,masked,masked,masked,single_family,2016,hidden hills,NA,NA,masked
cities_52,0,masked,masked,masked,uncat,2016,hidden hills,NA,NA,masked
cities_53,NA,NA,NA,NA,agriculture,2016,la mirada,NA,NA,NA
cities_53,4403057,56769220.0000,127521,10.4582,commercial,2016,la mirada,NA,NA,NA
cities_53,3825501,18021752.5000,6417,3.0227,condo,2016,la mirada,NA,NA,NA
cities_53,14281745,77331575.0000,159260.5,3.1052,industrial,2016,la mirada,NA,NA,NA
cities_53,652628,masked,masked,masked,institutional,2016,la mirada,NA,NA,masked
cities_53,1028943,4785061.5000,32142,4.9202,multi_family,2016,la mirada,NA,NA,NA
cities_53,651368,masked,masked,masked,other,2016,la mirada,NA,NA,masked
cities_53,177578,2626912.0000,5668,1.5607,residential_other,2016,la mirada,NA,NA,NA
cities_53,0,1354868.0000,NA,NA,residential_uncat,2016,la mirada,NA,NA,NA
cities_53,20937150,102944556.0000,6845,4.3750,res_total,2016,la mirada,NA,49282,2088.8875
cities_53,15905128,76155962.0000,6896,4.6047,single_family,2016,la mirada,NA,NA,NA
cities_53,0,masked,masked,masked,uncat,2016,la mirada,NA,NA,masked
cities_54,2730,masked,masked,masked,agriculture,2016,la verne,NA,NA,masked
cities_54,3030395,32233784.0000,60944,8.6587,commercial,2016,la verne,NA,NA,NA
cities_54,1611704,8725303.0000,6757,4.4222,condo,2016,la verne,NA,NA,NA
cities_54,2554682,masked,masked,masked,industrial,2016,la verne,NA,NA,masked
cities_54,623503,masked,masked,masked,institutional,2016,la verne,NA,NA,masked
cities_54,1485810,6148745.0000,7427.5,3.0458,multi_family,2016,la verne,NA,NA,NA
cities_54,38732,masked,masked,masked,other,2016,la verne,NA,NA,masked
cities_54,487542,13346140.0000,6417,4.1107,residential_other,2016,la verne,NA,NA,NA
cities_54,0,3762709.0000,NA,NA,residential_uncat,2016,la verne,NA,NA,NA
cities_54,16515737,89156515.0000,7818,4.2466,res_total,2016,la verne,NA,30537,2919.6226
cities_54,12930681,57173618.0000,8013.5,4.2678,single_family,2016,la verne,NA,NA,NA
cities_54,0,masked,masked,masked,uncat,2016,la verne,NA,NA,masked
cities_55,NA,NA,NA,NA,agriculture,2016,lakewood,NA,NA,NA
cities_55,6258964,99315924.0000,178012,17.0359,commercial,2016,lakewood,NA,NA,NA
cities_55,665918,5819014.0000,6686,3.0682,condo,2016,lakewood,NA,NA,NA
cities_55,815949,masked,masked,masked,industrial,2016,lakewood,NA,NA,masked
cities_55,754901,masked,masked,masked,institutional,2016,lakewood,NA,NA,masked
cities_55,3209619,13540294.5000,12936,4.1933,multi_family,2016,lakewood,NA,NA,NA
cities_55,8048,19364061.0000,93454.5,64.9763,other,2016,lakewood,NA,NA,NA
cities_55,64433,masked,masked,masked,residential_other,2016,lakewood,NA,NA,masked
cities_55,0,masked,masked,masked,residential_uncat,2016,lakewood,NA,NA,masked
cities_55,34482686,161956948.5000,5974,4.3447,res_total,2016,lakewood,NA,81074,1997.6435
cities_55,30542716,139875497.0000,5906,4.3638,single_family,2016,lakewood,NA,NA,NA
cities_55,0,masked,masked,masked,uncat,2016,lakewood,NA,NA,masked
cities_56,NA,NA,NA,NA,agriculture,2016,rolling hills estates,NA,NA,NA
cities_56,1176044,25097467.0000,136091,12.2900,commercial,2016,rolling hills estates,NA,NA,NA
cities_56,807078,4397546.0000,4699.5,2.3077,condo,2016,rolling hills estates,NA,NA,NA
cities_56,0,masked,masked,masked,industrial,2016,rolling hills estates,NA,NA,masked
cities_56,171403,masked,masked,masked,institutional,2016,rolling hills estates,NA,NA,masked
cities_56,3442,masked,masked,masked,multi_family,2016,rolling hills estates,NA,NA,masked
cities_56,41850,masked,masked,masked,other,2016,rolling hills estates,NA,NA,masked
cities_56,6538,masked,masked,masked,residential_other,2016,rolling hills estates,NA,NA,masked
cities_56,0,masked,masked,masked,residential_uncat,2016,rolling hills estates,NA,NA,masked
cities_56,6963338,27772983.5000,8150,3.2936,res_total,2016,rolling hills estates,NA,9706,2861.4242
cities_56,6146280,22988379.5000,9007.5,3.4539,single_family,2016,rolling hills estates,NA,NA,NA
cities_56,0,masked,masked,masked,uncat,2016,rolling hills estates,NA,NA,masked
cities_57,NA,NA,NA,NA,agriculture,2016,rosemead,NA,NA,NA
cities_57,4374168,64199095.0000,17588,6.0296,commercial,2016,rosemead,NA,NA,NA
cities_57,519510,4180906.0000,5603,3.0311,condo,2016,rosemead,NA,NA,NA
cities_57,1205117,43262067.0000,26987.5,2.3825,industrial,2016,rosemead,NA,NA,NA
cities_57,1093379,19114374.0000,38467,4.6243,institutional,2016,rosemead,NA,NA,NA
cities_57,5959420,19787329.5000,5533,2.3400,multi_family,2016,rosemead,NA,NA,NA
cities_57,118386,masked,masked,masked,other,2016,rosemead,NA,NA,masked
cities_57,97116,masked,masked,masked,residential_other,2016,rosemead,NA,NA,masked
cities_57,0,masked,masked,masked,residential_uncat,2016,rosemead,NA,NA,masked
cities_57,16085485,83621666.0000,5744,3.7108,res_total,2016,rosemead,NA,53790,1554.5950
cities_57,9509439,43499852.5000,5795,4.1245,single_family,2016,rosemead,NA,NA,NA
cities_57,0,masked,masked,masked,uncat,2016,rosemead,NA,NA,masked
cities_58,9460,masked,masked,masked,agriculture,2016,san dimas,NA,NA,masked
cities_58,3894317,71332118.0000,85304.5,12.2637,commercial,2016,san dimas,NA,NA,NA
cities_58,2740468,13556892.0000,6145.5,4.0416,condo,2016,san dimas,NA,NA,NA
cities_58,3660410,masked,masked,masked,industrial,2016,san dimas,NA,NA,masked
cities_58,1044268,masked,masked,masked,institutional,2016,san dimas,NA,NA,masked
cities_58,1720623,7923926.5000,8905,3.8053,multi_family,2016,san dimas,NA,NA,NA
cities_58,32482,masked,masked,masked,other,2016,san dimas,NA,NA,masked
cities_58,573063,9651454.5000,5282,4.4462,residential_other,2016,san dimas,NA,NA,NA
cities_58,0,3098498.8333,NA,NA,residential_uncat,2016,san dimas,NA,NA,NA
cities_58,18423879,96506573.3333,7817,4.4328,res_total,2016,san dimas,NA,33238,2903.5012
cities_58,13389725,62275801.5000,8231,4.5313,single_family,2016,san dimas,NA,NA,NA
cities_58,0,masked,masked,masked,uncat,2016,san dimas,NA,NA,masked
cities_59,NA,NA,NA,NA,agriculture,2016,san fernando,NA,NA,NA
cities_59,2062956,36557710.4000,22396.5,6.6200,commercial,2016,san fernando,NA,NA,NA
cities_59,13676,1333539.0000,108355,75.6957,condo,2016,san fernando,NA,NA,NA
cities_59,2915874,masked,masked,masked,industrial,2016,san fernando,NA,NA,masked
cities_59,427052,masked,masked,masked,institutional,2016,san fernando,NA,NA,masked
cities_59,1368170,6054289.6000,8330.5,4.3472,multi_family,2016,san fernando,NA,NA,NA
cities_59,27272,masked,masked,masked,other,2016,san fernando,NA,NA,masked
cities_59,71526,masked,masked,masked,residential_other,2016,san fernando,NA,NA,masked
cities_59,0,masked,masked,masked,residential_uncat,2016,san fernando,NA,NA,masked
cities_59,6102348,36622046.5000,6799,5.1892,res_total,2016,san fernando,NA,24166,1515.4368
cities_59,4648976,25615359.9000,6683,5.2673,single_family,2016,san fernando,NA,NA,NA
cities_59,0,masked,masked,masked,uncat,2016,san fernando,NA,NA,masked
cities_6,NA,NA,NA,NA,agriculture,2016,bell,NA,NA,NA
cities_6,1715394,26620578.0000,21843.5,5.7923,commercial,2016,bell,NA,NA,NA
cities_6,24905,masked,masked,masked,condo,2016,bell,NA,NA,masked
cities_6,3222057,masked,masked,masked,industrial,2016,bell,NA,NA,masked
cities_6,142683,11690432.0000,20155,4.9638,institutional,2016,bell,NA,NA,NA
cities_6,4755390,19494517.0000,9707,4.1954,multi_family,2016,bell,NA,NA,NA
cities_6,8246,masked,masked,masked,other,2016,bell,NA,NA,masked
cities_6,36291,masked,masked,masked,residential_other,2016,bell,NA,NA,masked
cities_6,0,2981687.0000,NA,NA,residential_uncat,2016,bell,NA,NA,NA
cities_6,7134151,34739900.0000,6618,4.2824,res_total,2016,bell,NA,35452,979.9137
cities_6,2317565,10859032.0000,5128.5,4.3573,single_family,2016,bell,NA,NA,NA
cities_6,0,masked,masked,masked,uncat,2016,bell,NA,NA,masked
cities_60,5593,masked,masked,masked,agriculture,2016,san gabriel,NA,NA,masked
cities_60,3810162,61164441.0000,20172,6.1667,commercial,2016,san gabriel,NA,NA,NA
cities_60,241497,6168273.0000,28468.5,18.2406,condo,2016,san gabriel,NA,NA,NA
cities_60,818155,masked,masked,masked,industrial,2016,san gabriel,NA,NA,masked
cities_60,739240,masked,masked,masked,institutional,2016,san gabriel,NA,NA,masked
cities_60,4855849,19513703.5000,10920,3.9813,multi_family,2016,san gabriel,NA,NA,NA
cities_60,68634,masked,masked,masked,other,2016,san gabriel,NA,NA,masked
cities_60,146252,masked,masked,masked,residential_other,2016,san gabriel,NA,NA,masked
cities_60,0,masked,masked,masked,residential_uncat,2016,san gabriel,NA,NA,masked
cities_60,14817818,69607823.0000,6458.5,3.9636,res_total,2016,san gabriel,NA,41102,1693.5386
cities_60,9574220,39891623.5000,5997.5,3.9053,single_family,2016,san gabriel,NA,NA,NA
cities_60,0,masked,masked,masked,uncat,2016,san gabriel,NA,NA,masked
cities_61,NA,NA,NA,NA,agriculture,2016,san marino,NA,NA,NA
cities_61,635329,7736013.0000,17786.5,5.9213,commercial,2016,san marino,NA,NA,NA
cities_61,4229,masked,masked,masked,condo,2016,san marino,NA,NA,masked
cities_61,0,masked,masked,masked,industrial,2016,san marino,NA,NA,masked
cities_61,258660,masked,masked,masked,institutional,2016,san marino,NA,NA,masked
cities_61,8785,masked,masked,masked,multi_family,2016,san marino,NA,NA,masked
cities_61,7264,masked,masked,masked,other,2016,san marino,NA,NA,masked
cities_61,1650,masked,masked,masked,residential_other,2016,san marino,NA,NA,masked
cities_61,0,masked,masked,masked,residential_uncat,2016,san marino,NA,NA,masked
cities_61,12922521,50655794.0000,9090,3.4116,res_total,2016,san marino,NA,13259,3820.4837
cities_61,12907857,50248308.0000,9090,3.4116,single_family,2016,san marino,NA,NA,NA
cities_61,0,masked,masked,masked,uncat,2016,san marino,NA,NA,masked
cities_62,19547,masked,masked,masked,agriculture,2016,santa clarita,NA,NA,masked
cities_62,17214630,328603724.0000,90068,10.1348,commercial,2016,santa clarita,NA,NA,NA
cities_62,12775323,141754944.6667,8129,4.6019,condo,2016,santa clarita,NA,NA,NA
cities_62,11746856,261820966.0000,145238,7.8539,industrial,2016,santa clarita,NA,NA,NA
cities_62,2198248,61399297.0000,66477.5,8.6866,institutional,2016,santa clarita,NA,NA,NA
cities_62,11129751,49415447.5000,18553.5,4.6181,multi_family,2016,santa clarita,NA,NA,NA
cities_62,602001,masked,masked,masked,other,2016,santa clarita,NA,NA,masked
cities_62,691898,27499171.0000,22227,13.4759,residential_other,2016,santa clarita,NA,NA,NA
cities_62,0,51438060.0000,NA,NA,residential_uncat,2016,santa clarita,NA,NA,NA
cities_62,74723299,521309021.0000,8497,4.7882,res_total,2016,santa clarita,NA,192950,2701.7830
cities_62,50126327,251201397.8333,8539,4.8296,single_family,2016,santa clarita,NA,NA,NA
cities_62,0,8341298.0000,NA,NA,uncat,2016,santa clarita,NA,NA,NA
cities_63,5837,masked,masked,masked,agriculture,2016,santa fe springs,NA,NA,masked
cities_63,3819761,62264646.0000,89152,8.9628,commercial,2016,santa fe springs,NA,NA,NA
cities_63,240973,2295388.0000,5869,4.1424,condo,2016,santa fe springs,NA,NA,NA
cities_63,53885952,masked,masked,masked,industrial,2016,santa fe springs,NA,NA,masked
cities_63,707419,masked,masked,masked,institutional,2016,santa fe springs,NA,NA,masked
cities_63,1098668,masked,masked,masked,multi_family,2016,santa fe springs,NA,NA,masked
cities_63,962334,masked,masked,masked,other,2016,santa fe springs,NA,NA,masked
cities_63,54783,924923.0000,150666,13.6448,residential_other,2016,santa fe springs,NA,NA,NA
cities_63,0,3310596.0000,NA,NA,residential_uncat,2016,santa fe springs,NA,NA,NA
cities_63,5438557,30013029.0000,6102,4.6168,res_total,2016,santa fe springs,NA,20159,1488.8154
cities_63,4044133,19813926.0000,6053.5,4.6360,single_family,2016,santa fe springs,NA,NA,NA
cities_63,0,masked,masked,masked,uncat,2016,santa fe springs,NA,NA,masked
cities_64,31437,masked,masked,masked,agriculture,2016,santa monica,NA,NA,masked
cities_64,23695344,455269259.3000,52929,8.4949,commercial,2016,santa monica,NA,NA,NA
cities_64,1259721,48659004.0000,32452.5,24.4709,condo,2016,santa monica,NA,NA,NA
cities_64,2245278,masked,masked,masked,industrial,2016,santa monica,NA,NA,masked
cities_64,1539832,40737171.0000,38258,6.9125,institutional,2016,santa monica,NA,NA,NA
cities_64,27081865,101203202.5000,12878.5,3.1222,multi_family,2016,santa monica,NA,NA,NA
cities_64,150167,5774522.5000,23806.5,12.0984,other,2016,santa monica,NA,NA,NA
cities_64,670915,9819037.0000,21442,5.7082,residential_other,2016,santa monica,NA,NA,NA
cities_64,0,13405226.5000,NA,NA,residential_uncat,2016,santa monica,NA,NA,NA
cities_64,46013544,241843287.5000,9217,3.5082,res_total,2016,santa monica,NA,91542,2641.8834
cities_64,17001043,68756817.5000,7029,3.5506,single_family,2016,santa monica,NA,NA,NA
cities_64,0,masked,masked,masked,uncat,2016,santa monica,NA,NA,masked
cities_65,NA,NA,NA,NA,agriculture,2016,lawndale,NA,NA,NA
cities_65,2140455,28078725.0000,17641,5.6495,commercial,2016,lawndale,NA,NA,NA
cities_65,143658,3701558.0000,19593,11.2324,condo,2016,lawndale,NA,NA,NA
cities_65,366388,2725700.0000,10433,3.3713,industrial,2016,lawndale,NA,NA,NA
cities_65,107480,masked,masked,masked,institutional,2016,lawndale,NA,NA,masked
cities_65,6058405,19575974.0000,4628.5,2.2422,multi_family,2016,lawndale,NA,NA,NA
cities_65,3244,masked,masked,masked,other,2016,lawndale,NA,NA,masked
cities_65,29690,masked,masked,masked,residential_other,2016,lawndale,NA,NA,masked
cities_65,0,masked,masked,masked,residential_uncat,2016,lawndale,NA,NA,masked
cities_65,8800285,42830297.0000,4708.5,3.0181,res_total,2016,lawndale,NA,32854,1303.6555
cities_65,2568532,10384606.0000,4634,3.8731,single_family,2016,lawndale,NA,NA,NA
cities_65,0,masked,masked,masked,uncat,2016,lawndale,NA,NA,masked
cities_66,NA,NA,NA,NA,agriculture,2016,lomita,NA,NA,NA
cities_66,1514058,16970585.0000,20206,5.5406,commercial,2016,lomita,NA,NA,NA
cities_66,91915,3743575.5000,29169,20.0115,condo,2016,lomita,NA,NA,NA
cities_66,86342,masked,masked,masked,industrial,2016,lomita,NA,NA,masked
cities_66,364206,masked,masked,masked,institutional,2016,lomita,NA,NA,masked
cities_66,3037222,10693010.0000,5341.5,2.2960,multi_family,2016,lomita,NA,NA,NA
cities_66,0,121459.0000,53802,NA,other,2016,lomita,NA,NA,NA
cities_66,96735,masked,masked,masked,residential_other,2016,lomita,NA,NA,masked
cities_66,0,masked,masked,masked,residential_uncat,2016,lomita,NA,NA,masked
cities_66,8010309,38757695.3000,5535,3.3384,res_total,2016,lomita,NA,20280,1911.1290
cities_66,4784437,17529818.8000,5474.5,3.4956,single_family,2016,lomita,NA,NA,NA
cities_66,0,masked,masked,masked,uncat,2016,lomita,NA,NA,masked
cities_67,11224,masked,masked,masked,agriculture,2016,long beach,NA,NA,masked
cities_67,48548293,680393483.3000,35169,8.0113,commercial,2016,long beach,NA,NA,NA
cities_67,2022878,92286260.7000,18653.5,14.2849,condo,2016,long beach,NA,NA,NA
cities_67,15674234,304582463.7000,27870,4.3095,industrial,2016,long beach,NA,NA,NA
cities_67,6799180,masked,masked,masked,institutional,2016,long beach,NA,NA,masked
cities_67,68736105,323216599.7000,11169,4.2338,multi_family,2016,long beach,NA,NA,NA
cities_67,2910345,masked,masked,masked,other,2016,long beach,NA,NA,masked
cities_67,1513197,22625758.0000,22478.5,7.6015,residential_other,2016,long beach,NA,NA,NA
cities_67,0,15610686.0000,NA,NA,residential_uncat,2016,long beach,NA,NA,NA
cities_67,160468983,838862605.5000,6625,4.2165,res_total,2016,long beach,NA,464599,1805.5627
cities_67,88196803,385123301.1000,5888.5,4.1863,single_family,2016,long beach,NA,NA,NA
cities_67,0,masked,masked,masked,uncat,2016,long beach,NA,NA,masked
cities_68,79532,masked,masked,masked,agriculture,2016,los angeles,NA,NA,masked
cities_68,461274399,6750639595.4000,40488.15,8.5067,commercial,2016,los angeles,NA,NA,NA
cities_68,16021741,898103638.7000,27091.5,17.7632,condo,2016,los angeles,NA,NA,NA
cities_68,221119718,2480358406.2000,41467.3,4.4225,industrial,2016,los angeles,NA,NA,NA
cities_68,64718996,2038451079.7000,40938.85,6.6076,institutional,2016,los angeles,NA,NA,NA
cities_68,628155680,2912435799.8999,10692.4,3.8178,multi_family,2016,los angeles,NA,NA,NA
cities_68,11217101,826902605.1000,19554.6,14.8516,other,2016,los angeles,NA,NA,NA
cities_68,19590035,204200072.9000,10955.6,5.1106,residential_other,2016,los angeles,NA,NA,NA
cities_68,0,202064655.4000,NA,NA,residential_uncat,2016,los angeles,NA,NA,NA
cities_68,1481956455,8142030229.7000,7509.8,4.2493,res_total,2016,los angeles,NA,3855286,2111.9134
cities_68,818188999,3925226062.8000,6933.9,4.3749,single_family,2016,los angeles,NA,NA,NA
cities_68,0,masked,masked,masked,uncat,2016,los angeles,NA,NA,masked
cities_69,NA,NA,NA,NA,agriculture,2016,lynwood,NA,NA,NA
cities_69,2916952,53147752.0000,17600,5.9703,commercial,2016,lynwood,NA,NA,NA
cities_69,123098,596476.0000,5619,3.2139,condo,2016,lynwood,NA,NA,NA
cities_69,3789305,31674654.0000,27954.5,3.5072,industrial,2016,lynwood,NA,NA,NA
cities_69,1320779,masked,masked,masked,institutional,2016,lynwood,NA,NA,masked
cities_69,5813420,21563435.5000,8081.5,3.5696,multi_family,2016,lynwood,NA,NA,NA
cities_69,6002,masked,masked,masked,other,2016,lynwood,NA,NA,masked
cities_69,27886,masked,masked,masked,residential_other,2016,lynwood,NA,NA,masked
cities_69,0,masked,masked,masked,residential_uncat,2016,lynwood,NA,NA,masked
cities_69,14802964,68818615.5000,5632,4.1436,res_total,2016,lynwood,NA,69670,987.7798
cities_69,8838560,40372607.0000,5337,4.3214,single_family,2016,lynwood,NA,NA,NA
cities_69,0,masked,masked,masked,uncat,2016,lynwood,NA,NA,masked
cities_7,NA,NA,NA,NA,agriculture,2016,bell gardens,NA,NA,NA
cities_7,1434347,25445647.0000,18319.5,6.7356,commercial,2016,bell gardens,NA,NA,NA
cities_7,98727,1257703.0000,6078,3.5882,condo,2016,bell gardens,NA,NA,NA
cities_7,2036941,masked,masked,masked,industrial,2016,bell gardens,NA,NA,masked
cities_7,217759,masked,masked,masked,institutional,2016,bell gardens,NA,NA,masked
cities_7,6379384,19678858.0000,5690,2.3353,multi_family,2016,bell gardens,NA,NA,NA
cities_7,6302,masked,masked,masked,other,2016,bell gardens,NA,NA,masked
cities_7,127178,masked,masked,masked,residential_other,2016,bell gardens,NA,NA,masked
cities_7,0,masked,masked,masked,residential_uncat,2016,bell gardens,NA,NA,masked
cities_7,7856490,43712274.0000,5542.5,3.0775,res_total,2016,bell gardens,NA,42565,1026.9535
cities_7,1251201,6213891.5000,5218.5,4.6750,single_family,2016,bell gardens,NA,NA,NA
cities_7,0,masked,masked,masked,uncat,2016,bell gardens,NA,NA,masked
cities_70,NA,NA,NA,NA,agriculture,2016,malibu,NA,NA,NA
cities_70,1209472,21223281.0000,55208.5,11.1640,commercial,2016,malibu,NA,NA,NA
cities_70,204523,masked,masked,masked,condo,2016,malibu,NA,NA,masked
cities_70,3330,masked,masked,masked,industrial,2016,malibu,NA,NA,masked
cities_70,181633,masked,masked,masked,institutional,2016,malibu,NA,NA,masked
cities_70,706335,3394101.5000,10493.5,3.5827,multi_family,2016,malibu,NA,NA,NA
cities_70,12798,masked,masked,masked,other,2016,malibu,NA,NA,masked
cities_70,152333,6546664.0000,10032,7.6600,residential_other,2016,malibu,NA,NA,NA
cities_70,0,3418175.0000,NA,NA,residential_uncat,2016,malibu,NA,NA,NA
cities_70,13045856,87633125.1667,12113,4.3356,res_total,2016,malibu,NA,12830,6830.3293
cities_70,11982665,66957313.6667,12059,4.2770,single_family,2016,malibu,NA,NA,NA
cities_70,0,228679.0000,NA,NA,uncat,2016,malibu,NA,NA,NA
cities_71,NA,NA,NA,NA,agriculture,2016,manhattan beach,NA,NA,NA
cities_71,5694850,91283686.0000,48363,11.0435,commercial,2016,manhattan beach,NA,NA,NA
cities_71,1837855,10146691.5000,8540,4.1254,condo,2016,manhattan beach,NA,NA,NA
cities_71,14358,masked,masked,masked,industrial,2016,manhattan beach,NA,NA,masked
cities_71,399871,masked,masked,masked,institutional,2016,manhattan beach,NA,NA,masked
cities_71,3659757,12415777.0000,7338,3.2696,multi_family,2016,manhattan beach,NA,NA,NA
cities_71,621427,masked,masked,masked,other,2016,manhattan beach,NA,NA,masked
cities_71,16532,masked,masked,masked,residential_other,2016,manhattan beach,NA,NA,masked
cities_71,0,masked,masked,masked,residential_uncat,2016,manhattan beach,NA,NA,masked
cities_71,27910452,100882510.1000,7016,3.2251,res_total,2016,manhattan beach,NA,35171,2868.3435
cities_71,22396308,77114200.6000,6856,3.1562,single_family,2016,manhattan beach,NA,NA,NA
cities_71,0,masked,masked,masked,uncat,2016,manhattan beach,NA,NA,masked
cities_72,NA,NA,NA,NA,agriculture,2016,south pasadena,NA,NA,NA
cities_72,1744635,32096368.7000,30175,6.5815,commercial,2016,south pasadena,NA,NA,NA
cities_72,123906,6174704.0000,58285,38.8285,condo,2016,south pasadena,NA,NA,NA
cities_72,197379,2167838.0000,14489,4.7027,industrial,2016,south pasadena,NA,NA,NA
cities_72,200978,masked,masked,masked,institutional,2016,south pasadena,NA,NA,masked
cities_72,4990408,17223652.0000,8515,2.9062,multi_family,2016,south pasadena,NA,NA,NA
cities_72,55155,masked,masked,masked,other,2016,south pasadena,NA,NA,masked
cities_72,79530,masked,masked,masked,residential_other,2016,south pasadena,NA,NA,masked
cities_72,0,masked,masked,masked,residential_uncat,2016,south pasadena,NA,NA,masked
cities_72,14203663,62826412.1000,7099,3.5029,res_total,2016,south pasadena,NA,25837,2431.6450
cities_72,9009819,34544075.1000,6865,3.5836,single_family,2016,south pasadena,NA,NA,NA
cities_72,0,masked,masked,masked,uncat,2016,south pasadena,NA,NA,masked
cities_73,NA,NA,NA,NA,agriculture,2016,temple city,NA,NA,NA
cities_73,1871494,28864826.0000,13736,5.6938,commercial,2016,temple city,NA,NA,NA
cities_73,371157,5615361.0000,16427,9.6744,condo,2016,temple city,NA,NA,NA
cities_73,358981,masked,masked,masked,industrial,2016,temple city,NA,NA,masked
cities_73,348694,masked,masked,masked,institutional,2016,temple city,NA,NA,masked
cities_73,2901868,9253473.6000,6104,2.3426,multi_family,2016,temple city,NA,NA,NA
cities_73,21469,masked,masked,masked,other,2016,temple city,NA,NA,masked
cities_73,142927,masked,masked,masked,residential_other,2016,temple city,NA,NA,masked
cities_73,0,masked,masked,masked,residential_uncat,2016,temple city,NA,NA,masked
cities_73,15299796,72129968.9000,5979.5,3.6674,res_total,2016,temple city,NA,36454,1978.6572
cities_73,11883844,48504725.3000,5909,3.7786,single_family,2016,temple city,NA,NA,NA
cities_73,0,masked,masked,masked,uncat,2016,temple city,NA,NA,masked
cities_74,1034,masked,masked,masked,agriculture,2016,torrance,NA,NA,masked
cities_74,27819606,447318482.4000,76498,9.2368,commercial,2016,torrance,NA,NA,NA
cities_74,1378087,30546744.5000,9282.5,4.4623,condo,2016,torrance,NA,NA,NA
cities_74,17339171,masked,masked,masked,industrial,2016,torrance,NA,NA,masked
cities_74,2111370,masked,masked,masked,institutional,2016,torrance,NA,NA,masked
cities_74,16881908,76589638.8000,10918.5,3.4214,multi_family,2016,torrance,NA,NA,NA
cities_74,80324,masked,masked,masked,other,2016,torrance,NA,NA,masked
cities_74,552452,7552214.0000,16091,6.4653,residential_other,2016,torrance,NA,NA,NA
cities_74,0,10837953.5000,NA,NA,residential_uncat,2016,torrance,NA,NA,NA
cities_74,66562872,284960604.2000,5278,3.1781,res_total,2016,torrance,NA,146997,1938.5471
cities_74,47750425,159434053.4000,5115,3.1522,single_family,2016,torrance,NA,NA,NA
cities_74,0,masked,masked,masked,uncat,2016,torrance,NA,NA,masked
cities_75,NA,NA,NA,NA,agriculture,2016,vernon,NA,NA,NA
cities_75,NA,NA,NA,NA,commercial,2016,vernon,NA,NA,NA
cities_75,NA,NA,NA,NA,condo,2016,vernon,NA,NA,NA
cities_75,NA,NA,NA,NA,industrial,2016,vernon,NA,NA,NA
cities_75,NA,NA,NA,NA,institutional,2016,vernon,NA,NA,NA
cities_75,NA,NA,NA,NA,multi_family,2016,vernon,NA,NA,NA
cities_75,NA,NA,NA,NA,other,2016,vernon,NA,NA,NA
cities_75,NA,NA,NA,NA,residential_other,2016,vernon,NA,NA,NA
cities_75,NA,NA,NA,NA,residential_uncat,2016,vernon,NA,NA,NA
cities_75,NA,NA,NA,NA,res_total,2016,vernon,NA,342,NA
cities_75,NA,NA,NA,NA,single_family,2016,vernon,NA,NA,NA
cities_75,NA,NA,NA,NA,uncat,2016,vernon,NA,NA,NA
cities_76,NA,NA,NA,NA,agriculture,2016,walnut,NA,NA,NA
cities_76,2016384,23733292.0000,52396,6.4113,commercial,2016,walnut,NA,NA,NA
cities_76,105329,1163131.0000,5410,2.8101,condo,2016,walnut,NA,NA,NA
cities_76,1028291,masked,masked,masked,industrial,2016,walnut,NA,NA,masked
cities_76,568915,masked,masked,masked,institutional,2016,walnut,NA,NA,masked
cities_76,242662,766614.0000,7850,3.5123,multi_family,2016,walnut,NA,NA,NA
cities_76,46130,1341915.0000,7874,NA,other,2016,walnut,NA,NA,NA
cities_76,21534,masked,masked,masked,residential_other,2016,walnut,NA,NA,masked
cities_76,0,masked,masked,masked,residential_uncat,2016,walnut,NA,NA,masked
cities_76,18134779,66739880.5000,6933,3.3463,res_total,2016,walnut,NA,29957,2227.8559
cities_76,17765254,62349972.0000,6950.5,3.3496,single_family,2016,walnut,NA,NA,NA
cities_76,0,masked,masked,masked,uncat,2016,walnut,NA,NA,masked
cities_77,7138,masked,masked,masked,agriculture,2016,west covina,NA,NA,masked
cities_77,11509137,164781190.0000,95955.5,10.2847,commercial,2016,west covina,NA,NA,NA
cities_77,1914268,19868744.5000,5810,3.4580,condo,2016,west covina,NA,NA,NA
cities_77,175580,masked,masked,masked,industrial,2016,west covina,NA,NA,masked
cities_77,1897975,masked,masked,masked,institutional,2016,west covina,NA,NA,masked
cities_77,6956756,30860343.0000,20288,5.3299,multi_family,2016,west covina,NA,NA,NA
cities_77,31928,masked,masked,masked,other,2016,west covina,NA,NA,masked
cities_77,496013,6081769.5000,5213,4.0660,residential_other,2016,west covina,NA,NA,NA
cities_77,0,9071146.0000,NA,NA,residential_uncat,2016,west covina,NA,NA,NA
cities_77,44759569,232995927.0000,7363,4.5240,res_total,2016,west covina,NA,107808,2161.2118
cities_77,35392532,167113924.0000,7368,4.5494,single_family,2016,west covina,NA,NA,NA
cities_77,0,masked,masked,masked,uncat,2016,west covina,NA,NA,masked
cities_78,NA,NA,NA,NA,agriculture,2016,west hollywood,NA,NA,NA
cities_78,7510329,163856715.7000,41427,9.6408,commercial,2016,west hollywood,NA,NA,NA
cities_78,304239,39604321.0000,81118,65.5878,condo,2016,west hollywood,NA,NA,NA
cities_78,237940,2927697.1000,36488,8.4507,industrial,2016,west hollywood,NA,NA,NA
cities_78,163676,masked,masked,masked,institutional,2016,west hollywood,NA,NA,masked
cities_78,15172933,67088175.2000,16531.5,3.5318,multi_family,2016,west hollywood,NA,NA,NA
cities_78,315285,masked,masked,masked,other,2016,west hollywood,NA,NA,masked
cities_78,318755,masked,masked,masked,residential_other,2016,west hollywood,NA,NA,masked
cities_78,0,masked,masked,masked,residential_uncat,2016,west hollywood,NA,NA,masked
cities_78,17293084,131550605.5000,11688,4.2487,res_total,2016,west hollywood,NA,35072,3750.8726
cities_78,1497157,10272630.3000,7572,5.6994,single_family,2016,west hollywood,NA,NA,NA
cities_78,0,1294534.0000,NA,NA,uncat,2016,west hollywood,NA,NA,NA
cities_79,NA,NA,NA,NA,agriculture,2016,westlake village,NA,NA,NA
cities_79,5123208,masked,masked,masked,commercial,2016,westlake village,NA,NA,masked
cities_79,4527082,23774858.0000,9630,4.0746,condo,2016,westlake village,NA,NA,NA
cities_79,1656333,9540140.0000,113829.5,3.8931,industrial,2016,westlake village,NA,NA,NA
cities_79,906562,masked,masked,masked,institutional,2016,westlake village,NA,NA,masked
cities_79,NA,NA,NA,NA,multi_family,2016,westlake village,NA,NA,NA
cities_79,1341,masked,masked,masked,other,2016,westlake village,NA,NA,masked
cities_79,138147,masked,masked,masked,residential_other,2016,westlake village,NA,NA,masked
cities_79,0,8589403.0000,NA,NA,residential_uncat,2016,westlake village,NA,NA,NA
cities_79,4777956,34666713.0000,9721,4.0796,res_total,2016,westlake village,NA,8393,4130.4317
cities_79,112727,masked,masked,masked,single_family,2016,westlake village,NA,NA,masked
cities_79,0,masked,masked,masked,uncat,2016,westlake village,NA,NA,masked
cities_8,NA,NA,NA,NA,agriculture,2016,bellflower,NA,NA,NA
cities_8,4462734,64524047.0000,15617,4.9696,commercial,2016,bellflower,NA,NA,NA
cities_8,299812,7612112.0000,24126,18.0669,condo,2016,bellflower,NA,NA,NA
cities_8,834883,masked,masked,masked,industrial,2016,bellflower,NA,NA,masked
cities_8,1813273,masked,masked,masked,institutional,2016,bellflower,NA,NA,masked
cities_8,10863405,40946728.0000,8086,2.7757,multi_family,2016,bellflower,NA,NA,NA
cities_8,12591,masked,masked,masked,other,2016,bellflower,NA,NA,masked
cities_8,275853,5946300.0000,72367,16.5928,residential_other,2016,bellflower,NA,NA,NA
cities_8,0,17766689.5000,NA,NA,residential_uncat,2016,bellflower,NA,NA,NA
cities_8,23146989,126167898.4000,6212.5,4.1901,res_total,2016,bellflower,NA,77423,1629.5920
cities_8,11707919,53896068.9000,5988.5,4.3857,single_family,2016,bellflower,NA,NA,NA
cities_8,0,1143374.0000,NA,NA,uncat,2016,bellflower,NA,NA,NA
cities_80,480,masked,masked,masked,agriculture,2016,maywood,NA,NA,masked
cities_80,924039,19395060.0000,25366,7.7566,commercial,2016,maywood,NA,NA,NA
cities_80,4391,masked,masked,masked,condo,2016,maywood,NA,NA,masked
cities_80,616522,masked,masked,masked,industrial,2016,maywood,NA,NA,masked
cities_80,169747,masked,masked,masked,institutional,2016,maywood,NA,NA,masked
cities_80,3305931,12919684.5000,8755.5,3.9764,multi_family,2016,maywood,NA,NA,NA
cities_80,0,masked,masked,masked,other,2016,maywood,NA,NA,masked
cities_80,33823,masked,masked,masked,residential_other,2016,maywood,NA,NA,masked
cities_80,0,3411618.5000,NA,NA,residential_uncat,2016,maywood,NA,NA,NA
cities_80,5083278,25367415.0000,6145,4.3955,res_total,2016,maywood,NA,26560,955.0985
cities_80,1739133,8565080.0000,5191.5,4.7514,single_family,2016,maywood,NA,NA,NA
cities_80,0,108169.0000,NA,NA,uncat,2016,maywood,NA,NA,NA
cities_81,NA,NA,NA,NA,agriculture,2016,monrovia,NA,NA,NA
cities_81,3786396,77529780.5000,37442,8.7316,commercial,2016,monrovia,NA,NA,NA
cities_81,787545,11845387.5000,7545,4.7317,condo,2016,monrovia,NA,NA,NA
cities_81,3536092,56749789.0000,36118,4.5654,industrial,2016,monrovia,NA,NA,NA
cities_81,716963,13342967.5000,13857,9.4918,institutional,2016,monrovia,NA,NA,NA
cities_81,5470545,25678882.0000,9852,4.4603,multi_family,2016,monrovia,NA,NA,NA
cities_81,34600,masked,masked,masked,other,2016,monrovia,NA,NA,masked
cities_81,185114,2051662.0000,53022,9.1963,residential_other,2016,monrovia,NA,NA,NA
cities_81,0,4936112.0000,NA,NA,residential_uncat,2016,monrovia,NA,NA,NA
cities_81,15645171,90457577.5000,7685,4.7114,res_total,2016,monrovia,NA,38543,2346.9262
cities_81,9201967,45945534.0000,7293,4.8153,single_family,2016,monrovia,NA,NA,NA
cities_81,0,masked,masked,masked,uncat,2016,monrovia,NA,NA,masked
cities_82,6760,masked,masked,masked,agriculture,2016,montebello,NA,NA,masked
cities_82,6615668,92996179.7000,24545,6.9479,commercial,2016,montebello,NA,NA,NA
cities_82,720883,9235114.0000,6028.5,3.2223,condo,2016,montebello,NA,NA,NA
cities_82,11703744,87392876.0000,55774,2.8926,industrial,2016,montebello,NA,NA,NA
cities_82,840802,masked,masked,masked,institutional,2016,montebello,NA,NA,masked
cities_82,7867832,35352967.1000,9258,3.5423,multi_family,2016,montebello,NA,NA,NA
cities_82,1444642,masked,masked,masked,other,2016,montebello,NA,NA,masked
cities_82,345399,3278752.0000,31197,8.2469,residential_other,2016,montebello,NA,NA,NA
cities_82,0,8729586.0000,NA,NA,residential_uncat,2016,montebello,NA,NA,NA
cities_82,22193272,111883229.6000,6264,3.8164,res_total,2016,montebello,NA,63351,1766.0847
cities_82,13259158,55286810.5000,6039,3.8791,single_family,2016,montebello,NA,NA,NA
cities_82,0,masked,masked,masked,uncat,2016,montebello,NA,NA,masked
cities_83,NA,NA,NA,NA,agriculture,2016,monterey park,NA,NA,NA
cities_83,6506378,117190209.5000,34672.5,7.8862,commercial,2016,monterey park,NA,NA,NA
cities_83,882238,17405447.0000,15881,9.0275,condo,2016,monterey park,NA,NA,NA
cities_83,1963147,26035796.0000,45555.5,3.6536,industrial,2016,monterey park,NA,NA,NA
cities_83,654292,masked,masked,masked,institutional,2016,monterey park,NA,NA,masked
cities_83,6146169,23144469.5000,9403,3.3999,multi_family,2016,monterey park,NA,NA,NA
cities_83,22099,811163.5000,11946,6.3726,other,2016,monterey park,NA,NA,NA
cities_83,207890,masked,masked,masked,residential_other,2016,monterey park,NA,NA,masked
cities_83,0,masked,masked,masked,residential_uncat,2016,monterey park,NA,NA,masked
cities_83,23745934,105982958.1000,5636,3.4222,res_total,2016,monterey park,NA,61233,1730.8144
cities_83,16509637,59319993.1000,5287,3.3451,single_family,2016,monterey park,NA,NA,NA
cities_83,0,masked,masked,masked,uncat,2016,monterey park,NA,NA,masked
cities_84,991,masked,masked,masked,agriculture,2016,norwalk,NA,NA,masked
cities_84,6674521,136641920.0000,41217,7.8756,commercial,2016,norwalk,NA,NA,NA
cities_84,164149,6218254.0000,7504.5,5.6869,condo,2016,norwalk,NA,NA,NA
cities_84,3929701,38249161.0000,39248,2.8672,industrial,2016,norwalk,NA,NA,NA
cities_84,893779,26425716.0000,30406.5,3.5988,institutional,2016,norwalk,NA,NA,NA
cities_84,4713076,21696858.5000,12921,3.9497,multi_family,2016,norwalk,NA,NA,NA
cities_84,28266,masked,masked,masked,other,2016,norwalk,NA,NA,masked
cities_84,400399,5100013.0000,234961.5,13.8092,residential_other,2016,norwalk,NA,NA,NA
cities_84,0,4371313.0000,NA,NA,residential_uncat,2016,norwalk,NA,NA,NA
cities_84,30163721,154497179.0000,5592,4.4704,res_total,2016,norwalk,NA,106652,1448.6102
cities_84,24886097,117110740.5000,5543,4.4807,single_family,2016,norwalk,NA,NA,NA
cities_84,0,masked,masked,masked,uncat,2016,norwalk,NA,NA,masked
cities_85,NA,NA,NA,NA,agriculture,2016,sierra madre,NA,NA,NA
cities_85,372701,5509390.0000,18175,6.5725,commercial,2016,sierra madre,NA,NA,NA
cities_85,69902,1935544.0000,39123,22.7868,condo,2016,sierra madre,NA,NA,NA
cities_85,141293,masked,masked,masked,industrial,2016,sierra madre,NA,NA,masked
cities_85,354827,masked,masked,masked,institutional,2016,sierra madre,NA,NA,masked
cities_85,1317591,5562423.0000,8975.5,3.8177,multi_family,2016,sierra madre,NA,NA,NA
cities_85,9359,masked,masked,masked,other,2016,sierra madre,NA,NA,masked
cities_85,34904,masked,masked,masked,residential_other,2016,sierra madre,NA,NA,masked
cities_85,0,masked,masked,masked,residential_uncat,2016,sierra madre,NA,NA,masked
cities_85,7129753,35765084.0000,7990,4.3892,res_total,2016,sierra madre,NA,11058,3234.3176
cities_85,5707356,26610908.0000,7791,4.4163,single_family,2016,sierra madre,NA,NA,NA
cities_85,0,masked,masked,masked,uncat,2016,sierra madre,NA,NA,masked
cities_86,NA,NA,NA,NA,agriculture,2016,signal hill,NA,NA,NA
cities_86,2730637,39434878.0000,35757,7.4850,commercial,2016,signal hill,NA,NA,NA
cities_86,925043,10965550.0000,7424.5,3.3211,condo,2016,signal hill,NA,NA,NA
cities_86,4339909,masked,masked,masked,industrial,2016,signal hill,NA,NA,masked
cities_86,71748,masked,masked,masked,institutional,2016,signal hill,NA,NA,masked
cities_86,1633333,6863902.0000,6570,2.8860,multi_family,2016,signal hill,NA,NA,NA
cities_86,13683,masked,masked,masked,other,2016,signal hill,NA,NA,masked
cities_86,17365,masked,masked,masked,residential_other,2016,signal hill,NA,NA,masked
cities_86,0,masked,masked,masked,residential_uncat,2016,signal hill,NA,NA,masked
cities_86,3766216,25766272.0000,6331,3.2334,res_total,2016,signal hill,NA,11341,2271.9577
cities_86,1190475,4216824.0000,5738,3.3161,single_family,2016,signal hill,NA,NA,NA
cities_86,0,125738.0000,NA,NA,uncat,2016,signal hill,NA,NA,NA
cities_87,NA,NA,NA,NA,agriculture,2016,south el monte,NA,NA,NA
cities_87,1355596,masked,masked,masked,commercial,2016,south el monte,NA,NA,masked
cities_87,97148,masked,masked,masked,condo,2016,south el monte,NA,NA,masked
cities_87,11437257,101588807.0000,21943.5,2.8671,industrial,2016,south el monte,NA,NA,NA
cities_87,255688,masked,masked,masked,institutional,2016,south el monte,NA,NA,masked
cities_87,1456288,5085517.0000,6588,2.6867,multi_family,2016,south el monte,NA,NA,NA
cities_87,17579,masked,masked,masked,other,2016,south el monte,NA,NA,masked
cities_87,34243,masked,masked,masked,residential_other,2016,south el monte,NA,NA,masked
cities_87,0,masked,masked,masked,residential_uncat,2016,south el monte,NA,NA,masked
cities_87,4491510,26177979.3333,6143.5,4.6330,res_total,2016,south el monte,NA,20756,1261.2247
cities_87,2903831,15918220.3333,6139,5.0061,single_family,2016,south el monte,NA,NA,NA
cities_87,0,masked,masked,masked,uncat,2016,south el monte,NA,NA,masked
cities_88,176666,masked,masked,masked,agriculture,2016,south gate,NA,NA,masked
cities_88,4121533,84510190.5000,17436,5.6171,commercial,2016,south gate,NA,NA,NA
cities_88,563930,2654294.0000,4621,3.0656,condo,2016,south gate,NA,NA,NA
cities_88,8518903,163906911.0000,26284,3.0844,industrial,2016,south gate,NA,NA,NA
cities_88,1860863,23450430.0000,28190,4.6745,institutional,2016,south gate,NA,NA,NA
cities_88,9248771,35398517.0000,8260,3.8096,multi_family,2016,south gate,NA,NA,NA
cities_88,624662,masked,masked,masked,other,2016,south gate,NA,NA,masked
cities_88,31878,masked,masked,masked,residential_other,2016,south gate,NA,NA,masked
cities_88,0,masked,masked,masked,residential_uncat,2016,south gate,NA,NA,masked
cities_88,22219006,102257389.6667,5571,4.0750,res_total,2016,south gate,NA,95402,1071.8579
cities_88,12374427,54830832.6667,5094,4.2352,single_family,2016,south gate,NA,NA,NA
cities_88,0,1398180.0000,NA,NA,uncat,2016,south gate,NA,NA,NA
cities_9,NA,NA,NA,NA,agriculture,2016,beverly hills,NA,NA,NA
cities_9,16945139,308241819.8000,135793,14.8079,commercial,2016,beverly hills,NA,NA,NA
cities_9,282011,24437204.4000,115024.5,59.2258,condo,2016,beverly hills,NA,NA,NA
cities_9,62069,masked,masked,masked,industrial,2016,beverly hills,NA,NA,masked
cities_9,895995,39522356.3000,163850,17.2777,institutional,2016,beverly hills,NA,NA,NA
cities_9,9041239,37599531.5000,20704,3.5975,multi_family,2016,beverly hills,NA,NA,NA
cities_9,64494,masked,masked,masked,other,2016,beverly hills,NA,NA,masked
cities_9,198119,masked,masked,masked,residential_other,2016,beverly hills,NA,NA,masked
cities_9,0,masked,masked,masked,residential_uncat,2016,beverly hills,NA,NA,masked
cities_9,34268722,190583898.9000,16422,4.0720,res_total,2016,beverly hills,NA,34793,5477.6506
cities_9,24747353,124133389.3000,14992,4.1455,single_family,2016,beverly hills,NA,NA,NA
cities_9,0,292872.0000,NA,NA,uncat,2016,beverly hills,NA,NA,NA
cogs_1,15048,masked,masked,masked,agriculture,2016,South Bay Cities COG,NA,NA,masked
cogs_1,126739233,1860790002.6000,32419.6,7.3074,commercial,2016,South Bay Cities COG,NA,NA,NA
cogs_1,14845052,233170689.9000,11038,5.3001,condo,2016,South Bay Cities COG,NA,NA,NA
cogs_1,125168276,2512590620.9000,47088,4.0348,industrial,2016,South Bay Cities COG,NA,NA,NA
cogs_1,12843794,439085133.0000,36397,5.4102,institutional,2016,South Bay Cities COG,NA,NA,NA
cogs_1,134369896,533313117.2000,8966.45,3.4534,multi_family,2016,South Bay Cities COG,NA,NA,NA
cogs_1,2685645,227032968.7000,10952.5,43.2383,other,2016,South Bay Cities COG,NA,NA,NA
cogs_1,4282494,51541935.4000,15457,7.0878,residential_other,2016,South Bay Cities COG,NA,NA,NA
cogs_1,0,77993182.7000,NA,NA,residential_uncat,2016,South Bay Cities COG,NA,NA,NA
cogs_1,422567299,1868308965.3000,5846.95,3.4642,res_total,2016,South Bay Cities COG,NA,1068515,1748.5098
cogs_1,269069857,972290040.1000,5416,3.4218,single_family,2016,South Bay Cities COG,NA,NA,NA
cogs_1,0,masked,masked,masked,uncat,2016,South Bay Cities COG,NA,NA,masked
cogs_2,444371,masked,masked,masked,agriculture,2016,Gateway Cities COG,NA,NA,masked
cogs_2,172067490,2648886325.3000,29422,7.2829,commercial,2016,Gateway Cities COG,NA,NA,NA
cogs_2,15684809,225786724.8667,6916,3.6460,condo,2016,Gateway Cities COG,NA,NA,NA
cogs_2,348936159,3836268977.9000,52415,3.4243,industrial,2016,Gateway Cities COG,NA,NA,NA
cogs_2,28464171,927530635.5000,34498,5.2795,institutional,2016,Gateway Cities COG,NA,NA,NA
cogs_2,206023776,884487788.7500,8973,3.8801,multi_family,2016,Gateway Cities COG,NA,NA,NA
cogs_2,10223531,masked,masked,masked,other,2016,Gateway Cities COG,NA,NA,masked
cogs_2,5521109,88333562.9000,21867,7.7143,residential_other,2016,Gateway Cities COG,NA,NA,NA
cogs_2,0,176572337.1667,NA,NA,residential_uncat,2016,Gateway Cities COG,NA,NA,NA
cogs_2,629853666,3181896225.5500,6175,4.2243,res_total,2016,Gateway Cities COG,NA,2070508,1536.7708
cogs_2,402623972,1806715811.8667,5863,4.3101,single_family,2016,Gateway Cities COG,NA,NA,NA
cogs_2,0,17241267.2500,NA,NA,uncat,2016,Gateway Cities COG,NA,NA,NA
cogs_3,23196,406754.0000,25946,15.6796,agriculture,2016,Las Virgenes-Malibu COG,NA,NA,NA
cogs_3,17168279,265438551.9000,138309,11.0934,commercial,2016,Las Virgenes-Malibu COG,NA,NA,NA
cogs_3,23663499,137535413.2000,10315.5,4.1057,condo,2016,Las Virgenes-Malibu COG,NA,NA,NA
cogs_3,3324130,masked,masked,masked,industrial,2016,Las Virgenes-Malibu COG,NA,NA,masked
cogs_3,1899217,masked,masked,masked,institutional,2016,Las Virgenes-Malibu COG,NA,NA,masked
cogs_3,2823594,10151388.0000,12984,3.9362,multi_family,2016,Las Virgenes-Malibu COG,NA,NA,NA
cogs_3,115224,12429566.1000,14375.5,18.4616,other,2016,Las Virgenes-Malibu COG,NA,NA,NA
cogs_3,858419,19455793.0000,9698.5,7.0689,residential_other,2016,Las Virgenes-Malibu COG,NA,NA,NA
cogs_3,0,24446584.4545,NA,NA,residential_uncat,2016,Las Virgenes-Malibu COG,NA,NA,NA
cogs_3,65908319,397008317.8212,10900,4.3521,res_total,2016,Las Virgenes-Malibu COG,NA,86729,4577.5729
cogs_3,38562807,205419139.1667,11277.5,4.5513,single_family,2016,Las Virgenes-Malibu COG,NA,NA,NA
cogs_3,0,1809267.0000,NA,NA,uncat,2016,Las Virgenes-Malibu COG,NA,NA,NA
cogs_4,75703,masked,masked,masked,agriculture,2016,San Fernando Valley COG,NA,NA,masked
cogs_4,163259580,2493172088.1000,58226.3,10.5442,commercial,2016,San Fernando Valley COG,NA,NA,NA
cogs_4,26588619,583745412.2667,8979.8,4.5928,condo,2016,San Fernando Valley COG,NA,NA,NA
cogs_4,112859531,1358152992.9000,67503.35,5.1442,industrial,2016,San Fernando Valley COG,NA,NA,NA
cogs_4,24029064,664694627.4000,59913.5,10.1498,institutional,2016,San Fernando Valley COG,NA,NA,NA
cogs_4,177465669,973231751.6000,21351.15,5.0765,multi_family,2016,San Fernando Valley COG,NA,NA,NA
cogs_4,3118838,165121417.9000,19828,29.3461,other,2016,San Fernando Valley COG,NA,NA,NA
cogs_4,9110891,129400440.3000,10554,6.2736,residential_other,2016,San Fernando Valley COG,NA,NA,NA
cogs_4,0,97454783.4664,NA,NA,residential_uncat,2016,San Fernando Valley COG,NA,NA,NA
cogs_4,735881477,4445619014.6664,8434,4.8181,res_total,2016,San Fernando Valley COG,NA,2059031,2159.0831
cogs_4,522716298,2661786627.0333,8202.75,4.8018,single_family,2016,San Fernando Valley COG,NA,NA,NA
cogs_4,0,masked,masked,masked,uncat,2016,San Fernando Valley COG,NA,NA,masked
cogs_5,40159,masked,masked,masked,agriculture,2016,Westside Cities COG,NA,NA,masked
cogs_5,173356177,2743964967.7000,51316,9.7730,commercial,2016,Westside Cities COG,NA,NA,NA
cogs_5,5862337,441880537.1000,42667.5,31.0088,condo,2016,Westside Cities COG,NA,NA,NA
cogs_5,21445530,270328615.1000,41135.75,5.4616,industrial,2016,Westside Cities COG,NA,NA,NA
cogs_5,14101749,447985340.8000,58915.1,8.2276,institutional,2016,Westside Cities COG,NA,NA,NA
cogs_5,192607409,772395893.5000,12636.95,3.3971,multi_family,2016,Westside Cities COG,NA,NA,NA
cogs_5,4736694,444924454.9000,25543.4,23.6188,other,2016,Westside Cities COG,NA,NA,NA
cogs_5,4868305,67188473.1000,16691.4,6.4676,residential_other,2016,Westside Cities COG,NA,NA,NA
cogs_5,0,105785482.3000,NA,NA,residential_uncat,2016,Westside Cities COG,NA,NA,NA
cogs_5,445734455,2495896016.3000,8300,3.7541,res_total,2016,Westside Cities COG,NA,805395,3098.9713
cogs_5,242396404,1108645630.3000,7293,3.8292,single_family,2016,Westside Cities COG,NA,NA,NA
cogs_5,0,masked,masked,masked,uncat,2016,Westside Cities COG,NA,NA,masked
cogs_6,286975,masked,masked,masked,agriculture,2016,San Gabriel Valley COG,NA,NA,masked
cogs_6,146600080,2121203366.9000,33565,7.5505,commercial,2016,San Gabriel Valley COG,NA,NA,NA
cogs_6,25816103,299858109.3000,6620,4.0181,condo,2016,San Gabriel Valley COG,NA,NA,NA
cogs_6,170817015,2074013620.9000,38432,3.1837,industrial,2016,San Gabriel Valley COG,NA,NA,NA
cogs_6,28048174,1020776285.7000,43789,7.6028,institutional,2016,San Gabriel Valley COG,NA,NA,NA
cogs_6,121889989,496009579.1000,8697,3.4582,multi_family,2016,San Gabriel Valley COG,NA,NA,NA
cogs_6,4283750,masked,masked,masked,other,2016,San Gabriel Valley COG,NA,NA,masked
cogs_6,8741536,129699862.8000,11497,6.5974,residential_other,2016,San Gabriel Valley COG,NA,NA,NA
cogs_6,0,178642603.4730,NA,NA,residential_uncat,2016,San Gabriel Valley COG,NA,NA,NA
cogs_6,670398132,3372551641.5063,6899,4.1930,res_total,2016,San Gabriel Valley COG,NA,1845123,1827.8194
cogs_6,513950504,2268341486.8333,6824,4.2608,single_family,2016,San Gabriel Valley COG,NA,NA,NA
cogs_6,0,15813738.0000,NA,NA,uncat,2016,San Gabriel Valley COG,NA,NA,NA
counties_13,NA,NA,NA,NA,agriculture,2016,Imperial County,NA,NA,NA
counties_13,NA,NA,NA,NA,commercial,2016,Imperial County,NA,NA,NA
counties_13,NA,NA,NA,NA,condo,2016,Imperial County,NA,NA,NA
counties_13,NA,NA,NA,NA,industrial,2016,Imperial County,NA,NA,NA
counties_13,NA,NA,NA,NA,institutional,2016,Imperial County,NA,NA,NA
counties_13,NA,NA,NA,NA,multi_family,2016,Imperial County,NA,NA,NA
counties_13,NA,NA,NA,NA,other,2016,Imperial County,NA,NA,NA
counties_13,NA,NA,NA,NA,residential_other,2016,Imperial County,NA,NA,NA
counties_13,NA,NA,NA,NA,residential_uncat,2016,Imperial County,NA,NA,NA
counties_13,NA,NA,NA,NA,res_total,2016,Imperial County,NA,177026,NA
counties_13,NA,NA,NA,NA,single_family,2016,Imperial County,NA,NA,NA
counties_13,NA,NA,NA,NA,uncat,2016,Imperial County,NA,NA,NA
counties_19,1189241,masked,masked,masked,agriculture,2016,Los Angeles County,NA,NA,masked
counties_19,1005971992,15490940806.1667,37547,8.1014,commercial,2016,Los Angeles County,NA,NA,NA
counties_19,113915935,2098626627.7333,8726,4.4776,condo,2016,Los Angeles County,NA,NA,NA
counties_19,811255539,10464577157.0000,44255,3.9542,industrial,2016,Los Angeles County,NA,NA,NA
counties_19,142141112,4795260920.2000,39572,6.5026,institutional,2016,Los Angeles County,NA,NA,NA
counties_19,1155354287,5109288644.5499,9847.6,3.7489,multi_family,2016,Los Angeles County,NA,NA,NA
counties_19,28219508,masked,masked,masked,other,2016,Los Angeles County,NA,NA,masked
counties_19,44616525,614940220.8000,9840,5.4471,residential_other,2016,Los Angeles County,NA,NA,NA
counties_19,0,831435236.0606,NA,NA,residential_uncat,2016,Los Angeles County,NA,NA,NA
counties_19,3648887237,19190931083.0445,6957,4.1485,res_total,2016,Los Angeles County,NA,9974203,1924.0566
counties_19,2335000490,10536640353.8999,6612.3,4.2189,single_family,2016,Los Angeles County,NA,NA,NA
counties_19,0,masked,masked,masked,uncat,2016,Los Angeles County,NA,NA,masked
counties_30,151729,masked,masked,masked,agriculture,2016,Orange County,NA,NA,masked
counties_30,78352223,5729298031.5000,53655.5,17.2067,commercial,2016,Orange County,NA,NA,NA
counties_30,3135090,298153616.0000,31284,32.7073,condo,2016,Orange County,NA,NA,NA
counties_30,99166640,3100778735.2000,55202,6.6873,industrial,2016,Orange County,NA,NA,NA
counties_30,2766354,1013035324.9000,11577,NA,institutional,2016,Orange County,NA,NA,NA
counties_30,127261527,698386023.8333,12401,3.9749,multi_family,2016,Orange County,NA,NA,NA
counties_30,1301467,masked,masked,masked,other,2016,Orange County,NA,NA,masked
counties_30,2025044,55255105.7000,5930,NA,residential_other,2016,Orange County,NA,NA,NA
counties_30,0,845935320.6667,NA,NA,residential_uncat,2016,Orange County,NA,NA,NA
counties_30,901760739,4907877504.7000,6802,3.7531,res_total,2016,Orange County,NA,3086331,1590.1980
counties_30,769339078,3010147438.5000,6693,3.7263,single_family,2016,Orange County,NA,NA,NA
counties_30,0,211090778.0000,NA,NA,uncat,2016,Orange County,NA,NA,NA
counties_33,NA,50184608.5000,13108,NA,agriculture,2016,Riverside County,NA,NA,NA
counties_33,NA,4588274208.7929,61758.5,NA,commercial,2016,Riverside County,NA,NA,NA
counties_33,25253659,149196375.5000,6897,4.4796,condo,2016,Riverside County,NA,NA,NA
counties_33,NA,NA,NA,NA,industrial,2016,Riverside County,NA,NA,NA
counties_33,NA,300895690.0000,15808,NA,institutional,2016,Riverside County,NA,NA,NA
counties_33,13609631,342295463.5000,13835,8.7855,multi_family,2016,Riverside County,NA,NA,NA
counties_33,NA,186782939.0000,11594,NA,other,2016,Riverside County,NA,NA,NA
counties_33,21074575,397895945.0833,5703,5.1488,residential_other,2016,Riverside County,NA,NA,NA
counties_33,0,296126890.3434,NA,NA,residential_uncat,2016,Riverside County,NA,NA,NA
counties_33,875308810,4878553837.9768,8158,4.3658,res_total,2016,Riverside County,NA,2266899,2152.0826
counties_33,815370945,3693039163.5500,8210,4.3016,single_family,2016,Riverside County,NA,NA,NA
counties_33,0,50289899.0000,NA,NA,uncat,2016,Riverside County,NA,NA,NA
counties_36,977104,52254464.0000,14306.5,67.5503,agriculture,2016,San Bernardino County,NA,NA,NA
counties_36,159303348,3050158106.0000,40087.5,9.6583,commercial,2016,San Bernardino County,NA,NA,NA
counties_36,51265936,306719554.0000,6772.5,4.2394,condo,2016,San Bernardino County,NA,NA,NA
counties_36,166714010,3462187165.0000,45275.5,4.9502,industrial,2016,San Bernardino County,NA,NA,NA
counties_36,9301040,838923416.5000,29051,9.7343,institutional,2016,San Bernardino County,NA,NA,NA
counties_36,83230249,565745983.0000,12159,6.2566,multi_family,2016,San Bernardino County,NA,NA,NA
counties_36,5566591,masked,masked,masked,other,2016,San Bernardino County,NA,NA,masked
counties_36,45762111,330782332.2500,6534,6.4585,residential_other,2016,San Bernardino County,NA,NA,NA
counties_36,0,91154709.8000,NA,NA,residential_uncat,2016,San Bernardino County,NA,NA,NA
counties_36,889109989,4621232804.4333,7519,4.5862,res_total,2016,San Bernardino County,NA,2078586,2223.2579
counties_36,708851693,3326830225.3833,7508,4.5324,single_family,2016,San Bernardino County,NA,NA,NA
counties_36,0,masked,masked,masked,uncat,2016,San Bernardino County,NA,NA,masked
counties_56,2241714,77842579.0000,15983,14.9751,agriculture,2016,Ventura County,NA,NA,NA
counties_56,35329838,1090562677.5000,47760,12.2114,commercial,2016,Ventura County,NA,NA,NA
counties_56,47342121,200768078.0000,5022,3.6585,condo,2016,Ventura County,NA,NA,NA
counties_56,49935692,1129151950.0000,40497,3.9581,industrial,2016,Ventura County,NA,NA,NA
counties_56,3875117,masked,masked,masked,institutional,2016,Ventura County,NA,NA,masked
counties_56,38108171,174351100.8333,8067,3.5901,multi_family,2016,Ventura County,NA,NA,NA
counties_56,2139030,masked,masked,masked,other,2016,Ventura County,NA,NA,masked
counties_56,2626028,60228275.5000,4614,3.3976,residential_other,2016,Ventura County,NA,NA,NA
counties_56,0,76554213.3590,NA,NA,residential_uncat,2016,Ventura County,NA,NA,NA
counties_56,412917477,1726096860.9423,6138,3.5191,res_total,2016,Ventura County,NA,835790,2065.2279
counties_56,324841157,1214195193.2500,6361,3.4913,single_family,2016,Ventura County,NA,NA,NA
counties_56,0,masked,masked,masked,uncat,2016,Ventura County,NA,NA,masked
neighborhoods_100,NA,NA,NA,NA,agriculture,2016,castaic,NA,NA,NA
neighborhoods_100,551415,masked,masked,masked,commercial,2016,castaic,NA,NA,masked
neighborhoods_100,47518,2230028.0000,30376,20.0899,condo,2016,castaic,NA,NA,NA
neighborhoods_100,42083,masked,masked,masked,industrial,2016,castaic,NA,NA,masked
neighborhoods_100,17252,masked,masked,masked,institutional,2016,castaic,NA,NA,masked
neighborhoods_100,393143,2366234.5000,37401.5,5.9906,multi_family,2016,castaic,NA,NA,NA
neighborhoods_100,27685,masked,masked,masked,other,2016,castaic,NA,NA,masked
neighborhoods_100,28238,masked,masked,masked,residential_other,2016,castaic,NA,NA,masked
neighborhoods_100,0,masked,masked,masked,residential_uncat,2016,castaic,NA,NA,masked
neighborhoods_100,10242289,50189240.5000,8543,4.2460,res_total,2016,castaic,NA,16843,2979.8279
neighborhoods_100,9773390,42904751.0000,8511,4.2294,single_family,2016,castaic,NA,NA,NA
neighborhoods_100,0,masked,masked,masked,uncat,2016,castaic,NA,NA,masked
neighborhoods_101,4818,masked,masked,masked,agriculture,2016,castaic canyons,NA,NA,masked
neighborhoods_101,682392,masked,masked,masked,commercial,2016,castaic canyons,NA,NA,masked
neighborhoods_101,1294475,16624969.5000,7901,3.5655,condo,2016,castaic canyons,NA,NA,NA
neighborhoods_101,62403,masked,masked,masked,industrial,2016,castaic canyons,NA,NA,masked
neighborhoods_101,55369,masked,masked,masked,institutional,2016,castaic canyons,NA,NA,masked
neighborhoods_101,352517,1772376.5000,13213.5,5.1863,multi_family,2016,castaic canyons,NA,NA,NA
neighborhoods_101,91700,masked,masked,masked,other,2016,castaic canyons,NA,NA,masked
neighborhoods_101,325778,4840030.0000,6818,2.9551,residential_other,2016,castaic canyons,NA,NA,NA
neighborhoods_101,0,9836477.5000,NA,NA,residential_uncat,2016,castaic canyons,NA,NA,NA
neighborhoods_101,16815339,91580166.0000,9196.5,3.6022,res_total,2016,castaic canyons,NA,46516,1968.7885
neighborhoods_101,14842569,58506312.5000,9356,3.6055,single_family,2016,castaic canyons,NA,NA,NA
neighborhoods_101,0,masked,masked,masked,uncat,2016,castaic canyons,NA,NA,masked
neighborhoods_102,NA,NA,NA,NA,agriculture,2016,central-alameda,NA,NA,NA
neighborhoods_102,1162239,19134101.2000,22285.5,7.3426,commercial,2016,central-alameda,NA,NA,NA
neighborhoods_102,4501,masked,masked,masked,condo,2016,central-alameda,NA,NA,masked
neighborhoods_102,6517428,54522983.0000,27649.5,4.1354,industrial,2016,central-alameda,NA,NA,NA
neighborhoods_102,560442,masked,masked,masked,institutional,2016,central-alameda,NA,NA,masked
neighborhoods_102,4959091,19118993.8000,7534.1,3.7207,multi_family,2016,central-alameda,NA,NA,NA
neighborhoods_102,20983,masked,masked,masked,other,2016,central-alameda,NA,NA,masked
neighborhoods_102,34324,masked,masked,masked,residential_other,2016,central-alameda,NA,NA,masked
neighborhoods_102,0,924963.0000,NA,NA,residential_uncat,2016,central-alameda,NA,NA,NA
neighborhoods_102,7420284,31257105.9000,5997.1,3.9312,res_total,2016,central-alameda,NA,43628,716.4460
neighborhoods_102,2422368,11043310.0000,4677.2,4.2009,single_family,2016,central-alameda,NA,NA,NA
neighborhoods_102,0,masked,masked,masked,uncat,2016,central-alameda,NA,NA,masked
neighborhoods_103,NA,NA,NA,NA,agriculture,2016,century city,NA,NA,NA
neighborhoods_103,12736224,163046618.9000,1282348.2,12.0071,commercial,2016,century city,NA,NA,NA
neighborhoods_103,89294,29635205.5000,108802.2,66.0404,condo,2016,century city,NA,NA,NA
neighborhoods_103,0,masked,masked,masked,industrial,2016,century city,NA,NA,masked
neighborhoods_103,435285,masked,masked,masked,institutional,2016,century city,NA,NA,masked
neighborhoods_103,646692,3791185.0000,16454.7,3.8672,multi_family,2016,century city,NA,NA,NA
neighborhoods_103,563345,masked,masked,masked,other,2016,century city,NA,NA,masked
neighborhoods_103,NA,NA,NA,NA,residential_other,2016,century city,NA,NA,NA
neighborhoods_103,0,845944.1000,NA,NA,residential_uncat,2016,century city,NA,NA,NA
neighborhoods_103,1682300,38201874.3000,8896.8,4.1939,res_total,2016,century city,NA,5516,6925.6480
neighborhoods_103,946314,3929539.7000,7626.95,4.0060,single_family,2016,century city,NA,NA,NA
neighborhoods_103,NA,NA,NA,NA,uncat,2016,century city,NA,NA,NA
neighborhoods_104,NA,NA,NA,NA,agriculture,2016,cerritos,NA,NA,NA
neighborhoods_104,NA,NA,NA,NA,commercial,2016,cerritos,NA,NA,NA
neighborhoods_104,NA,NA,NA,NA,condo,2016,cerritos,NA,NA,NA
neighborhoods_104,NA,NA,NA,NA,industrial,2016,cerritos,NA,NA,NA
neighborhoods_104,NA,NA,NA,NA,institutional,2016,cerritos,NA,NA,NA
neighborhoods_104,NA,NA,NA,NA,multi_family,2016,cerritos,NA,NA,NA
neighborhoods_104,NA,NA,NA,NA,other,2016,cerritos,NA,NA,NA
neighborhoods_104,NA,NA,NA,NA,residential_other,2016,cerritos,NA,NA,NA
neighborhoods_104,NA,NA,NA,NA,residential_uncat,2016,cerritos,NA,NA,NA
neighborhoods_104,NA,NA,NA,NA,res_total,2016,cerritos,NA,49956,NA
neighborhoods_104,NA,NA,NA,NA,single_family,2016,cerritos,NA,NA,NA
neighborhoods_104,NA,NA,NA,NA,uncat,2016,cerritos,NA,NA,NA
neighborhoods_105,NA,NA,NA,NA,agriculture,2016,charter oak,NA,NA,NA
neighborhoods_105,390369,4507546.0000,65230,14.2877,commercial,2016,charter oak,NA,NA,NA
neighborhoods_105,31228,2102675.0000,13068,6.6708,condo,2016,charter oak,NA,NA,NA
neighborhoods_105,7026,masked,masked,masked,industrial,2016,charter oak,NA,NA,masked
neighborhoods_105,69790,masked,masked,masked,institutional,2016,charter oak,NA,NA,masked
neighborhoods_105,599808,3548189.0000,28426,5.3077,multi_family,2016,charter oak,NA,NA,NA
neighborhoods_105,0,masked,masked,masked,other,2016,charter oak,NA,NA,masked
neighborhoods_105,17779,2269415.5000,71840,61.2399,residential_other,2016,charter oak,NA,NA,NA
neighborhoods_105,0,936443.0000,NA,NA,residential_uncat,2016,charter oak,NA,NA,NA
neighborhoods_105,2955086,21648762.0000,7740,5.2222,res_total,2016,charter oak,NA,8806,2458.4104
neighborhoods_105,2306271,12792039.5000,7608,5.2032,single_family,2016,charter oak,NA,NA,NA
neighborhoods_105,0,masked,masked,masked,uncat,2016,charter oak,NA,NA,masked
neighborhoods_106,NA,NA,NA,NA,agriculture,2016,chatsworth,NA,NA,NA
neighborhoods_106,4766377,70505918.6000,108564.7,12.2967,commercial,2016,chatsworth,NA,NA,NA
neighborhoods_106,3651985,34285797.6000,9760.5,3.2222,condo,2016,chatsworth,NA,NA,NA
neighborhoods_106,18746634,187727267.9000,134048.9,5.6760,industrial,2016,chatsworth,NA,NA,NA
neighborhoods_106,1361974,12327373.4000,100259.2,14.0445,institutional,2016,chatsworth,NA,NA,NA
neighborhoods_106,2563916,16150690.5000,46668.1,6.2394,multi_family,2016,chatsworth,NA,NA,NA
neighborhoods_106,36232,masked,masked,masked,other,2016,chatsworth,NA,NA,masked
neighborhoods_106,335245,11030480.9000,15048.9,11.8681,residential_other,2016,chatsworth,NA,NA,NA
neighborhoods_106,0,1634745.5000,NA,NA,residential_uncat,2016,chatsworth,NA,NA,NA
neighborhoods_106,23760028,145572601.3000,9533,4.3658,res_total,2016,chatsworth,NA,47391,3071.7352
neighborhoods_106,17208882,82470886.8000,9410.4,4.4936,single_family,2016,chatsworth,NA,NA,NA
neighborhoods_106,0,masked,masked,masked,uncat,2016,chatsworth,NA,NA,masked
neighborhoods_107,NA,NA,NA,NA,agriculture,2016,chatsworth reservoir,NA,NA,NA
neighborhoods_107,NA,NA,NA,NA,commercial,2016,chatsworth reservoir,NA,NA,NA
neighborhoods_107,6950,masked,masked,masked,condo,2016,chatsworth reservoir,NA,NA,masked
neighborhoods_107,NA,NA,NA,NA,industrial,2016,chatsworth reservoir,NA,NA,NA
neighborhoods_107,7679,masked,masked,masked,institutional,2016,chatsworth reservoir,NA,NA,masked
neighborhoods_107,NA,NA,NA,NA,multi_family,2016,chatsworth reservoir,NA,NA,NA
neighborhoods_107,2257,masked,masked,masked,other,2016,chatsworth reservoir,NA,NA,masked
neighborhoods_107,NA,NA,NA,NA,residential_other,2016,chatsworth reservoir,NA,NA,NA
neighborhoods_107,0,masked,masked,masked,residential_uncat,2016,chatsworth reservoir,NA,NA,masked
neighborhoods_107,41910,masked,masked,masked,res_total,2016,chatsworth reservoir,NA,218,masked
neighborhoods_107,34960,masked,masked,masked,single_family,2016,chatsworth reservoir,NA,NA,masked
neighborhoods_107,NA,NA,NA,NA,uncat,2016,chatsworth reservoir,NA,NA,NA
neighborhoods_108,NA,NA,NA,NA,agriculture,2016,chesterfield square,NA,NA,NA
neighborhoods_108,375951,masked,masked,masked,commercial,2016,chesterfield square,NA,NA,masked
neighborhoods_108,NA,NA,NA,NA,condo,2016,chesterfield square,NA,NA,NA
neighborhoods_108,1327545,10274382.6000,32556.45,2.2476,industrial,2016,chesterfield square,NA,NA,NA
neighborhoods_108,189531,masked,masked,masked,institutional,2016,chesterfield square,NA,NA,masked
neighborhoods_108,772038,2917030.0000,7227.2,3.6157,multi_family,2016,chesterfield square,NA,NA,NA
neighborhoods_108,5698,masked,masked,masked,other,2016,chesterfield square,NA,NA,masked
neighborhoods_108,1344,masked,masked,masked,residential_other,2016,chesterfield square,NA,NA,masked
neighborhoods_108,0,masked,masked,masked,residential_uncat,2016,chesterfield square,NA,NA,masked
neighborhoods_108,2274396,8994542.5000,4859,3.6480,res_total,2016,chesterfield square,NA,6833,1316.3387
neighborhoods_108,1501014,5693614.3000,4502.4,3.6586,single_family,2016,chesterfield square,NA,NA,NA
neighborhoods_108,0,masked,masked,masked,uncat,2016,chesterfield square,NA,NA,masked
neighborhoods_109,NA,NA,NA,NA,agriculture,2016,cheviot hills,NA,NA,NA
neighborhoods_109,418480,masked,masked,masked,commercial,2016,cheviot hills,NA,NA,masked
neighborhoods_109,4173,masked,masked,masked,condo,2016,cheviot hills,NA,NA,masked
neighborhoods_109,0,masked,masked,masked,industrial,2016,cheviot hills,NA,NA,masked
neighborhoods_109,4948,masked,masked,masked,institutional,2016,cheviot hills,NA,NA,masked
neighborhoods_109,525303,2081364.6000,10167.3,3.4034,multi_family,2016,cheviot hills,NA,NA,NA
neighborhoods_109,40306,masked,masked,masked,other,2016,cheviot hills,NA,NA,masked
neighborhoods_109,114552,masked,masked,masked,residential_other,2016,cheviot hills,NA,NA,masked
neighborhoods_109,0,masked,masked,masked,residential_uncat,2016,cheviot hills,NA,NA,masked
neighborhoods_109,6587226,29028375.5000,9776.1,3.8930,res_total,2016,cheviot hills,NA,8615,3369.5154
neighborhoods_109,5943198,25642327.4000,9749.1,3.9220,single_family,2016,cheviot hills,NA,NA,NA
neighborhoods_109,0,masked,masked,masked,uncat,2016,cheviot hills,NA,NA,masked
neighborhoods_110,NA,NA,NA,NA,agriculture,2016,chinatown,NA,NA,NA
neighborhoods_110,2452365,masked,masked,masked,commercial,2016,chinatown,NA,NA,masked
neighborhoods_110,12112,951245.8000,84274.7,60.0206,condo,2016,chinatown,NA,NA,NA
neighborhoods_110,1421056,masked,masked,masked,industrial,2016,chinatown,NA,NA,masked
neighborhoods_110,329554,masked,masked,masked,institutional,2016,chinatown,NA,NA,masked
neighborhoods_110,2650403,13971407.2000,15914.9,3.3704,multi_family,2016,chinatown,NA,NA,NA
neighborhoods_110,33559,masked,masked,masked,other,2016,chinatown,NA,NA,masked
neighborhoods_110,12485,masked,masked,masked,residential_other,2016,chinatown,NA,NA,masked
neighborhoods_110,0,726625.0000,NA,NA,residential_uncat,2016,chinatown,NA,NA,NA
neighborhoods_110,2763621,16133741.5000,12289,3.3294,res_total,2016,chinatown,NA,28839,559.4418
neighborhoods_110,88621,masked,masked,masked,single_family,2016,chinatown,NA,NA,masked
neighborhoods_110,0,masked,masked,masked,uncat,2016,chinatown,NA,NA,masked
neighborhoods_111,NA,NA,NA,NA,agriculture,2016,citrus,NA,NA,NA
neighborhoods_111,10374,masked,masked,masked,commercial,2016,citrus,NA,NA,masked
neighborhoods_111,3109,599226.0000,161444,149.2089,condo,2016,citrus,NA,NA,NA
neighborhoods_111,5200,masked,masked,masked,industrial,2016,citrus,NA,NA,masked
neighborhoods_111,95872,masked,masked,masked,institutional,2016,citrus,NA,NA,masked
neighborhoods_111,63222,masked,masked,masked,multi_family,2016,citrus,NA,NA,masked
neighborhoods_111,2993,masked,masked,masked,other,2016,citrus,NA,NA,masked
neighborhoods_111,NA,NA,NA,NA,residential_other,2016,citrus,NA,NA,NA
neighborhoods_111,0,masked,masked,masked,residential_uncat,2016,citrus,NA,NA,masked
neighborhoods_111,3191667,19695128.5000,6904,5.6854,res_total,2016,citrus,NA,12433,1584.1011
neighborhoods_111,3125336,18755667.0000,6889,5.6824,single_family,2016,citrus,NA,NA,NA
neighborhoods_111,0,masked,masked,masked,uncat,2016,citrus,NA,NA,masked
neighborhoods_112,NA,NA,NA,NA,agriculture,2016,claremont,NA,NA,NA
neighborhoods_112,3462213,masked,masked,masked,commercial,2016,claremont,NA,NA,masked
neighborhoods_112,1269367,7526113.0000,6174,4.0416,condo,2016,claremont,NA,NA,NA
neighborhoods_112,808340,11035165.0000,240679,7.2481,industrial,2016,claremont,NA,NA,NA
neighborhoods_112,1390490,masked,masked,masked,institutional,2016,claremont,NA,NA,masked
neighborhoods_112,2153180,7423950.0000,7438,2.6849,multi_family,2016,claremont,NA,NA,NA
neighborhoods_112,10319,masked,masked,masked,other,2016,claremont,NA,NA,masked
neighborhoods_112,367028,9640094.5000,8655,4.9593,residential_other,2016,claremont,NA,NA,NA
neighborhoods_112,0,5520414.5000,NA,NA,residential_uncat,2016,claremont,NA,NA,NA
neighborhoods_112,21321512,103375867.0000,7795.5,4.0083,res_total,2016,claremont,NA,38167,2708.5143
neighborhoods_112,17531937,73265295.0000,8020,4.0374,single_family,2016,claremont,NA,NA,NA
neighborhoods_112,0,masked,masked,masked,uncat,2016,claremont,NA,NA,masked
neighborhoods_113,NA,NA,NA,NA,agriculture,2016,commerce,NA,NA,NA
neighborhoods_113,6105482,116273862.7000,46407,7.2737,commercial,2016,commerce,NA,NA,NA
neighborhoods_113,126796,584044.0000,4846.5,3.5917,condo,2016,commerce,NA,NA,NA
neighborhoods_113,50311804,407559003.1000,73278.5,2.7066,industrial,2016,commerce,NA,NA,NA
neighborhoods_113,124987,masked,masked,masked,institutional,2016,commerce,NA,NA,masked
neighborhoods_113,1318008,4498757.5000,4852,2.4472,multi_family,2016,commerce,NA,NA,NA
neighborhoods_113,291068,masked,masked,masked,other,2016,commerce,NA,NA,masked
neighborhoods_113,NA,NA,NA,NA,residential_other,2016,commerce,NA,NA,NA
neighborhoods_113,0,2762599.0000,NA,NA,residential_uncat,2016,commerce,NA,NA,NA
neighborhoods_113,3219648,16612666.5000,5197.5,4.1442,res_total,2016,commerce,NA,14110,1177.3683
neighborhoods_113,1774844,8767266.0000,5343,4.7369,single_family,2016,commerce,NA,NA,NA
neighborhoods_113,0,masked,masked,masked,uncat,2016,commerce,NA,NA,masked
neighborhoods_114,29136,119612.0000,59806,29.1987,agriculture,2016,compton,NA,NA,NA
neighborhoods_114,5424918,74036401.0000,12741,5.0337,commercial,2016,compton,NA,NA,NA
neighborhoods_114,351383,2449884.0000,5640,3.2635,condo,2016,compton,NA,NA,NA
neighborhoods_114,17127840,masked,masked,masked,industrial,2016,compton,NA,NA,masked
neighborhoods_114,820933,masked,masked,masked,institutional,2016,compton,NA,NA,masked
neighborhoods_114,5905132,21773937.0000,7227,3.5446,multi_family,2016,compton,NA,NA,NA
neighborhoods_114,55907,masked,masked,masked,other,2016,compton,NA,NA,masked
neighborhoods_114,256525,3783279.0000,64485,7.7484,residential_other,2016,compton,NA,NA,NA
neighborhoods_114,0,6307533.6667,NA,NA,residential_uncat,2016,compton,NA,NA,NA
neighborhoods_114,24618174,117540594.1667,5267,4.2432,res_total,2016,compton,NA,102267,1149.3502
neighborhoods_114,18105134,83225960.5000,5126,4.3514,single_family,2016,compton,NA,NA,NA
neighborhoods_114,0,masked,masked,masked,uncat,2016,compton,NA,NA,masked
neighborhoods_115,NA,NA,NA,NA,agriculture,2016,covina,NA,NA,NA
neighborhoods_115,8176540,100629255.0000,35140.5,7.3160,commercial,2016,covina,NA,NA,NA
neighborhoods_115,630474,10895679.5000,6776.5,4.0930,condo,2016,covina,NA,NA,NA
neighborhoods_115,3151494,masked,masked,masked,industrial,2016,covina,NA,NA,masked
neighborhoods_115,814457,masked,masked,masked,institutional,2016,covina,NA,NA,masked
neighborhoods_115,4794465,21327798.0000,16382,4.3053,multi_family,2016,covina,NA,NA,NA
neighborhoods_115,16065,masked,masked,masked,other,2016,covina,NA,NA,masked
neighborhoods_115,162147,masked,masked,masked,residential_other,2016,covina,NA,NA,masked
neighborhoods_115,0,masked,masked,masked,residential_uncat,2016,covina,NA,NA,masked
neighborhoods_115,21240675,124267708.5000,7675,4.8813,res_total,2016,covina,NA,53290,2331.9142
neighborhoods_115,15653589,81177655.5000,7585,4.9478,single_family,2016,covina,NA,NA,NA
neighborhoods_115,0,612059.0000,NA,NA,uncat,2016,covina,NA,NA,NA
neighborhoods_116,NA,NA,NA,NA,agriculture,2016,cudahy,NA,NA,NA
neighborhoods_116,446764,masked,masked,masked,commercial,2016,cudahy,NA,NA,masked
neighborhoods_116,153998,1546472.0000,6222,3.9321,condo,2016,cudahy,NA,NA,NA
neighborhoods_116,890125,masked,masked,masked,industrial,2016,cudahy,NA,NA,masked
neighborhoods_116,52327,masked,masked,masked,institutional,2016,cudahy,NA,NA,masked
neighborhoods_116,3756648,10737360.0000,8021,2.3413,multi_family,2016,cudahy,NA,NA,NA
neighborhoods_116,26095,masked,masked,masked,other,2016,cudahy,NA,NA,masked
neighborhoods_116,68881,1244494.0000,45411,24.9552,residential_other,2016,cudahy,NA,NA,NA
neighborhoods_116,0,7163169.0000,NA,NA,residential_uncat,2016,cudahy,NA,NA,NA
neighborhoods_116,4450775,23084335.5000,6692,3.2065,res_total,2016,cudahy,NA,24664,935.9526
neighborhoods_116,471248,2392840.5000,5540,4.5268,single_family,2016,cudahy,NA,NA,NA
neighborhoods_116,0,masked,masked,masked,uncat,2016,cudahy,NA,NA,masked
neighborhoods_117,2384,masked,masked,masked,agriculture,2016,culver city,NA,NA,masked
neighborhoods_117,13633893,190041635.2000,49138,9.6140,commercial,2016,culver city,NA,NA,NA
neighborhoods_117,689960,26774355.9000,6506,3.8691,condo,2016,culver city,NA,NA,NA
neighborhoods_117,3252588,37012664.4000,51615.5,5.6957,industrial,2016,culver city,NA,NA,NA
neighborhoods_117,783806,27510637.6000,73483,14.1426,institutional,2016,culver city,NA,NA,NA
neighborhoods_117,5650228,21644065.9000,8675.5,3.5210,multi_family,2016,culver city,NA,NA,NA
neighborhoods_117,813837,masked,masked,masked,other,2016,culver city,NA,NA,masked
neighborhoods_117,456179,5256752.2000,15166,5.4003,residential_other,2016,culver city,NA,NA,NA
neighborhoods_117,0,2544444.0000,NA,NA,residential_uncat,2016,culver city,NA,NA,NA
neighborhoods_117,15864162,90945072.3000,5875.5,3.5477,res_total,2016,culver city,NA,38527,2360.5542
neighborhoods_117,9067795,34725454.3000,5326,3.5402,single_family,2016,culver city,NA,NA,NA
neighborhoods_117,0,masked,masked,masked,uncat,2016,culver city,NA,NA,masked
neighborhoods_118,NA,NA,NA,NA,agriculture,2016,cypress park,NA,NA,NA
neighborhoods_118,495053,masked,masked,masked,commercial,2016,cypress park,NA,NA,masked
neighborhoods_118,NA,NA,NA,NA,condo,2016,cypress park,NA,NA,NA
neighborhoods_118,623374,masked,masked,masked,industrial,2016,cypress park,NA,NA,masked
neighborhoods_118,55690,masked,masked,masked,institutional,2016,cypress park,NA,NA,masked
neighborhoods_118,1156396,4994825.8000,7574.5,3.9189,multi_family,2016,cypress park,NA,NA,NA
neighborhoods_118,960,masked,masked,masked,other,2016,cypress park,NA,NA,masked
neighborhoods_118,24312,masked,masked,masked,residential_other,2016,cypress park,NA,NA,masked
neighborhoods_118,0,masked,masked,masked,residential_uncat,2016,cypress park,NA,NA,masked
neighborhoods_118,2072949,9641099.7000,5738.75,4.1025,res_total,2016,cypress park,NA,10168,948.1805
neighborhoods_118,892241,3967132.7000,4866.45,4.3342,single_family,2016,cypress park,NA,NA,NA
neighborhoods_118,0,masked,masked,masked,uncat,2016,cypress park,NA,NA,masked
neighborhoods_119,NA,NA,NA,NA,agriculture,2016,del aire,NA,NA,NA
neighborhoods_119,461882,masked,masked,masked,commercial,2016,del aire,NA,NA,masked
neighborhoods_119,NA,NA,NA,NA,condo,2016,del aire,NA,NA,NA
neighborhoods_119,14385,masked,masked,masked,industrial,2016,del aire,NA,NA,masked
neighborhoods_119,18687,masked,masked,masked,institutional,2016,del aire,NA,NA,masked
neighborhoods_119,645671,3127751.5000,6571,3.8679,multi_family,2016,del aire,NA,NA,NA
neighborhoods_119,NA,NA,NA,NA,other,2016,del aire,NA,NA,NA
neighborhoods_119,10446,masked,masked,masked,residential_other,2016,del aire,NA,NA,masked
neighborhoods_119,0,masked,masked,masked,residential_uncat,2016,del aire,NA,NA,masked
neighborhoods_119,4055962,17554632.5000,5050,3.9002,res_total,2016,del aire,NA,9019,1946.4056
neighborhoods_119,3399845,14050105.0000,5006,3.9025,single_family,2016,del aire,NA,NA,NA
neighborhoods_119,0,masked,masked,masked,uncat,2016,del aire,NA,NA,masked
neighborhoods_120,2158,masked,masked,masked,agriculture,2016,del rey,NA,NA,masked
neighborhoods_120,2887676,46644745.6000,85507.6,14.6274,commercial,2016,del rey,NA,NA,NA
neighborhoods_120,100301,17605529.6000,160182.65,99.7631,condo,2016,del rey,NA,NA,NA
neighborhoods_120,1238176,masked,masked,masked,industrial,2016,del rey,NA,NA,masked
neighborhoods_120,165843,masked,masked,masked,institutional,2016,del rey,NA,NA,masked
neighborhoods_120,4260834,20290885.2000,11177.1,3.8228,multi_family,2016,del rey,NA,NA,NA
neighborhoods_120,21717,masked,masked,masked,other,2016,del rey,NA,NA,masked
neighborhoods_120,28652,masked,masked,masked,residential_other,2016,del rey,NA,NA,masked
neighborhoods_120,0,masked,masked,masked,residential_uncat,2016,del rey,NA,NA,masked
neighborhoods_120,9653081,59805177.5000,5016.25,3.5957,res_total,2016,del rey,NA,30365,1969.5431
neighborhoods_120,5263294,20164551.5000,4627,3.4919,single_family,2016,del rey,NA,NA,NA
neighborhoods_120,0,masked,masked,masked,uncat,2016,del rey,NA,NA,masked
neighborhoods_121,NA,NA,NA,NA,agriculture,2016,desert view highlands,NA,NA,NA
neighborhoods_121,6699,masked,masked,masked,commercial,2016,desert view highlands,NA,NA,masked
neighborhoods_121,NA,NA,NA,NA,condo,2016,desert view highlands,NA,NA,NA
neighborhoods_121,NA,NA,NA,NA,industrial,2016,desert view highlands,NA,NA,NA
neighborhoods_121,2884,masked,masked,masked,institutional,2016,desert view highlands,NA,NA,masked
neighborhoods_121,29349,masked,masked,masked,multi_family,2016,desert view highlands,NA,NA,masked
neighborhoods_121,600,masked,masked,masked,other,2016,desert view highlands,NA,NA,masked
neighborhoods_121,NA,NA,NA,NA,residential_other,2016,desert view highlands,NA,NA,NA
neighborhoods_121,0,masked,masked,masked,residential_uncat,2016,desert view highlands,NA,NA,masked
neighborhoods_121,1007167,5123529.0000,6507.5,4.8216,res_total,2016,desert view highlands,NA,2280,2247.1618
neighborhoods_121,977818,4933838.0000,6430,4.8179,single_family,2016,desert view highlands,NA,NA,NA
neighborhoods_121,0,masked,masked,masked,uncat,2016,desert view highlands,NA,NA,masked
neighborhoods_122,NA,NA,NA,NA,agriculture,2016,diamond bar,NA,NA,NA
neighborhoods_122,5931670,74087999.0000,165990,13.3956,commercial,2016,diamond bar,NA,NA,NA
neighborhoods_122,617194,21379903.0000,7072,4.8874,condo,2016,diamond bar,NA,NA,NA
neighborhoods_122,1093220,7058941.0000,53408,3.6811,industrial,2016,diamond bar,NA,NA,NA
neighborhoods_122,379132,masked,masked,masked,institutional,2016,diamond bar,NA,NA,masked
neighborhoods_122,545509,2197283.0000,19435,4.4030,multi_family,2016,diamond bar,NA,NA,NA
neighborhoods_122,28861,masked,masked,masked,other,2016,diamond bar,NA,NA,masked
neighborhoods_122,118914,2267094.0000,6488,1.0724,residential_other,2016,diamond bar,NA,NA,NA
neighborhoods_122,0,3199516.9397,NA,NA,residential_uncat,2016,diamond bar,NA,NA,NA
neighborhoods_122,30182262,132077910.9397,7072,3.4526,res_total,2016,diamond bar,NA,56784,2325.9705
neighborhoods_122,28900645,103034114.0000,7069,3.4303,single_family,2016,diamond bar,NA,NA,NA
neighborhoods_122,0,703516.0000,NA,NA,uncat,2016,diamond bar,NA,NA,NA
neighborhoods_123,NA,NA,NA,NA,agriculture,2016,downey,NA,NA,NA
neighborhoods_123,11380064,200341046.0000,45726.5,8.4442,commercial,2016,downey,NA,NA,NA
neighborhoods_123,243758,6993852.5000,7667.5,5.2940,condo,2016,downey,NA,NA,NA
neighborhoods_123,6103014,68268154.0000,33199,3.4558,industrial,2016,downey,NA,NA,NA
neighborhoods_123,1267862,masked,masked,masked,institutional,2016,downey,NA,NA,masked
neighborhoods_123,12636540,50246294.5000,7570.5,2.9582,multi_family,2016,downey,NA,NA,NA
neighborhoods_123,448720,masked,masked,masked,other,2016,downey,NA,NA,masked
neighborhoods_123,330688,masked,masked,masked,residential_other,2016,downey,NA,NA,masked
neighborhoods_123,0,masked,masked,masked,residential_uncat,2016,downey,NA,NA,masked
neighborhoods_123,43765216,200154544.0000,6400,3.9508,res_total,2016,downey,NA,112851,1773.6178
neighborhoods_123,30554230,126711387.5000,6320,4.0263,single_family,2016,downey,NA,NA,NA
neighborhoods_123,0,1790449.0000,NA,NA,uncat,2016,downey,NA,NA,NA
neighborhoods_124,NA,NA,NA,NA,agriculture,2016,downtown,NA,NA,NA
neighborhoods_124,80675277,1147694572.0000,70660.1,6.3060,commercial,2016,downtown,NA,NA,NA
neighborhoods_124,38431,78983997.3000,860037.3,797.7983,condo,2016,downtown,NA,NA,NA
neighborhoods_124,31278193,333717888.9000,37724.6,3.5621,industrial,2016,downtown,NA,NA,NA
neighborhoods_124,2195930,masked,masked,masked,institutional,2016,downtown,NA,NA,masked
neighborhoods_124,10215848,94979691.6000,414842.9,7.0878,multi_family,2016,downtown,NA,NA,NA
neighborhoods_124,1242872,68533651.9000,156999.65,528.9477,other,2016,downtown,NA,NA,NA
neighborhoods_124,554678,8282754.9000,111883.5,9.0156,residential_other,2016,downtown,NA,NA,NA
neighborhoods_124,0,masked,masked,masked,residential_uncat,2016,downtown,NA,NA,masked
neighborhoods_124,10845549,190080311.8000,351844.6,8.0741,res_total,2016,downtown,NA,44709,4251.5000
neighborhoods_124,36592,masked,masked,masked,single_family,2016,downtown,NA,NA,masked
neighborhoods_124,0,masked,masked,masked,uncat,2016,downtown,NA,NA,masked
neighborhoods_125,NA,NA,NA,NA,agriculture,2016,duarte,NA,NA,NA
neighborhoods_125,1576326,27284752.0000,54943.5,8.1258,commercial,2016,duarte,NA,NA,NA
neighborhoods_125,1011968,8108060.0000,5960,3.8909,condo,2016,duarte,NA,NA,NA
neighborhoods_125,1256880,masked,masked,masked,industrial,2016,duarte,NA,NA,masked
neighborhoods_125,230159,masked,masked,masked,institutional,2016,duarte,NA,NA,masked
neighborhoods_125,746407,3764134.0000,12352,4.6421,multi_family,2016,duarte,NA,NA,NA
neighborhoods_125,3396,masked,masked,masked,other,2016,duarte,NA,NA,masked
neighborhoods_125,80082,1879700.0000,13780,5.2550,residential_other,2016,duarte,NA,NA,NA
neighborhoods_125,0,2096056.0000,NA,NA,residential_uncat,2016,duarte,NA,NA,NA
neighborhoods_125,7564220,45042480.5000,6557.5,4.8250,res_total,2016,duarte,NA,21510,2094.0251
neighborhoods_125,5725763,29194530.5000,6625,4.9892,single_family,2016,duarte,NA,NA,NA
neighborhoods_125,0,masked,masked,masked,uncat,2016,duarte,NA,NA,masked
neighborhoods_126,NA,NA,NA,NA,agriculture,2016,eagle rock,NA,NA,NA
neighborhoods_126,3087778,32926537.7000,32038.75,8.3748,commercial,2016,eagle rock,NA,NA,NA
neighborhoods_126,12825,831825.9000,76285.5,56.0917,condo,2016,eagle rock,NA,NA,NA
neighborhoods_126,366065,masked,masked,masked,industrial,2016,eagle rock,NA,NA,masked
neighborhoods_126,795021,masked,masked,masked,institutional,2016,eagle rock,NA,NA,masked
neighborhoods_126,3664171,16898318.4000,9128.4,4.2151,multi_family,2016,eagle rock,NA,NA,NA
neighborhoods_126,148208,masked,masked,masked,other,2016,eagle rock,NA,NA,masked
neighborhoods_126,151704,973448.9000,6663.9,4.3521,residential_other,2016,eagle rock,NA,NA,NA
neighborhoods_126,0,2099647.6000,NA,NA,residential_uncat,2016,eagle rock,NA,NA,NA
neighborhoods_126,12749354,60141650.5000,6235.5,4.2472,res_total,2016,eagle rock,NA,33570,1791.5297
neighborhoods_126,8920654,39338409.7000,5893.2,4.2539,single_family,2016,eagle rock,NA,NA,NA
neighborhoods_126,NA,NA,NA,NA,uncat,2016,eagle rock,NA,NA,NA
neighborhoods_127,NA,NA,NA,NA,agriculture,2016,east compton,NA,NA,NA
neighborhoods_127,383444,masked,masked,masked,commercial,2016,east compton,NA,NA,masked
neighborhoods_127,590,masked,masked,masked,condo,2016,east compton,NA,NA,masked
neighborhoods_127,5265,masked,masked,masked,industrial,2016,east compton,NA,NA,masked
neighborhoods_127,120828,masked,masked,masked,institutional,2016,east compton,NA,NA,masked
neighborhoods_127,649149,2817494.5000,8717,4.4672,multi_family,2016,east compton,NA,NA,NA
neighborhoods_127,0,masked,masked,masked,other,2016,east compton,NA,NA,masked
neighborhoods_127,37172,masked,masked,masked,residential_other,2016,east compton,NA,NA,masked
neighborhoods_127,0,483365.0000,NA,NA,residential_uncat,2016,east compton,NA,NA,NA
neighborhoods_127,2833739,14873530.0000,5884.5,4.9555,res_total,2016,east compton,NA,13591,1094.3661
neighborhoods_127,2146828,11371616.5000,5706,5.0891,single_family,2016,east compton,NA,NA,NA
neighborhoods_127,0,masked,masked,masked,uncat,2016,east compton,NA,NA,masked
neighborhoods_128,NA,NA,NA,NA,agriculture,2016,east hollywood,NA,NA,NA
neighborhoods_128,5513705,88280200.8000,39166.2,8.1986,commercial,2016,east hollywood,NA,NA,NA
neighborhoods_128,26402,871916.6000,28392.3,25.4639,condo,2016,east hollywood,NA,NA,NA
neighborhoods_128,315786,masked,masked,masked,industrial,2016,east hollywood,NA,NA,masked
neighborhoods_128,2982276,masked,masked,masked,institutional,2016,east hollywood,NA,NA,masked
neighborhoods_128,16856809,70892831.3000,15466.6,3.7852,multi_family,2016,east hollywood,NA,NA,NA
neighborhoods_128,142410,masked,masked,masked,other,2016,east hollywood,NA,NA,masked
neighborhoods_128,533689,masked,masked,masked,residential_other,2016,east hollywood,NA,NA,masked
neighborhoods_128,0,masked,masked,masked,residential_uncat,2016,east hollywood,NA,NA,masked
neighborhoods_128,19176915,87064961.9000,10682.3,3.7664,res_total,2016,east hollywood,NA,69492,1252.8775
neighborhoods_128,1760015,7085109.3000,5331.9,3.6620,single_family,2016,east hollywood,NA,NA,NA
neighborhoods_128,NA,NA,NA,NA,uncat,2016,east hollywood,NA,NA,NA
neighborhoods_129,NA,NA,NA,NA,agriculture,2016,east la mirada,NA,NA,NA
neighborhoods_129,59384,masked,masked,masked,commercial,2016,east la mirada,NA,NA,masked
neighborhoods_129,NA,NA,NA,NA,condo,2016,east la mirada,NA,NA,NA
neighborhoods_129,0,masked,masked,masked,industrial,2016,east la mirada,NA,NA,masked
neighborhoods_129,653345,masked,masked,masked,institutional,2016,east la mirada,NA,NA,masked
neighborhoods_129,844094,4239127.0000,26109,4.7742,multi_family,2016,east la mirada,NA,NA,NA
neighborhoods_129,NA,NA,NA,NA,other,2016,east la mirada,NA,NA,NA
neighborhoods_129,NA,masked,masked,masked,residential_other,2016,east la mirada,NA,NA,masked
neighborhoods_129,0,masked,masked,masked,residential_uncat,2016,east la mirada,NA,NA,masked
neighborhoods_129,4538604,22270851.0000,7201,4.6715,res_total,2016,east la mirada,NA,10365,2148.6590
neighborhoods_129,3694510,18023864.0000,7123.5,4.6659,single_family,2016,east la mirada,NA,NA,NA
neighborhoods_129,NA,NA,NA,NA,uncat,2016,east la mirada,NA,NA,NA
neighborhoods_130,11612,masked,masked,masked,agriculture,2016,east los angeles,NA,NA,masked
neighborhoods_130,5681536,80065288.1000,17357.5,6.6281,commercial,2016,east los angeles,NA,NA,NA
neighborhoods_130,10095,masked,masked,masked,condo,2016,east los angeles,NA,NA,masked
neighborhoods_130,3075033,37176530.6000,21144,4.1483,industrial,2016,east los angeles,NA,NA,NA
neighborhoods_130,1174583,masked,masked,masked,institutional,2016,east los angeles,NA,NA,masked
neighborhoods_130,15755181,73807831.3000,8713.5,4.4874,multi_family,2016,east los angeles,NA,NA,NA
neighborhoods_130,69784,masked,masked,masked,other,2016,east los angeles,NA,NA,masked
neighborhoods_130,250531,3688876.0000,5756,3.3355,residential_other,2016,east los angeles,NA,NA,NA
neighborhoods_130,0,masked,masked,masked,residential_uncat,2016,east los angeles,NA,NA,masked
neighborhoods_130,25950655,133963226.3000,6458.5,4.5962,res_total,2016,east los angeles,NA,127087,1054.1064
neighborhoods_130,9934848,49507444.2000,5126,4.6935,single_family,2016,east los angeles,NA,NA,NA
neighborhoods_130,0,masked,masked,masked,uncat,2016,east los angeles,NA,NA,masked
neighborhoods_131,NA,NA,NA,NA,agriculture,2016,east pasadena,NA,NA,NA
neighborhoods_131,991975,12673043.0000,27011,7.1061,commercial,2016,east pasadena,NA,NA,NA
neighborhoods_131,7635,masked,masked,masked,condo,2016,east pasadena,NA,NA,masked
neighborhoods_131,27901,masked,masked,masked,industrial,2016,east pasadena,NA,NA,masked
neighborhoods_131,76516,masked,masked,masked,institutional,2016,east pasadena,NA,NA,masked
neighborhoods_131,347854,1671268.0000,9592,4.6686,multi_family,2016,east pasadena,NA,NA,NA
neighborhoods_131,5229,masked,masked,masked,other,2016,east pasadena,NA,NA,masked
neighborhoods_131,15360,masked,masked,masked,residential_other,2016,east pasadena,NA,NA,masked
neighborhoods_131,0,masked,masked,masked,residential_uncat,2016,east pasadena,NA,NA,masked
neighborhoods_131,3607933,17118489.0000,7330,4.3805,res_total,2016,east pasadena,NA,5453,3139.2791
neighborhoods_131,3237084,14384260.0000,7134.5,4.3389,single_family,2016,east pasadena,NA,NA,NA
neighborhoods_131,0,masked,masked,masked,uncat,2016,east pasadena,NA,NA,masked
neighborhoods_132,NA,NA,NA,NA,agriculture,2016,east san gabriel,NA,NA,NA
neighborhoods_132,356230,6496929.0000,61064,10.8494,commercial,2016,east san gabriel,NA,NA,NA
neighborhoods_132,119697,2071135.0000,24578,14.1661,condo,2016,east san gabriel,NA,NA,NA
neighborhoods_132,205737,masked,masked,masked,industrial,2016,east san gabriel,NA,NA,masked
neighborhoods_132,164362,masked,masked,masked,institutional,2016,east san gabriel,NA,NA,masked
neighborhoods_132,2299463,10629615.0000,13296,4.3544,multi_family,2016,east san gabriel,NA,NA,NA
neighborhoods_132,6636,masked,masked,masked,other,2016,east san gabriel,NA,NA,masked
neighborhoods_132,47859,masked,masked,masked,residential_other,2016,east san gabriel,NA,NA,masked
neighborhoods_132,0,masked,masked,masked,residential_uncat,2016,east san gabriel,NA,NA,masked
neighborhoods_132,10254154,44849126.5000,6301,3.7918,res_total,2016,east san gabriel,NA,21895,2048.3730
neighborhoods_132,7787135,30585391.5000,6010,3.6928,single_family,2016,east san gabriel,NA,NA,NA
neighborhoods_132,0,masked,masked,masked,uncat,2016,east san gabriel,NA,NA,masked
neighborhoods_133,NA,NA,NA,NA,agriculture,2016,echo park,NA,NA,NA
neighborhoods_133,1904252,masked,masked,masked,commercial,2016,echo park,NA,NA,masked
neighborhoods_133,24185,1099427.2000,44128.6,31.7611,condo,2016,echo park,NA,NA,NA
neighborhoods_133,240429,masked,masked,masked,industrial,2016,echo park,NA,NA,masked
neighborhoods_133,829910,15383390.9000,38588.7,7.4089,institutional,2016,echo park,NA,NA,NA
neighborhoods_133,8259151,32282446.8000,9262.65,3.5709,multi_family,2016,echo park,NA,NA,NA
neighborhoods_133,37626,masked,masked,masked,other,2016,echo park,NA,NA,masked
neighborhoods_133,112540,masked,masked,masked,residential_other,2016,echo park,NA,NA,masked
neighborhoods_133,0,masked,masked,masked,residential_uncat,2016,echo park,NA,NA,masked
neighborhoods_133,11539395,50040122.4000,6671.4,3.8087,res_total,2016,echo park,NA,43832,1141.6345
neighborhoods_133,3143519,13888676.2000,5053.2,4.1496,single_family,2016,echo park,NA,NA,NA
neighborhoods_133,0,masked,masked,masked,uncat,2016,echo park,NA,NA,masked
neighborhoods_134,NA,NA,NA,NA,agriculture,2016,elizabeth lake,NA,NA,NA
neighborhoods_134,18396,masked,masked,masked,commercial,2016,elizabeth lake,NA,NA,masked
neighborhoods_134,NA,NA,NA,NA,condo,2016,elizabeth lake,NA,NA,NA
neighborhoods_134,0,masked,masked,masked,industrial,2016,elizabeth lake,NA,NA,masked
neighborhoods_134,NA,NA,NA,NA,institutional,2016,elizabeth lake,NA,NA,NA
neighborhoods_134,NA,NA,NA,NA,multi_family,2016,elizabeth lake,NA,NA,NA
neighborhoods_134,8797,masked,masked,masked,other,2016,elizabeth lake,NA,NA,masked
neighborhoods_134,14825,masked,masked,masked,residential_other,2016,elizabeth lake,NA,NA,masked
neighborhoods_134,0,masked,masked,masked,residential_uncat,2016,elizabeth lake,NA,NA,masked
neighborhoods_134,696185,4707484.0000,6723,4.5264,res_total,2016,elizabeth lake,NA,1379,3413.6940
neighborhoods_134,681360,3215403.0000,6723,4.4884,single_family,2016,elizabeth lake,NA,NA,NA
neighborhoods_134,0,masked,masked,masked,uncat,2016,elizabeth lake,NA,NA,masked
neighborhoods_135,36073,masked,masked,masked,agriculture,2016,el monte,NA,NA,masked
neighborhoods_135,9823313,112579956.7000,24810,6.4224,commercial,2016,el monte,NA,NA,NA
neighborhoods_135,3699725,21963104.0000,5828,3.2481,condo,2016,el monte,NA,NA,NA
neighborhoods_135,8325806,67861571.0000,28431,2.2741,industrial,2016,el monte,NA,NA,NA
neighborhoods_135,1328818,36737972.0000,34086,5.2705,institutional,2016,el monte,NA,NA,NA
neighborhoods_135,10956191,36837831.7000,7235,2.7347,multi_family,2016,el monte,NA,NA,NA
neighborhoods_135,193262,masked,masked,masked,other,2016,el monte,NA,NA,masked
neighborhoods_135,697437,11228392.0000,16997,6.8154,residential_other,2016,el monte,NA,NA,NA
neighborhoods_135,0,23547540.0000,NA,NA,residential_uncat,2016,el monte,NA,NA,NA
neighborhoods_135,26745336,151608551.2000,6085,4.0700,res_total,2016,el monte,NA,111431,1360.5599
neighborhoods_135,11391983,58031683.5000,5898,4.6338,single_family,2016,el monte,NA,NA,NA
neighborhoods_135,0,masked,masked,masked,uncat,2016,el monte,NA,NA,masked
neighborhoods_136,NA,NA,NA,NA,agriculture,2016,el segundo,NA,NA,NA
neighborhoods_136,20512703,299705522.6000,55029.5,8.8935,commercial,2016,el segundo,NA,NA,NA
neighborhoods_136,107020,4550140.0000,39484,25.0602,condo,2016,el segundo,NA,NA,NA
neighborhoods_136,7186561,masked,masked,masked,industrial,2016,el segundo,NA,NA,masked
neighborhoods_136,376499,masked,masked,masked,institutional,2016,el segundo,NA,NA,masked
neighborhoods_136,3286734,11527105.5000,10313.5,3.1834,multi_family,2016,el segundo,NA,NA,NA
neighborhoods_136,339731,masked,masked,masked,other,2016,el segundo,NA,NA,masked
neighborhoods_136,19491,masked,masked,masked,residential_other,2016,el segundo,NA,NA,masked
neighborhoods_136,0,masked,masked,masked,residential_uncat,2016,el segundo,NA,NA,masked
neighborhoods_136,8233898,35078013.0000,6516,3.3793,res_total,2016,el segundo,NA,16848,2082.0283
neighborhoods_136,4820653,17243410.5000,5961.5,3.3970,single_family,2016,el segundo,NA,NA,NA
neighborhoods_136,0,masked,masked,masked,uncat,2016,el segundo,NA,NA,masked
neighborhoods_137,NA,NA,NA,NA,agriculture,2016,el sereno,NA,NA,NA
neighborhoods_137,1072947,masked,masked,masked,commercial,2016,el sereno,NA,NA,masked
neighborhoods_137,7606,1161298.9000,64688.1,88.2512,condo,2016,el sereno,NA,NA,NA
neighborhoods_137,2097085,masked,masked,masked,industrial,2016,el sereno,NA,NA,masked
neighborhoods_137,279720,masked,masked,masked,institutional,2016,el sereno,NA,NA,masked
neighborhoods_137,3983478,23374731.1000,8649.1,4.0327,multi_family,2016,el sereno,NA,NA,NA
neighborhoods_137,141706,masked,masked,masked,other,2016,el sereno,NA,NA,masked
neighborhoods_137,106301,masked,masked,masked,residential_other,2016,el sereno,NA,NA,masked
neighborhoods_137,0,masked,masked,masked,residential_uncat,2016,el sereno,NA,NA,masked
neighborhoods_137,11356289,56883469.9000,5098.55,3.9326,res_total,2016,el sereno,NA,42488,1338.8126
neighborhoods_137,7258904,30592015.2000,4649.9,3.8878,single_family,2016,el sereno,NA,NA,NA
neighborhoods_137,NA,NA,NA,NA,uncat,2016,el sereno,NA,NA,NA
neighborhoods_138,NA,NA,NA,NA,agriculture,2016,elysian park,NA,NA,NA
neighborhoods_138,111540,masked,masked,masked,commercial,2016,elysian park,NA,NA,masked
neighborhoods_138,2597,masked,masked,masked,condo,2016,elysian park,NA,NA,masked
neighborhoods_138,24633,masked,masked,masked,industrial,2016,elysian park,NA,NA,masked
neighborhoods_138,138396,masked,masked,masked,institutional,2016,elysian park,NA,NA,masked
neighborhoods_138,533096,2619056.6000,9508.3,3.2312,multi_family,2016,elysian park,NA,NA,NA
neighborhoods_138,0,masked,masked,masked,other,2016,elysian park,NA,NA,masked
neighborhoods_138,8825,masked,masked,masked,residential_other,2016,elysian park,NA,NA,masked
neighborhoods_138,0,masked,masked,masked,residential_uncat,2016,elysian park,NA,NA,masked
neighborhoods_138,763287,3747281.2000,6584.1,3.4378,res_total,2016,elysian park,NA,2659,1409.2821
neighborhoods_138,218769,913242.0000,4254.1,3.7298,single_family,2016,elysian park,NA,NA,NA
neighborhoods_138,NA,NA,NA,NA,uncat,2016,elysian park,NA,NA,NA
neighborhoods_139,NA,NA,NA,NA,agriculture,2016,elysian valley,NA,NA,NA
neighborhoods_139,275719,masked,masked,masked,commercial,2016,elysian valley,NA,NA,masked
neighborhoods_139,0,masked,masked,masked,condo,2016,elysian valley,NA,NA,masked
neighborhoods_139,840221,5173681.2000,17673.5,4.3638,industrial,2016,elysian valley,NA,NA,NA
neighborhoods_139,46377,masked,masked,masked,institutional,2016,elysian valley,NA,NA,masked
neighborhoods_139,856808,3513103.4000,7619.3,4.0299,multi_family,2016,elysian valley,NA,NA,NA
neighborhoods_139,159961,masked,masked,masked,other,2016,elysian valley,NA,NA,masked
neighborhoods_139,NA,NA,NA,NA,residential_other,2016,elysian valley,NA,NA,NA
neighborhoods_139,0,masked,masked,masked,residential_uncat,2016,elysian valley,NA,NA,masked
neighborhoods_139,1820143,8408244.9000,5376,4.2481,res_total,2016,elysian valley,NA,7319,1148.8243
neighborhoods_139,963335,4426386.9000,4644.3,4.4083,single_family,2016,elysian valley,NA,NA,NA
neighborhoods_139,NA,NA,NA,NA,uncat,2016,elysian valley,NA,NA,NA
neighborhoods_140,NA,NA,NA,NA,agriculture,2016,encino,NA,NA,NA
neighborhoods_140,10174058,126321460.0000,170232.2,12.8208,commercial,2016,encino,NA,NA,NA
neighborhoods_140,113533,29699060.5000,247626.3,200.8428,condo,2016,encino,NA,NA,NA
neighborhoods_140,30055,masked,masked,masked,industrial,2016,encino,NA,NA,masked
neighborhoods_140,857243,masked,masked,masked,institutional,2016,encino,NA,NA,masked
neighborhoods_140,4338044,24438516.6000,134503.8,5.3914,multi_family,2016,encino,NA,NA,NA
neighborhoods_140,45868,masked,masked,masked,other,2016,encino,NA,NA,masked
neighborhoods_140,211015,masked,masked,masked,residential_other,2016,encino,NA,NA,masked
neighborhoods_140,0,masked,masked,masked,residential_uncat,2016,encino,NA,NA,masked
neighborhoods_140,32931199,203203938.5000,11451.1,4.9341,res_total,2016,encino,NA,43636,4656.7957
neighborhoods_140,28268607,145917044.2000,11274.7,4.9011,single_family,2016,encino,NA,NA,NA
neighborhoods_140,0,masked,masked,masked,uncat,2016,encino,NA,NA,masked
neighborhoods_141,NA,NA,NA,NA,agriculture,2016,exposition park,NA,NA,NA
neighborhoods_141,1540279,masked,masked,masked,commercial,2016,exposition park,NA,NA,masked
neighborhoods_141,2958,masked,masked,masked,condo,2016,exposition park,NA,NA,masked
neighborhoods_141,0,masked,masked,masked,industrial,2016,exposition park,NA,NA,masked
neighborhoods_141,380623,masked,masked,masked,institutional,2016,exposition park,NA,NA,masked
neighborhoods_141,6205776,23883299.0000,8435.9,3.5888,multi_family,2016,exposition park,NA,NA,NA
neighborhoods_141,17063,masked,masked,masked,other,2016,exposition park,NA,NA,masked
neighborhoods_141,55233,masked,masked,masked,residential_other,2016,exposition park,NA,NA,masked
neighborhoods_141,0,1042969.0000,NA,NA,residential_uncat,2016,exposition park,NA,NA,NA
neighborhoods_141,9080036,37018280.9000,6398.15,3.7374,res_total,2016,exposition park,NA,34131,1084.5941
neighborhoods_141,2816069,11815493.6000,4972.5,3.8807,single_family,2016,exposition park,NA,NA,NA
neighborhoods_141,NA,NA,NA,NA,uncat,2016,exposition park,NA,NA,NA
neighborhoods_142,NA,NA,NA,NA,agriculture,2016,fairfax,NA,NA,NA
neighborhoods_142,2301944,46063874.6000,52772.4,9.8157,commercial,2016,fairfax,NA,NA,NA
neighborhoods_142,13348,masked,masked,masked,condo,2016,fairfax,NA,NA,masked
neighborhoods_142,296629,masked,masked,masked,industrial,2016,fairfax,NA,NA,masked
neighborhoods_142,337068,masked,masked,masked,institutional,2016,fairfax,NA,NA,masked
neighborhoods_142,4506132,16429563.6000,14038.7,3.5197,multi_family,2016,fairfax,NA,NA,NA
neighborhoods_142,16353,masked,masked,masked,other,2016,fairfax,NA,NA,masked
neighborhoods_142,113429,masked,masked,masked,residential_other,2016,fairfax,NA,NA,masked
neighborhoods_142,0,544370.5000,NA,NA,residential_uncat,2016,fairfax,NA,NA,NA
neighborhoods_142,7743368,34094334.7000,10869.15,4.0512,res_total,2016,fairfax,NA,12665,2692.0122
neighborhoods_142,3110459,15809211.9000,8613.9,4.6474,single_family,2016,fairfax,NA,NA,NA
neighborhoods_142,0,masked,masked,masked,uncat,2016,fairfax,NA,NA,masked
neighborhoods_143,NA,NA,NA,NA,agriculture,2016,florence,NA,NA,NA
neighborhoods_143,2065045,25227274.5000,16863.8,5.9266,commercial,2016,florence,NA,NA,NA
neighborhoods_143,NA,NA,NA,NA,condo,2016,florence,NA,NA,NA
neighborhoods_143,4769518,masked,masked,masked,industrial,2016,florence,NA,NA,masked
neighborhoods_143,427769,masked,masked,masked,institutional,2016,florence,NA,NA,masked
neighborhoods_143,6425798,26367615.5000,7590.75,3.9196,multi_family,2016,florence,NA,NA,NA
neighborhoods_143,74288,masked,masked,masked,other,2016,florence,NA,NA,masked
neighborhoods_143,35774,masked,masked,masked,residential_other,2016,florence,NA,NA,masked
neighborhoods_143,0,masked,masked,masked,residential_uncat,2016,florence,NA,NA,masked
neighborhoods_143,10104306,44243972.0000,5870.2,4.1194,res_total,2016,florence,NA,49619,891.6740
neighborhoods_143,3642734,16915543.3000,4730.5,4.3202,single_family,2016,florence,NA,NA,NA
neighborhoods_143,NA,NA,NA,NA,uncat,2016,florence,NA,NA,NA
neighborhoods_144,NA,NA,NA,NA,agriculture,2016,florence-firestone,NA,NA,NA
neighborhoods_144,1954283,37746624.2000,16729,8.2635,commercial,2016,florence-firestone,NA,NA,NA
neighborhoods_144,7788,masked,masked,masked,condo,2016,florence-firestone,NA,NA,masked
neighborhoods_144,2603058,23089224.3000,25141,4.3629,industrial,2016,florence-firestone,NA,NA,NA
neighborhoods_144,451069,13651608.7000,13528,3.2147,institutional,2016,florence-firestone,NA,NA,NA
neighborhoods_144,6465035,29715614.1000,7818,4.2932,multi_family,2016,florence-firestone,NA,NA,NA
neighborhoods_144,15419,masked,masked,masked,other,2016,florence-firestone,NA,NA,masked
neighborhoods_144,56292,masked,masked,masked,residential_other,2016,florence-firestone,NA,NA,masked
neighborhoods_144,0,3151324.0000,NA,NA,residential_uncat,2016,florence-firestone,NA,NA,NA
neighborhoods_144,11386453,59945415.1000,5924,4.5975,res_total,2016,florence-firestone,NA,61419,976.0077
neighborhoods_144,4857338,25110396.1000,5048,4.8618,single_family,2016,florence-firestone,NA,NA,NA
neighborhoods_144,0,masked,masked,masked,uncat,2016,florence-firestone,NA,NA,masked
neighborhoods_145,NA,NA,NA,NA,agriculture,2016,gardena,NA,NA,NA
neighborhoods_145,6921527,91809172.0000,20509,5.4521,commercial,2016,gardena,NA,NA,NA
neighborhoods_145,413567,9861995.0000,13449.5,9.7092,condo,2016,gardena,NA,NA,NA
neighborhoods_145,10791144,masked,masked,masked,industrial,2016,gardena,NA,NA,masked
neighborhoods_145,938411,masked,masked,masked,institutional,2016,gardena,NA,NA,masked
neighborhoods_145,7768948,29299711.8000,10502,3.3132,multi_family,2016,gardena,NA,NA,NA
neighborhoods_145,6125,masked,masked,masked,other,2016,gardena,NA,NA,masked
neighborhoods_145,428230,5125291.5000,73358,18.6710,residential_other,2016,gardena,NA,NA,NA
neighborhoods_145,0,4700381.0000,NA,NA,residential_uncat,2016,gardena,NA,NA,NA
neighborhoods_145,19856128,91929954.8000,5260,3.5298,res_total,2016,gardena,NA,59503,1544.9634
neighborhoods_145,11245383,42942575.5000,4859,3.5659,single_family,2016,gardena,NA,NA,NA
neighborhoods_145,0,674299.0000,NA,NA,uncat,2016,gardena,NA,NA,NA
neighborhoods_146,NA,NA,NA,NA,agriculture,2016,glassell park,NA,NA,NA
neighborhoods_146,1769491,15232416.2000,16899.9,5.3066,commercial,2016,glassell park,NA,NA,NA
neighborhoods_146,12702,489198.8000,55701,28.7689,condo,2016,glassell park,NA,NA,NA
neighborhoods_146,3502577,25267886.2000,43440.3,4.5286,industrial,2016,glassell park,NA,NA,NA
neighborhoods_146,231136,masked,masked,masked,institutional,2016,glassell park,NA,NA,masked
neighborhoods_146,3172426,14193929.9000,9655.15,4.2030,multi_family,2016,glassell park,NA,NA,NA
neighborhoods_146,225859,masked,masked,masked,other,2016,glassell park,NA,NA,masked
neighborhoods_146,47351,masked,masked,masked,residential_other,2016,glassell park,NA,NA,masked
neighborhoods_146,0,masked,masked,masked,residential_uncat,2016,glassell park,NA,NA,masked
neighborhoods_146,7242333,33885697.2000,6011.4,4.0624,res_total,2016,glassell park,NA,23135,1464.6941
neighborhoods_146,4009854,17037770.4000,5411,4.0281,single_family,2016,glassell park,NA,NA,NA
neighborhoods_146,0,masked,masked,masked,uncat,2016,glassell park,NA,NA,masked
neighborhoods_147,NA,NA,NA,NA,agriculture,2016,glendale,NA,NA,NA
neighborhoods_147,NA,NA,NA,NA,commercial,2016,glendale,NA,NA,NA
neighborhoods_147,NA,NA,NA,NA,condo,2016,glendale,NA,NA,NA
neighborhoods_147,NA,NA,NA,NA,industrial,2016,glendale,NA,NA,NA
neighborhoods_147,NA,NA,NA,NA,institutional,2016,glendale,NA,NA,NA
neighborhoods_147,NA,NA,NA,NA,multi_family,2016,glendale,NA,NA,NA
neighborhoods_147,NA,NA,NA,NA,other,2016,glendale,NA,NA,NA
neighborhoods_147,NA,NA,NA,NA,residential_other,2016,glendale,NA,NA,NA
neighborhoods_147,NA,NA,NA,NA,residential_uncat,2016,glendale,NA,NA,NA
neighborhoods_147,NA,NA,NA,NA,res_total,2016,glendale,NA,195420,NA
neighborhoods_147,NA,NA,NA,NA,single_family,2016,glendale,NA,NA,NA
neighborhoods_147,NA,NA,NA,NA,uncat,2016,glendale,NA,NA,NA
neighborhoods_148,NA,NA,NA,NA,agriculture,2016,glendora,NA,NA,NA
neighborhoods_148,6574159,85299301.0000,44138.5,7.7184,commercial,2016,glendora,NA,NA,NA
neighborhoods_148,820959,7722311.0000,7737.5,3.7937,condo,2016,glendora,NA,NA,NA
neighborhoods_148,1147400,masked,masked,masked,industrial,2016,glendora,NA,NA,masked
neighborhoods_148,674591,13957062.0000,44498.5,6.1241,institutional,2016,glendora,NA,NA,NA
neighborhoods_148,2799172,15217284.0000,11616,4.5528,multi_family,2016,glendora,NA,NA,NA
neighborhoods_148,101145,1049936.0000,11549,35.2220,other,2016,glendora,NA,NA,NA
neighborhoods_148,502138,6271081.0000,14147.5,27.9489,residential_other,2016,glendora,NA,NA,NA
neighborhoods_148,0,5798127.0000,NA,NA,residential_uncat,2016,glendora,NA,NA,NA
neighborhoods_148,25976240,148010515.0000,8331,5.0289,res_total,2016,glendora,NA,54295,2726.0432
neighborhoods_148,21853971,113001712.0000,8290,5.0684,single_family,2016,glendora,NA,NA,NA
neighborhoods_148,0,masked,masked,masked,uncat,2016,glendora,NA,NA,masked
neighborhoods_149,NA,NA,NA,NA,agriculture,2016,gramercy park,NA,NA,NA
neighborhoods_149,656765,masked,masked,masked,commercial,2016,gramercy park,NA,NA,masked
neighborhoods_149,NA,NA,NA,NA,condo,2016,gramercy park,NA,NA,NA
neighborhoods_149,0,masked,masked,masked,industrial,2016,gramercy park,NA,NA,masked
neighborhoods_149,172416,masked,masked,masked,institutional,2016,gramercy park,NA,NA,masked
neighborhoods_149,669762,2737353.3000,9169.6,3.9944,multi_family,2016,gramercy park,NA,NA,NA
neighborhoods_149,2984,masked,masked,masked,other,2016,gramercy park,NA,NA,masked
neighborhoods_149,4125,masked,masked,masked,residential_other,2016,gramercy park,NA,NA,masked
neighborhoods_149,0,masked,masked,masked,residential_uncat,2016,gramercy park,NA,NA,masked
neighborhoods_149,4563092,19128395.1000,5368.2,3.8150,res_total,2016,gramercy park,NA,10493,1822.9672
neighborhoods_149,3889205,15775932.9000,5246.6,3.8052,single_family,2016,gramercy park,NA,NA,NA
neighborhoods_149,0,masked,masked,masked,uncat,2016,gramercy park,NA,NA,masked
neighborhoods_150,NA,NA,NA,NA,agriculture,2016,granada hills,NA,NA,NA
neighborhoods_150,3449541,45776161.6000,60358.8,11.7476,commercial,2016,granada hills,NA,NA,NA
neighborhoods_150,38805,4891594.5000,84381.7,61.3045,condo,2016,granada hills,NA,NA,NA
neighborhoods_150,0,masked,masked,masked,industrial,2016,granada hills,NA,NA,masked
neighborhoods_150,1125667,masked,masked,masked,institutional,2016,granada hills,NA,NA,masked
neighborhoods_150,3044291,15859984.0000,17386.7,5.2097,multi_family,2016,granada hills,NA,NA,NA
neighborhoods_150,27291,masked,masked,masked,other,2016,granada hills,NA,NA,masked
neighborhoods_150,260868,masked,masked,masked,residential_other,2016,granada hills,NA,NA,masked
neighborhoods_150,0,masked,masked,masked,residential_uncat,2016,granada hills,NA,NA,masked
neighborhoods_150,29967870,153706195.3000,8500.3,4.6760,res_total,2016,granada hills,NA,54405,2825.2219
neighborhoods_150,26623906,129468413.1000,8442.8,4.6603,single_family,2016,granada hills,NA,NA,NA
neighborhoods_150,0,masked,masked,masked,uncat,2016,granada hills,NA,NA,masked
neighborhoods_151,4950,masked,masked,masked,agriculture,2016,green meadows,NA,NA,masked
neighborhoods_151,763980,13214539.4000,14191.3,6.1472,commercial,2016,green meadows,NA,NA,NA
neighborhoods_151,NA,NA,NA,NA,condo,2016,green meadows,NA,NA,NA
neighborhoods_151,781677,masked,masked,masked,industrial,2016,green meadows,NA,NA,masked
neighborhoods_151,392097,masked,masked,masked,institutional,2016,green meadows,NA,NA,masked
neighborhoods_151,2917271,11398401.5000,7413.6,3.7434,multi_family,2016,green meadows,NA,NA,NA
neighborhoods_151,13001,masked,masked,masked,other,2016,green meadows,NA,NA,masked
neighborhoods_151,43967,masked,masked,masked,residential_other,2016,green meadows,NA,NA,masked
neighborhoods_151,0,masked,masked,masked,residential_uncat,2016,green meadows,NA,NA,masked
neighborhoods_151,7640368,34543897.5000,5128.4,4.1804,res_total,2016,green meadows,NA,35635,969.3812
neighborhoods_151,4679130,21525184.3000,4758.1,4.3419,single_family,2016,green meadows,NA,NA,NA
neighborhoods_151,0,masked,masked,masked,uncat,2016,green meadows,NA,NA,masked
neighborhoods_152,1728,masked,masked,masked,agriculture,2016,green valley,NA,NA,masked
neighborhoods_152,9486,masked,masked,masked,commercial,2016,green valley,NA,NA,masked
neighborhoods_152,NA,NA,NA,NA,condo,2016,green valley,NA,NA,NA
neighborhoods_152,0,masked,masked,masked,industrial,2016,green valley,NA,NA,masked
neighborhoods_152,4280,masked,masked,masked,institutional,2016,green valley,NA,NA,masked
neighborhoods_152,22580,masked,masked,masked,multi_family,2016,green valley,NA,NA,masked
neighborhoods_152,2935,masked,masked,masked,other,2016,green valley,NA,NA,masked
neighborhoods_152,41351,masked,masked,masked,residential_other,2016,green valley,NA,NA,masked
neighborhoods_152,0,masked,masked,masked,residential_uncat,2016,green valley,NA,NA,masked
neighborhoods_152,536189,3311311.5000,6519,5.1127,res_total,2016,green valley,NA,754,4391.6598
neighborhoods_152,472258,2620627.5000,6646,5.2090,single_family,2016,green valley,NA,NA,NA
neighborhoods_152,0,masked,masked,masked,uncat,2016,green valley,NA,NA,masked
neighborhoods_153,NA,NA,NA,NA,agriculture,2016,griffith park,NA,NA,NA
neighborhoods_153,2696,masked,masked,masked,commercial,2016,griffith park,NA,NA,masked
neighborhoods_153,NA,NA,NA,NA,condo,2016,griffith park,NA,NA,NA
neighborhoods_153,11206,masked,masked,masked,industrial,2016,griffith park,NA,NA,masked
neighborhoods_153,59572,masked,masked,masked,institutional,2016,griffith park,NA,NA,masked
neighborhoods_153,NA,NA,NA,NA,multi_family,2016,griffith park,NA,NA,NA
neighborhoods_153,0,masked,masked,masked,other,2016,griffith park,NA,NA,masked
neighborhoods_153,NA,NA,NA,NA,residential_other,2016,griffith park,NA,NA,NA
neighborhoods_153,0,masked,masked,masked,residential_uncat,2016,griffith park,NA,NA,masked
neighborhoods_153,81130,masked,masked,masked,res_total,2016,griffith park,NA,302,masked
neighborhoods_153,81130,masked,masked,masked,single_family,2016,griffith park,NA,NA,masked
neighborhoods_153,0,masked,masked,masked,uncat,2016,griffith park,NA,NA,masked
neighborhoods_154,NA,NA,NA,NA,agriculture,2016,hacienda heights,NA,NA,NA
neighborhoods_154,2700066,32242249.0000,125861,12.0949,commercial,2016,hacienda heights,NA,NA,NA
neighborhoods_154,568631,10943561.0000,5843,3.3900,condo,2016,hacienda heights,NA,NA,NA
neighborhoods_154,183696,masked,masked,masked,industrial,2016,hacienda heights,NA,NA,masked
neighborhoods_154,679913,12921341.0000,75785,9.8146,institutional,2016,hacienda heights,NA,NA,NA
neighborhoods_154,814561,4515777.0000,14156,5.1169,multi_family,2016,hacienda heights,NA,NA,NA
neighborhoods_154,4305,masked,masked,masked,other,2016,hacienda heights,NA,NA,masked
neighborhoods_154,45846,masked,masked,masked,residential_other,2016,hacienda heights,NA,NA,masked
neighborhoods_154,0,masked,masked,masked,residential_uncat,2016,hacienda heights,NA,NA,masked
neighborhoods_154,25984083,118047185.2000,6822,3.8000,res_total,2016,hacienda heights,NA,54198,2178.0727
neighborhoods_154,24555045,97478206.2000,6820,3.8030,single_family,2016,hacienda heights,NA,NA,NA
neighborhoods_154,0,masked,masked,masked,uncat,2016,hacienda heights,NA,NA,masked
neighborhoods_155,NA,NA,NA,NA,agriculture,2016,hancock park,NA,NA,NA
neighborhoods_155,2045012,32578728.3000,44922,8.7092,commercial,2016,hancock park,NA,NA,NA
neighborhoods_155,28465,4122647.7000,203370.5,116.2724,condo,2016,hancock park,NA,NA,NA
neighborhoods_155,17005,masked,masked,masked,industrial,2016,hancock park,NA,NA,masked
neighborhoods_155,416925,masked,masked,masked,institutional,2016,hancock park,NA,NA,masked
neighborhoods_155,3190519,12963011.7000,17667.6,3.4481,multi_family,2016,hancock park,NA,NA,NA
neighborhoods_155,9877,masked,masked,masked,other,2016,hancock park,NA,NA,masked
neighborhoods_155,42026,masked,masked,masked,residential_other,2016,hancock park,NA,NA,masked
neighborhoods_155,0,masked,masked,masked,residential_uncat,2016,hancock park,NA,NA,masked
neighborhoods_155,9767486,47869868.0000,14294.4,4.1121,res_total,2016,hancock park,NA,10517,4551.6657
neighborhoods_155,6506476,30204668.5000,13269.65,4.3022,single_family,2016,hancock park,NA,NA,NA
neighborhoods_155,NA,NA,NA,NA,uncat,2016,hancock park,NA,NA,NA
neighborhoods_156,NA,NA,NA,NA,agriculture,2016,hansen dam,NA,NA,NA
neighborhoods_156,7993,masked,masked,masked,commercial,2016,hansen dam,NA,NA,masked
neighborhoods_156,NA,NA,NA,NA,condo,2016,hansen dam,NA,NA,NA
neighborhoods_156,NA,NA,NA,NA,industrial,2016,hansen dam,NA,NA,NA
neighborhoods_156,5969,masked,masked,masked,institutional,2016,hansen dam,NA,NA,masked
neighborhoods_156,NA,NA,NA,NA,multi_family,2016,hansen dam,NA,NA,NA
neighborhoods_156,NA,NA,NA,NA,other,2016,hansen dam,NA,NA,NA
neighborhoods_156,NA,NA,NA,NA,residential_other,2016,hansen dam,NA,NA,NA
neighborhoods_156,0,masked,masked,masked,residential_uncat,2016,hansen dam,NA,NA,masked
neighborhoods_156,35480,masked,masked,masked,res_total,2016,hansen dam,NA,42,masked
neighborhoods_156,35480,masked,masked,masked,single_family,2016,hansen dam,NA,NA,masked
neighborhoods_156,NA,NA,NA,NA,uncat,2016,hansen dam,NA,NA,NA
neighborhoods_157,NA,NA,NA,NA,agriculture,2016,harbor city,NA,NA,NA
neighborhoods_157,1259120,20346858.2000,44853.2,8.7696,commercial,2016,harbor city,NA,NA,NA
neighborhoods_157,173414,10446801.7000,46353.1,28.3718,condo,2016,harbor city,NA,NA,NA
neighborhoods_157,1287213,23784797.1000,30504.8,5.0289,industrial,2016,harbor city,NA,NA,NA
neighborhoods_157,342818,masked,masked,masked,institutional,2016,harbor city,NA,NA,masked
neighborhoods_157,2757153,10239926.8000,10912.7,3.6416,multi_family,2016,harbor city,NA,NA,NA
neighborhoods_157,106654,masked,masked,masked,other,2016,harbor city,NA,NA,masked
neighborhoods_157,400331,2436561.6000,30755.9,7.3284,residential_other,2016,harbor city,NA,NA,NA
neighborhoods_157,0,1546045.2000,NA,NA,residential_uncat,2016,harbor city,NA,NA,NA
neighborhoods_157,6591770,36960896.7000,5591.1,3.6363,res_total,2016,harbor city,NA,26519,1393.7515
neighborhoods_157,3260872,12291561.4000,4960.6,3.4905,single_family,2016,harbor city,NA,NA,NA
neighborhoods_157,0,masked,masked,masked,uncat,2016,harbor city,NA,NA,masked
neighborhoods_158,3126,masked,masked,masked,agriculture,2016,harbor gateway,NA,NA,masked
neighborhoods_158,6173248,83052946.6000,62526.5,10.1937,commercial,2016,harbor gateway,NA,NA,NA
neighborhoods_158,135566,1990661.4000,10562.9,5.1320,condo,2016,harbor gateway,NA,NA,NA
neighborhoods_158,16135876,112258930.0000,96531.3,4.2482,industrial,2016,harbor gateway,NA,NA,NA
neighborhoods_158,197485,masked,masked,masked,institutional,2016,harbor gateway,NA,NA,masked
neighborhoods_158,5236095,20840448.4000,10878.75,3.6217,multi_family,2016,harbor gateway,NA,NA,NA
neighborhoods_158,71792,masked,masked,masked,other,2016,harbor gateway,NA,NA,masked
neighborhoods_158,14835,masked,masked,masked,residential_other,2016,harbor gateway,NA,NA,masked
neighborhoods_158,0,masked,masked,masked,residential_uncat,2016,harbor gateway,NA,NA,masked
neighborhoods_158,11878690,51206361.6000,5439.5,3.7113,res_total,2016,harbor gateway,NA,40107,1276.7438
neighborhoods_158,6492194,25576159.0000,4892.3,3.7268,single_family,2016,harbor gateway,NA,NA,NA
neighborhoods_158,0,masked,masked,masked,uncat,2016,harbor gateway,NA,NA,masked
neighborhoods_159,NA,NA,NA,NA,agriculture,2016,harvard heights,NA,NA,NA
neighborhoods_159,1973072,27819359.9000,32816.2,7.8232,commercial,2016,harvard heights,NA,NA,NA
neighborhoods_159,10570,1000744.3000,122109.9,95.3984,condo,2016,harvard heights,NA,NA,NA
neighborhoods_159,125388,masked,masked,masked,industrial,2016,harvard heights,NA,NA,masked
neighborhoods_159,239126,masked,masked,masked,institutional,2016,harvard heights,NA,NA,masked
neighborhoods_159,3745909,13531001.1000,11104,3.3870,multi_family,2016,harvard heights,NA,NA,NA
neighborhoods_159,18015,masked,masked,masked,other,2016,harvard heights,NA,NA,masked
neighborhoods_159,123736,masked,masked,masked,residential_other,2016,harvard heights,NA,NA,masked
neighborhoods_159,0,masked,masked,masked,residential_uncat,2016,harvard heights,NA,NA,masked
neighborhoods_159,5358747,20923979.2000,8200.35,3.1424,res_total,2016,harvard heights,NA,20368,1027.2967
neighborhoods_159,1478532,4407936.4000,5843.8,2.9020,single_family,2016,harvard heights,NA,NA,NA
neighborhoods_159,NA,NA,NA,NA,uncat,2016,harvard heights,NA,NA,NA
neighborhoods_160,NA,NA,NA,NA,agriculture,2016,harvard park,NA,NA,NA
neighborhoods_160,610426,5410717.8000,10608.25,3.9563,commercial,2016,harvard park,NA,NA,NA
neighborhoods_160,NA,NA,NA,NA,condo,2016,harvard park,NA,NA,NA
neighborhoods_160,107851,masked,masked,masked,industrial,2016,harvard park,NA,NA,masked
neighborhoods_160,51895,masked,masked,masked,institutional,2016,harvard park,NA,NA,masked
neighborhoods_160,1084772,4393679.7000,7043.75,3.9704,multi_family,2016,harvard park,NA,NA,NA
neighborhoods_160,4140,masked,masked,masked,other,2016,harvard park,NA,NA,masked
neighborhoods_160,61381,masked,masked,masked,residential_other,2016,harvard park,NA,NA,masked
neighborhoods_160,0,masked,masked,masked,residential_uncat,2016,harvard park,NA,NA,masked
neighborhoods_160,2844552,12580579.0000,4936.6,4.0614,res_total,2016,harvard park,NA,10686,1177.2954
neighborhoods_160,1698399,7684700.9000,4505.2,4.1254,single_family,2016,harvard park,NA,NA,NA
neighborhoods_160,NA,NA,NA,NA,uncat,2016,harvard park,NA,NA,NA
neighborhoods_161,NA,NA,NA,NA,agriculture,2016,hasley canyon,NA,NA,NA
neighborhoods_161,0,masked,masked,masked,commercial,2016,hasley canyon,NA,NA,masked
neighborhoods_161,NA,NA,NA,NA,condo,2016,hasley canyon,NA,NA,NA
neighborhoods_161,NA,NA,NA,NA,industrial,2016,hasley canyon,NA,NA,NA
neighborhoods_161,NA,NA,NA,NA,institutional,2016,hasley canyon,NA,NA,NA
neighborhoods_161,28714,masked,masked,masked,multi_family,2016,hasley canyon,NA,NA,masked
neighborhoods_161,1580,masked,masked,masked,other,2016,hasley canyon,NA,NA,masked
neighborhoods_161,19008,masked,masked,masked,residential_other,2016,hasley canyon,NA,NA,masked
neighborhoods_161,0,masked,masked,masked,residential_uncat,2016,hasley canyon,NA,NA,masked
neighborhoods_161,802861,4852929.0000,12538.5,4.3378,res_total,2016,hasley canyon,NA,1555,3120.8547
neighborhoods_161,755139,3753926.0000,12452,4.3378,single_family,2016,hasley canyon,NA,NA,NA
neighborhoods_161,NA,NA,NA,NA,uncat,2016,hasley canyon,NA,NA,NA
neighborhoods_162,NA,NA,NA,NA,agriculture,2016,hawaiian gardens,NA,NA,NA
neighborhoods_162,1314770,masked,masked,masked,commercial,2016,hawaiian gardens,NA,NA,masked
neighborhoods_162,59848,2745598.0000,8090.5,7.3246,condo,2016,hawaiian gardens,NA,NA,NA
neighborhoods_162,182571,1297584.0000,18573,3.6449,industrial,2016,hawaiian gardens,NA,NA,NA
neighborhoods_162,104635,masked,masked,masked,institutional,2016,hawaiian gardens,NA,NA,masked
neighborhoods_162,1384650,6462561.5000,7617,4.2451,multi_family,2016,hawaiian gardens,NA,NA,NA
neighborhoods_162,14281,masked,masked,masked,other,2016,hawaiian gardens,NA,NA,masked
neighborhoods_162,115038,masked,masked,masked,residential_other,2016,hawaiian gardens,NA,NA,masked
neighborhoods_162,0,masked,masked,masked,residential_uncat,2016,hawaiian gardens,NA,NA,masked
neighborhoods_162,2944891,17672220.5000,5574,4.5370,res_total,2016,hawaiian gardens,NA,14257,1239.5469
neighborhoods_162,1385355,6799347.0000,5080,4.6861,single_family,2016,hawaiian gardens,NA,NA,NA
neighborhoods_162,0,76375.0000,NA,NA,uncat,2016,hawaiian gardens,NA,NA,NA
neighborhoods_163,NA,NA,NA,NA,agriculture,2016,hawthorne,NA,NA,NA
neighborhoods_163,5540997,masked,masked,masked,commercial,2016,hawthorne,NA,NA,masked
neighborhoods_163,489348,6828821.0000,7709,4.6869,condo,2016,hawthorne,NA,NA,NA
neighborhoods_163,6777357,masked,masked,masked,industrial,2016,hawthorne,NA,NA,masked
neighborhoods_163,755061,20877539.0000,31335,4.8949,institutional,2016,hawthorne,NA,NA,NA
neighborhoods_163,16713916,66907602.0000,10944,3.4415,multi_family,2016,hawthorne,NA,NA,NA
neighborhoods_163,108091,masked,masked,masked,other,2016,hawthorne,NA,NA,masked
neighborhoods_163,114264,masked,masked,masked,residential_other,2016,hawthorne,NA,NA,masked
neighborhoods_163,0,masked,masked,masked,residential_uncat,2016,hawthorne,NA,NA,masked
neighborhoods_163,26083618,119146676.5000,5732,3.6129,res_total,2016,hawthorne,NA,89805,1326.7265
neighborhoods_163,8766090,34057297.0000,4791,3.6677,single_family,2016,hawthorne,NA,NA,NA
neighborhoods_163,0,masked,masked,masked,uncat,2016,hawthorne,NA,NA,masked
neighborhoods_164,NA,NA,NA,NA,agriculture,2016,hermosa beach,NA,NA,NA
neighborhoods_164,1728044,25888534.5000,41642,10.5185,commercial,2016,hermosa beach,NA,NA,NA
neighborhoods_164,986708,9378401.0000,12493.5,6.1646,condo,2016,hermosa beach,NA,NA,NA
neighborhoods_164,111020,masked,masked,masked,industrial,2016,hermosa beach,NA,NA,masked
neighborhoods_164,154040,masked,masked,masked,institutional,2016,hermosa beach,NA,NA,masked
neighborhoods_164,4087344,14448071.5000,7485,3.2876,multi_family,2016,hermosa beach,NA,NA,NA
neighborhoods_164,19969,masked,masked,masked,other,2016,hermosa beach,NA,NA,masked
neighborhoods_164,14204,1566307.0000,6790,6.0195,residential_other,2016,hermosa beach,NA,NA,NA
neighborhoods_164,0,1740108.5000,NA,NA,residential_uncat,2016,hermosa beach,NA,NA,NA
neighborhoods_164,11134972,47898438.2000,6441,3.3659,res_total,2016,hermosa beach,NA,19604,2443.2992
neighborhoods_164,6046716,20765550.2000,5566,3.1731,single_family,2016,hermosa beach,NA,NA,NA
neighborhoods_164,0,masked,masked,masked,uncat,2016,hermosa beach,NA,NA,masked
neighborhoods_165,NA,NA,NA,NA,agriculture,2016,hidden hills,NA,NA,NA
neighborhoods_165,10000,masked,masked,masked,commercial,2016,hidden hills,NA,NA,masked
neighborhoods_165,330891,masked,masked,masked,condo,2016,hidden hills,NA,NA,masked
neighborhoods_165,NA,NA,NA,NA,industrial,2016,hidden hills,NA,NA,NA
neighborhoods_165,3879,masked,masked,masked,institutional,2016,hidden hills,NA,NA,masked
neighborhoods_165,NA,NA,NA,NA,multi_family,2016,hidden hills,NA,NA,NA
neighborhoods_165,3042,masked,masked,masked,other,2016,hidden hills,NA,NA,masked
neighborhoods_165,49114,masked,masked,masked,residential_other,2016,hidden hills,NA,NA,masked
neighborhoods_165,0,masked,masked,masked,residential_uncat,2016,hidden hills,NA,NA,masked
neighborhoods_165,3108846,20003969.0000,24906,5.6472,res_total,2016,hidden hills,NA,1875,10668.7835
neighborhoods_165,2728841,17019157.0000,25733.5,5.6012,single_family,2016,hidden hills,NA,NA,NA
neighborhoods_165,0,masked,masked,masked,uncat,2016,hidden hills,NA,NA,masked
neighborhoods_166,NA,NA,NA,NA,agriculture,2016,highland park,NA,NA,NA
neighborhoods_166,2005208,32446234.4000,19335,6.8850,commercial,2016,highland park,NA,NA,NA
neighborhoods_166,15126,948258.9000,41978.6,31.9857,condo,2016,highland park,NA,NA,NA
neighborhoods_166,158407,masked,masked,masked,industrial,2016,highland park,NA,NA,masked
neighborhoods_166,572526,masked,masked,masked,institutional,2016,highland park,NA,NA,masked
neighborhoods_166,7993250,36791055.5000,9333.3,4.0836,multi_family,2016,highland park,NA,NA,NA
neighborhoods_166,11717,masked,masked,masked,other,2016,highland park,NA,NA,masked
neighborhoods_166,213397,1584619.4000,9099.2,3.7622,residential_other,2016,highland park,NA,NA,NA
neighborhoods_166,0,2016123.1000,NA,NA,residential_uncat,2016,highland park,NA,NA,NA
neighborhoods_166,15531868,73658415.0000,5758.7,4.1713,res_total,2016,highland park,NA,53029,1389.0214
neighborhoods_166,7310095,32318358.1000,4970.75,4.2076,single_family,2016,highland park,NA,NA,NA
neighborhoods_166,0,masked,masked,masked,uncat,2016,highland park,NA,NA,masked
neighborhoods_167,7125,masked,masked,masked,agriculture,2016,historic south-central,NA,NA,masked
neighborhoods_167,4489475,61574780.4000,34058.6,7.1156,commercial,2016,historic south-central,NA,NA,NA
neighborhoods_167,2232,masked,masked,masked,condo,2016,historic south-central,NA,NA,masked
neighborhoods_167,7505444,70326797.5000,39255,3.9208,industrial,2016,historic south-central,NA,NA,NA
neighborhoods_167,820704,39009880.1000,28638.5,5.3969,institutional,2016,historic south-central,NA,NA,NA
neighborhoods_167,6779674,25671395.9000,8432.6,3.6255,multi_family,2016,historic south-central,NA,NA,NA
neighborhoods_167,53244,masked,masked,masked,other,2016,historic south-central,NA,NA,masked
neighborhoods_167,105976,702986.0000,8188.9,3.7856,residential_other,2016,historic south-central,NA,NA,NA
neighborhoods_167,0,masked,masked,masked,residential_uncat,2016,historic south-central,NA,NA,masked
neighborhoods_167,9087857,36978725.3000,6829.65,3.7024,res_total,2016,historic south-central,NA,47936,771.4187
neighborhoods_167,2199975,9060640.1000,4930.2,3.8450,single_family,2016,historic south-central,NA,NA,NA
neighborhoods_167,0,masked,masked,masked,uncat,2016,historic south-central,NA,NA,masked
neighborhoods_168,NA,NA,NA,NA,agriculture,2016,hollywood,NA,NA,NA
neighborhoods_168,14659787,254573818.7000,75389.3,10.3537,commercial,2016,hollywood,NA,NA,NA
neighborhoods_168,91013,11475919.2000,73853.8,73.3608,condo,2016,hollywood,NA,NA,NA
neighborhoods_168,2519355,masked,masked,masked,industrial,2016,hollywood,NA,NA,masked
neighborhoods_168,845981,masked,masked,masked,institutional,2016,hollywood,NA,NA,masked
neighborhoods_168,25553982,127740461.7000,20207.3,4.0644,multi_family,2016,hollywood,NA,NA,NA
neighborhoods_168,1662960,masked,masked,masked,other,2016,hollywood,NA,NA,masked
neighborhoods_168,520518,3245322.5000,13807.7,5.4735,residential_other,2016,hollywood,NA,NA,NA
neighborhoods_168,0,8376620.8000,NA,NA,residential_uncat,2016,hollywood,NA,NA,NA
neighborhoods_168,28455303,163100138.4000,13482.7,4.2051,res_total,2016,hollywood,NA,85489,1907.8494
neighborhoods_168,2289790,12261814.2000,7220,4.5788,single_family,2016,hollywood,NA,NA,NA
neighborhoods_168,0,masked,masked,masked,uncat,2016,hollywood,NA,NA,masked
neighborhoods_169,NA,NA,NA,NA,agriculture,2016,hollywood hills,NA,NA,NA
neighborhoods_169,1707898,29478260.3000,46587.1,10.4778,commercial,2016,hollywood hills,NA,NA,NA
neighborhoods_169,39097,5300966.3000,36432.7,130.8653,condo,2016,hollywood hills,NA,NA,NA
neighborhoods_169,6564,masked,masked,masked,industrial,2016,hollywood hills,NA,NA,masked
neighborhoods_169,262837,masked,masked,masked,institutional,2016,hollywood hills,NA,NA,masked
neighborhoods_169,5883767,28939348.3000,14066.45,4.0404,multi_family,2016,hollywood hills,NA,NA,NA
neighborhoods_169,65230,masked,masked,masked,other,2016,hollywood hills,NA,NA,masked
neighborhoods_169,261692,3018059.6000,6839.1,9.7275,residential_other,2016,hollywood hills,NA,NA,NA
neighborhoods_169,0,5228869.8000,NA,NA,residential_uncat,2016,hollywood hills,NA,NA,NA
neighborhoods_169,16754182,96192511.8000,9267.3,4.5381,res_total,2016,hollywood hills,NA,22085,4355.5586
neighborhoods_169,10569626,53705267.8000,8870.7,4.5790,single_family,2016,hollywood hills,NA,NA,NA
neighborhoods_169,0,masked,masked,masked,uncat,2016,hollywood hills,NA,NA,masked
neighborhoods_170,NA,NA,NA,NA,agriculture,2016,hollywood hills west,NA,NA,NA
neighborhoods_170,1295685,16148360.2000,143353.5,19.1126,commercial,2016,hollywood hills west,NA,NA,NA
neighborhoods_170,30165,2406153.9000,147174.3,113.9718,condo,2016,hollywood hills west,NA,NA,NA
neighborhoods_170,0,masked,masked,masked,industrial,2016,hollywood hills west,NA,NA,masked
neighborhoods_170,22863,masked,masked,masked,institutional,2016,hollywood hills west,NA,NA,masked
neighborhoods_170,1895749,9635015.0000,19122.4,4.4542,multi_family,2016,hollywood hills west,NA,NA,NA
neighborhoods_170,70919,1509964.3000,26474.5,19.1911,other,2016,hollywood hills west,NA,NA,NA
neighborhoods_170,225634,2206923.8000,9585.45,5.6690,residential_other,2016,hollywood hills west,NA,NA,NA
neighborhoods_170,0,1559041.1000,NA,NA,residential_uncat,2016,hollywood hills west,NA,NA,NA
neighborhoods_170,16832425,103930279.6000,11492.8,5.2115,res_total,2016,hollywood hills west,NA,16616,6254.8315
neighborhoods_170,14680877,88123145.8000,11397.3,5.2305,single_family,2016,hollywood hills west,NA,NA,NA
neighborhoods_170,0,masked,masked,masked,uncat,2016,hollywood hills west,NA,NA,masked
neighborhoods_171,NA,NA,NA,NA,agriculture,2016,huntington park,NA,NA,NA
neighborhoods_171,4182072,73282635.4000,20143,4.8195,commercial,2016,huntington park,NA,NA,NA
neighborhoods_171,82085,3764937.0000,7471,5.6729,condo,2016,huntington park,NA,NA,NA
neighborhoods_171,3876752,45208905.0000,32633,3.6308,industrial,2016,huntington park,NA,NA,NA
neighborhoods_171,533803,19016804.0000,26542.5,4.4452,institutional,2016,huntington park,NA,NA,NA
neighborhoods_171,7603878,29481966.1000,9068,3.8431,multi_family,2016,huntington park,NA,NA,NA
neighborhoods_171,17476,masked,masked,masked,other,2016,huntington park,NA,NA,masked
neighborhoods_171,254687,2146315.0000,15995,5.0260,residential_other,2016,huntington park,NA,NA,NA
neighborhoods_171,0,5190685.0000,NA,NA,residential_uncat,2016,huntington park,NA,NA,NA
neighborhoods_171,11666271,56919625.4000,6448,3.9680,res_total,2016,huntington park,NA,60406,942.2843
neighborhoods_171,3725621,16335722.3000,5282,4.0627,single_family,2016,huntington park,NA,NA,NA
neighborhoods_171,0,masked,masked,masked,uncat,2016,huntington park,NA,NA,masked
neighborhoods_172,1520,masked,masked,masked,agriculture,2016,hyde park,NA,NA,masked
neighborhoods_172,1790258,18897631.4000,11472.7,4.0001,commercial,2016,hyde park,NA,NA,NA
neighborhoods_172,3068,masked,masked,masked,condo,2016,hyde park,NA,NA,masked
neighborhoods_172,461991,masked,masked,masked,industrial,2016,hyde park,NA,NA,masked
neighborhoods_172,600284,masked,masked,masked,institutional,2016,hyde park,NA,NA,masked
neighborhoods_172,5130460,18845015.3000,8921.9,3.6249,multi_family,2016,hyde park,NA,NA,NA
neighborhoods_172,167813,masked,masked,masked,other,2016,hyde park,NA,NA,masked
neighborhoods_172,128694,masked,masked,masked,residential_other,2016,hyde park,NA,NA,masked
neighborhoods_172,0,1977550.4000,NA,NA,residential_uncat,2016,hyde park,NA,NA,NA
neighborhoods_172,13691604,55072719.4000,5254.9,3.6588,res_total,2016,hyde park,NA,34927,1576.7950
neighborhoods_172,8429382,33171706.4000,4859.95,3.6734,single_family,2016,hyde park,NA,NA,NA
neighborhoods_172,0,masked,masked,masked,uncat,2016,hyde park,NA,NA,masked
neighborhoods_173,NA,NA,NA,NA,agriculture,2016,industry,NA,NA,NA
neighborhoods_173,NA,NA,NA,NA,commercial,2016,industry,NA,NA,NA
neighborhoods_173,NA,NA,NA,NA,condo,2016,industry,NA,NA,NA
neighborhoods_173,NA,NA,NA,NA,industrial,2016,industry,NA,NA,NA
neighborhoods_173,NA,NA,NA,NA,institutional,2016,industry,NA,NA,NA
neighborhoods_173,NA,NA,NA,NA,multi_family,2016,industry,NA,NA,NA
neighborhoods_173,NA,NA,NA,NA,other,2016,industry,NA,NA,NA
neighborhoods_173,NA,NA,NA,NA,residential_other,2016,industry,NA,NA,NA
neighborhoods_173,NA,NA,NA,NA,residential_uncat,2016,industry,NA,NA,NA
neighborhoods_173,NA,NA,NA,NA,res_total,2016,industry,NA,384,NA
neighborhoods_173,NA,NA,NA,NA,single_family,2016,industry,NA,NA,NA
neighborhoods_173,NA,NA,NA,NA,uncat,2016,industry,NA,NA,NA
neighborhoods_174,2424,masked,masked,masked,agriculture,2016,inglewood,NA,NA,masked
neighborhoods_174,10787951,144989349.4000,22510,5.3387,commercial,2016,inglewood,NA,NA,NA
neighborhoods_174,284272,18276059.0000,40726,36.3685,condo,2016,inglewood,NA,NA,NA
neighborhoods_174,4054805,45923229.5000,38898,4.3123,industrial,2016,inglewood,NA,NA,NA
neighborhoods_174,1789204,31033792.0000,31857,4.2767,institutional,2016,inglewood,NA,NA,NA
neighborhoods_174,19166143,75468765.4000,9775,3.5848,multi_family,2016,inglewood,NA,NA,NA
neighborhoods_174,24786,masked,masked,masked,other,2016,inglewood,NA,NA,masked
neighborhoods_174,408335,2601870.0000,19466.5,4.3193,residential_other,2016,inglewood,NA,NA,NA
neighborhoods_174,0,9287230.0000,NA,NA,residential_uncat,2016,inglewood,NA,NA,NA
neighborhoods_174,35284072,165974287.4000,5840.5,3.7021,res_total,2016,inglewood,NA,113304,1464.8581
neighborhoods_174,15425322,60340363.0000,5176.5,3.7228,single_family,2016,inglewood,NA,NA,NA
neighborhoods_174,0,masked,masked,masked,uncat,2016,inglewood,NA,NA,masked
neighborhoods_175,NA,NA,NA,NA,agriculture,2016,irwindale,NA,NA,NA
neighborhoods_175,2458454,17617965.0000,159907,9.7297,commercial,2016,irwindale,NA,NA,NA
neighborhoods_175,NA,NA,NA,NA,condo,2016,irwindale,NA,NA,NA
neighborhoods_175,13828141,masked,masked,masked,industrial,2016,irwindale,NA,NA,masked
neighborhoods_175,437230,masked,masked,masked,institutional,2016,irwindale,NA,NA,masked
neighborhoods_175,65651,masked,masked,masked,multi_family,2016,irwindale,NA,NA,masked
neighborhoods_175,26996,masked,masked,masked,other,2016,irwindale,NA,NA,masked
neighborhoods_175,5427,masked,masked,masked,residential_other,2016,irwindale,NA,NA,masked
neighborhoods_175,0,masked,masked,masked,residential_uncat,2016,irwindale,NA,NA,masked
neighborhoods_175,499426,2729262.0000,6920,4.7694,res_total,2016,irwindale,NA,2174,1255.4103
neighborhoods_175,428348,2192136.0000,6920,4.8027,single_family,2016,irwindale,NA,NA,NA
neighborhoods_175,0,masked,masked,masked,uncat,2016,irwindale,NA,NA,masked
neighborhoods_176,NA,NA,NA,NA,agriculture,2016,jefferson park,NA,NA,NA
neighborhoods_176,932057,masked,masked,masked,commercial,2016,jefferson park,NA,NA,masked
neighborhoods_176,NA,NA,NA,NA,condo,2016,jefferson park,NA,NA,NA
neighborhoods_176,162533,masked,masked,masked,industrial,2016,jefferson park,NA,NA,masked
neighborhoods_176,943587,masked,masked,masked,institutional,2016,jefferson park,NA,NA,masked
neighborhoods_176,4826247,19068489.7000,8566.5,3.4854,multi_family,2016,jefferson park,NA,NA,NA
neighborhoods_176,6947,masked,masked,masked,other,2016,jefferson park,NA,NA,masked
neighborhoods_176,169227,2148573.6000,14551.7,5.1200,residential_other,2016,jefferson park,NA,NA,NA
neighborhoods_176,0,1275299.8000,NA,NA,residential_uncat,2016,jefferson park,NA,NA,NA
neighborhoods_176,7986161,33431355.8000,6122.4,3.4793,res_total,2016,jefferson park,NA,24884,1343.4880
neighborhoods_176,2990687,10938992.7000,4971.8,3.4633,single_family,2016,jefferson park,NA,NA,NA
neighborhoods_176,NA,NA,NA,NA,uncat,2016,jefferson park,NA,NA,NA
neighborhoods_177,NA,NA,NA,NA,agriculture,2016,koreatown,NA,NA,NA
neighborhoods_177,17856164,237015347.9000,119441,10.5669,commercial,2016,koreatown,NA,NA,NA
neighborhoods_177,105463,13661040.1000,114390.4,105.8464,condo,2016,koreatown,NA,NA,NA
neighborhoods_177,212007,masked,masked,masked,industrial,2016,koreatown,NA,NA,masked
neighborhoods_177,2184057,masked,masked,masked,institutional,2016,koreatown,NA,NA,masked
neighborhoods_177,30054647,141257720.6000,26859.7,3.7285,multi_family,2016,koreatown,NA,NA,NA
neighborhoods_177,27515,masked,masked,masked,other,2016,koreatown,NA,NA,masked
neighborhoods_177,587819,4886568.6000,25440.4,5.3226,residential_other,2016,koreatown,NA,NA,NA
neighborhoods_177,0,4641184.0000,NA,NA,residential_uncat,2016,koreatown,NA,NA,NA
neighborhoods_177,33594317,173523361.0000,14945.6,3.5446,res_total,2016,koreatown,NA,124281,1396.2179
neighborhoods_177,2846388,9076847.7000,6001.4,2.8931,single_family,2016,koreatown,NA,NA,NA
neighborhoods_177,0,masked,masked,masked,uncat,2016,koreatown,NA,NA,masked
neighborhoods_178,NA,NA,NA,NA,agriculture,2016,la caÃ£Â±ada flintridge,NA,NA,NA
neighborhoods_178,1395337,25803865.0000,28633,9.5029,commercial,2016,la caÃ£Â±ada flintridge,NA,NA,NA
neighborhoods_178,237456,1132623.0000,6147,3.3366,condo,2016,la caÃ£Â±ada flintridge,NA,NA,NA
neighborhoods_178,0,masked,masked,masked,industrial,2016,la caÃ£Â±ada flintridge,NA,NA,masked
neighborhoods_178,344081,masked,masked,masked,institutional,2016,la caÃ£Â±ada flintridge,NA,NA,masked
neighborhoods_178,321523,1195509.0000,8040,3.0210,multi_family,2016,la caÃ£Â±ada flintridge,NA,NA,NA
neighborhoods_178,5974,masked,masked,masked,other,2016,la caÃ£Â±ada flintridge,NA,NA,masked
neighborhoods_178,36110,masked,masked,masked,residential_other,2016,la caÃ£Â±ada flintridge,NA,NA,masked
neighborhoods_178,0,masked,masked,masked,residential_uncat,2016,la caÃ£Â±ada flintridge,NA,NA,masked
neighborhoods_178,18077270,84500377.9000,10409.5,4.2514,res_total,2016,la caÃ£Â±ada flintridge,NA,20853,4052.1929
neighborhoods_178,17482181,79829976.9000,10509,4.2856,single_family,2016,la caÃ£Â±ada flintridge,NA,NA,NA
neighborhoods_178,0,masked,masked,masked,uncat,2016,la caÃ£Â±ada flintridge,NA,NA,masked
neighborhoods_179,NA,NA,NA,NA,agriculture,2016,la crescenta-montrose,NA,NA,NA
neighborhoods_179,927334,masked,masked,masked,commercial,2016,la crescenta-montrose,NA,NA,masked
neighborhoods_179,69013,2732086.0000,53592,35.2729,condo,2016,la crescenta-montrose,NA,NA,NA
neighborhoods_179,3375,masked,masked,masked,industrial,2016,la crescenta-montrose,NA,NA,masked
neighborhoods_179,221404,masked,masked,masked,institutional,2016,la crescenta-montrose,NA,NA,masked
neighborhoods_179,1655844,7333927.0000,11504.5,4.4346,multi_family,2016,la crescenta-montrose,NA,NA,NA
neighborhoods_179,1528,masked,masked,masked,other,2016,la crescenta-montrose,NA,NA,masked
neighborhoods_179,13817,masked,masked,masked,residential_other,2016,la crescenta-montrose,NA,NA,masked
neighborhoods_179,0,masked,masked,masked,residential_uncat,2016,la crescenta-montrose,NA,NA,masked
neighborhoods_179,9979835,48968407.5000,7573,4.4691,res_total,2016,la crescenta-montrose,NA,19465,2515.7158
neighborhoods_179,8241161,38114539.5000,7381,4.4578,single_family,2016,la crescenta-montrose,NA,NA,NA
neighborhoods_179,0,masked,masked,masked,uncat,2016,la crescenta-montrose,NA,NA,masked
neighborhoods_180,NA,NA,NA,NA,agriculture,2016,ladera heights,NA,NA,NA
neighborhoods_180,1542437,13934100.0000,162640.5,6.8083,commercial,2016,ladera heights,NA,NA,NA
neighborhoods_180,52922,1516647.0000,16197,11.5907,condo,2016,ladera heights,NA,NA,NA
neighborhoods_180,0,masked,masked,masked,industrial,2016,ladera heights,NA,NA,masked
neighborhoods_180,153773,masked,masked,masked,institutional,2016,ladera heights,NA,NA,masked
neighborhoods_180,904781,3138279.5000,11888,3.3843,multi_family,2016,ladera heights,NA,NA,NA
neighborhoods_180,6737,masked,masked,masked,other,2016,ladera heights,NA,NA,masked
neighborhoods_180,5233,masked,masked,masked,residential_other,2016,ladera heights,NA,NA,masked
neighborhoods_180,0,masked,masked,masked,residential_uncat,2016,ladera heights,NA,NA,masked
neighborhoods_180,5835238,21221676.3000,8647.5,3.2060,res_total,2016,ladera heights,NA,9484,2237.6293
neighborhoods_180,4872302,16323285.8000,8271,3.1548,single_family,2016,ladera heights,NA,NA,NA
neighborhoods_180,0,masked,masked,masked,uncat,2016,ladera heights,NA,NA,masked
neighborhoods_181,NA,NA,NA,NA,agriculture,2016,la habra heights,NA,NA,NA
neighborhoods_181,4099,masked,masked,masked,commercial,2016,la habra heights,NA,NA,masked
neighborhoods_181,NA,NA,NA,NA,condo,2016,la habra heights,NA,NA,NA
neighborhoods_181,9756,masked,masked,masked,industrial,2016,la habra heights,NA,NA,masked
neighborhoods_181,59282,masked,masked,masked,institutional,2016,la habra heights,NA,NA,masked
neighborhoods_181,58603,masked,masked,masked,multi_family,2016,la habra heights,NA,NA,masked
neighborhoods_181,6379,masked,masked,masked,other,2016,la habra heights,NA,NA,masked
neighborhoods_181,49122,masked,masked,masked,residential_other,2016,la habra heights,NA,NA,masked
neighborhoods_181,0,1194896.0000,NA,NA,residential_uncat,2016,la habra heights,NA,NA,NA
neighborhoods_181,5428905,22729823.8000,9598,3.7354,res_total,2016,la habra heights,NA,7103,3200.0315
neighborhoods_181,5321180,21087900.8000,9598,3.7405,single_family,2016,la habra heights,NA,NA,NA
neighborhoods_181,0,masked,masked,masked,uncat,2016,la habra heights,NA,NA,masked
neighborhoods_182,NA,NA,NA,NA,agriculture,2016,lake balboa,NA,NA,NA
neighborhoods_182,1499988,22326887.2000,79964.6,12.6918,commercial,2016,lake balboa,NA,NA,NA
neighborhoods_182,36220,3799979.0000,128240.5,96.1513,condo,2016,lake balboa,NA,NA,NA
neighborhoods_182,457514,4432661.6000,71908.8,5.4700,industrial,2016,lake balboa,NA,NA,NA
neighborhoods_182,147728,masked,masked,masked,institutional,2016,lake balboa,NA,NA,masked
neighborhoods_182,1492598,8556668.1000,21333.2,5.1342,multi_family,2016,lake balboa,NA,NA,NA
neighborhoods_182,12921,246961.0000,9036.3,6.9510,other,2016,lake balboa,NA,NA,NA
neighborhoods_182,85619,masked,masked,masked,residential_other,2016,lake balboa,NA,NA,masked
neighborhoods_182,0,masked,masked,masked,residential_uncat,2016,lake balboa,NA,NA,masked
neighborhoods_182,11083262,65604953.5000,7198.6,5.1778,res_total,2016,lake balboa,NA,27147,2416.6557
neighborhoods_182,9468825,52388459.7000,7116.2,5.1687,single_family,2016,lake balboa,NA,NA,NA
neighborhoods_182,NA,NA,NA,NA,uncat,2016,lake balboa,NA,NA,NA
neighborhoods_183,4072,masked,masked,masked,agriculture,2016,lake hughes,NA,NA,masked
neighborhoods_183,41365,masked,masked,masked,commercial,2016,lake hughes,NA,NA,masked
neighborhoods_183,NA,NA,NA,NA,condo,2016,lake hughes,NA,NA,NA
neighborhoods_183,0,masked,masked,masked,industrial,2016,lake hughes,NA,NA,masked
neighborhoods_183,71834,masked,masked,masked,institutional,2016,lake hughes,NA,NA,masked
neighborhoods_183,17799,masked,masked,masked,multi_family,2016,lake hughes,NA,NA,masked
neighborhoods_183,13086,masked,masked,masked,other,2016,lake hughes,NA,NA,masked
neighborhoods_183,13604,masked,masked,masked,residential_other,2016,lake hughes,NA,NA,masked
neighborhoods_183,0,masked,masked,masked,residential_uncat,2016,lake hughes,NA,NA,masked
neighborhoods_183,263581,1980790.0000,6320.5,5.7653,res_total,2016,lake hughes,NA,571,3468.9842
neighborhoods_183,232178,1648569.0000,6320.5,5.9843,single_family,2016,lake hughes,NA,NA,NA
neighborhoods_183,0,masked,masked,masked,uncat,2016,lake hughes,NA,NA,masked
neighborhoods_184,NA,NA,NA,NA,agriculture,2016,lake los angeles,NA,NA,NA
neighborhoods_184,84406,masked,masked,masked,commercial,2016,lake los angeles,NA,NA,masked
neighborhoods_184,1829,masked,masked,masked,condo,2016,lake los angeles,NA,NA,masked
neighborhoods_184,0,masked,masked,masked,industrial,2016,lake los angeles,NA,NA,masked
neighborhoods_184,19354,masked,masked,masked,institutional,2016,lake los angeles,NA,NA,masked
neighborhoods_184,NA,NA,NA,NA,multi_family,2016,lake los angeles,NA,NA,NA
neighborhoods_184,1120,masked,masked,masked,other,2016,lake los angeles,NA,NA,masked
neighborhoods_184,65155,masked,masked,masked,residential_other,2016,lake los angeles,NA,NA,masked
neighborhoods_184,0,1268788.0000,NA,NA,residential_uncat,2016,lake los angeles,NA,NA,NA
neighborhoods_184,4612356,26313447.0000,6594,4.9383,res_total,2016,lake los angeles,NA,11141,2361.8568
neighborhoods_184,4545372,24214258.0000,6579,4.9427,single_family,2016,lake los angeles,NA,NA,NA
neighborhoods_184,0,masked,masked,masked,uncat,2016,lake los angeles,NA,NA,masked
neighborhoods_185,NA,NA,NA,NA,agriculture,2016,lake view terrace,NA,NA,NA
neighborhoods_185,75480,1883828.1000,34174.05,6.7367,commercial,2016,lake view terrace,NA,NA,NA
neighborhoods_185,10175,1752845.8000,209302.3,154.1439,condo,2016,lake view terrace,NA,NA,NA
neighborhoods_185,207765,masked,masked,masked,industrial,2016,lake view terrace,NA,NA,masked
neighborhoods_185,496397,masked,masked,masked,institutional,2016,lake view terrace,NA,NA,masked
neighborhoods_185,277988,1666907.1000,17028,5.0638,multi_family,2016,lake view terrace,NA,NA,NA
neighborhoods_185,7913,masked,masked,masked,other,2016,lake view terrace,NA,NA,masked
neighborhoods_185,55658,masked,masked,masked,residential_other,2016,lake view terrace,NA,NA,masked
neighborhoods_185,0,masked,masked,masked,residential_uncat,2016,lake view terrace,NA,NA,masked
neighborhoods_185,4026985,24276312.1000,7313.1,4.8124,res_total,2016,lake view terrace,NA,13387,1813.4244
neighborhoods_185,3683164,19133694.6000,7243.8,4.8056,single_family,2016,lake view terrace,NA,NA,NA
neighborhoods_185,0,masked,masked,masked,uncat,2016,lake view terrace,NA,NA,masked
neighborhoods_186,NA,NA,NA,NA,agriculture,2016,lakewood,NA,NA,NA
neighborhoods_186,6258964,100413808.0000,178012,17.0359,commercial,2016,lakewood,NA,NA,NA
neighborhoods_186,665918,5819014.0000,6686,3.0682,condo,2016,lakewood,NA,NA,NA
neighborhoods_186,815949,masked,masked,masked,industrial,2016,lakewood,NA,NA,masked
neighborhoods_186,743309,masked,masked,masked,institutional,2016,lakewood,NA,NA,masked
neighborhoods_186,3187793,13415262.5000,12751,4.1702,multi_family,2016,lakewood,NA,NA,NA
neighborhoods_186,8048,19364061.0000,93454.5,64.9763,other,2016,lakewood,NA,NA,NA
neighborhoods_186,64433,masked,masked,masked,residential_other,2016,lakewood,NA,NA,masked
neighborhoods_186,0,masked,masked,masked,residential_uncat,2016,lakewood,NA,NA,masked
neighborhoods_186,34439259,161664711.5000,5975,4.3447,res_total,2016,lakewood,NA,81628,1980.5056
neighborhoods_186,30521115,139825002.0000,5910,4.3643,single_family,2016,lakewood,NA,NA,NA
neighborhoods_186,0,masked,masked,masked,uncat,2016,lakewood,NA,NA,masked
neighborhoods_187,NA,NA,NA,NA,agriculture,2016,la mirada,NA,NA,NA
neighborhoods_187,4427737,57479371.0000,127521,10.4582,commercial,2016,la mirada,NA,NA,NA
neighborhoods_187,3825501,18021752.5000,6417,3.0227,condo,2016,la mirada,NA,NA,NA
neighborhoods_187,14305178,77055167.0000,158913,3.0848,industrial,2016,la mirada,NA,NA,NA
neighborhoods_187,652628,masked,masked,masked,institutional,2016,la mirada,NA,NA,masked
neighborhoods_187,1028943,4785061.5000,32142,4.9202,multi_family,2016,la mirada,NA,NA,NA
neighborhoods_187,651368,masked,masked,masked,other,2016,la mirada,NA,NA,masked
neighborhoods_187,177578,2626912.0000,5668,1.5607,residential_other,2016,la mirada,NA,NA,NA
neighborhoods_187,0,1354453.0000,NA,NA,residential_uncat,2016,la mirada,NA,NA,NA
neighborhoods_187,20946258,102968055.0000,6845,4.3746,res_total,2016,la mirada,NA,49183,2093.5700
neighborhoods_187,15914236,76179876.0000,6896.5,4.6043,single_family,2016,la mirada,NA,NA,NA
neighborhoods_187,0,masked,masked,masked,uncat,2016,la mirada,NA,NA,masked
neighborhoods_188,55306,masked,masked,masked,agriculture,2016,lancaster,NA,NA,masked
neighborhoods_188,13217925,191055676.0000,40458,7.4009,commercial,2016,lancaster,NA,NA,NA
neighborhoods_188,580981,17926235.0000,6604,5.4630,condo,2016,lancaster,NA,NA,NA
neighborhoods_188,7673658,masked,masked,masked,industrial,2016,lancaster,NA,NA,masked
neighborhoods_188,1805878,masked,masked,masked,institutional,2016,lancaster,NA,NA,masked
neighborhoods_188,8799455,31025203.0000,10008.5,4.1180,multi_family,2016,lancaster,NA,NA,NA
neighborhoods_188,204892,masked,masked,masked,other,2016,lancaster,NA,NA,masked
neighborhoods_188,997012,28909887.0000,9151.5,5.6435,residential_other,2016,lancaster,NA,NA,NA
neighborhoods_188,0,41790415.0000,NA,NA,residential_uncat,2016,lancaster,NA,NA,NA
neighborhoods_188,74354164,404700542.1000,7632,4.3333,res_total,2016,lancaster,NA,157107,2575.9549
neighborhoods_188,63976716,285048802.1000,7620.5,4.3218,single_family,2016,lancaster,NA,NA,NA
neighborhoods_188,0,masked,masked,masked,uncat,2016,lancaster,NA,NA,masked
neighborhoods_189,NA,NA,NA,NA,agriculture,2016,la puente,NA,NA,NA
neighborhoods_189,3418748,39367142.0000,32794,6.2133,commercial,2016,la puente,NA,NA,NA
neighborhoods_189,651543,3940416.0000,5061,3.5688,condo,2016,la puente,NA,NA,NA
neighborhoods_189,285298,masked,masked,masked,industrial,2016,la puente,NA,NA,masked
neighborhoods_189,168904,masked,masked,masked,institutional,2016,la puente,NA,NA,masked
neighborhoods_189,2166269,8732639.0000,15317,4.4389,multi_family,2016,la puente,NA,NA,NA
neighborhoods_189,4127,masked,masked,masked,other,2016,la puente,NA,NA,masked
neighborhoods_189,304463,masked,masked,masked,residential_other,2016,la puente,NA,NA,masked
neighborhoods_189,0,masked,masked,masked,residential_uncat,2016,la puente,NA,NA,masked
neighborhoods_189,10916486,56673471.0000,6282,4.8913,res_total,2016,la puente,NA,40584,1396.4486
neighborhoods_189,7794211,41118267.0000,6288,5.0060,single_family,2016,la puente,NA,NA,NA
neighborhoods_189,0,masked,masked,masked,uncat,2016,la puente,NA,NA,masked
neighborhoods_190,NA,NA,NA,NA,agriculture,2016,larchmont,NA,NA,NA
neighborhoods_190,821182,masked,masked,masked,commercial,2016,larchmont,NA,NA,masked
neighborhoods_190,35707,1996564.4000,60023.6,33.2836,condo,2016,larchmont,NA,NA,NA
neighborhoods_190,8346,masked,masked,masked,industrial,2016,larchmont,NA,NA,masked
neighborhoods_190,37090,masked,masked,masked,institutional,2016,larchmont,NA,NA,masked
neighborhoods_190,2036081,8029459.8000,12747.65,3.5580,multi_family,2016,larchmont,NA,NA,NA
neighborhoods_190,18062,masked,masked,masked,other,2016,larchmont,NA,NA,masked
neighborhoods_190,967,masked,masked,masked,residential_other,2016,larchmont,NA,NA,masked
neighborhoods_190,0,masked,masked,masked,residential_uncat,2016,larchmont,NA,NA,masked
neighborhoods_190,3452741,16631574.3000,7757.5,3.8512,res_total,2016,larchmont,NA,8071,2060.6584
neighborhoods_190,1379986,6043249.3000,6470.7,4.0072,single_family,2016,larchmont,NA,NA,NA
neighborhoods_190,NA,NA,NA,NA,uncat,2016,larchmont,NA,NA,NA
neighborhoods_191,2730,masked,masked,masked,agriculture,2016,la verne,NA,NA,masked
neighborhoods_191,3048888,32199323.0000,52847,8.3661,commercial,2016,la verne,NA,NA,NA
neighborhoods_191,1612215,8767059.0000,6757,4.4222,condo,2016,la verne,NA,NA,NA
neighborhoods_191,2554553,masked,masked,masked,industrial,2016,la verne,NA,NA,masked
neighborhoods_191,637539,masked,masked,masked,institutional,2016,la verne,NA,NA,masked
neighborhoods_191,1497672,6210431.0000,7532,3.0624,multi_family,2016,la verne,NA,NA,NA
neighborhoods_191,37268,masked,masked,masked,other,2016,la verne,NA,NA,masked
neighborhoods_191,488894,13353456.0000,6866.5,4.2991,residential_other,2016,la verne,NA,NA,NA
neighborhoods_191,0,3835641.0000,NA,NA,residential_uncat,2016,la verne,NA,NA,NA
neighborhoods_191,17044006,92284040.0000,7787,4.2671,res_total,2016,la verne,NA,31772,2904.5713
neighborhoods_191,13445225,60117453.0000,7960.5,4.2916,single_family,2016,la verne,NA,NA,NA
neighborhoods_191,0,masked,masked,masked,uncat,2016,la verne,NA,NA,masked
neighborhoods_192,NA,NA,NA,NA,agriculture,2016,lawndale,NA,NA,NA
neighborhoods_192,2152429,28464300.0000,18007.5,5.6598,commercial,2016,lawndale,NA,NA,NA
neighborhoods_192,143658,3701558.0000,19593,11.2324,condo,2016,lawndale,NA,NA,NA
neighborhoods_192,353438,2568339.0000,9603,3.1749,industrial,2016,lawndale,NA,NA,NA
neighborhoods_192,107480,masked,masked,masked,institutional,2016,lawndale,NA,NA,masked
neighborhoods_192,6055875,19555904.0000,4628.5,2.2400,multi_family,2016,lawndale,NA,NA,NA
neighborhoods_192,3244,masked,masked,masked,other,2016,lawndale,NA,NA,masked
neighborhoods_192,28672,masked,masked,masked,residential_other,2016,lawndale,NA,NA,masked
neighborhoods_192,0,masked,masked,masked,residential_uncat,2016,lawndale,NA,NA,masked
neighborhoods_192,8796226,42661793.0000,4707,3.0116,res_total,2016,lawndale,NA,32952,1294.6648
neighborhoods_192,2568021,10380591.0000,4632,3.8729,single_family,2016,lawndale,NA,NA,NA
neighborhoods_192,0,masked,masked,masked,uncat,2016,lawndale,NA,NA,masked
neighborhoods_193,NA,NA,NA,NA,agriculture,2016,leimert park,NA,NA,NA
neighborhoods_193,899388,masked,masked,masked,commercial,2016,leimert park,NA,NA,masked
neighborhoods_193,NA,NA,NA,NA,condo,2016,leimert park,NA,NA,NA
neighborhoods_193,205762,masked,masked,masked,industrial,2016,leimert park,NA,NA,masked
neighborhoods_193,92064,masked,masked,masked,institutional,2016,leimert park,NA,NA,masked
neighborhoods_193,2504165,8180397.7000,10280.4,3.1711,multi_family,2016,leimert park,NA,NA,NA
neighborhoods_193,2250,masked,masked,masked,other,2016,leimert park,NA,NA,masked
neighborhoods_193,138301,masked,masked,masked,residential_other,2016,leimert park,NA,NA,masked
neighborhoods_193,0,masked,masked,masked,residential_uncat,2016,leimert park,NA,NA,masked
neighborhoods_193,6705633,24206459.1000,5640,3.2451,res_total,2016,leimert park,NA,12700,1906.0204
neighborhoods_193,4063167,14100262.3000,5005.8,3.2745,single_family,2016,leimert park,NA,NA,NA
neighborhoods_193,NA,NA,NA,NA,uncat,2016,leimert park,NA,NA,NA
neighborhoods_194,NA,NA,NA,NA,agriculture,2016,lennox,NA,NA,NA
neighborhoods_194,878587,9338401.0000,27580,10.3403,commercial,2016,lennox,NA,NA,NA
neighborhoods_194,14506,masked,masked,masked,condo,2016,lennox,NA,NA,masked
neighborhoods_194,210608,masked,masked,masked,industrial,2016,lennox,NA,NA,masked
neighborhoods_194,95869,masked,masked,masked,institutional,2016,lennox,NA,NA,masked
neighborhoods_194,2764773,12008575.0000,8580.5,4.1331,multi_family,2016,lennox,NA,NA,NA
neighborhoods_194,9667,masked,masked,masked,other,2016,lennox,NA,NA,masked
neighborhoods_194,14209,masked,masked,masked,residential_other,2016,lennox,NA,NA,masked
neighborhoods_194,0,963526.0000,NA,NA,residential_uncat,2016,lennox,NA,NA,NA
neighborhoods_194,4058047,19551655.0000,6291,4.4301,res_total,2016,lennox,NA,22950,851.9240
neighborhoods_194,1264559,6247509.0000,5104,4.7113,single_family,2016,lennox,NA,NA,NA
neighborhoods_194,0,masked,masked,masked,uncat,2016,lennox,NA,NA,masked
neighborhoods_195,37186,masked,masked,masked,agriculture,2016,leona valley,NA,NA,masked
neighborhoods_195,32899,masked,masked,masked,commercial,2016,leona valley,NA,NA,masked
neighborhoods_195,NA,NA,NA,NA,condo,2016,leona valley,NA,NA,NA
neighborhoods_195,0,masked,masked,masked,industrial,2016,leona valley,NA,NA,masked
neighborhoods_195,31936,masked,masked,masked,institutional,2016,leona valley,NA,NA,masked
neighborhoods_195,41140,masked,masked,masked,multi_family,2016,leona valley,NA,NA,masked
neighborhoods_195,19397,191879.0000,9021.5,9.9612,other,2016,leona valley,NA,NA,NA
neighborhoods_195,35645,masked,masked,masked,residential_other,2016,leona valley,NA,NA,masked
neighborhoods_195,0,masked,masked,masked,residential_uncat,2016,leona valley,NA,NA,masked
neighborhoods_195,1023721,5858841.0000,9653,4.8457,res_total,2016,leona valley,NA,2415,2426.0211
neighborhoods_195,946936,5186786.0000,9685,4.8769,single_family,2016,leona valley,NA,NA,NA
neighborhoods_195,0,masked,masked,masked,uncat,2016,leona valley,NA,NA,masked
neighborhoods_196,NA,NA,NA,NA,agriculture,2016,lincoln heights,NA,NA,NA
neighborhoods_196,1690616,26871060.4000,33003.25,7.9747,commercial,2016,lincoln heights,NA,NA,NA
neighborhoods_196,4343,1108211.5000,126831.4,78.4848,condo,2016,lincoln heights,NA,NA,NA
neighborhoods_196,5802561,37534636.2000,43927.55,4.8052,industrial,2016,lincoln heights,NA,NA,NA
neighborhoods_196,740806,masked,masked,masked,institutional,2016,lincoln heights,NA,NA,masked
neighborhoods_196,4935819,21395093.4000,9008.3,3.5512,multi_family,2016,lincoln heights,NA,NA,NA
neighborhoods_196,15777,masked,masked,masked,other,2016,lincoln heights,NA,NA,masked
neighborhoods_196,37709,1205832.6000,7371.8,4.4494,residential_other,2016,lincoln heights,NA,NA,NA
neighborhoods_196,0,1272648.8000,NA,NA,residential_uncat,2016,lincoln heights,NA,NA,NA
neighborhoods_196,6429056,31052990.0000,6284.1,3.6523,res_total,2016,lincoln heights,NA,28165,1102.5383
neighborhoods_196,1451185,6071203.7000,4401.2,3.8461,single_family,2016,lincoln heights,NA,NA,NA
neighborhoods_196,0,masked,masked,masked,uncat,2016,lincoln heights,NA,NA,masked
neighborhoods_197,68696,masked,masked,masked,agriculture,2016,littlerock,NA,NA,masked
neighborhoods_197,106592,masked,masked,masked,commercial,2016,littlerock,NA,NA,masked
neighborhoods_197,NA,NA,NA,NA,condo,2016,littlerock,NA,NA,NA
neighborhoods_197,12000,masked,masked,masked,industrial,2016,littlerock,NA,NA,masked
neighborhoods_197,26205,masked,masked,masked,institutional,2016,littlerock,NA,NA,masked
neighborhoods_197,48269,masked,masked,masked,multi_family,2016,littlerock,NA,NA,masked
neighborhoods_197,4118,masked,masked,masked,other,2016,littlerock,NA,NA,masked
neighborhoods_197,14178,masked,masked,masked,residential_other,2016,littlerock,NA,NA,masked
neighborhoods_197,0,masked,masked,masked,residential_uncat,2016,littlerock,NA,NA,masked
neighborhoods_197,509762,3130597.0000,6373,4.7373,res_total,2016,littlerock,NA,1629,1921.7907
neighborhoods_197,447315,2327262.0000,6347,4.8268,single_family,2016,littlerock,NA,NA,NA
neighborhoods_197,0,masked,masked,masked,uncat,2016,littlerock,NA,NA,masked
neighborhoods_198,NA,NA,NA,NA,agriculture,2016,lomita,NA,NA,NA
neighborhoods_198,1526954,17306455.3000,20771,6.0652,commercial,2016,lomita,NA,NA,NA
neighborhoods_198,87275,3576309.5000,26614,20.0115,condo,2016,lomita,NA,NA,NA
neighborhoods_198,86342,masked,masked,masked,industrial,2016,lomita,NA,NA,masked
neighborhoods_198,367430,masked,masked,masked,institutional,2016,lomita,NA,NA,masked
neighborhoods_198,3034988,10689714.0000,5344,2.2983,multi_family,2016,lomita,NA,NA,NA
neighborhoods_198,0,121459.0000,53802,NA,other,2016,lomita,NA,NA,NA
neighborhoods_198,96735,masked,masked,masked,residential_other,2016,lomita,NA,NA,masked
neighborhoods_198,0,masked,masked,masked,residential_uncat,2016,lomita,NA,NA,masked
neighborhoods_198,7999723,38659908.3000,5536,3.3357,res_total,2016,lomita,NA,20191,1914.7099
neighborhoods_198,4780725,17507761.8000,5477,3.4954,single_family,2016,lomita,NA,NA,NA
neighborhoods_198,0,masked,masked,masked,uncat,2016,lomita,NA,NA,masked
neighborhoods_199,11224,masked,masked,masked,agriculture,2016,long beach,NA,NA,masked
neighborhoods_199,48409718,677079318.3000,35526,8.0493,commercial,2016,long beach,NA,NA,NA
neighborhoods_199,2022961,92462028.7000,18708.5,14.3975,condo,2016,long beach,NA,NA,NA
neighborhoods_199,15740651,306104260.7000,27990,4.3312,industrial,2016,long beach,NA,NA,NA
neighborhoods_199,6796795,masked,masked,masked,institutional,2016,long beach,NA,NA,masked
neighborhoods_199,68715804,323148967.7000,11169.5,4.2343,multi_family,2016,long beach,NA,NA,NA
neighborhoods_199,2864487,masked,masked,masked,other,2016,long beach,NA,NA,masked
neighborhoods_199,1511640,22622927.0000,23246,7.6069,residential_other,2016,long beach,NA,NA,NA
neighborhoods_199,0,15864099.0000,NA,NA,residential_uncat,2016,long beach,NA,NA,NA
neighborhoods_199,161112716,842001130.5000,6617,4.2159,res_total,2016,long beach,NA,466428,1805.2114
neighborhoods_199,88862311,387903108.1000,5886,4.1842,single_family,2016,long beach,NA,NA,NA
neighborhoods_199,0,masked,masked,masked,uncat,2016,long beach,NA,NA,masked
neighborhoods_200,NA,NA,NA,NA,agriculture,2016,lopez/kagel canyons,NA,NA,NA
neighborhoods_200,436858,masked,masked,masked,commercial,2016,lopez/kagel canyons,NA,NA,masked
neighborhoods_200,NA,NA,NA,NA,condo,2016,lopez/kagel canyons,NA,NA,NA
neighborhoods_200,168340,masked,masked,masked,industrial,2016,lopez/kagel canyons,NA,NA,masked
neighborhoods_200,17951,masked,masked,masked,institutional,2016,lopez/kagel canyons,NA,NA,masked
neighborhoods_200,16390,masked,masked,masked,multi_family,2016,lopez/kagel canyons,NA,NA,masked
neighborhoods_200,9088,masked,masked,masked,other,2016,lopez/kagel canyons,NA,NA,masked
neighborhoods_200,124916,masked,masked,masked,residential_other,2016,lopez/kagel canyons,NA,NA,masked
neighborhoods_200,0,masked,masked,masked,residential_uncat,2016,lopez/kagel canyons,NA,NA,masked
neighborhoods_200,409595,4176675.0000,5759.5,5.0048,res_total,2016,lopez/kagel canyons,NA,638,6546.5125
neighborhoods_200,268289,1540591.0000,5689,5.0449,single_family,2016,lopez/kagel canyons,NA,NA,NA
neighborhoods_200,0,masked,masked,masked,uncat,2016,lopez/kagel canyons,NA,NA,masked
neighborhoods_201,NA,NA,NA,NA,agriculture,2016,los feliz,NA,NA,NA
neighborhoods_201,1578657,31651213.1000,62905.7,11.9208,commercial,2016,los feliz,NA,NA,NA
neighborhoods_201,42394,3824527.7000,38376.3,35.6473,condo,2016,los feliz,NA,NA,NA
neighborhoods_201,11459,masked,masked,masked,industrial,2016,los feliz,NA,NA,masked
neighborhoods_201,304677,masked,masked,masked,institutional,2016,los feliz,NA,NA,masked
neighborhoods_201,11381336,46390859.4000,13905.55,3.5520,multi_family,2016,los feliz,NA,NA,NA
neighborhoods_201,128047,masked,masked,masked,other,2016,los feliz,NA,NA,masked
neighborhoods_201,26564,masked,masked,masked,residential_other,2016,los feliz,NA,NA,masked
neighborhoods_201,0,masked,masked,masked,residential_uncat,2016,los feliz,NA,NA,masked
neighborhoods_201,20280432,90537198.5000,9509.5,3.7577,res_total,2016,los feliz,NA,33326,2716.7136
neighborhoods_201,8830138,37819096.0000,8076.3,3.8954,single_family,2016,los feliz,NA,NA,NA
neighborhoods_201,0,masked,masked,masked,uncat,2016,los feliz,NA,NA,masked
neighborhoods_202,NA,NA,NA,NA,agriculture,2016,lynwood,NA,NA,NA
neighborhoods_202,2890929,53231850.0000,17660,6.0261,commercial,2016,lynwood,NA,NA,NA
neighborhoods_202,123098,596476.0000,5619,3.2139,condo,2016,lynwood,NA,NA,NA
neighborhoods_202,3808171,32194942.0000,28420,3.4780,industrial,2016,lynwood,NA,NA,NA
neighborhoods_202,1324235,masked,masked,masked,institutional,2016,lynwood,NA,NA,masked
neighborhoods_202,5818388,21576114.5000,8076,3.5730,multi_family,2016,lynwood,NA,NA,NA
neighborhoods_202,6002,masked,masked,masked,other,2016,lynwood,NA,NA,masked
neighborhoods_202,27886,masked,masked,masked,residential_other,2016,lynwood,NA,NA,masked
neighborhoods_202,0,masked,masked,masked,residential_uncat,2016,lynwood,NA,NA,masked
neighborhoods_202,14811783,69379986.5000,5631,4.1438,res_total,2016,lynwood,NA,70008,991.0294
neighborhoods_202,8842411,40386698.0000,5338,4.3215,single_family,2016,lynwood,NA,NA,NA
neighborhoods_202,0,masked,masked,masked,uncat,2016,lynwood,NA,NA,masked
neighborhoods_203,NA,NA,NA,NA,agriculture,2016,malibu,NA,NA,NA
neighborhoods_203,1209472,25212590.0000,55208.5,11.1640,commercial,2016,malibu,NA,NA,NA
neighborhoods_203,204523,7316871.0000,31224,19.8432,condo,2016,malibu,NA,NA,NA
neighborhoods_203,3330,masked,masked,masked,industrial,2016,malibu,NA,NA,masked
neighborhoods_203,185641,masked,masked,masked,institutional,2016,malibu,NA,NA,masked
neighborhoods_203,698189,3364507.5000,10493.5,3.5827,multi_family,2016,malibu,NA,NA,NA
neighborhoods_203,12798,masked,masked,masked,other,2016,malibu,NA,NA,masked
neighborhoods_203,152333,6546664.0000,10032,7.6600,residential_other,2016,malibu,NA,NA,NA
neighborhoods_203,0,3734888.0000,NA,NA,residential_uncat,2016,malibu,NA,NA,NA
neighborhoods_203,13017811,87825918.1667,12121.5,4.3375,res_total,2016,malibu,NA,12514,7018.2131
neighborhoods_203,11962766,66862987.6667,12063.5,4.2765,single_family,2016,malibu,NA,NA,NA
neighborhoods_203,0,436543.0000,NA,NA,uncat,2016,malibu,NA,NA,NA
neighborhoods_204,NA,NA,NA,NA,agriculture,2016,manchester square,NA,NA,NA
neighborhoods_204,513501,5734666.4000,9433.8,4.3622,commercial,2016,manchester square,NA,NA,NA
neighborhoods_204,NA,NA,NA,NA,condo,2016,manchester square,NA,NA,NA
neighborhoods_204,7395,masked,masked,masked,industrial,2016,manchester square,NA,NA,masked
neighborhoods_204,144245,masked,masked,masked,institutional,2016,manchester square,NA,NA,masked
neighborhoods_204,1523363,6076634.4000,8808.55,3.8623,multi_family,2016,manchester square,NA,NA,NA
neighborhoods_204,NA,NA,NA,NA,other,2016,manchester square,NA,NA,NA
neighborhoods_204,7334,masked,masked,masked,residential_other,2016,manchester square,NA,NA,masked
neighborhoods_204,0,masked,masked,masked,residential_uncat,2016,manchester square,NA,NA,masked
neighborhoods_204,4801748,19633746.8000,5555.65,3.7330,res_total,2016,manchester square,NA,11791,1665.1469
neighborhoods_204,3271051,12875021.9000,5098.5,3.6824,single_family,2016,manchester square,NA,NA,NA
neighborhoods_204,NA,NA,NA,NA,uncat,2016,manchester square,NA,NA,NA
neighborhoods_205,NA,NA,NA,NA,agriculture,2016,manhattan beach,NA,NA,NA
neighborhoods_205,5694850,91469299.0000,48363,11.0435,commercial,2016,manhattan beach,NA,NA,NA
neighborhoods_205,1837855,10146691.5000,8540,4.1254,condo,2016,manhattan beach,NA,NA,NA
neighborhoods_205,14358,masked,masked,masked,industrial,2016,manhattan beach,NA,NA,masked
neighborhoods_205,399871,masked,masked,masked,institutional,2016,manhattan beach,NA,NA,masked
neighborhoods_205,3659757,12415777.0000,7338,3.2696,multi_family,2016,manhattan beach,NA,NA,NA
neighborhoods_205,621427,masked,masked,masked,other,2016,manhattan beach,NA,NA,masked
neighborhoods_205,16532,masked,masked,masked,residential_other,2016,manhattan beach,NA,NA,masked
neighborhoods_205,0,masked,masked,masked,residential_uncat,2016,manhattan beach,NA,NA,masked
neighborhoods_205,27910452,100849273.1000,7016,3.2251,res_total,2016,manhattan beach,NA,35383,2850.2183
neighborhoods_205,22396308,77114200.6000,6856,3.1562,single_family,2016,manhattan beach,NA,NA,NA
neighborhoods_205,0,masked,masked,masked,uncat,2016,manhattan beach,NA,NA,masked
neighborhoods_206,NA,NA,NA,NA,agriculture,2016,marina del rey,NA,NA,NA
neighborhoods_206,6643,27576316.0000,41484,47.5189,commercial,2016,marina del rey,NA,NA,NA
neighborhoods_206,NA,NA,NA,NA,condo,2016,marina del rey,NA,NA,NA
neighborhoods_206,0,masked,masked,masked,industrial,2016,marina del rey,NA,NA,masked
neighborhoods_206,42143,33404278.0000,1261460,404.3035,institutional,2016,marina del rey,NA,NA,NA
neighborhoods_206,299631,7820236.0000,3910118,24.7434,multi_family,2016,marina del rey,NA,NA,NA
neighborhoods_206,0,masked,masked,masked,other,2016,marina del rey,NA,NA,masked
neighborhoods_206,NA,NA,NA,NA,residential_other,2016,marina del rey,NA,NA,NA
neighborhoods_206,0,9176658.0000,NA,NA,residential_uncat,2016,marina del rey,NA,NA,NA
neighborhoods_206,299631,16996894.0000,3910118,24.7434,res_total,2016,marina del rey,NA,9145,1858.5997
neighborhoods_206,NA,NA,NA,NA,single_family,2016,marina del rey,NA,NA,NA
neighborhoods_206,0,masked,masked,masked,uncat,2016,marina del rey,NA,NA,masked
neighborhoods_207,NA,NA,NA,NA,agriculture,2016,mar vista,NA,NA,NA
neighborhoods_207,790734,15515427.1000,30406.7,8.7337,commercial,2016,mar vista,NA,NA,NA
neighborhoods_207,73639,3603957.2000,48114.15,36.0868,condo,2016,mar vista,NA,NA,NA
neighborhoods_207,431378,masked,masked,masked,industrial,2016,mar vista,NA,NA,masked
neighborhoods_207,199302,masked,masked,masked,institutional,2016,mar vista,NA,NA,masked
neighborhoods_207,6346007,26523253.6000,18283.5,3.5975,multi_family,2016,mar vista,NA,NA,NA
neighborhoods_207,66019,masked,masked,masked,other,2016,mar vista,NA,NA,masked
neighborhoods_207,23856,masked,masked,masked,residential_other,2016,mar vista,NA,NA,masked
neighborhoods_207,0,masked,masked,masked,residential_uncat,2016,mar vista,NA,NA,masked
neighborhoods_207,17197715,74429847.3000,6184.1,3.5776,res_total,2016,mar vista,NA,36563,2035.6603
neighborhoods_207,10754213,41186511.7000,5678.3,3.5433,single_family,2016,mar vista,NA,NA,NA
neighborhoods_207,0,masked,masked,masked,uncat,2016,mar vista,NA,NA,masked
neighborhoods_208,NA,NA,NA,NA,agriculture,2016,mayflower village,NA,NA,NA
neighborhoods_208,85835,1241392.0000,21981,7.8372,commercial,2016,mayflower village,NA,NA,NA
neighborhoods_208,30351,612996.0000,31426,12.9167,condo,2016,mayflower village,NA,NA,NA
neighborhoods_208,6936,masked,masked,masked,industrial,2016,mayflower village,NA,NA,masked
neighborhoods_208,153192,masked,masked,masked,institutional,2016,mayflower village,NA,NA,masked
neighborhoods_208,227581,1157909.0000,9993,4.9714,multi_family,2016,mayflower village,NA,NA,NA
neighborhoods_208,2386,masked,masked,masked,other,2016,mayflower village,NA,NA,masked
neighborhoods_208,7099,masked,masked,masked,residential_other,2016,mayflower village,NA,NA,masked
neighborhoods_208,0,masked,masked,masked,residential_uncat,2016,mayflower village,NA,NA,masked
neighborhoods_208,3871838,22399248.5000,6320.5,4.9999,res_total,2016,mayflower village,NA,10762,2081.3277
neighborhoods_208,3606807,19209824.5000,6236,4.9857,single_family,2016,mayflower village,NA,NA,NA
neighborhoods_208,0,masked,masked,masked,uncat,2016,mayflower village,NA,NA,masked
neighborhoods_209,480,masked,masked,masked,agriculture,2016,maywood,NA,NA,masked
neighborhoods_209,849942,18299831.0000,25366,7.9115,commercial,2016,maywood,NA,NA,NA
neighborhoods_209,4391,masked,masked,masked,condo,2016,maywood,NA,NA,masked
neighborhoods_209,608847,masked,masked,masked,industrial,2016,maywood,NA,NA,masked
neighborhoods_209,169747,masked,masked,masked,institutional,2016,maywood,NA,NA,masked
neighborhoods_209,3305931,12919684.5000,8755.5,3.9764,multi_family,2016,maywood,NA,NA,NA
neighborhoods_209,0,masked,masked,masked,other,2016,maywood,NA,NA,masked
neighborhoods_209,33823,masked,masked,masked,residential_other,2016,maywood,NA,NA,masked
neighborhoods_209,0,3411618.5000,NA,NA,residential_uncat,2016,maywood,NA,NA,NA
neighborhoods_209,5081078,25356180.0000,6145,4.3955,res_total,2016,maywood,NA,26584,953.8136
neighborhoods_209,1736933,8553845.0000,5191.5,4.7514,single_family,2016,maywood,NA,NA,NA
neighborhoods_209,0,116218.0000,NA,NA,uncat,2016,maywood,NA,NA,NA
neighborhoods_210,NA,NA,NA,NA,agriculture,2016,mid-city,NA,NA,NA
neighborhoods_210,4013202,50183892.5000,16508.9,6.0072,commercial,2016,mid-city,NA,NA,NA
neighborhoods_210,14297,718228.8000,44831.25,44.2207,condo,2016,mid-city,NA,NA,NA
neighborhoods_210,747356,masked,masked,masked,industrial,2016,mid-city,NA,NA,masked
neighborhoods_210,1064730,masked,masked,masked,institutional,2016,mid-city,NA,NA,masked
neighborhoods_210,11415900,38332500.9000,9290.45,3.2703,multi_family,2016,mid-city,NA,NA,NA
neighborhoods_210,163261,masked,masked,masked,other,2016,mid-city,NA,NA,masked
neighborhoods_210,180660,masked,masked,masked,residential_other,2016,mid-city,NA,NA,masked
neighborhoods_210,0,masked,masked,masked,residential_uncat,2016,mid-city,NA,NA,masked
neighborhoods_210,19574650,75860255.0000,6318.65,3.4160,res_total,2016,mid-city,NA,52428,1446.9416
neighborhoods_210,7963793,30123201.0000,5224,3.5587,single_family,2016,mid-city,NA,NA,NA
neighborhoods_210,0,masked,masked,masked,uncat,2016,mid-city,NA,NA,masked
neighborhoods_211,NA,NA,NA,NA,agriculture,2016,mid-wilshire,NA,NA,NA
neighborhoods_211,6562608,103133864.9000,38686.5,9.1121,commercial,2016,mid-wilshire,NA,NA,NA
neighborhoods_211,49782,4560825.0000,94265.8,59.3744,condo,2016,mid-wilshire,NA,NA,NA
neighborhoods_211,89262,masked,masked,masked,industrial,2016,mid-wilshire,NA,NA,masked
neighborhoods_211,521228,masked,masked,masked,institutional,2016,mid-wilshire,NA,NA,masked
neighborhoods_211,20934850,76647912.5000,11115.2,2.9516,multi_family,2016,mid-wilshire,NA,NA,NA
neighborhoods_211,32137,masked,masked,masked,other,2016,mid-wilshire,NA,NA,masked
neighborhoods_211,152093,1232547.5000,44184.8,6.0722,residential_other,2016,mid-wilshire,NA,NA,NA
neighborhoods_211,0,4788672.0000,NA,NA,residential_uncat,2016,mid-wilshire,NA,NA,NA
neighborhoods_211,26408220,108127868.8000,8563.7,3.1770,res_total,2016,mid-wilshire,NA,43656,2476.8158
neighborhoods_211,5271495,20897911.8000,6572.1,3.5339,single_family,2016,mid-wilshire,NA,NA,NA
neighborhoods_211,NA,NA,NA,NA,uncat,2016,mid-wilshire,NA,NA,NA
neighborhoods_212,NA,NA,NA,NA,agriculture,2016,mission hills,NA,NA,NA
neighborhoods_212,2328815,30417527.5000,94671.3,11.8449,commercial,2016,mission hills,NA,NA,NA
neighborhoods_212,15307,1759870.8000,99280.45,68.6054,condo,2016,mission hills,NA,NA,NA
neighborhoods_212,198844,masked,masked,masked,industrial,2016,mission hills,NA,NA,masked
neighborhoods_212,510801,masked,masked,masked,institutional,2016,mission hills,NA,NA,masked
neighborhoods_212,369641,2619648.0000,14741.8,5.6611,multi_family,2016,mission hills,NA,NA,NA
neighborhoods_212,2702,546225.8000,125520.2,70.5963,other,2016,mission hills,NA,NA,NA
neighborhoods_212,236872,masked,masked,masked,residential_other,2016,mission hills,NA,NA,masked
neighborhoods_212,0,masked,masked,masked,residential_uncat,2016,mission hills,NA,NA,masked
neighborhoods_212,6624574,42005769.3000,7271.95,4.9525,res_total,2016,mission hills,NA,18530,2266.9061
neighborhoods_212,6002754,31311213.7000,7207.5,4.9232,single_family,2016,mission hills,NA,NA,NA
neighborhoods_212,NA,NA,NA,NA,uncat,2016,mission hills,NA,NA,NA
neighborhoods_213,NA,NA,NA,NA,agriculture,2016,monrovia,NA,NA,NA
neighborhoods_213,3785445,77759606.5000,37442,8.7316,commercial,2016,monrovia,NA,NA,NA
neighborhoods_213,787545,11845387.5000,7545,4.7317,condo,2016,monrovia,NA,NA,NA
neighborhoods_213,3536092,57983089.0000,36118,4.5654,industrial,2016,monrovia,NA,NA,NA
neighborhoods_213,717671,13538231.5000,13594,9.0744,institutional,2016,monrovia,NA,NA,NA
neighborhoods_213,5473039,25693421.0000,9858,4.4611,multi_family,2016,monrovia,NA,NA,NA
neighborhoods_213,34600,masked,masked,masked,other,2016,monrovia,NA,NA,masked
neighborhoods_213,185114,2051662.0000,53022,9.1963,residential_other,2016,monrovia,NA,NA,NA
neighborhoods_213,0,5072504.0000,NA,NA,residential_uncat,2016,monrovia,NA,NA,NA
neighborhoods_213,15709295,90910031.5000,7684,4.7120,res_total,2016,monrovia,NA,38672,2350.7973
neighborhoods_213,9263597,46247057.0000,7293,4.8155,single_family,2016,monrovia,NA,NA,NA
neighborhoods_213,0,masked,masked,masked,uncat,2016,monrovia,NA,NA,masked
neighborhoods_214,6760,masked,masked,masked,agriculture,2016,montebello,NA,NA,masked
neighborhoods_214,6570398,91775226.7000,24545,6.9534,commercial,2016,montebello,NA,NA,NA
neighborhoods_214,720883,9235114.0000,6028.5,3.2223,condo,2016,montebello,NA,NA,NA
neighborhoods_214,11329977,87458073.0000,55592,2.8926,industrial,2016,montebello,NA,NA,NA
neighborhoods_214,838472,masked,masked,masked,institutional,2016,montebello,NA,NA,masked
neighborhoods_214,7866592,35348076.1000,9269,3.5416,multi_family,2016,montebello,NA,NA,NA
neighborhoods_214,1401086,masked,masked,masked,other,2016,montebello,NA,NA,masked
neighborhoods_214,345399,3278752.0000,31197,8.2469,residential_other,2016,montebello,NA,NA,NA
neighborhoods_214,0,8647266.0000,NA,NA,residential_uncat,2016,montebello,NA,NA,NA
neighborhoods_214,22195935,111798880.6000,6263,3.8164,res_total,2016,montebello,NA,63079,1772.3629
neighborhoods_214,13263061,55289672.5000,6033,3.8793,single_family,2016,montebello,NA,NA,NA
neighborhoods_214,0,masked,masked,masked,uncat,2016,montebello,NA,NA,masked
neighborhoods_215,NA,NA,NA,NA,agriculture,2016,montecito heights,NA,NA,NA
neighborhoods_215,166646,masked,masked,masked,commercial,2016,montecito heights,NA,NA,masked
neighborhoods_215,31182,9198277.6000,288339.3,294.6120,condo,2016,montecito heights,NA,NA,NA
neighborhoods_215,8397,masked,masked,masked,industrial,2016,montecito heights,NA,NA,masked
neighborhoods_215,226547,masked,masked,masked,institutional,2016,montecito heights,NA,NA,masked
neighborhoods_215,1425848,6017670.5000,7844.5,4.0013,multi_family,2016,montecito heights,NA,NA,NA
neighborhoods_215,17178,masked,masked,masked,other,2016,montecito heights,NA,NA,masked
neighborhoods_215,61573,masked,masked,masked,residential_other,2016,montecito heights,NA,NA,masked
neighborhoods_215,0,masked,masked,masked,residential_uncat,2016,montecito heights,NA,NA,masked
neighborhoods_215,4582214,29320681.4000,5438.8,4.0124,res_total,2016,montecito heights,NA,16928,1732.0818
neighborhoods_215,3063611,12723668.0000,4962.4,3.9888,single_family,2016,montecito heights,NA,NA,NA
neighborhoods_215,NA,NA,NA,NA,uncat,2016,montecito heights,NA,NA,NA
neighborhoods_216,NA,NA,NA,NA,agriculture,2016,monterey park,NA,NA,NA
neighborhoods_216,6504518,117029996.5000,34777,7.8684,commercial,2016,monterey park,NA,NA,NA
neighborhoods_216,882238,17405447.0000,15881,9.0275,condo,2016,monterey park,NA,NA,NA
neighborhoods_216,1963147,25936120.0000,45555.5,3.6536,industrial,2016,monterey park,NA,NA,NA
neighborhoods_216,657172,masked,masked,masked,institutional,2016,monterey park,NA,NA,masked
neighborhoods_216,6170308,23287842.5000,9402,3.3922,multi_family,2016,monterey park,NA,NA,NA
neighborhoods_216,22099,811163.5000,11946,6.3726,other,2016,monterey park,NA,NA,NA
neighborhoods_216,208804,masked,masked,masked,residential_other,2016,monterey park,NA,NA,masked
neighborhoods_216,0,masked,masked,masked,residential_uncat,2016,monterey park,NA,NA,masked
neighborhoods_216,23792336,106202926.1000,5631,3.4225,res_total,2016,monterey park,NA,61230,1734.4917
neighborhoods_216,16530986,59400361.1000,5285.5,3.3461,single_family,2016,monterey park,NA,NA,NA
neighborhoods_216,0,masked,masked,masked,uncat,2016,monterey park,NA,NA,masked
neighborhoods_217,NA,NA,NA,NA,agriculture,2016,mount washington,NA,NA,NA
neighborhoods_217,26616,masked,masked,masked,commercial,2016,mount washington,NA,NA,masked
neighborhoods_217,NA,NA,NA,NA,condo,2016,mount washington,NA,NA,NA
neighborhoods_217,17444,masked,masked,masked,industrial,2016,mount washington,NA,NA,masked
neighborhoods_217,123694,masked,masked,masked,institutional,2016,mount washington,NA,NA,masked
neighborhoods_217,953245,3895381.7000,7123.6,3.8418,multi_family,2016,mount washington,NA,NA,NA
neighborhoods_217,189793,masked,masked,masked,other,2016,mount washington,NA,NA,masked
neighborhoods_217,90774,masked,masked,masked,residential_other,2016,mount washington,NA,NA,masked
neighborhoods_217,0,masked,masked,masked,residential_uncat,2016,mount washington,NA,NA,masked
neighborhoods_217,6091706,27440284.4000,5726,3.9887,res_total,2016,mount washington,NA,12978,2114.3693
neighborhoods_217,5047687,21017142.0000,5579.9,4.0333,single_family,2016,mount washington,NA,NA,NA
neighborhoods_217,0,masked,masked,masked,uncat,2016,mount washington,NA,NA,masked
neighborhoods_218,81797,masked,masked,masked,agriculture,2016,northeast antelope valley,NA,NA,masked
neighborhoods_218,40783,masked,masked,masked,commercial,2016,northeast antelope valley,NA,NA,masked
neighborhoods_218,NA,NA,NA,NA,condo,2016,northeast antelope valley,NA,NA,NA
neighborhoods_218,53948,15910520.0000,21050.5,6.9524,industrial,2016,northeast antelope valley,NA,NA,NA
neighborhoods_218,45181,masked,masked,masked,institutional,2016,northeast antelope valley,NA,NA,masked
neighborhoods_218,118396,masked,masked,masked,multi_family,2016,northeast antelope valley,NA,NA,masked
neighborhoods_218,183508,2827689.0000,8746,5.7137,other,2016,northeast antelope valley,NA,NA,NA
neighborhoods_218,167548,2714271.0000,7929,4.8594,residential_other,2016,northeast antelope valley,NA,NA,NA
neighborhoods_218,0,masked,masked,masked,residential_uncat,2016,northeast antelope valley,NA,NA,masked
neighborhoods_218,1187259,12240869.0000,8190,6.0682,res_total,2016,northeast antelope valley,NA,16517,741.1073
neighborhoods_218,901315,7569275.0000,8190,6.5453,single_family,2016,northeast antelope valley,NA,NA,NA
neighborhoods_218,0,masked,masked,masked,uncat,2016,northeast antelope valley,NA,NA,masked
neighborhoods_219,NA,NA,NA,NA,agriculture,2016,north el monte,NA,NA,NA
neighborhoods_219,5689,masked,masked,masked,commercial,2016,north el monte,NA,NA,masked
neighborhoods_219,3606,masked,masked,masked,condo,2016,north el monte,NA,NA,masked
neighborhoods_219,0,masked,masked,masked,industrial,2016,north el monte,NA,NA,masked
neighborhoods_219,0,masked,masked,masked,institutional,2016,north el monte,NA,NA,masked
neighborhoods_219,131338,666596.0000,14644,4.8282,multi_family,2016,north el monte,NA,NA,NA
neighborhoods_219,NA,NA,NA,NA,other,2016,north el monte,NA,NA,NA
neighborhoods_219,14475,masked,masked,masked,residential_other,2016,north el monte,NA,NA,masked
neighborhoods_219,0,masked,masked,masked,residential_uncat,2016,north el monte,NA,NA,masked
neighborhoods_219,1695807,8469241.0000,6288,4.5130,res_total,2016,north el monte,NA,3703,2287.1296
neighborhoods_219,1546388,7402466.0000,6170.5,4.4816,single_family,2016,north el monte,NA,NA,NA
neighborhoods_219,NA,NA,NA,NA,uncat,2016,north el monte,NA,NA,NA
neighborhoods_220,NA,NA,NA,NA,agriculture,2016,north hills,NA,NA,NA
neighborhoods_220,2829021,39163840.4000,78961.5,11.7755,commercial,2016,north hills,NA,NA,NA
neighborhoods_220,151791,16330500.0000,121435.1,95.5653,condo,2016,north hills,NA,NA,NA
neighborhoods_220,893365,7050428.8000,114560,6.7995,industrial,2016,north hills,NA,NA,NA
neighborhoods_220,511709,16891857.1000,126062.8,9.4614,institutional,2016,north hills,NA,NA,NA
neighborhoods_220,5352476,30109693.8000,76796.5,5.2895,multi_family,2016,north hills,NA,NA,NA
neighborhoods_220,32188,masked,masked,masked,other,2016,north hills,NA,NA,masked
neighborhoods_220,71070,masked,masked,masked,residential_other,2016,north hills,NA,NA,masked
neighborhoods_220,0,masked,masked,masked,residential_uncat,2016,north hills,NA,NA,masked
neighborhoods_220,17772414,111007509.2000,8206.35,4.9253,res_total,2016,north hills,NA,58888,1885.0616
neighborhoods_220,12197077,63365739.5000,7986.6,4.8428,single_family,2016,north hills,NA,NA,NA
neighborhoods_220,0,masked,masked,masked,uncat,2016,north hills,NA,NA,masked
neighborhoods_221,3268,masked,masked,masked,agriculture,2016,north hollywood,NA,NA,masked
neighborhoods_221,9020450,120044734.6000,29393.7,8.4413,commercial,2016,north hollywood,NA,NA,NA
neighborhoods_221,139805,13586740.7000,62597.3,63.5234,condo,2016,north hollywood,NA,NA,NA
neighborhoods_221,7270470,49466517.7000,37734.8,3.9871,industrial,2016,north hollywood,NA,NA,NA
neighborhoods_221,818287,masked,masked,masked,institutional,2016,north hollywood,NA,NA,masked
neighborhoods_221,17563911,90057820.5000,16660.65,4.8443,multi_family,2016,north hollywood,NA,NA,NA
neighborhoods_221,313359,masked,masked,masked,other,2016,north hollywood,NA,NA,masked
neighborhoods_221,337943,2836878.7000,24583.6,8.4654,residential_other,2016,north hollywood,NA,NA,NA
neighborhoods_221,0,3134256.9000,NA,NA,residential_uncat,2016,north hollywood,NA,NA,NA
neighborhoods_221,26048950,155892142.0000,8266.3,5.0856,res_total,2016,north hollywood,NA,82229,1895.8292
neighborhoods_221,8007291,46276445.2000,6793.15,5.1655,single_family,2016,north hollywood,NA,NA,NA
neighborhoods_221,0,masked,masked,masked,uncat,2016,north hollywood,NA,NA,masked
neighborhoods_222,NA,NA,NA,NA,agriculture,2016,northridge,NA,NA,NA
neighborhoods_222,10956566,138383443.6000,116511.55,11.0551,commercial,2016,northridge,NA,NA,NA
neighborhoods_222,90696,13452648.9000,203266.95,115.4901,condo,2016,northridge,NA,NA,NA
neighborhoods_222,3133460,28157230.8000,35249.95,4.2942,industrial,2016,northridge,NA,NA,NA
neighborhoods_222,786421,masked,masked,masked,institutional,2016,northridge,NA,NA,masked
neighborhoods_222,7611312,41911289.9000,42965.3,5.3335,multi_family,2016,northridge,NA,NA,NA
neighborhoods_222,47648,masked,masked,masked,other,2016,northridge,NA,NA,masked
neighborhoods_222,599071,6763153.9000,12050.65,8.3066,residential_other,2016,northridge,NA,NA,NA
neighborhoods_222,0,1077615.5000,NA,NA,residential_uncat,2016,northridge,NA,NA,NA
neighborhoods_222,31517288,177106711.3000,9637.45,4.6880,res_total,2016,northridge,NA,64721,2736.4644
neighborhoods_222,23216209,113902003.1000,9390.95,4.6260,single_family,2016,northridge,NA,NA,NA
neighborhoods_222,0,masked,masked,masked,uncat,2016,northridge,NA,NA,masked
neighborhoods_223,62970,masked,masked,masked,agriculture,2016,northwest antelope valley,NA,NA,masked
neighborhoods_223,28531,masked,masked,masked,commercial,2016,northwest antelope valley,NA,NA,masked
neighborhoods_223,NA,NA,NA,NA,condo,2016,northwest antelope valley,NA,NA,NA
neighborhoods_223,900,9836957.0000,110,0.1222,industrial,2016,northwest antelope valley,NA,NA,NA
neighborhoods_223,18235,masked,masked,masked,institutional,2016,northwest antelope valley,NA,NA,masked
neighborhoods_223,76863,masked,masked,masked,multi_family,2016,northwest antelope valley,NA,NA,masked
neighborhoods_223,126246,masked,masked,masked,other,2016,northwest antelope valley,NA,NA,masked
neighborhoods_223,473341,2962400.0000,7784,4.5205,residential_other,2016,northwest antelope valley,NA,NA,NA
neighborhoods_223,0,masked,masked,masked,residential_uncat,2016,northwest antelope valley,NA,NA,masked
neighborhoods_223,2126595,13370488.0000,8613.5,4.6636,res_total,2016,northwest antelope valley,NA,4923,2715.9228
neighborhoods_223,1576391,9193709.0000,8799,4.8187,single_family,2016,northwest antelope valley,NA,NA,NA
neighborhoods_223,0,masked,masked,masked,uncat,2016,northwest antelope valley,NA,NA,masked
neighborhoods_224,768,masked,masked,masked,agriculture,2016,northwest palmdale,NA,NA,masked
neighborhoods_224,33118,masked,masked,masked,commercial,2016,northwest palmdale,NA,NA,masked
neighborhoods_224,NA,NA,NA,NA,condo,2016,northwest palmdale,NA,NA,NA
neighborhoods_224,0,masked,masked,masked,industrial,2016,northwest palmdale,NA,NA,masked
neighborhoods_224,22908,masked,masked,masked,institutional,2016,northwest palmdale,NA,NA,masked
neighborhoods_224,60447,masked,masked,masked,multi_family,2016,northwest palmdale,NA,NA,masked
neighborhoods_224,2175,masked,masked,masked,other,2016,northwest palmdale,NA,NA,masked
neighborhoods_224,65295,masked,masked,masked,residential_other,2016,northwest palmdale,NA,NA,masked
neighborhoods_224,0,masked,masked,masked,residential_uncat,2016,northwest palmdale,NA,NA,masked
neighborhoods_224,2196099,13909874.0000,11240.5,5.0842,res_total,2016,northwest palmdale,NA,4072,3415.9808
neighborhoods_224,2070357,12616022.0000,11316,5.0957,single_family,2016,northwest palmdale,NA,NA,NA
neighborhoods_224,0,masked,masked,masked,uncat,2016,northwest palmdale,NA,NA,masked
neighborhoods_225,NA,NA,NA,NA,agriculture,2016,north whittier,NA,NA,NA
neighborhoods_225,57108,masked,masked,masked,commercial,2016,north whittier,NA,NA,masked
neighborhoods_225,3126,2444335.0000,508718,511.7887,condo,2016,north whittier,NA,NA,NA
neighborhoods_225,1178296,masked,masked,masked,industrial,2016,north whittier,NA,NA,masked
neighborhoods_225,42155,masked,masked,masked,institutional,2016,north whittier,NA,NA,masked
neighborhoods_225,18938,masked,masked,masked,multi_family,2016,north whittier,NA,NA,masked
neighborhoods_225,815850,masked,masked,masked,other,2016,north whittier,NA,NA,masked
neighborhoods_225,805,masked,masked,masked,residential_other,2016,north whittier,NA,NA,masked
neighborhoods_225,0,masked,masked,masked,residential_uncat,2016,north whittier,NA,NA,masked
neighborhoods_225,2247442,10649637.0000,7123,3.5717,res_total,2016,north whittier,NA,6183,1722.4061
neighborhoods_225,2224573,8125826.0000,7105.5,3.5706,single_family,2016,north whittier,NA,NA,NA
neighborhoods_225,0,masked,masked,masked,uncat,2016,north whittier,NA,NA,masked
neighborhoods_226,991,masked,masked,masked,agriculture,2016,norwalk,NA,NA,masked
neighborhoods_226,6674521,137823040.0000,41217,7.8756,commercial,2016,norwalk,NA,NA,NA
neighborhoods_226,164149,6218254.0000,7504.5,5.6869,condo,2016,norwalk,NA,NA,NA
neighborhoods_226,4182913,42958912.0000,39906,2.8564,industrial,2016,norwalk,NA,NA,NA
neighborhoods_226,884851,26441912.0000,32002,3.6154,institutional,2016,norwalk,NA,NA,NA
neighborhoods_226,4717736,21712362.5000,12948.5,3.9488,multi_family,2016,norwalk,NA,NA,NA
neighborhoods_226,28266,masked,masked,masked,other,2016,norwalk,NA,NA,masked
neighborhoods_226,400399,5100013.0000,234961.5,13.8092,residential_other,2016,norwalk,NA,NA,NA
neighborhoods_226,0,4361420.0000,NA,NA,residential_uncat,2016,norwalk,NA,NA,NA
neighborhoods_226,30147955,154410902.0000,5593,4.4698,res_total,2016,norwalk,NA,106432,1450.7940
neighborhoods_226,24865671,117018852.5000,5543,4.4803,single_family,2016,norwalk,NA,NA,NA
neighborhoods_226,0,masked,masked,masked,uncat,2016,norwalk,NA,NA,masked
neighborhoods_227,NA,NA,NA,NA,agriculture,2016,pacific palisades,NA,NA,NA
neighborhoods_227,1268697,masked,masked,masked,commercial,2016,pacific palisades,NA,NA,masked
neighborhoods_227,309184,9825164.7000,18325.55,4.8826,condo,2016,pacific palisades,NA,NA,NA
neighborhoods_227,0,masked,masked,masked,industrial,2016,pacific palisades,NA,NA,masked
neighborhoods_227,525306,12553556.2000,64116.6,20.8375,institutional,2016,pacific palisades,NA,NA,NA
neighborhoods_227,710698,3168540.8000,11573.3,3.5511,multi_family,2016,pacific palisades,NA,NA,NA
neighborhoods_227,54288,masked,masked,masked,other,2016,pacific palisades,NA,NA,masked
neighborhoods_227,468825,2696109.9000,7806.1,6.6967,residential_other,2016,pacific palisades,NA,NA,NA
neighborhoods_227,0,1622768.9000,NA,NA,residential_uncat,2016,pacific palisades,NA,NA,NA
neighborhoods_227,23921724,114271214.5000,9771.4,3.7865,res_total,2016,pacific palisades,NA,24686,4628.9887
neighborhoods_227,22433017,96958630.2000,9688.55,3.7788,single_family,2016,pacific palisades,NA,NA,NA
neighborhoods_227,0,masked,masked,masked,uncat,2016,pacific palisades,NA,NA,masked
neighborhoods_228,NA,NA,NA,NA,agriculture,2016,pacoima,NA,NA,NA
neighborhoods_228,3831984,57967051.4000,44029.8,11.3575,commercial,2016,pacoima,NA,NA,NA
neighborhoods_228,195736,11515650.6000,6840.25,4.1202,condo,2016,pacoima,NA,NA,NA
neighborhoods_228,6751785,78511357.2000,92616.45,5.5657,industrial,2016,pacoima,NA,NA,NA
neighborhoods_228,408468,masked,masked,masked,institutional,2016,pacoima,NA,NA,masked
neighborhoods_228,2773324,15808824.2000,11002.9,5.3413,multi_family,2016,pacoima,NA,NA,NA
neighborhoods_228,466713,masked,masked,masked,other,2016,pacoima,NA,NA,masked
neighborhoods_228,309429,4538000.3000,16519.25,8.1252,residential_other,2016,pacoima,NA,NA,NA
neighborhoods_228,0,681581.5000,NA,NA,residential_uncat,2016,pacoima,NA,NA,NA
neighborhoods_228,14563604,94076080.9000,6738.4,5.1939,res_total,2016,pacoima,NA,76363,1231.9589
neighborhoods_228,11285115,61532024.3000,6605.4,5.1894,single_family,2016,pacoima,NA,NA,NA
neighborhoods_228,0,masked,masked,masked,uncat,2016,pacoima,NA,NA,masked
neighborhoods_229,36083,masked,masked,masked,agriculture,2016,palmdale,NA,NA,masked
neighborhoods_229,9402252,180351022.5000,74377,10.0087,commercial,2016,palmdale,NA,NA,NA
neighborhoods_229,477349,8786148.0000,7196,4.8538,condo,2016,palmdale,NA,NA,NA
neighborhoods_229,9506033,masked,masked,masked,industrial,2016,palmdale,NA,NA,masked
neighborhoods_229,887552,masked,masked,masked,institutional,2016,palmdale,NA,NA,masked
neighborhoods_229,5057424,30202474.5000,15799,5.1841,multi_family,2016,palmdale,NA,NA,NA
neighborhoods_229,90763,masked,masked,masked,other,2016,palmdale,NA,NA,masked
neighborhoods_229,303867,15168744.5000,6186.5,4.6736,residential_other,2016,palmdale,NA,NA,NA
neighborhoods_229,0,18634551.5000,NA,NA,residential_uncat,2016,palmdale,NA,NA,NA
neighborhoods_229,72160703,353728704.0000,7463,4.1648,res_total,2016,palmdale,NA,154410,2290.8406
neighborhoods_229,66322063,280936785.5000,7441,4.1460,single_family,2016,palmdale,NA,NA,NA
neighborhoods_229,0,1385280.0000,NA,NA,uncat,2016,palmdale,NA,NA,NA
neighborhoods_230,NA,NA,NA,NA,agriculture,2016,palms,NA,NA,NA
neighborhoods_230,2694772,40025857.2000,28126,7.6448,commercial,2016,palms,NA,NA,NA
neighborhoods_230,94797,5124189.9000,44947.55,39.7388,condo,2016,palms,NA,NA,NA
neighborhoods_230,321897,3096036.8000,25826.9,5.4995,industrial,2016,palms,NA,NA,NA
neighborhoods_230,326301,masked,masked,masked,institutional,2016,palms,NA,NA,masked
neighborhoods_230,14676584,57998511.2000,23603.5,3.6574,multi_family,2016,palms,NA,NA,NA
neighborhoods_230,41725,masked,masked,masked,other,2016,palms,NA,NA,masked
neighborhoods_230,47791,masked,masked,masked,residential_other,2016,palms,NA,NA,masked
neighborhoods_230,0,masked,masked,masked,residential_uncat,2016,palms,NA,NA,masked
neighborhoods_230,17870149,81339249.9000,8231.3,3.7024,res_total,2016,palms,NA,44863,1813.0586
neighborhoods_230,3050977,12417650.3000,5397.6,3.6784,single_family,2016,palms,NA,NA,NA
neighborhoods_230,0,masked,masked,masked,uncat,2016,palms,NA,NA,masked
neighborhoods_231,NA,NA,NA,NA,agriculture,2016,palos verdes estates,NA,NA,NA
neighborhoods_231,221543,masked,masked,masked,commercial,2016,palos verdes estates,NA,NA,masked
neighborhoods_231,31564,948765.0000,50154.5,35.4095,condo,2016,palos verdes estates,NA,NA,NA
neighborhoods_231,0,masked,masked,masked,industrial,2016,palos verdes estates,NA,NA,masked
neighborhoods_231,79520,masked,masked,masked,institutional,2016,palos verdes estates,NA,NA,masked
neighborhoods_231,211559,649211.0000,6254,1.1343,multi_family,2016,palos verdes estates,NA,NA,NA
neighborhoods_231,7425,masked,masked,masked,other,2016,palos verdes estates,NA,NA,masked
neighborhoods_231,3588,masked,masked,masked,residential_other,2016,palos verdes estates,NA,NA,masked
neighborhoods_231,0,masked,masked,masked,residential_uncat,2016,palos verdes estates,NA,NA,masked
neighborhoods_231,14956259,50880432.2000,8043,2.9227,res_total,2016,palos verdes estates,NA,13095,3885.4855
neighborhoods_231,14709548,48053820.2000,8034,2.9224,single_family,2016,palos verdes estates,NA,NA,NA
neighborhoods_231,0,masked,masked,masked,uncat,2016,palos verdes estates,NA,NA,masked
neighborhoods_232,14823,69716.6000,69716.6,4.7033,agriculture,2016,panorama city,NA,NA,NA
neighborhoods_232,4902028,72186143.1000,116107.5,12.8050,commercial,2016,panorama city,NA,NA,NA
neighborhoods_232,156523,17982255.6000,118228.9,89.1340,condo,2016,panorama city,NA,NA,NA
neighborhoods_232,2083619,24661680.4000,77659.6,7.2495,industrial,2016,panorama city,NA,NA,NA
neighborhoods_232,2635856,masked,masked,masked,institutional,2016,panorama city,NA,NA,masked
neighborhoods_232,8424130,48195625.5000,36930.35,5.2428,multi_family,2016,panorama city,NA,NA,NA
neighborhoods_232,36772,masked,masked,masked,other,2016,panorama city,NA,NA,masked
neighborhoods_232,319784,masked,masked,masked,residential_other,2016,panorama city,NA,NA,masked
neighborhoods_232,0,masked,masked,masked,residential_uncat,2016,panorama city,NA,NA,masked
neighborhoods_232,15706180,108639080.0000,6961.7,5.1030,res_total,2016,panorama city,NA,69511,1562.9049
neighborhoods_232,6805743,38420772.8000,6508.8,5.0105,single_family,2016,panorama city,NA,NA,NA
neighborhoods_232,NA,NA,NA,NA,uncat,2016,panorama city,NA,NA,NA
neighborhoods_233,3358,masked,masked,masked,agriculture,2016,paramount,NA,NA,masked
neighborhoods_233,2771116,51053215.0000,26108.5,7.1935,commercial,2016,paramount,NA,NA,NA
neighborhoods_233,111062,9383675.0000,48512,41.9595,condo,2016,paramount,NA,NA,NA
neighborhoods_233,8210707,masked,masked,masked,industrial,2016,paramount,NA,NA,masked
neighborhoods_233,608130,19747467.0000,23767,4.6554,institutional,2016,paramount,NA,NA,NA
neighborhoods_233,5850277,20613368.0000,5641,2.5917,multi_family,2016,paramount,NA,NA,NA
neighborhoods_233,11721,masked,masked,masked,other,2016,paramount,NA,NA,masked
neighborhoods_233,108735,5724750.0000,87693,46.5359,residential_other,2016,paramount,NA,NA,NA
neighborhoods_233,0,9455184.5000,NA,NA,residential_uncat,2016,paramount,NA,NA,NA
neighborhoods_233,10831459,67104580.0000,5488,4.0038,res_total,2016,paramount,NA,54834,1223.7769
neighborhoods_233,4761385,21927602.5000,5370,4.3611,single_family,2016,paramount,NA,NA,NA
neighborhoods_233,0,masked,masked,masked,uncat,2016,paramount,NA,NA,masked
neighborhoods_234,NA,NA,NA,NA,agriculture,2016,pasadena,NA,NA,NA
neighborhoods_234,NA,NA,NA,NA,commercial,2016,pasadena,NA,NA,NA
neighborhoods_234,NA,NA,NA,NA,condo,2016,pasadena,NA,NA,NA
neighborhoods_234,NA,NA,NA,NA,industrial,2016,pasadena,NA,NA,NA
neighborhoods_234,NA,NA,NA,NA,institutional,2016,pasadena,NA,NA,NA
neighborhoods_234,NA,NA,NA,NA,multi_family,2016,pasadena,NA,NA,NA
neighborhoods_234,NA,NA,NA,NA,other,2016,pasadena,NA,NA,NA
neighborhoods_234,NA,NA,NA,NA,residential_other,2016,pasadena,NA,NA,NA
neighborhoods_234,NA,NA,NA,NA,residential_uncat,2016,pasadena,NA,NA,NA
neighborhoods_234,NA,NA,NA,NA,res_total,2016,pasadena,NA,141965,NA
neighborhoods_234,NA,NA,NA,NA,single_family,2016,pasadena,NA,NA,NA
neighborhoods_234,NA,NA,NA,NA,uncat,2016,pasadena,NA,NA,NA
neighborhoods_235,NA,NA,NA,NA,agriculture,2016,pico rivera,NA,NA,NA
neighborhoods_235,3402821,63046489.0000,42201.5,8.9322,commercial,2016,pico rivera,NA,NA,NA
neighborhoods_235,642601,5236682.0000,5832,3.9006,condo,2016,pico rivera,NA,NA,NA
neighborhoods_235,10799917,74101221.0000,85111,2.9056,industrial,2016,pico rivera,NA,NA,NA
neighborhoods_235,474097,masked,masked,masked,institutional,2016,pico rivera,NA,NA,masked
neighborhoods_235,2315949,10827483.5000,6490.5,3.1567,multi_family,2016,pico rivera,NA,NA,NA
neighborhoods_235,121554,masked,masked,masked,other,2016,pico rivera,NA,NA,masked
neighborhoods_235,199716,2940987.0000,76358,8.7399,residential_other,2016,pico rivera,NA,NA,NA
neighborhoods_235,0,2457131.0000,NA,NA,residential_uncat,2016,pico rivera,NA,NA,NA
neighborhoods_235,18838309,97386764.5000,5808,4.5136,res_total,2016,pico rivera,NA,65594,1484.6901
neighborhoods_235,15680043,75924481.0000,5797,4.5790,single_family,2016,pico rivera,NA,NA,NA
neighborhoods_235,0,masked,masked,masked,uncat,2016,pico rivera,NA,NA,masked
neighborhoods_236,NA,NA,NA,NA,agriculture,2016,pico-robertson,NA,NA,NA
neighborhoods_236,2532472,43582813.9000,35343.3,8.5121,commercial,2016,pico-robertson,NA,NA,NA
neighborhoods_236,127921,8258173.1000,82600.6,57.9869,condo,2016,pico-robertson,NA,NA,NA
neighborhoods_236,19322,masked,masked,masked,industrial,2016,pico-robertson,NA,NA,masked
neighborhoods_236,336988,masked,masked,masked,institutional,2016,pico-robertson,NA,NA,masked
neighborhoods_236,7078072,27045538.5000,15401.1,3.3540,multi_family,2016,pico-robertson,NA,NA,NA
neighborhoods_236,20573,masked,masked,masked,other,2016,pico-robertson,NA,NA,masked
neighborhoods_236,150184,1158974.3000,153775.3,8.3439,residential_other,2016,pico-robertson,NA,NA,NA
neighborhoods_236,0,2566336.3000,NA,NA,residential_uncat,2016,pico-robertson,NA,NA,NA
neighborhoods_236,9704291,48693009.1000,10663.3,3.6313,res_total,2016,pico-robertson,NA,19430,2506.0736
neighborhoods_236,2348114,9663986.9000,7182.8,3.8919,single_family,2016,pico-robertson,NA,NA,NA
neighborhoods_236,NA,NA,NA,NA,uncat,2016,pico-robertson,NA,NA,NA
neighborhoods_237,NA,NA,NA,NA,agriculture,2016,pico-union,NA,NA,NA
neighborhoods_237,3758644,45825335.8000,40552.6,7.1529,commercial,2016,pico-union,NA,NA,NA
neighborhoods_237,48159,1350307.2000,103150.8,74.3977,condo,2016,pico-union,NA,NA,NA
neighborhoods_237,1078581,masked,masked,masked,industrial,2016,pico-union,NA,NA,masked
neighborhoods_237,689320,14981939.5000,30032.5,5.3098,institutional,2016,pico-union,NA,NA,NA
neighborhoods_237,7707803,30270626.4000,12571.6,3.6766,multi_family,2016,pico-union,NA,NA,NA
neighborhoods_237,13718,masked,masked,masked,other,2016,pico-union,NA,NA,masked
neighborhoods_237,482228,2738442.6000,14804.3,3.9749,residential_other,2016,pico-union,NA,NA,NA
neighborhoods_237,0,1124653.5000,NA,NA,residential_uncat,2016,pico-union,NA,NA,NA
neighborhoods_237,9261449,39397675.7000,9995.5,3.6691,res_total,2016,pico-union,NA,42245,932.5997
neighborhoods_237,1023259,3913646.0000,5244,3.5246,single_family,2016,pico-union,NA,NA,NA
neighborhoods_237,0,masked,masked,masked,uncat,2016,pico-union,NA,NA,masked
neighborhoods_238,NA,NA,NA,NA,agriculture,2016,playa del rey,NA,NA,NA
neighborhoods_238,271322,masked,masked,masked,commercial,2016,playa del rey,NA,NA,masked
neighborhoods_238,81051,11982464.1000,79938.6,71.3502,condo,2016,playa del rey,NA,NA,NA
neighborhoods_238,4975,masked,masked,masked,industrial,2016,playa del rey,NA,NA,masked
neighborhoods_238,51407,masked,masked,masked,institutional,2016,playa del rey,NA,NA,masked
neighborhoods_238,2651375,10305688.2000,10834.5,3.4198,multi_family,2016,playa del rey,NA,NA,NA
neighborhoods_238,28569,masked,masked,masked,other,2016,playa del rey,NA,NA,masked
neighborhoods_238,8145,masked,masked,masked,residential_other,2016,playa del rey,NA,NA,masked
neighborhoods_238,0,masked,masked,masked,residential_uncat,2016,playa del rey,NA,NA,masked
neighborhoods_238,5835476,34141009.5000,7913.9,3.2460,res_total,2016,playa del rey,NA,11040,3092.4827
neighborhoods_238,3094905,10034598.1000,6929.95,3.0692,single_family,2016,playa del rey,NA,NA,NA
neighborhoods_238,NA,NA,NA,NA,uncat,2016,playa del rey,NA,NA,NA
neighborhoods_239,NA,NA,NA,NA,agriculture,2016,playa vista,NA,NA,NA
neighborhoods_239,2992312,50650423.2000,99647.15,7.7854,commercial,2016,playa vista,NA,NA,NA
neighborhoods_239,84710,15713851.4000,275922.4,178.5152,condo,2016,playa vista,NA,NA,NA
neighborhoods_239,1356515,masked,masked,masked,industrial,2016,playa vista,NA,NA,masked
neighborhoods_239,398518,masked,masked,masked,institutional,2016,playa vista,NA,NA,masked
neighborhoods_239,2247169,10234609.2000,7996.2,3.6004,multi_family,2016,playa vista,NA,NA,NA
neighborhoods_239,81727,masked,masked,masked,other,2016,playa vista,NA,NA,masked
neighborhoods_239,90939,7512585.5000,71792.3,16.7969,residential_other,2016,playa vista,NA,NA,NA
neighborhoods_239,0,3055701.7000,NA,NA,residential_uncat,2016,playa vista,NA,NA,NA
neighborhoods_239,3192292,39619673.8000,5240.6,3.5684,res_total,2016,playa vista,NA,9467,4185.0294
neighborhoods_239,769474,3102926.0000,4640.75,3.3850,single_family,2016,playa vista,NA,NA,NA
neighborhoods_239,0,masked,masked,masked,uncat,2016,playa vista,NA,NA,masked
neighborhoods_240,NA,NA,NA,NA,agriculture,2016,pomona,NA,NA,NA
neighborhoods_240,11837790,156110629.0000,27144.5,7.5310,commercial,2016,pomona,NA,NA,NA
neighborhoods_240,2507354,23773702.0000,6215.5,3.6790,condo,2016,pomona,NA,NA,NA
neighborhoods_240,17523648,164848221.0000,38392,3.3943,industrial,2016,pomona,NA,NA,NA
neighborhoods_240,4064949,masked,masked,masked,institutional,2016,pomona,NA,NA,masked
neighborhoods_240,9772368,41767417.6000,7985,3.6314,multi_family,2016,pomona,NA,NA,NA
neighborhoods_240,279792,masked,masked,masked,other,2016,pomona,NA,NA,masked
neighborhoods_240,1248123,15633177.5000,13207,6.9385,residential_other,2016,pomona,NA,NA,NA
neighborhoods_240,0,17908192.0000,NA,NA,residential_uncat,2016,pomona,NA,NA,NA
neighborhoods_240,44832001,253503920.9000,6548,4.5919,res_total,2016,pomona,NA,151261,1675.9371
neighborhoods_240,31304156,154421431.8000,6499,4.7294,single_family,2016,pomona,NA,NA,NA
neighborhoods_240,0,masked,masked,masked,uncat,2016,pomona,NA,NA,masked
neighborhoods_241,NA,NA,NA,NA,agriculture,2016,porter ranch,NA,NA,NA
neighborhoods_241,1653468,24232363.5000,404196.5,20.1104,commercial,2016,porter ranch,NA,NA,NA
neighborhoods_241,3723779,20243657.7000,7150.2,3.1400,condo,2016,porter ranch,NA,NA,NA
neighborhoods_241,0,masked,masked,masked,industrial,2016,porter ranch,NA,NA,masked
neighborhoods_241,59959,masked,masked,masked,institutional,2016,porter ranch,NA,NA,masked
neighborhoods_241,NA,NA,NA,NA,multi_family,2016,porter ranch,NA,NA,NA
neighborhoods_241,2042,masked,masked,masked,other,2016,porter ranch,NA,NA,masked
neighborhoods_241,8211,masked,masked,masked,residential_other,2016,porter ranch,NA,NA,masked
neighborhoods_241,0,masked,masked,masked,residential_uncat,2016,porter ranch,NA,NA,masked
neighborhoods_241,19163721,88161194.2000,9045.6,3.9581,res_total,2016,porter ranch,NA,30571,2883.8178
neighborhoods_241,15431731,67173672.5000,9590.85,4.1788,single_family,2016,porter ranch,NA,NA,NA
neighborhoods_241,0,masked,masked,masked,uncat,2016,porter ranch,NA,NA,masked
neighborhoods_242,NA,NA,NA,NA,agriculture,2016,quartz hill,NA,NA,NA
neighborhoods_242,262131,5923714.0000,31553,11.0354,commercial,2016,quartz hill,NA,NA,NA
neighborhoods_242,1182,masked,masked,masked,condo,2016,quartz hill,NA,NA,masked
neighborhoods_242,43778,masked,masked,masked,industrial,2016,quartz hill,NA,NA,masked
neighborhoods_242,76891,masked,masked,masked,institutional,2016,quartz hill,NA,NA,masked
neighborhoods_242,458417,2538542.0000,12804,4.9514,multi_family,2016,quartz hill,NA,NA,NA
neighborhoods_242,13038,masked,masked,masked,other,2016,quartz hill,NA,NA,masked
neighborhoods_242,49878,1846290.0000,8461.5,5.9152,residential_other,2016,quartz hill,NA,NA,NA
neighborhoods_242,0,masked,masked,masked,residential_uncat,2016,quartz hill,NA,NA,masked
neighborhoods_242,5728500,29356987.5000,7742.5,4.4470,res_total,2016,quartz hill,NA,10910,2690.8330
neighborhoods_242,5219023,24298253.5000,7659.5,4.4293,single_family,2016,quartz hill,NA,NA,NA
neighborhoods_242,0,masked,masked,masked,uncat,2016,quartz hill,NA,NA,masked
neighborhoods_243,NA,NA,NA,NA,agriculture,2016,ramona,NA,NA,NA
neighborhoods_243,0,masked,masked,masked,commercial,2016,ramona,NA,NA,masked
neighborhoods_243,NA,NA,NA,NA,condo,2016,ramona,NA,NA,NA
neighborhoods_243,0,masked,masked,masked,industrial,2016,ramona,NA,NA,masked
neighborhoods_243,26087,masked,masked,masked,institutional,2016,ramona,NA,NA,masked
neighborhoods_243,12418,masked,masked,masked,multi_family,2016,ramona,NA,NA,masked
neighborhoods_243,6307,masked,masked,masked,other,2016,ramona,NA,NA,masked
neighborhoods_243,904,masked,masked,masked,residential_other,2016,ramona,NA,NA,masked
neighborhoods_243,0,masked,masked,masked,residential_uncat,2016,ramona,NA,NA,masked
neighborhoods_243,2074574,9094254.0000,11870,4.0738,res_total,2016,ramona,NA,4495,2023.1933
neighborhoods_243,2061252,8774666.0000,11875,4.0717,single_family,2016,ramona,NA,NA,NA
neighborhoods_243,0,masked,masked,masked,uncat,2016,ramona,NA,NA,masked
neighborhoods_244,NA,NA,NA,NA,agriculture,2016,rancho dominguez,NA,NA,NA
neighborhoods_244,773872,masked,masked,masked,commercial,2016,rancho dominguez,NA,NA,masked
neighborhoods_244,NA,NA,NA,NA,condo,2016,rancho dominguez,NA,NA,NA
neighborhoods_244,20409423,155815643.0000,192777,3.4226,industrial,2016,rancho dominguez,NA,NA,NA
neighborhoods_244,101846,masked,masked,masked,institutional,2016,rancho dominguez,NA,NA,masked
neighborhoods_244,NA,NA,NA,NA,multi_family,2016,rancho dominguez,NA,NA,NA
neighborhoods_244,583707,masked,masked,masked,other,2016,rancho dominguez,NA,NA,masked
neighborhoods_244,47319,2823794.0000,71403,4.3543,residential_other,2016,rancho dominguez,NA,NA,NA
neighborhoods_244,0,3193768.0000,NA,NA,residential_uncat,2016,rancho dominguez,NA,NA,NA
neighborhoods_244,47319,6017562.0000,71403,4.3543,res_total,2016,rancho dominguez,NA,2619,2297.6564
neighborhoods_244,NA,NA,NA,NA,single_family,2016,rancho dominguez,NA,NA,NA
neighborhoods_244,0,masked,masked,masked,uncat,2016,rancho dominguez,NA,NA,masked
neighborhoods_245,1037,masked,masked,masked,agriculture,2016,rancho palos verdes,NA,NA,masked
neighborhoods_245,1130219,21586200.5000,113777,14.5193,commercial,2016,rancho palos verdes,NA,NA,NA
neighborhoods_245,1112020,13903519.0000,6393.5,2.3447,condo,2016,rancho palos verdes,NA,NA,NA
neighborhoods_245,0,masked,masked,masked,industrial,2016,rancho palos verdes,NA,NA,masked
neighborhoods_245,599279,masked,masked,masked,institutional,2016,rancho palos verdes,NA,NA,masked
neighborhoods_245,1696458,6175981.0000,38018,3.7175,multi_family,2016,rancho palos verdes,NA,NA,NA
neighborhoods_245,5842,masked,masked,masked,other,2016,rancho palos verdes,NA,NA,masked
neighborhoods_245,539868,masked,masked,masked,residential_other,2016,rancho palos verdes,NA,NA,masked
neighborhoods_245,0,masked,masked,masked,residential_uncat,2016,rancho palos verdes,NA,NA,masked
neighborhoods_245,32958693,123893094.7000,6860,2.9804,res_total,2016,rancho palos verdes,NA,41205,3006.7491
neighborhoods_245,29610347,96648640.2000,6861,2.9983,single_family,2016,rancho palos verdes,NA,NA,NA
neighborhoods_245,0,masked,masked,masked,uncat,2016,rancho palos verdes,NA,NA,masked
neighborhoods_246,NA,NA,NA,NA,agriculture,2016,rancho park,NA,NA,NA
neighborhoods_246,1557284,26453066.2000,116784,14.3900,commercial,2016,rancho park,NA,NA,NA
neighborhoods_246,3187,masked,masked,masked,condo,2016,rancho park,NA,NA,masked
neighborhoods_246,42805,masked,masked,masked,industrial,2016,rancho park,NA,NA,masked
neighborhoods_246,25984,masked,masked,masked,institutional,2016,rancho park,NA,NA,masked
neighborhoods_246,466514,1828421.7000,7932,3.4379,multi_family,2016,rancho park,NA,NA,NA
neighborhoods_246,5414,masked,masked,masked,other,2016,rancho park,NA,NA,masked
neighborhoods_246,2717,masked,masked,masked,residential_other,2016,rancho park,NA,NA,masked
neighborhoods_246,0,masked,masked,masked,residential_uncat,2016,rancho park,NA,NA,masked
neighborhoods_246,2408134,10079155.8000,5706.1,3.7975,res_total,2016,rancho park,NA,4426,2277.2607
neighborhoods_246,1935716,7920872.2000,5643.1,3.8375,single_family,2016,rancho park,NA,NA,NA
neighborhoods_246,NA,NA,NA,NA,uncat,2016,rancho park,NA,NA,NA
neighborhoods_247,NA,NA,NA,NA,agriculture,2016,redondo beach,NA,NA,NA
neighborhoods_247,7260739,112175496.0000,28581,7.4446,commercial,2016,redondo beach,NA,NA,NA
neighborhoods_247,5005409,50361407.6000,12864,6.0011,condo,2016,redondo beach,NA,NA,NA
neighborhoods_247,3484412,masked,masked,masked,industrial,2016,redondo beach,NA,NA,masked
neighborhoods_247,707361,15890946.0000,35089,6.1253,institutional,2016,redondo beach,NA,NA,NA
neighborhoods_247,10733390,43091330.4000,11189.5,3.5723,multi_family,2016,redondo beach,NA,NA,NA
neighborhoods_247,156858,masked,masked,masked,other,2016,redondo beach,NA,NA,masked
neighborhoods_247,203262,masked,masked,masked,residential_other,2016,redondo beach,NA,NA,masked
neighborhoods_247,0,masked,masked,masked,residential_uncat,2016,redondo beach,NA,NA,masked
neighborhoods_247,30101468,149206100.0000,6734,3.6654,res_total,2016,redondo beach,NA,66564,2241.5435
neighborhoods_247,14159407,48695904.0000,5120,3.2113,single_family,2016,redondo beach,NA,NA,NA
neighborhoods_247,0,masked,masked,masked,uncat,2016,redondo beach,NA,NA,masked
neighborhoods_248,NA,NA,NA,NA,agriculture,2016,reseda,NA,NA,NA
neighborhoods_248,4219550,59559949.3000,53070.05,8.8966,commercial,2016,reseda,NA,NA,NA
neighborhoods_248,222721,19268139.6000,24546.3,15.3992,condo,2016,reseda,NA,NA,NA
neighborhoods_248,267877,masked,masked,masked,industrial,2016,reseda,NA,NA,masked
neighborhoods_248,1115529,masked,masked,masked,institutional,2016,reseda,NA,NA,masked
neighborhoods_248,5438650,30192674.3000,38016.9,5.6986,multi_family,2016,reseda,NA,NA,NA
neighborhoods_248,60128,masked,masked,masked,other,2016,reseda,NA,NA,masked
neighborhoods_248,431716,masked,masked,masked,residential_other,2016,reseda,NA,NA,masked
neighborhoods_248,0,masked,masked,masked,residential_uncat,2016,reseda,NA,NA,masked
neighborhoods_248,21513812,143713157.0000,7257.65,5.1779,res_total,2016,reseda,NA,70702,2032.6604
neighborhoods_248,15420725,86102482.4000,7115,5.1280,single_family,2016,reseda,NA,NA,NA
neighborhoods_248,0,masked,masked,masked,uncat,2016,reseda,NA,NA,masked
neighborhoods_249,25832,masked,masked,masked,agriculture,2016,ridge route,NA,NA,masked
neighborhoods_249,100439,masked,masked,masked,commercial,2016,ridge route,NA,NA,masked
neighborhoods_249,NA,NA,NA,NA,condo,2016,ridge route,NA,NA,NA
neighborhoods_249,0,masked,masked,masked,industrial,2016,ridge route,NA,NA,masked
neighborhoods_249,21370,masked,masked,masked,institutional,2016,ridge route,NA,NA,masked
neighborhoods_249,21131,masked,masked,masked,multi_family,2016,ridge route,NA,NA,masked
neighborhoods_249,25182,masked,masked,masked,other,2016,ridge route,NA,NA,masked
neighborhoods_249,19150,masked,masked,masked,residential_other,2016,ridge route,NA,NA,masked
neighborhoods_249,0,masked,masked,masked,residential_uncat,2016,ridge route,NA,NA,masked
neighborhoods_249,114339,844842.0000,7680,4.8359,res_total,2016,ridge route,NA,5130,164.6865
neighborhoods_249,74058,masked,masked,masked,single_family,2016,ridge route,NA,NA,masked
neighborhoods_249,0,masked,masked,masked,uncat,2016,ridge route,NA,NA,masked
neighborhoods_250,NA,NA,NA,NA,agriculture,2016,rolling hills,NA,NA,NA
neighborhoods_250,4658,masked,masked,masked,commercial,2016,rolling hills,NA,NA,masked
neighborhoods_250,812,masked,masked,masked,condo,2016,rolling hills,NA,NA,masked
neighborhoods_250,0,masked,masked,masked,industrial,2016,rolling hills,NA,NA,masked
neighborhoods_250,21542,masked,masked,masked,institutional,2016,rolling hills,NA,NA,masked
neighborhoods_250,NA,NA,NA,NA,multi_family,2016,rolling hills,NA,NA,NA
neighborhoods_250,2176,masked,masked,masked,other,2016,rolling hills,NA,NA,masked
neighborhoods_250,8212,masked,masked,masked,residential_other,2016,rolling hills,NA,NA,masked
neighborhoods_250,0,masked,masked,masked,residential_uncat,2016,rolling hills,NA,NA,masked
neighborhoods_250,3787407,18269965.5000,11745,3.7810,res_total,2016,rolling hills,NA,3156,5788.9625
neighborhoods_250,3778383,17205433.5000,11736,3.7723,single_family,2016,rolling hills,NA,NA,NA
neighborhoods_250,0,masked,masked,masked,uncat,2016,rolling hills,NA,NA,masked
neighborhoods_251,NA,NA,NA,NA,agriculture,2016,rolling hills estates,NA,NA,NA
neighborhoods_251,1178853,27054334.0000,132974,11.9849,commercial,2016,rolling hills estates,NA,NA,NA
neighborhoods_251,805445,6234455.0000,4709,2.3107,condo,2016,rolling hills estates,NA,NA,NA
neighborhoods_251,0,masked,masked,masked,industrial,2016,rolling hills estates,NA,NA,masked
neighborhoods_251,171403,masked,masked,masked,institutional,2016,rolling hills estates,NA,NA,masked
neighborhoods_251,3442,masked,masked,masked,multi_family,2016,rolling hills estates,NA,NA,masked
neighborhoods_251,42835,masked,masked,masked,other,2016,rolling hills estates,NA,NA,masked
neighborhoods_251,6538,masked,masked,masked,residential_other,2016,rolling hills estates,NA,NA,masked
neighborhoods_251,0,masked,masked,masked,residential_uncat,2016,rolling hills estates,NA,NA,masked
neighborhoods_251,7024570,29724833.5000,8132,3.2844,res_total,2016,rolling hills estates,NA,10273,2893.4910
neighborhoods_251,6209145,23113994.5000,8964,3.4394,single_family,2016,rolling hills estates,NA,NA,NA
neighborhoods_251,0,masked,masked,masked,uncat,2016,rolling hills estates,NA,NA,masked
neighborhoods_252,NA,NA,NA,NA,agriculture,2016,rosemead,NA,NA,NA
neighborhoods_252,4403818,65377070.0000,17660,6.0220,commercial,2016,rosemead,NA,NA,NA
neighborhoods_252,497190,3982132.0000,5600,3.0049,condo,2016,rosemead,NA,NA,NA
neighborhoods_252,1225837,43113965.0000,27116.5,2.4760,industrial,2016,rosemead,NA,NA,NA
neighborhoods_252,1093379,18781487.0000,38467,4.6243,institutional,2016,rosemead,NA,NA,NA
neighborhoods_252,5935281,19643956.5000,5528,2.3402,multi_family,2016,rosemead,NA,NA,NA
neighborhoods_252,118386,masked,masked,masked,other,2016,rosemead,NA,NA,masked
neighborhoods_252,97116,masked,masked,masked,residential_other,2016,rosemead,NA,NA,masked
neighborhoods_252,0,masked,masked,masked,residential_uncat,2016,rosemead,NA,NA,masked
neighborhoods_252,16074580,83393325.0000,5743.5,3.7163,res_total,2016,rosemead,NA,53607,1555.6425
neighborhoods_252,9544993,43620680.5000,5795,4.1249,single_family,2016,rosemead,NA,NA,NA
neighborhoods_252,0,masked,masked,masked,uncat,2016,rosemead,NA,NA,masked
neighborhoods_253,NA,NA,NA,NA,agriculture,2016,rowland heights,NA,NA,NA
neighborhoods_253,4460494,50802711.0000,157560,9.5665,commercial,2016,rowland heights,NA,NA,NA
neighborhoods_253,348368,2955961.0000,9623,4.0640,condo,2016,rowland heights,NA,NA,NA
neighborhoods_253,974227,masked,masked,masked,industrial,2016,rowland heights,NA,NA,masked
neighborhoods_253,576192,masked,masked,masked,institutional,2016,rowland heights,NA,NA,masked
neighborhoods_253,2731134,14087772.5000,16890,4.3365,multi_family,2016,rowland heights,NA,NA,NA
neighborhoods_253,25086,492067.0000,7229,56.1039,other,2016,rowland heights,NA,NA,NA
neighborhoods_253,74003,4733063.5000,10662.5,8.1384,residential_other,2016,rowland heights,NA,NA,NA
neighborhoods_253,0,1665686.0000,NA,NA,residential_uncat,2016,rowland heights,NA,NA,NA
neighborhoods_253,24332295,96520316.0000,6272,3.3257,res_total,2016,rowland heights,NA,48264,1999.8408
neighborhoods_253,21178790,73077833.0000,6196,3.3022,single_family,2016,rowland heights,NA,NA,NA
neighborhoods_253,0,masked,masked,masked,uncat,2016,rowland heights,NA,NA,masked
neighborhoods_254,9460,masked,masked,masked,agriculture,2016,san dimas,NA,NA,masked
neighborhoods_254,3886443,71257782.0000,85456,12.2990,commercial,2016,san dimas,NA,NA,NA
neighborhoods_254,2740468,13556892.0000,6145.5,4.0416,condo,2016,san dimas,NA,NA,NA
neighborhoods_254,3662979,masked,masked,masked,industrial,2016,san dimas,NA,NA,masked
neighborhoods_254,1044268,masked,masked,masked,institutional,2016,san dimas,NA,NA,masked
neighborhoods_254,1720623,7923926.5000,8905,3.8053,multi_family,2016,san dimas,NA,NA,NA
neighborhoods_254,32482,masked,masked,masked,other,2016,san dimas,NA,NA,masked
neighborhoods_254,573063,9651454.5000,5282,4.4462,residential_other,2016,san dimas,NA,NA,NA
neighborhoods_254,0,2948673.8333,NA,NA,residential_uncat,2016,san dimas,NA,NA,NA
neighborhoods_254,18448607,96493703.3333,7817,4.4320,res_total,2016,san dimas,NA,33474,2882.6463
neighborhoods_254,13414453,62412756.5000,8230.5,4.5301,single_family,2016,san dimas,NA,NA,NA
neighborhoods_254,0,masked,masked,masked,uncat,2016,san dimas,NA,NA,masked
neighborhoods_255,NA,NA,NA,NA,agriculture,2016,san fernando,NA,NA,NA
neighborhoods_255,2062956,36643459.4000,22396.5,6.6200,commercial,2016,san fernando,NA,NA,NA
neighborhoods_255,13676,1333539.0000,108355,75.6957,condo,2016,san fernando,NA,NA,NA
neighborhoods_255,2915874,masked,masked,masked,industrial,2016,san fernando,NA,NA,masked
neighborhoods_255,427052,masked,masked,masked,institutional,2016,san fernando,NA,NA,masked
neighborhoods_255,1381440,6128533.2000,8384,4.3949,multi_family,2016,san fernando,NA,NA,NA
neighborhoods_255,27272,masked,masked,masked,other,2016,san fernando,NA,NA,masked
neighborhoods_255,71526,masked,masked,masked,residential_other,2016,san fernando,NA,NA,masked
neighborhoods_255,0,masked,masked,masked,residential_uncat,2016,san fernando,NA,NA,masked
neighborhoods_255,6139691,36847805.0000,6801,5.1903,res_total,2016,san fernando,NA,24329,1514.5631
neighborhoods_255,4673049,25763097.8000,6682,5.2735,single_family,2016,san fernando,NA,NA,NA
neighborhoods_255,0,masked,masked,masked,uncat,2016,san fernando,NA,NA,masked
neighborhoods_256,5593,masked,masked,masked,agriculture,2016,san gabriel,NA,NA,masked
neighborhoods_256,3791656,62846312.0000,20305,6.1709,commercial,2016,san gabriel,NA,NA,NA
neighborhoods_256,240211,6133338.0000,28598,18.3474,condo,2016,san gabriel,NA,NA,NA
neighborhoods_256,812955,masked,masked,masked,industrial,2016,san gabriel,NA,NA,masked
neighborhoods_256,739240,masked,masked,masked,institutional,2016,san gabriel,NA,NA,masked
neighborhoods_256,4862820,19541248.5000,10920,3.9813,multi_family,2016,san gabriel,NA,NA,NA
neighborhoods_256,68634,masked,masked,masked,other,2016,san gabriel,NA,NA,masked
neighborhoods_256,146252,masked,masked,masked,residential_other,2016,san gabriel,NA,NA,masked
neighborhoods_256,0,masked,masked,masked,residential_uncat,2016,san gabriel,NA,NA,masked
neighborhoods_256,14843798,69645958.0000,6455,3.9594,res_total,2016,san gabriel,NA,41471,1679.3894
neighborhoods_256,9594515,39928688.5000,5992,3.9012,single_family,2016,san gabriel,NA,NA,NA
neighborhoods_256,0,masked,masked,masked,uncat,2016,san gabriel,NA,NA,masked
neighborhoods_257,NA,NA,NA,NA,agriculture,2016,san marino,NA,NA,NA
neighborhoods_257,635329,7730321.0000,17786.5,5.9213,commercial,2016,san marino,NA,NA,NA
neighborhoods_257,4229,masked,masked,masked,condo,2016,san marino,NA,NA,masked
neighborhoods_257,0,masked,masked,masked,industrial,2016,san marino,NA,NA,masked
neighborhoods_257,258660,masked,masked,masked,institutional,2016,san marino,NA,NA,masked
neighborhoods_257,8785,masked,masked,masked,multi_family,2016,san marino,NA,NA,masked
neighborhoods_257,7264,masked,masked,masked,other,2016,san marino,NA,NA,masked
neighborhoods_257,1650,masked,masked,masked,residential_other,2016,san marino,NA,NA,masked
neighborhoods_257,0,masked,masked,masked,residential_uncat,2016,san marino,NA,NA,masked
neighborhoods_257,12946034,50748106.0000,9067.5,3.4157,res_total,2016,san marino,NA,13337,3805.0616
neighborhoods_257,12931370,50349159.0000,9067.5,3.4157,single_family,2016,san marino,NA,NA,NA
neighborhoods_257,0,masked,masked,masked,uncat,2016,san marino,NA,NA,masked
neighborhoods_258,NA,NA,NA,NA,agriculture,2016,san pasqual,NA,NA,NA
neighborhoods_258,36161,masked,masked,masked,commercial,2016,san pasqual,NA,NA,masked
neighborhoods_258,12905,masked,masked,masked,condo,2016,san pasqual,NA,NA,masked
neighborhoods_258,NA,NA,NA,NA,industrial,2016,san pasqual,NA,NA,NA
neighborhoods_258,8700,masked,masked,masked,institutional,2016,san pasqual,NA,NA,masked
neighborhoods_258,270791,1172497.0000,15082,4.6199,multi_family,2016,san pasqual,NA,NA,NA
neighborhoods_258,NA,NA,NA,NA,other,2016,san pasqual,NA,NA,NA
neighborhoods_258,NA,NA,NA,NA,residential_other,2016,san pasqual,NA,NA,NA
neighborhoods_258,0,masked,masked,masked,residential_uncat,2016,san pasqual,NA,NA,masked
neighborhoods_258,1293450,5708774.0000,6761,4.0227,res_total,2016,san pasqual,NA,2177,2622.3124
neighborhoods_258,1009754,4084734.0000,6494.5,3.9260,single_family,2016,san pasqual,NA,NA,NA
neighborhoods_258,NA,NA,NA,NA,uncat,2016,san pasqual,NA,NA,NA
neighborhoods_259,NA,NA,NA,NA,agriculture,2016,san pedro,NA,NA,NA
neighborhoods_259,5747033,82961513.4000,24436.35,6.6593,commercial,2016,san pedro,NA,NA,NA
neighborhoods_259,350000,23946308.2000,23156.75,17.0790,condo,2016,san pedro,NA,NA,NA
neighborhoods_259,987917,masked,masked,masked,industrial,2016,san pedro,NA,NA,masked
neighborhoods_259,1220909,masked,masked,masked,institutional,2016,san pedro,NA,NA,masked
neighborhoods_259,13218910,55916424.9000,9472.5,3.5242,multi_family,2016,san pedro,NA,NA,NA
neighborhoods_259,56465,masked,masked,masked,other,2016,san pedro,NA,NA,masked
neighborhoods_259,489978,4257504.8000,13871.75,5.0854,residential_other,2016,san pedro,NA,NA,NA
neighborhoods_259,0,3938114.7000,NA,NA,residential_uncat,2016,san pedro,NA,NA,NA
neighborhoods_259,29957491,146553294.8000,6057.45,3.5163,res_total,2016,san pedro,NA,80494,1820.6735
neighborhoods_259,15898603,58494942.2000,5179.3,3.4543,single_family,2016,san pedro,NA,NA,NA
neighborhoods_259,0,masked,masked,masked,uncat,2016,san pedro,NA,NA,masked
neighborhoods_260,16181,masked,masked,masked,agriculture,2016,santa clarita,NA,NA,masked
neighborhoods_260,17213123,327963973.0000,90068,10.1819,commercial,2016,santa clarita,NA,NA,NA
neighborhoods_260,12759145,140916395.6667,8125,4.5941,condo,2016,santa clarita,NA,NA,NA
neighborhoods_260,11701840,261740049.0000,145071.5,7.8784,industrial,2016,santa clarita,NA,NA,NA
neighborhoods_260,2199161,60846220.0000,65860,8.3350,institutional,2016,santa clarita,NA,NA,NA
neighborhoods_260,11129751,49415447.5000,18553.5,4.6181,multi_family,2016,santa clarita,NA,NA,NA
neighborhoods_260,602001,masked,masked,masked,other,2016,santa clarita,NA,NA,masked
neighborhoods_260,689297,27475813.0000,22235,13.4759,residential_other,2016,santa clarita,NA,NA,NA
neighborhoods_260,0,45529319.0000,NA,NA,residential_uncat,2016,santa clarita,NA,NA,NA
neighborhoods_260,74583502,513959124.0000,8497,4.7901,res_total,2016,santa clarita,NA,182506,2816.1218
neighborhoods_260,50005309,250622148.8333,8541,4.8318,single_family,2016,santa clarita,NA,NA,NA
neighborhoods_260,0,8314003.0000,NA,NA,uncat,2016,santa clarita,NA,NA,NA
neighborhoods_261,5837,masked,masked,masked,agriculture,2016,santa fe springs,NA,NA,masked
neighborhoods_261,3691749,68675077.0000,89152,9.1728,commercial,2016,santa fe springs,NA,NA,NA
neighborhoods_261,240973,2295388.0000,5869,4.1424,condo,2016,santa fe springs,NA,NA,NA
neighborhoods_261,53553663,masked,masked,masked,industrial,2016,santa fe springs,NA,NA,masked
neighborhoods_261,707419,masked,masked,masked,institutional,2016,santa fe springs,NA,NA,masked
neighborhoods_261,1116136,3772411.0000,16311,3.8643,multi_family,2016,santa fe springs,NA,NA,NA
neighborhoods_261,962334,masked,masked,masked,other,2016,santa fe springs,NA,NA,masked
neighborhoods_261,54783,924923.0000,150666,13.6448,residential_other,2016,santa fe springs,NA,NA,NA
neighborhoods_261,0,3421789.0000,NA,NA,residential_uncat,2016,santa fe springs,NA,NA,NA
neighborhoods_261,5463562,30277228.0000,6117,4.6226,res_total,2016,santa fe springs,NA,20105,1505.9551
neighborhoods_261,4051670,19862717.0000,6063.5,4.6387,single_family,2016,santa fe springs,NA,NA,NA
neighborhoods_261,0,masked,masked,masked,uncat,2016,santa fe springs,NA,NA,masked
neighborhoods_262,31437,masked,masked,masked,agriculture,2016,santa monica,NA,NA,masked
neighborhoods_262,23695344,455670491.3000,52929,8.4949,commercial,2016,santa monica,NA,NA,NA
neighborhoods_262,1259721,48659004.0000,32452.5,24.4709,condo,2016,santa monica,NA,NA,NA
neighborhoods_262,2245278,masked,masked,masked,industrial,2016,santa monica,NA,NA,masked
neighborhoods_262,1539832,40796290.0000,38258,6.9125,institutional,2016,santa monica,NA,NA,NA
neighborhoods_262,27081865,101203202.5000,12878.5,3.1222,multi_family,2016,santa monica,NA,NA,NA
neighborhoods_262,150167,5774522.5000,23806.5,12.0984,other,2016,santa monica,NA,NA,NA
neighborhoods_262,670915,9819037.0000,21442,5.7082,residential_other,2016,santa monica,NA,NA,NA
neighborhoods_262,0,13422886.5000,NA,NA,residential_uncat,2016,santa monica,NA,NA,NA
neighborhoods_262,45999125,241728154.5000,9216,3.5081,res_total,2016,santa monica,NA,91639,2637.8306
neighborhoods_262,16986624,68624024.5000,7028,3.5504,single_family,2016,santa monica,NA,NA,NA
neighborhoods_262,0,masked,masked,masked,uncat,2016,santa monica,NA,NA,masked
neighborhoods_263,NA,NA,NA,NA,agriculture,2016,sawtelle,NA,NA,NA
neighborhoods_263,11827944,188835754.8000,50892.15,9.3388,commercial,2016,sawtelle,NA,NA,NA
neighborhoods_263,539499,18343596.6000,46098.85,32.3907,condo,2016,sawtelle,NA,NA,NA
neighborhoods_263,1271386,15082122.6000,34015.95,6.2012,industrial,2016,sawtelle,NA,NA,NA
neighborhoods_263,464579,masked,masked,masked,institutional,2016,sawtelle,NA,NA,masked
neighborhoods_263,11477235,43373439.3000,18708.2,3.4748,multi_family,2016,sawtelle,NA,NA,NA
neighborhoods_263,315544,masked,masked,masked,other,2016,sawtelle,NA,NA,masked
neighborhoods_263,70090,masked,masked,masked,residential_other,2016,sawtelle,NA,NA,masked
neighborhoods_263,0,masked,masked,masked,residential_uncat,2016,sawtelle,NA,NA,masked
neighborhoods_263,15310448,83321701.2000,7247,3.6475,res_total,2016,sawtelle,NA,40784,2042.9997
neighborhoods_263,3223624,12712430.6000,4713.8,3.5777,single_family,2016,sawtelle,NA,NA,NA
neighborhoods_263,0,masked,masked,masked,uncat,2016,sawtelle,NA,NA,masked
neighborhoods_264,NA,NA,NA,NA,agriculture,2016,sepulveda basin,NA,NA,NA
neighborhoods_264,107638,masked,masked,masked,commercial,2016,sepulveda basin,NA,NA,masked
neighborhoods_264,NA,NA,NA,NA,condo,2016,sepulveda basin,NA,NA,NA
neighborhoods_264,174300,masked,masked,masked,industrial,2016,sepulveda basin,NA,NA,masked
neighborhoods_264,4446,masked,masked,masked,institutional,2016,sepulveda basin,NA,NA,masked
neighborhoods_264,NA,NA,NA,NA,multi_family,2016,sepulveda basin,NA,NA,NA
neighborhoods_264,2046,masked,masked,masked,other,2016,sepulveda basin,NA,NA,masked
neighborhoods_264,NA,NA,NA,NA,residential_other,2016,sepulveda basin,NA,NA,NA
neighborhoods_264,NA,NA,NA,NA,residential_uncat,2016,sepulveda basin,NA,NA,NA
neighborhoods_264,167427,919566.2000,7833.2,5.3075,res_total,2016,sepulveda basin,NA,669,1374.5384
neighborhoods_264,167427,919566.2000,7833.2,5.3075,single_family,2016,sepulveda basin,NA,NA,NA
neighborhoods_264,NA,NA,NA,NA,uncat,2016,sepulveda basin,NA,NA,NA
neighborhoods_265,21794,masked,masked,masked,agriculture,2016,shadow hills,NA,NA,masked
neighborhoods_265,746974,masked,masked,masked,commercial,2016,shadow hills,NA,NA,masked
neighborhoods_265,27164,6843524.2000,367799.2,232.9876,condo,2016,shadow hills,NA,NA,NA
neighborhoods_265,2464691,18722428.2000,116716.3,5.3822,industrial,2016,shadow hills,NA,NA,NA
neighborhoods_265,291549,masked,masked,masked,institutional,2016,shadow hills,NA,NA,masked
neighborhoods_265,482789,2730904.5000,12843,4.9910,multi_family,2016,shadow hills,NA,NA,NA
neighborhoods_265,169430,masked,masked,masked,other,2016,shadow hills,NA,NA,masked
neighborhoods_265,198009,masked,masked,masked,residential_other,2016,shadow hills,NA,NA,masked
neighborhoods_265,0,masked,masked,masked,residential_uncat,2016,shadow hills,NA,NA,masked
neighborhoods_265,7221649,49092804.4000,8930.2,4.9969,res_total,2016,shadow hills,NA,12700,3865.5751
neighborhoods_265,6513687,36230872.6000,8796.4,4.9754,single_family,2016,shadow hills,NA,NA,NA
neighborhoods_265,0,masked,masked,masked,uncat,2016,shadow hills,NA,NA,masked
neighborhoods_266,NA,NA,NA,NA,agriculture,2016,sherman oaks,NA,NA,NA
neighborhoods_266,9919843,156633141.5000,67773.8,12.2611,commercial,2016,sherman oaks,NA,NA,NA
neighborhoods_266,433293,38172850.4000,104328.5,79.8292,condo,2016,sherman oaks,NA,NA,NA
neighborhoods_266,3520,masked,masked,masked,industrial,2016,sherman oaks,NA,NA,masked
neighborhoods_266,742437,24217670.1000,220639.8,11.7723,institutional,2016,sherman oaks,NA,NA,NA
neighborhoods_266,14841791,79333290.9000,32095,4.8711,multi_family,2016,sherman oaks,NA,NA,NA
neighborhoods_266,58801,masked,masked,masked,other,2016,sherman oaks,NA,NA,masked
neighborhoods_266,162413,masked,masked,masked,residential_other,2016,sherman oaks,NA,NA,masked
neighborhoods_266,0,masked,masked,masked,residential_uncat,2016,sherman oaks,NA,NA,masked
neighborhoods_266,41496822,259644266.2000,10559.8,4.9967,res_total,2016,sherman oaks,NA,67980,3819.4214
neighborhoods_266,26059325,138326225.3000,9920.5,4.9573,single_family,2016,sherman oaks,NA,NA,NA
neighborhoods_266,0,masked,masked,masked,uncat,2016,sherman oaks,NA,NA,masked
neighborhoods_267,NA,NA,NA,NA,agriculture,2016,sierra madre,NA,NA,NA
neighborhoods_267,372701,5509390.0000,18175,6.5725,commercial,2016,sierra madre,NA,NA,NA
neighborhoods_267,69902,1935544.0000,39123,22.7868,condo,2016,sierra madre,NA,NA,NA
neighborhoods_267,141293,masked,masked,masked,industrial,2016,sierra madre,NA,NA,masked
neighborhoods_267,354827,masked,masked,masked,institutional,2016,sierra madre,NA,NA,masked
neighborhoods_267,1317591,5562423.0000,8975.5,3.8177,multi_family,2016,sierra madre,NA,NA,NA
neighborhoods_267,9359,masked,masked,masked,other,2016,sierra madre,NA,NA,masked
neighborhoods_267,34904,masked,masked,masked,residential_other,2016,sierra madre,NA,NA,masked
neighborhoods_267,0,masked,masked,masked,residential_uncat,2016,sierra madre,NA,NA,masked
neighborhoods_267,7129753,35765084.0000,7990,4.3892,res_total,2016,sierra madre,NA,11061,3233.4404
neighborhoods_267,5707356,26610908.0000,7791,4.4163,single_family,2016,sierra madre,NA,NA,NA
neighborhoods_267,0,masked,masked,masked,uncat,2016,sierra madre,NA,NA,masked
neighborhoods_268,NA,NA,NA,NA,agriculture,2016,signal hill,NA,NA,NA
neighborhoods_268,2916560,42319004.0000,31871,7.1514,commercial,2016,signal hill,NA,NA,NA
neighborhoods_268,925043,10965550.0000,7424.5,3.3211,condo,2016,signal hill,NA,NA,NA
neighborhoods_268,4366302,masked,masked,masked,industrial,2016,signal hill,NA,NA,masked
neighborhoods_268,74133,masked,masked,masked,institutional,2016,signal hill,NA,NA,masked
neighborhoods_268,1656874,6940837.0000,6600,2.8923,multi_family,2016,signal hill,NA,NA,NA
neighborhoods_268,13683,masked,masked,masked,other,2016,signal hill,NA,NA,masked
neighborhoods_268,17365,masked,masked,masked,residential_other,2016,signal hill,NA,NA,masked
neighborhoods_268,0,masked,masked,masked,residential_uncat,2016,signal hill,NA,NA,masked
neighborhoods_268,3789436,25777927.0000,6362,3.2345,res_total,2016,signal hill,NA,11791,2186.2376
neighborhoods_268,1190154,4227443.0000,5729,3.3270,single_family,2016,signal hill,NA,NA,NA
neighborhoods_268,0,masked,masked,masked,uncat,2016,signal hill,NA,NA,masked
neighborhoods_269,NA,NA,NA,NA,agriculture,2016,silver lake,NA,NA,NA
neighborhoods_269,1393960,23815472.8000,28267.85,8.9695,commercial,2016,silver lake,NA,NA,NA
neighborhoods_269,71349,3045535.1000,25278,27.6125,condo,2016,silver lake,NA,NA,NA
neighborhoods_269,203538,masked,masked,masked,industrial,2016,silver lake,NA,NA,masked
neighborhoods_269,247904,masked,masked,masked,institutional,2016,silver lake,NA,NA,masked
neighborhoods_269,8022413,31942904.4000,9560.5,3.6586,multi_family,2016,silver lake,NA,NA,NA
neighborhoods_269,30159,masked,masked,masked,other,2016,silver lake,NA,NA,masked
neighborhoods_269,123999,masked,masked,masked,residential_other,2016,silver lake,NA,NA,masked
neighborhoods_269,0,masked,masked,masked,residential_uncat,2016,silver lake,NA,NA,masked
neighborhoods_269,14664176,66199594.2000,7217.8,3.8997,res_total,2016,silver lake,NA,30809,2148.7096
neighborhoods_269,6446415,27771381.3000,6158.45,4.0236,single_family,2016,silver lake,NA,NA,NA
neighborhoods_269,0,masked,masked,masked,uncat,2016,silver lake,NA,NA,masked
neighborhoods_270,NA,NA,NA,NA,agriculture,2016,south diamond bar,NA,NA,NA
neighborhoods_270,0,masked,masked,masked,commercial,2016,south diamond bar,NA,NA,masked
neighborhoods_270,NA,NA,NA,NA,condo,2016,south diamond bar,NA,NA,NA
neighborhoods_270,NA,NA,NA,NA,industrial,2016,south diamond bar,NA,NA,NA
neighborhoods_270,NA,NA,NA,NA,institutional,2016,south diamond bar,NA,NA,NA
neighborhoods_270,NA,NA,NA,NA,multi_family,2016,south diamond bar,NA,NA,NA
neighborhoods_270,NA,NA,NA,NA,other,2016,south diamond bar,NA,NA,NA
neighborhoods_270,NA,NA,NA,NA,residential_other,2016,south diamond bar,NA,NA,NA
neighborhoods_270,0,masked,masked,masked,residential_uncat,2016,south diamond bar,NA,NA,masked
neighborhoods_270,12496,masked,masked,masked,res_total,2016,south diamond bar,NA,2589,masked
neighborhoods_270,12496,masked,masked,masked,single_family,2016,south diamond bar,NA,NA,masked
neighborhoods_270,0,masked,masked,masked,uncat,2016,south diamond bar,NA,NA,masked
neighborhoods_271,49743,masked,masked,masked,agriculture,2016,southeast antelope valley,NA,NA,masked
neighborhoods_271,99860,masked,masked,masked,commercial,2016,southeast antelope valley,NA,NA,masked
neighborhoods_271,1900,masked,masked,masked,condo,2016,southeast antelope valley,NA,NA,masked
neighborhoods_271,1000,masked,masked,masked,industrial,2016,southeast antelope valley,NA,NA,masked
neighborhoods_271,23039,masked,masked,masked,institutional,2016,southeast antelope valley,NA,NA,masked
neighborhoods_271,113327,600296.0000,10145,4.7422,multi_family,2016,southeast antelope valley,NA,NA,NA
neighborhoods_271,155070,masked,masked,masked,other,2016,southeast antelope valley,NA,NA,masked
neighborhoods_271,287416,3944254.0000,8712,5.1327,residential_other,2016,southeast antelope valley,NA,NA,NA
neighborhoods_271,0,masked,masked,masked,residential_uncat,2016,southeast antelope valley,NA,NA,masked
neighborhoods_271,3958053,23092204.0000,8433,4.2186,res_total,2016,southeast antelope valley,NA,8385,2753.9897
neighborhoods_271,3555410,16634663.0000,8420,4.1653,single_family,2016,southeast antelope valley,NA,NA,NA
neighborhoods_271,0,masked,masked,masked,uncat,2016,southeast antelope valley,NA,NA,masked
neighborhoods_272,NA,NA,NA,NA,agriculture,2016,south el monte,NA,NA,NA
neighborhoods_272,1355596,22410805.0000,21679,6.6642,commercial,2016,south el monte,NA,NA,NA
neighborhoods_272,109079,664851.0000,5052,3.1342,condo,2016,south el monte,NA,NA,NA
neighborhoods_272,11448172,105078087.0000,21943.5,2.8671,industrial,2016,south el monte,NA,NA,NA
neighborhoods_272,255688,masked,masked,masked,institutional,2016,south el monte,NA,NA,masked
neighborhoods_272,1496260,5202242.0000,6612,2.7262,multi_family,2016,south el monte,NA,NA,NA
neighborhoods_272,17579,masked,masked,masked,other,2016,south el monte,NA,NA,masked
neighborhoods_272,37119,masked,masked,masked,residential_other,2016,south el monte,NA,NA,masked
neighborhoods_272,0,masked,masked,masked,residential_uncat,2016,south el monte,NA,NA,masked
neighborhoods_272,4548473,27253189.3333,6143.5,4.6206,res_total,2016,south el monte,NA,21162,1287.8362
neighborhoods_272,2906015,15912597.3333,6133.5,5.0034,single_family,2016,south el monte,NA,NA,NA
neighborhoods_272,0,masked,masked,masked,uncat,2016,south el monte,NA,NA,masked
neighborhoods_273,176666,masked,masked,masked,agriculture,2016,south gate,NA,NA,masked
neighborhoods_273,4150193,84436311.5000,17321,5.5955,commercial,2016,south gate,NA,NA,NA
neighborhoods_273,543977,2606722.0000,4668.5,3.0821,condo,2016,south gate,NA,NA,NA
neighborhoods_273,8527477,162753190.0000,26295,3.0928,industrial,2016,south gate,NA,NA,NA
neighborhoods_273,1865532,23992982.0000,28190,4.6745,institutional,2016,south gate,NA,NA,NA
neighborhoods_273,9292294,35276445.0000,8246,3.8068,multi_family,2016,south gate,NA,NA,NA
neighborhoods_273,624662,masked,masked,masked,other,2016,south gate,NA,NA,masked
neighborhoods_273,31878,masked,masked,masked,residential_other,2016,south gate,NA,NA,masked
neighborhoods_273,0,masked,masked,masked,residential_uncat,2016,south gate,NA,NA,masked
neighborhoods_273,22320856,102243440.6667,5573,4.0768,res_total,2016,south gate,NA,96445,1060.1217
neighborhoods_273,12452707,55200809.6667,5095,4.2358,single_family,2016,south gate,NA,NA,NA
neighborhoods_273,0,1357604.0000,NA,NA,uncat,2016,south gate,NA,NA,NA
neighborhoods_274,NA,NA,NA,NA,agriculture,2016,south park,NA,NA,NA
neighborhoods_274,1131296,13955430.4000,20662.25,6.0347,commercial,2016,south park,NA,NA,NA
neighborhoods_274,NA,NA,NA,NA,condo,2016,south park,NA,NA,NA
neighborhoods_274,789190,masked,masked,masked,industrial,2016,south park,NA,NA,masked
neighborhoods_274,380867,masked,masked,masked,institutional,2016,south park,NA,NA,masked
neighborhoods_274,4827044,19030880.8000,7739.7,3.6865,multi_family,2016,south park,NA,NA,NA
neighborhoods_274,8357,masked,masked,masked,other,2016,south park,NA,NA,masked
neighborhoods_274,37224,masked,masked,masked,residential_other,2016,south park,NA,NA,masked
neighborhoods_274,0,masked,masked,masked,residential_uncat,2016,south park,NA,NA,masked
neighborhoods_274,6708666,27649951.9000,6316.35,3.7971,res_total,2016,south park,NA,32655,846.7295
neighborhoods_274,1844398,7739505.7000,4889.4,3.9540,single_family,2016,south park,NA,NA,NA
neighborhoods_274,0,masked,masked,masked,uncat,2016,south park,NA,NA,masked
neighborhoods_275,NA,NA,NA,NA,agriculture,2016,south pasadena,NA,NA,NA
neighborhoods_275,1746219,32285334.7000,30238,6.6738,commercial,2016,south pasadena,NA,NA,NA
neighborhoods_275,123906,6174704.0000,58285,38.8285,condo,2016,south pasadena,NA,NA,NA
neighborhoods_275,197379,2167838.0000,14489,4.7027,industrial,2016,south pasadena,NA,NA,NA
neighborhoods_275,200978,masked,masked,masked,institutional,2016,south pasadena,NA,NA,masked
neighborhoods_275,4987677,17217168.0000,8516,2.9117,multi_family,2016,south pasadena,NA,NA,NA
neighborhoods_275,55155,masked,masked,masked,other,2016,south pasadena,NA,NA,masked
neighborhoods_275,79530,masked,masked,masked,residential_other,2016,south pasadena,NA,NA,masked
neighborhoods_275,0,masked,masked,masked,residential_uncat,2016,south pasadena,NA,NA,masked
neighborhoods_275,14167222,62711034.1000,7094,3.5024,res_total,2016,south pasadena,NA,25887,2422.4914
neighborhoods_275,8976109,34417487.1000,6862,3.5836,single_family,2016,south pasadena,NA,NA,NA
neighborhoods_275,0,masked,masked,masked,uncat,2016,south pasadena,NA,NA,masked
neighborhoods_276,NA,NA,NA,NA,agriculture,2016,south san gabriel,NA,NA,NA
neighborhoods_276,106863,masked,masked,masked,commercial,2016,south san gabriel,NA,NA,masked
neighborhoods_276,83891,1200778.0000,4570,3.3529,condo,2016,south san gabriel,NA,NA,NA
neighborhoods_276,0,masked,masked,masked,industrial,2016,south san gabriel,NA,NA,masked
neighborhoods_276,25986,masked,masked,masked,institutional,2016,south san gabriel,NA,NA,masked
neighborhoods_276,416032,1848963.0000,10007,4.4829,multi_family,2016,south san gabriel,NA,NA,NA
neighborhoods_276,4226,163836.0000,5165,NA,other,2016,south san gabriel,NA,NA,NA
neighborhoods_276,49698,masked,masked,masked,residential_other,2016,south san gabriel,NA,NA,masked
neighborhoods_276,0,masked,masked,masked,residential_uncat,2016,south san gabriel,NA,NA,masked
neighborhoods_276,3051801,15332623.0000,5713,3.9610,res_total,2016,south san gabriel,NA,9306,1647.6062
neighborhoods_276,2502180,10711099.0000,5556,3.9249,single_family,2016,south san gabriel,NA,NA,NA
neighborhoods_276,0,masked,masked,masked,uncat,2016,south san gabriel,NA,NA,masked
neighborhoods_277,NA,NA,NA,NA,agriculture,2016,south san jose hills,NA,NA,NA
neighborhoods_277,638373,masked,masked,masked,commercial,2016,south san jose hills,NA,NA,masked
neighborhoods_277,65477,516846.0000,6081,2.8397,condo,2016,south san jose hills,NA,NA,NA
neighborhoods_277,1112410,2128465.0000,34781,2.0895,industrial,2016,south san jose hills,NA,NA,NA
neighborhoods_277,54223,masked,masked,masked,institutional,2016,south san jose hills,NA,NA,masked
neighborhoods_277,22763,masked,masked,masked,multi_family,2016,south san jose hills,NA,NA,masked
neighborhoods_277,NA,NA,NA,NA,other,2016,south san jose hills,NA,NA,NA
neighborhoods_277,7618,masked,masked,masked,residential_other,2016,south san jose hills,NA,NA,masked
neighborhoods_277,0,masked,masked,masked,residential_uncat,2016,south san jose hills,NA,NA,masked
neighborhoods_277,3856741,25670780.0000,6264,5.1695,res_total,2016,south san jose hills,NA,20619,1245.0061
neighborhoods_277,3760883,20444475.0000,6266,5.1801,single_family,2016,south san jose hills,NA,NA,NA
neighborhoods_277,0,masked,masked,masked,uncat,2016,south san jose hills,NA,NA,masked
neighborhoods_278,NA,NA,NA,NA,agriculture,2016,south whittier,NA,NA,NA
neighborhoods_278,912228,17853234.0000,42263.5,10.7997,commercial,2016,south whittier,NA,NA,NA
neighborhoods_278,45619,3741210.0000,76038.5,76.8185,condo,2016,south whittier,NA,NA,NA
neighborhoods_278,222721,masked,masked,masked,industrial,2016,south whittier,NA,NA,masked
neighborhoods_278,384740,masked,masked,masked,institutional,2016,south whittier,NA,NA,masked
neighborhoods_278,3552071,18234923.5000,13611.5,4.8984,multi_family,2016,south whittier,NA,NA,NA
neighborhoods_278,10368,masked,masked,masked,other,2016,south whittier,NA,NA,masked
neighborhoods_278,107106,masked,masked,masked,residential_other,2016,south whittier,NA,NA,masked
neighborhoods_278,0,masked,masked,masked,residential_uncat,2016,south whittier,NA,NA,masked
neighborhoods_278,17814379,94944257.6000,6557,4.8259,res_total,2016,south whittier,NA,55740,1703.3415
neighborhoods_278,14109583,70843924.1000,6360.5,4.8140,single_family,2016,south whittier,NA,NA,NA
neighborhoods_278,0,masked,masked,masked,uncat,2016,south whittier,NA,NA,masked
neighborhoods_279,NA,NA,NA,NA,agriculture,2016,stevenson ranch,NA,NA,NA
neighborhoods_279,465780,masked,masked,masked,commercial,2016,stevenson ranch,NA,NA,masked
neighborhoods_279,1125457,14317807.0000,9527,4.4612,condo,2016,stevenson ranch,NA,NA,NA
neighborhoods_279,0,masked,masked,masked,industrial,2016,stevenson ranch,NA,NA,masked
neighborhoods_279,6827,masked,masked,masked,institutional,2016,stevenson ranch,NA,NA,masked
neighborhoods_279,1328129,5783097.0000,908487.5,6.1779,multi_family,2016,stevenson ranch,NA,NA,NA
neighborhoods_279,3101,masked,masked,masked,other,2016,stevenson ranch,NA,NA,masked
neighborhoods_279,57591,masked,masked,masked,residential_other,2016,stevenson ranch,NA,NA,masked
neighborhoods_279,0,masked,masked,masked,residential_uncat,2016,stevenson ranch,NA,NA,masked
neighborhoods_279,12138693,61741293.5000,10252,3.7676,res_total,2016,stevenson ranch,NA,8609,7171.7149
neighborhoods_279,9627516,37786247.0000,10411,3.6791,single_family,2016,stevenson ranch,NA,NA,NA
neighborhoods_279,0,masked,masked,masked,uncat,2016,stevenson ranch,NA,NA,masked
neighborhoods_280,NA,NA,NA,NA,agriculture,2016,studio city,NA,NA,NA
neighborhoods_280,5581058,86204497.2000,54668.6,12.8937,commercial,2016,studio city,NA,NA,NA
neighborhoods_280,286127,22845497.4000,75326.7,57.2605,condo,2016,studio city,NA,NA,NA
neighborhoods_280,355004,masked,masked,masked,industrial,2016,studio city,NA,NA,masked
neighborhoods_280,465038,masked,masked,masked,institutional,2016,studio city,NA,NA,masked
neighborhoods_280,8402038,46215650.4000,28099.9,4.9199,multi_family,2016,studio city,NA,NA,NA
neighborhoods_280,162844,masked,masked,masked,other,2016,studio city,NA,NA,masked
neighborhoods_280,763914,masked,masked,masked,residential_other,2016,studio city,NA,NA,masked
neighborhoods_280,0,masked,masked,masked,residential_uncat,2016,studio city,NA,NA,masked
neighborhoods_280,26096673,160020970.2000,11334,5.0618,res_total,2016,studio city,NA,37541,4262.5655
neighborhoods_280,16644594,86302325.2000,10572.3,4.9793,single_family,2016,studio city,NA,NA,NA
neighborhoods_280,0,masked,masked,masked,uncat,2016,studio city,NA,NA,masked
neighborhoods_281,NA,NA,NA,NA,agriculture,2016,sunland,NA,NA,NA
neighborhoods_281,1360709,11842983.4000,23108.1,8.6081,commercial,2016,sunland,NA,NA,NA
neighborhoods_281,10389,2241379.3000,212872.2,175.5170,condo,2016,sunland,NA,NA,NA
neighborhoods_281,16026,masked,masked,masked,industrial,2016,sunland,NA,NA,masked
neighborhoods_281,140729,masked,masked,masked,institutional,2016,sunland,NA,NA,masked
neighborhoods_281,826592,4649834.7000,11945.5,5.5577,multi_family,2016,sunland,NA,NA,NA
neighborhoods_281,5709,masked,masked,masked,other,2016,sunland,NA,NA,masked
neighborhoods_281,128055,masked,masked,masked,residential_other,2016,sunland,NA,NA,masked
neighborhoods_281,0,masked,masked,masked,residential_uncat,2016,sunland,NA,NA,masked
neighborhoods_281,6624582,39941911.0000,6696.6,4.9930,res_total,2016,sunland,NA,16477,2424.1009
neighborhoods_281,5659546,30345903.1000,6582.2,4.9546,single_family,2016,sunland,NA,NA,NA
neighborhoods_281,0,masked,masked,masked,uncat,2016,sunland,NA,NA,masked
neighborhoods_282,NA,NA,NA,NA,agriculture,2016,sun valley,NA,NA,NA
neighborhoods_282,3650278,59490858.8000,34644.7,9.0976,commercial,2016,sun valley,NA,NA,NA
neighborhoods_282,34595,5067963.0000,107473.2,106.1962,condo,2016,sun valley,NA,NA,NA
neighborhoods_282,13279367,146772166.2000,52598.3,5.4733,industrial,2016,sun valley,NA,NA,NA
neighborhoods_282,583078,masked,masked,masked,institutional,2016,sun valley,NA,NA,masked
neighborhoods_282,5508635,30018015.4000,15970.1,5.0768,multi_family,2016,sun valley,NA,NA,NA
neighborhoods_282,55932,masked,masked,masked,other,2016,sun valley,NA,NA,masked
neighborhoods_282,92865,919256.1000,11755.8,6.6706,residential_other,2016,sun valley,NA,NA,NA
neighborhoods_282,0,1142184.9000,NA,NA,residential_uncat,2016,sun valley,NA,NA,NA
neighborhoods_282,20798283,122387384.8000,6905.7,5.0506,res_total,2016,sun valley,NA,73336,1668.8582
neighborhoods_282,15162188,85239965.4000,6712.75,5.0372,single_family,2016,sun valley,NA,NA,NA
neighborhoods_282,0,masked,masked,masked,uncat,2016,sun valley,NA,NA,masked
neighborhoods_283,27441,masked,masked,masked,agriculture,2016,sun village,NA,NA,masked
neighborhoods_283,105416,masked,masked,masked,commercial,2016,sun village,NA,NA,masked
neighborhoods_283,NA,NA,NA,NA,condo,2016,sun village,NA,NA,NA
neighborhoods_283,8670,masked,masked,masked,industrial,2016,sun village,NA,NA,masked
neighborhoods_283,111506,masked,masked,masked,institutional,2016,sun village,NA,NA,masked
neighborhoods_283,98693,masked,masked,masked,multi_family,2016,sun village,NA,NA,masked
neighborhoods_283,18009,masked,masked,masked,other,2016,sun village,NA,NA,masked
neighborhoods_283,216996,1236077.0000,6804,4.2257,residential_other,2016,sun village,NA,NA,NA
neighborhoods_283,0,masked,masked,masked,residential_uncat,2016,sun village,NA,NA,masked
neighborhoods_283,4197758,23405670.5000,6990,4.8914,res_total,2016,sun village,NA,9375,2496.6049
neighborhoods_283,3882069,20593372.5000,6984,4.9350,single_family,2016,sun village,NA,NA,NA
neighborhoods_283,0,masked,masked,masked,uncat,2016,sun village,NA,NA,masked
neighborhoods_284,NA,NA,NA,NA,agriculture,2016,sylmar,NA,NA,NA
neighborhoods_284,2210569,42306875.5000,59165.1,11.8766,commercial,2016,sylmar,NA,NA,NA
neighborhoods_284,277320,24147120.8000,74795.9,49.4140,condo,2016,sylmar,NA,NA,NA
neighborhoods_284,6976447,152834515.1000,148199.4,5.8521,industrial,2016,sylmar,NA,NA,NA
neighborhoods_284,543172,masked,masked,masked,institutional,2016,sylmar,NA,NA,masked
neighborhoods_284,3410932,18469750.6000,12045,5.1826,multi_family,2016,sylmar,NA,NA,NA
neighborhoods_284,21526,4397136.1000,16714.25,NA,other,2016,sylmar,NA,NA,NA
neighborhoods_284,201535,10713357.6000,55833.2,11.8065,residential_other,2016,sylmar,NA,NA,NA
neighborhoods_284,0,2369420.4000,NA,NA,residential_uncat,2016,sylmar,NA,NA,NA
neighborhoods_284,21547054,145724528.3000,7158.2,4.7733,res_total,2016,sylmar,NA,77108,1889.8756
neighborhoods_284,17657267,90024878.9000,7014.05,4.7269,single_family,2016,sylmar,NA,NA,NA
neighborhoods_284,0,masked,masked,masked,uncat,2016,sylmar,NA,NA,masked
neighborhoods_285,NA,NA,NA,NA,agriculture,2016,tarzana,NA,NA,NA
neighborhoods_285,3749785,59682822.5000,98768.95,12.7048,commercial,2016,tarzana,NA,NA,NA
neighborhoods_285,327599,20954780.2000,96402.6,50.7307,condo,2016,tarzana,NA,NA,NA
neighborhoods_285,517570,4955192.9000,157951.6,6.9372,industrial,2016,tarzana,NA,NA,NA
neighborhoods_285,710174,masked,masked,masked,institutional,2016,tarzana,NA,NA,masked
neighborhoods_285,3083068,18086559.5000,114483.4,5.5352,multi_family,2016,tarzana,NA,NA,NA
neighborhoods_285,35969,masked,masked,masked,other,2016,tarzana,NA,NA,masked
neighborhoods_285,529510,3190376.3000,19922.75,8.8009,residential_other,2016,tarzana,NA,NA,NA
neighborhoods_285,0,1433541.2000,NA,NA,residential_uncat,2016,tarzana,NA,NA,NA
neighborhoods_285,24015569,142982109.4000,11565.4,4.7561,res_total,2016,tarzana,NA,38600,3704.1997
neighborhoods_285,20075392,99316852.2000,11289.25,4.7000,single_family,2016,tarzana,NA,NA,NA
neighborhoods_285,0,masked,masked,masked,uncat,2016,tarzana,NA,NA,masked
neighborhoods_286,NA,NA,NA,NA,agriculture,2016,temple city,NA,NA,NA
neighborhoods_286,1871494,28116928.0000,13736,5.6938,commercial,2016,temple city,NA,NA,NA
neighborhoods_286,371157,5615361.0000,16427,9.6744,condo,2016,temple city,NA,NA,NA
neighborhoods_286,358981,masked,masked,masked,industrial,2016,temple city,NA,NA,masked
neighborhoods_286,351714,masked,masked,masked,institutional,2016,temple city,NA,NA,masked
neighborhoods_286,2890019,9194132.6000,6107.5,2.3413,multi_family,2016,temple city,NA,NA,NA
neighborhoods_286,21469,masked,masked,masked,other,2016,temple city,NA,NA,masked
neighborhoods_286,142927,masked,masked,masked,residential_other,2016,temple city,NA,NA,masked
neighborhoods_286,0,masked,masked,masked,residential_uncat,2016,temple city,NA,NA,masked
neighborhoods_286,15270587,71897735.9000,5984,3.6684,res_total,2016,temple city,NA,36109,1991.1306
neighborhoods_286,11866484,48449356.3000,5910,3.7850,single_family,2016,temple city,NA,NA,NA
neighborhoods_286,0,masked,masked,masked,uncat,2016,temple city,NA,NA,masked
neighborhoods_287,NA,NA,NA,NA,agriculture,2016,toluca lake,NA,NA,NA
neighborhoods_287,867345,masked,masked,masked,commercial,2016,toluca lake,NA,NA,masked
neighborhoods_287,91687,6323812.8000,80939.5,54.1722,condo,2016,toluca lake,NA,NA,NA
neighborhoods_287,0,masked,masked,masked,industrial,2016,toluca lake,NA,NA,masked
neighborhoods_287,17149,masked,masked,masked,institutional,2016,toluca lake,NA,NA,masked
neighborhoods_287,2310428,11664062.8000,17602.4,4.7289,multi_family,2016,toluca lake,NA,NA,NA
neighborhoods_287,18817,masked,masked,masked,other,2016,toluca lake,NA,NA,masked
neighborhoods_287,49781,masked,masked,masked,residential_other,2016,toluca lake,NA,NA,masked
neighborhoods_287,0,masked,masked,masked,residential_uncat,2016,toluca lake,NA,NA,masked
neighborhoods_287,5914268,38500440.6000,12223.6,5.2659,res_total,2016,toluca lake,NA,9081,4239.6697
neighborhoods_287,3462372,20088931.4000,11059.7,5.3457,single_family,2016,toluca lake,NA,NA,NA
neighborhoods_287,0,masked,masked,masked,uncat,2016,toluca lake,NA,NA,masked
neighborhoods_288,NA,NA,NA,NA,agriculture,2016,topanga,NA,NA,NA
neighborhoods_288,99293,2965925.0000,56788,13.8226,commercial,2016,topanga,NA,NA,NA
neighborhoods_288,14762,masked,masked,masked,condo,2016,topanga,NA,NA,masked
neighborhoods_288,8080,masked,masked,masked,industrial,2016,topanga,NA,NA,masked
neighborhoods_288,74278,masked,masked,masked,institutional,2016,topanga,NA,NA,masked
neighborhoods_288,141152,844838.0000,15500.5,5.6272,multi_family,2016,topanga,NA,NA,NA
neighborhoods_288,14037,288825.0000,10769,NA,other,2016,topanga,NA,NA,NA
neighborhoods_288,121645,2604082.0000,8474.5,5.9574,residential_other,2016,topanga,NA,NA,NA
neighborhoods_288,0,masked,masked,masked,residential_uncat,2016,topanga,NA,NA,masked
neighborhoods_288,4980914,33417298.0000,9559.5,5.1174,res_total,2016,topanga,NA,8515,3924.5212
neighborhoods_288,4703355,26998334.0000,9512.5,5.0498,single_family,2016,topanga,NA,NA,NA
neighborhoods_288,0,masked,masked,masked,uncat,2016,topanga,NA,NA,masked
neighborhoods_289,1034,masked,masked,masked,agriculture,2016,torrance,NA,NA,masked
neighborhoods_289,27815122,439009043.4000,76136,9.2093,commercial,2016,torrance,NA,NA,NA
neighborhoods_289,1383392,30597769.5000,9284,4.4623,condo,2016,torrance,NA,NA,NA
neighborhoods_289,17349999,masked,masked,masked,industrial,2016,torrance,NA,NA,masked
neighborhoods_289,2104696,masked,masked,masked,institutional,2016,torrance,NA,NA,masked
neighborhoods_289,16902337,76630647.8000,10845,3.4111,multi_family,2016,torrance,NA,NA,NA
neighborhoods_289,80324,masked,masked,masked,other,2016,torrance,NA,NA,masked
neighborhoods_289,552452,7552214.0000,16091,6.4653,residential_other,2016,torrance,NA,NA,NA
neighborhoods_289,0,10864297.5000,NA,NA,residential_uncat,2016,torrance,NA,NA,NA
neighborhoods_289,66637004,285317379.2000,5280,3.1787,res_total,2016,torrance,NA,147510,1934.2240
neighborhoods_289,47798823,159672450.4000,5118,3.1538,single_family,2016,torrance,NA,NA,NA
neighborhoods_289,0,masked,masked,masked,uncat,2016,torrance,NA,NA,masked
neighborhoods_290,960,masked,masked,masked,agriculture,2016,tujunga,NA,NA,masked
neighborhoods_290,1336651,20649450.0000,20143.1,8.3598,commercial,2016,tujunga,NA,NA,NA
neighborhoods_290,54754,3930201.1000,73662.1,57.5348,condo,2016,tujunga,NA,NA,NA
neighborhoods_290,182057,masked,masked,masked,industrial,2016,tujunga,NA,NA,masked
neighborhoods_290,316068,masked,masked,masked,institutional,2016,tujunga,NA,NA,masked
neighborhoods_290,2736129,14256484.9000,12353.7,4.9116,multi_family,2016,tujunga,NA,NA,NA
neighborhoods_290,47969,masked,masked,masked,other,2016,tujunga,NA,NA,masked
neighborhoods_290,196058,1510029.9000,6405.2,3.7325,residential_other,2016,tujunga,NA,NA,NA
neighborhoods_290,0,504702.5000,NA,NA,residential_uncat,2016,tujunga,NA,NA,NA
neighborhoods_290,11897206,64192901.0000,6755,4.6970,res_total,2016,tujunga,NA,28085,2285.6650
neighborhoods_290,8910265,43991482.6000,6482.35,4.6525,single_family,2016,tujunga,NA,NA,NA
neighborhoods_290,0,masked,masked,masked,uncat,2016,tujunga,NA,NA,masked
neighborhoods_291,NA,NA,NA,NA,agriculture,2016,tujunga canyons,NA,NA,NA
neighborhoods_291,34262,masked,masked,masked,commercial,2016,tujunga canyons,NA,NA,masked
neighborhoods_291,NA,NA,NA,NA,condo,2016,tujunga canyons,NA,NA,NA
neighborhoods_291,6452,masked,masked,masked,industrial,2016,tujunga canyons,NA,NA,masked
neighborhoods_291,3060,masked,masked,masked,institutional,2016,tujunga canyons,NA,NA,masked
neighborhoods_291,17693,masked,masked,masked,multi_family,2016,tujunga canyons,NA,NA,masked
neighborhoods_291,49504,masked,masked,masked,other,2016,tujunga canyons,NA,NA,masked
neighborhoods_291,124541,masked,masked,masked,residential_other,2016,tujunga canyons,NA,NA,masked
neighborhoods_291,0,masked,masked,masked,residential_uncat,2016,tujunga canyons,NA,NA,masked
neighborhoods_291,989811,6041033.1000,11482.5,4.5047,res_total,2016,tujunga canyons,NA,8131,742.9631
neighborhoods_291,847577,4664119.1000,11482.5,4.3320,single_family,2016,tujunga canyons,NA,NA,NA
neighborhoods_291,0,masked,masked,masked,uncat,2016,tujunga canyons,NA,NA,masked
neighborhoods_292,NA,NA,NA,NA,agriculture,2016,unincorporated catalina island,NA,NA,NA
neighborhoods_292,45738,1177400.0000,41587,1.8216,commercial,2016,unincorporated catalina island,NA,NA,NA
neighborhoods_292,NA,NA,NA,NA,condo,2016,unincorporated catalina island,NA,NA,NA
neighborhoods_292,0,masked,masked,masked,industrial,2016,unincorporated catalina island,NA,NA,masked
neighborhoods_292,33873,masked,masked,masked,institutional,2016,unincorporated catalina island,NA,NA,masked
neighborhoods_292,NA,NA,NA,NA,multi_family,2016,unincorporated catalina island,NA,NA,NA
neighborhoods_292,25920,masked,masked,masked,other,2016,unincorporated catalina island,NA,NA,masked
neighborhoods_292,5269,masked,masked,masked,residential_other,2016,unincorporated catalina island,NA,NA,masked
neighborhoods_292,0,masked,masked,masked,residential_uncat,2016,unincorporated catalina island,NA,NA,masked
neighborhoods_292,12706,masked,masked,masked,res_total,2016,unincorporated catalina island,NA,588,masked
neighborhoods_292,7437,masked,masked,masked,single_family,2016,unincorporated catalina island,NA,NA,masked
neighborhoods_292,NA,NA,NA,NA,uncat,2016,unincorporated catalina island,NA,NA,NA
neighborhoods_293,21943,masked,masked,masked,agriculture,2016,unincorporated santa monica mountains,NA,NA,masked
neighborhoods_293,280521,4237738.0000,34328.5,10.5255,commercial,2016,unincorporated santa monica mountains,NA,NA,NA
neighborhoods_293,13541,masked,masked,masked,condo,2016,unincorporated santa monica mountains,NA,NA,masked
neighborhoods_293,18830,masked,masked,masked,industrial,2016,unincorporated santa monica mountains,NA,NA,masked
neighborhoods_293,562920,masked,masked,masked,institutional,2016,unincorporated santa monica mountains,NA,NA,masked
neighborhoods_293,58619,masked,masked,masked,multi_family,2016,unincorporated santa monica mountains,NA,NA,masked
neighborhoods_293,53995,2202253.0000,14437,17.5208,other,2016,unincorporated santa monica mountains,NA,NA,NA
neighborhoods_293,192921,3859740.0000,9047,6.7579,residential_other,2016,unincorporated santa monica mountains,NA,NA,NA
neighborhoods_293,0,2418761.0000,NA,NA,residential_uncat,2016,unincorporated santa monica mountains,NA,NA,NA
neighborhoods_293,5766500,38221855.0000,12409,4.8313,res_total,2016,unincorporated santa monica mountains,NA,13969,2736.1912
neighborhoods_293,5501419,31155855.0000,12572,4.7857,single_family,2016,unincorporated santa monica mountains,NA,NA,NA
neighborhoods_293,0,masked,masked,masked,uncat,2016,unincorporated santa monica mountains,NA,NA,masked
neighborhoods_294,6601,masked,masked,masked,agriculture,2016,unincorporated santa susana mountains,NA,NA,masked
neighborhoods_294,4357314,masked,masked,masked,commercial,2016,unincorporated santa susana mountains,NA,NA,masked
neighborhoods_294,26060,masked,masked,masked,condo,2016,unincorporated santa susana mountains,NA,NA,masked
neighborhoods_294,6485756,73703022.0000,213689.5,6.2887,industrial,2016,unincorporated santa susana mountains,NA,NA,NA
neighborhoods_294,84044,masked,masked,masked,institutional,2016,unincorporated santa susana mountains,NA,NA,masked
neighborhoods_294,196743,634171.0000,95999,4.8618,multi_family,2016,unincorporated santa susana mountains,NA,NA,NA
neighborhoods_294,34917,masked,masked,masked,other,2016,unincorporated santa susana mountains,NA,NA,masked
neighborhoods_294,38203,masked,masked,masked,residential_other,2016,unincorporated santa susana mountains,NA,NA,masked
neighborhoods_294,0,1194494.5000,NA,NA,residential_uncat,2016,unincorporated santa susana mountains,NA,NA,NA
neighborhoods_294,1414134,8199959.5000,14526,4.8417,res_total,2016,unincorporated santa susana mountains,NA,20147,407.0065
neighborhoods_294,1153128,5577658.0000,14511,4.7231,single_family,2016,unincorporated santa susana mountains,NA,NA,NA
neighborhoods_294,0,masked,masked,masked,uncat,2016,unincorporated santa susana mountains,NA,NA,masked
neighborhoods_295,NA,NA,NA,NA,agriculture,2016,universal city,NA,NA,NA
neighborhoods_295,0,masked,masked,masked,commercial,2016,universal city,NA,NA,masked
neighborhoods_295,NA,NA,NA,NA,condo,2016,universal city,NA,NA,NA
neighborhoods_295,1314760,masked,masked,masked,industrial,2016,universal city,NA,NA,masked
neighborhoods_295,NA,NA,NA,NA,institutional,2016,universal city,NA,NA,NA
neighborhoods_295,NA,NA,NA,NA,multi_family,2016,universal city,NA,NA,NA
neighborhoods_295,0,masked,masked,masked,other,2016,universal city,NA,NA,masked
neighborhoods_295,NA,NA,NA,NA,residential_other,2016,universal city,NA,NA,NA
neighborhoods_295,NA,masked,masked,masked,residential_uncat,2016,universal city,NA,NA,masked
neighborhoods_295,0,masked,masked,masked,res_total,2016,universal city,NA,11,masked
neighborhoods_295,NA,NA,NA,NA,single_family,2016,universal city,NA,NA,NA
neighborhoods_295,0,masked,masked,masked,uncat,2016,universal city,NA,NA,masked
neighborhoods_296,NA,NA,NA,NA,agriculture,2016,university park,NA,NA,NA
neighborhoods_296,1890936,masked,masked,masked,commercial,2016,university park,NA,NA,masked
neighborhoods_296,1409,masked,masked,masked,condo,2016,university park,NA,NA,masked
neighborhoods_296,156089,masked,masked,masked,industrial,2016,university park,NA,NA,masked
neighborhoods_296,2045643,masked,masked,masked,institutional,2016,university park,NA,NA,masked
neighborhoods_296,5150933,28692349.6000,13659.7,3.8016,multi_family,2016,university park,NA,NA,NA
neighborhoods_296,11838,masked,masked,masked,other,2016,university park,NA,NA,masked
neighborhoods_296,200693,932318.7000,17668.75,4.3006,residential_other,2016,university park,NA,NA,NA
neighborhoods_296,0,masked,masked,masked,residential_uncat,2016,university park,NA,NA,masked
neighborhoods_296,6038599,32868804.1000,11010.8,3.7156,res_total,2016,university park,NA,24834,1323.5405
neighborhoods_296,685564,2736697.9000,6361.1,3.4137,single_family,2016,university park,NA,NA,NA
neighborhoods_296,NA,NA,NA,NA,uncat,2016,university park,NA,NA,NA
neighborhoods_297,NA,NA,NA,NA,agriculture,2016,valinda,NA,NA,NA
neighborhoods_297,204378,masked,masked,masked,commercial,2016,valinda,NA,NA,masked
neighborhoods_297,34816,masked,masked,masked,condo,2016,valinda,NA,NA,masked
neighborhoods_297,1576,masked,masked,masked,industrial,2016,valinda,NA,NA,masked
neighborhoods_297,140340,masked,masked,masked,institutional,2016,valinda,NA,NA,masked
neighborhoods_297,599656,2761447.0000,10408.5,4.5825,multi_family,2016,valinda,NA,NA,NA
neighborhoods_297,2639,masked,masked,masked,other,2016,valinda,NA,NA,masked
neighborhoods_297,8786,masked,masked,masked,residential_other,2016,valinda,NA,NA,masked
neighborhoods_297,0,masked,masked,masked,residential_uncat,2016,valinda,NA,NA,masked
neighborhoods_297,6503832,35437836.0000,7053,5.1038,res_total,2016,valinda,NA,21297,1663.9825
neighborhoods_297,5860574,31836125.0000,6951,5.1518,single_family,2016,valinda,NA,NA,NA
neighborhoods_297,0,masked,masked,masked,uncat,2016,valinda,NA,NA,masked
neighborhoods_298,2338,masked,masked,masked,agriculture,2016,valley glen,NA,NA,masked
neighborhoods_298,3271048,47677986.5000,69946.6,12.8684,commercial,2016,valley glen,NA,NA,NA
neighborhoods_298,70427,5349273.3000,72272.1,48.1058,condo,2016,valley glen,NA,NA,NA
neighborhoods_298,3063727,27627874.2000,44792.8,4.1211,industrial,2016,valley glen,NA,NA,NA
neighborhoods_298,248635,masked,masked,masked,institutional,2016,valley glen,NA,NA,masked
neighborhoods_298,10467666,55607266.6000,26305.7,4.9506,multi_family,2016,valley glen,NA,NA,NA
neighborhoods_298,77566,masked,masked,masked,other,2016,valley glen,NA,NA,masked
neighborhoods_298,39106,601983.3000,24371.85,8.5736,residential_other,2016,valley glen,NA,NA,NA
neighborhoods_298,0,802834.2000,NA,NA,residential_uncat,2016,valley glen,NA,NA,NA
neighborhoods_298,23121433,131916025.9000,8827.2,5.0594,res_total,2016,valley glen,NA,59061,2233.5556
neighborhoods_298,12544234,69554668.5000,8063.7,5.0687,single_family,2016,valley glen,NA,NA,NA
neighborhoods_298,0,masked,masked,masked,uncat,2016,valley glen,NA,NA,masked
neighborhoods_299,NA,NA,NA,NA,agriculture,2016,valley village,NA,NA,NA
neighborhoods_299,1335902,26778346.4000,91464.2,13.5619,commercial,2016,valley village,NA,NA,NA
neighborhoods_299,120163,9112592.3000,74157.05,54.6889,condo,2016,valley village,NA,NA,NA
neighborhoods_299,0,masked,masked,masked,industrial,2016,valley village,NA,NA,masked
neighborhoods_299,436728,7775521.6000,72119.1,9.3478,institutional,2016,valley village,NA,NA,NA
neighborhoods_299,7881411,41275817.6000,25025,4.7416,multi_family,2016,valley village,NA,NA,NA
neighborhoods_299,16939,masked,masked,masked,other,2016,valley village,NA,NA,masked
neighborhoods_299,225165,masked,masked,masked,residential_other,2016,valley village,NA,NA,masked
neighborhoods_299,0,masked,masked,masked,residential_uncat,2016,valley village,NA,NA,masked
neighborhoods_299,13909789,83468776.1000,10951.65,5.1685,res_total,2016,valley village,NA,25251,3305.5632
neighborhoods_299,5683050,31248444.5000,9796.35,5.2359,single_family,2016,valley village,NA,NA,NA
neighborhoods_299,NA,NA,NA,NA,uncat,2016,valley village,NA,NA,NA
neighborhoods_300,NA,NA,NA,NA,agriculture,2016,val verde,NA,NA,NA
neighborhoods_300,8443,masked,masked,masked,commercial,2016,val verde,NA,NA,masked
neighborhoods_300,NA,NA,NA,NA,condo,2016,val verde,NA,NA,NA
neighborhoods_300,0,masked,masked,masked,industrial,2016,val verde,NA,NA,masked
neighborhoods_300,15076,masked,masked,masked,institutional,2016,val verde,NA,NA,masked
neighborhoods_300,9482,masked,masked,masked,multi_family,2016,val verde,NA,NA,masked
neighborhoods_300,2567,masked,masked,masked,other,2016,val verde,NA,NA,masked
neighborhoods_300,80973,masked,masked,masked,residential_other,2016,val verde,NA,NA,masked
neighborhoods_300,0,masked,masked,masked,residential_uncat,2016,val verde,NA,NA,masked
neighborhoods_300,881423,4634322.0000,6565,4.8388,res_total,2016,val verde,NA,1888,2454.6197
neighborhoods_300,790968,4020149.0000,6605,4.9119,single_family,2016,val verde,NA,NA,NA
neighborhoods_300,NA,NA,NA,NA,uncat,2016,val verde,NA,NA,NA
neighborhoods_301,NA,NA,NA,NA,agriculture,2016,van nuys,NA,NA,NA
neighborhoods_301,11739768,169779221.8000,54730.4,8.8607,commercial,2016,van nuys,NA,NA,NA
neighborhoods_301,127540,14756729.4000,78790.2,77.1674,condo,2016,van nuys,NA,NA,NA
neighborhoods_301,13195650,118969154.6000,41961.4,4.5292,industrial,2016,van nuys,NA,NA,NA
neighborhoods_301,1989251,masked,masked,masked,institutional,2016,van nuys,NA,NA,masked
neighborhoods_301,18570577,106013638.1000,25370.25,5.1975,multi_family,2016,van nuys,NA,NA,NA
neighborhoods_301,269703,31265042.1000,60681.7,15.7033,other,2016,van nuys,NA,NA,NA
neighborhoods_301,631501,5712677.0000,67960,11.1229,residential_other,2016,van nuys,NA,NA,NA
neighborhoods_301,0,1196110.7000,NA,NA,residential_uncat,2016,van nuys,NA,NA,NA
neighborhoods_301,31927760,198412534.4000,8414.4,5.1612,res_total,2016,van nuys,NA,106656,1860.3035
neighborhoods_301,12598142,70733379.2000,7447.5,5.1089,single_family,2016,van nuys,NA,NA,NA
neighborhoods_301,NA,masked,masked,masked,uncat,2016,van nuys,NA,NA,masked
neighborhoods_302,NA,NA,NA,NA,agriculture,2016,venice,NA,NA,NA
neighborhoods_302,3398674,51494881.7000,34113.95,8.7137,commercial,2016,venice,NA,NA,NA
neighborhoods_302,387745,25128956.7000,25463.9,15.1961,condo,2016,venice,NA,NA,NA
neighborhoods_302,509287,4644090.4000,17595.65,4.2092,industrial,2016,venice,NA,NA,NA
neighborhoods_302,228429,masked,masked,masked,institutional,2016,venice,NA,NA,masked
neighborhoods_302,9729534,39992673.8000,8076.6,3.5457,multi_family,2016,venice,NA,NA,NA
neighborhoods_302,468809,masked,masked,masked,other,2016,venice,NA,NA,masked
neighborhoods_302,465802,masked,masked,masked,residential_other,2016,venice,NA,NA,masked
neighborhoods_302,0,masked,masked,masked,residential_uncat,2016,venice,NA,NA,masked
neighborhoods_302,19217666,105588672.9000,6546.95,3.7283,res_total,2016,venice,NA,40885,2582.5773
neighborhoods_302,8634585,35408774.9000,5670,3.7975,single_family,2016,venice,NA,NA,NA
neighborhoods_302,0,masked,masked,masked,uncat,2016,venice,NA,NA,masked
neighborhoods_303,NA,NA,NA,NA,agriculture,2016,vermont knolls,NA,NA,NA
neighborhoods_303,719833,13127476.9000,15200.1,6.0269,commercial,2016,vermont knolls,NA,NA,NA
neighborhoods_303,1275,masked,masked,masked,condo,2016,vermont knolls,NA,NA,masked
neighborhoods_303,12354,masked,masked,masked,industrial,2016,vermont knolls,NA,NA,masked
neighborhoods_303,383147,masked,masked,masked,institutional,2016,vermont knolls,NA,NA,masked
neighborhoods_303,3418332,14090053.1000,9608.4,3.9409,multi_family,2016,vermont knolls,NA,NA,NA
neighborhoods_303,7041,masked,masked,masked,other,2016,vermont knolls,NA,NA,masked
neighborhoods_303,476714,1431865.6000,11680.75,4.7179,residential_other,2016,vermont knolls,NA,NA,NA
neighborhoods_303,0,masked,masked,masked,residential_uncat,2016,vermont knolls,NA,NA,masked
neighborhoods_303,5890373,24294436.4000,6267.6,3.9030,res_total,2016,vermont knolls,NA,21226,1144.5603
neighborhoods_303,1994052,8199389.5000,4844,3.8506,single_family,2016,vermont knolls,NA,NA,NA
neighborhoods_303,NA,NA,NA,NA,uncat,2016,vermont knolls,NA,NA,NA
neighborhoods_304,NA,NA,NA,NA,agriculture,2016,vermont-slauson,NA,NA,NA
neighborhoods_304,1199841,17602060.9000,15547.15,5.0472,commercial,2016,vermont-slauson,NA,NA,NA
neighborhoods_304,NA,NA,NA,NA,condo,2016,vermont-slauson,NA,NA,NA
neighborhoods_304,148266,masked,masked,masked,industrial,2016,vermont-slauson,NA,NA,masked
neighborhoods_304,307324,masked,masked,masked,institutional,2016,vermont-slauson,NA,NA,masked
neighborhoods_304,3745532,14449683.4000,7180,3.6226,multi_family,2016,vermont-slauson,NA,NA,NA
neighborhoods_304,5640,masked,masked,masked,other,2016,vermont-slauson,NA,NA,masked
neighborhoods_304,97044,masked,masked,masked,residential_other,2016,vermont-slauson,NA,NA,masked
neighborhoods_304,0,masked,masked,masked,residential_uncat,2016,vermont-slauson,NA,NA,masked
neighborhoods_304,6552033,27928038.4000,5360.4,3.8255,res_total,2016,vermont-slauson,NA,26897,1038.3328
neighborhoods_304,2709457,11808553.8000,4483.8,3.9735,single_family,2016,vermont-slauson,NA,NA,NA
neighborhoods_304,NA,NA,NA,NA,uncat,2016,vermont-slauson,NA,NA,NA
neighborhoods_305,NA,NA,NA,NA,agriculture,2016,vermont square,NA,NA,NA
neighborhoods_305,2240547,20896359.4000,17320.9,4.4827,commercial,2016,vermont square,NA,NA,NA
neighborhoods_305,1349,masked,masked,masked,condo,2016,vermont square,NA,NA,masked
neighborhoods_305,38088,masked,masked,masked,industrial,2016,vermont square,NA,NA,masked
neighborhoods_305,474123,masked,masked,masked,institutional,2016,vermont square,NA,NA,masked
neighborhoods_305,7294941,28790150.0000,8282.05,3.5227,multi_family,2016,vermont square,NA,NA,NA
neighborhoods_305,17690,masked,masked,masked,other,2016,vermont square,NA,NA,masked
neighborhoods_305,112534,masked,masked,masked,residential_other,2016,vermont square,NA,NA,masked
neighborhoods_305,0,1301993.2000,NA,NA,residential_uncat,2016,vermont square,NA,NA,NA
neighborhoods_305,13365787,53935385.6000,6120.6,3.5812,res_total,2016,vermont square,NA,48251,1117.8087
neighborhoods_305,5956963,23393795.3000,5137.3,3.6310,single_family,2016,vermont square,NA,NA,NA
neighborhoods_305,NA,NA,NA,NA,uncat,2016,vermont square,NA,NA,NA
neighborhoods_306,NA,NA,NA,NA,agriculture,2016,vermont vista,NA,NA,NA
neighborhoods_306,673397,10763385.6000,18916.1,7.2032,commercial,2016,vermont vista,NA,NA,NA
neighborhoods_306,980,masked,masked,masked,condo,2016,vermont vista,NA,NA,masked
neighborhoods_306,19600,masked,masked,masked,industrial,2016,vermont vista,NA,NA,masked
neighborhoods_306,227593,masked,masked,masked,institutional,2016,vermont vista,NA,NA,masked
neighborhoods_306,3002696,12071692.4000,8456.6,3.8566,multi_family,2016,vermont vista,NA,NA,NA
neighborhoods_306,71249,masked,masked,masked,other,2016,vermont vista,NA,NA,masked
neighborhoods_306,8065,masked,masked,masked,residential_other,2016,vermont vista,NA,NA,masked
neighborhoods_306,0,838282.5000,NA,NA,residential_uncat,2016,vermont vista,NA,NA,NA
neighborhoods_306,6456163,27883366.8000,5323.5,3.9770,res_total,2016,vermont vista,NA,23368,1193.2286
neighborhoods_306,3444422,14916967.6000,4667.1,4.0336,single_family,2016,vermont vista,NA,NA,NA
neighborhoods_306,0,masked,masked,masked,uncat,2016,vermont vista,NA,NA,masked
neighborhoods_307,NA,NA,NA,NA,agriculture,2016,vernon,NA,NA,NA
neighborhoods_307,NA,NA,NA,NA,commercial,2016,vernon,NA,NA,NA
neighborhoods_307,NA,NA,NA,NA,condo,2016,vernon,NA,NA,NA
neighborhoods_307,NA,NA,NA,NA,industrial,2016,vernon,NA,NA,NA
neighborhoods_307,NA,NA,NA,NA,institutional,2016,vernon,NA,NA,NA
neighborhoods_307,NA,NA,NA,NA,multi_family,2016,vernon,NA,NA,NA
neighborhoods_307,NA,NA,NA,NA,other,2016,vernon,NA,NA,NA
neighborhoods_307,NA,NA,NA,NA,residential_other,2016,vernon,NA,NA,NA
neighborhoods_307,NA,NA,NA,NA,residential_uncat,2016,vernon,NA,NA,NA
neighborhoods_307,NA,NA,NA,NA,res_total,2016,vernon,NA,365,NA
neighborhoods_307,NA,NA,NA,NA,single_family,2016,vernon,NA,NA,NA
neighborhoods_307,NA,NA,NA,NA,uncat,2016,vernon,NA,NA,NA
neighborhoods_308,NA,NA,NA,NA,agriculture,2016,veterans administration,NA,NA,NA
neighborhoods_308,NA,NA,NA,NA,commercial,2016,veterans administration,NA,NA,NA
neighborhoods_308,NA,NA,NA,NA,condo,2016,veterans administration,NA,NA,NA
neighborhoods_308,NA,NA,NA,NA,industrial,2016,veterans administration,NA,NA,NA
neighborhoods_308,NA,NA,NA,NA,institutional,2016,veterans administration,NA,NA,NA
neighborhoods_308,NA,NA,NA,NA,multi_family,2016,veterans administration,NA,NA,NA
neighborhoods_308,NA,NA,NA,NA,other,2016,veterans administration,NA,NA,NA
neighborhoods_308,NA,NA,NA,NA,residential_other,2016,veterans administration,NA,NA,NA
neighborhoods_308,NA,NA,NA,NA,residential_uncat,2016,veterans administration,NA,NA,NA
neighborhoods_308,NA,NA,NA,NA,res_total,2016,veterans administration,NA,1058,NA
neighborhoods_308,NA,NA,NA,NA,single_family,2016,veterans administration,NA,NA,NA
neighborhoods_308,NA,NA,NA,NA,uncat,2016,veterans administration,NA,NA,NA
neighborhoods_309,NA,NA,NA,NA,agriculture,2016,view park-windsor hills,NA,NA,NA
neighborhoods_309,353915,6064432.8000,18316,6.3109,commercial,2016,view park-windsor hills,NA,NA,NA
neighborhoods_309,3302,565347.0000,282673.5,149.0813,condo,2016,view park-windsor hills,NA,NA,NA
neighborhoods_309,5283,masked,masked,masked,industrial,2016,view park-windsor hills,NA,NA,masked
neighborhoods_309,97036,masked,masked,masked,institutional,2016,view park-windsor hills,NA,NA,masked
neighborhoods_309,941077,2942304.3000,8940.5,3.1619,multi_family,2016,view park-windsor hills,NA,NA,NA
neighborhoods_309,1529,masked,masked,masked,other,2016,view park-windsor hills,NA,NA,masked
neighborhoods_309,NA,NA,NA,NA,residential_other,2016,view park-windsor hills,NA,NA,NA
neighborhoods_309,0,313689.0000,NA,NA,residential_uncat,2016,view park-windsor hills,NA,NA,NA
neighborhoods_309,8576712,29066547.4000,6468,3.0809,res_total,2016,view park-windsor hills,NA,11402,2549.2499
neighborhoods_309,7632333,25245207.1000,6363,3.0731,single_family,2016,view park-windsor hills,NA,NA,NA
neighborhoods_309,0,masked,masked,masked,uncat,2016,view park-windsor hills,NA,NA,masked
neighborhoods_310,NA,NA,NA,NA,agriculture,2016,vincent,NA,NA,NA
neighborhoods_310,NA,NA,NA,NA,commercial,2016,vincent,NA,NA,NA
neighborhoods_310,NA,NA,NA,NA,condo,2016,vincent,NA,NA,NA
neighborhoods_310,NA,NA,NA,NA,industrial,2016,vincent,NA,NA,NA
neighborhoods_310,NA,NA,NA,NA,institutional,2016,vincent,NA,NA,NA
neighborhoods_310,NA,NA,NA,NA,multi_family,2016,vincent,NA,NA,NA
neighborhoods_310,NA,NA,NA,NA,other,2016,vincent,NA,NA,NA
neighborhoods_310,NA,NA,NA,NA,residential_other,2016,vincent,NA,NA,NA
neighborhoods_310,NA,NA,NA,NA,residential_uncat,2016,vincent,NA,NA,NA
neighborhoods_310,NA,NA,NA,NA,res_total,2016,vincent,NA,15376,NA
neighborhoods_310,NA,NA,NA,NA,single_family,2016,vincent,NA,NA,NA
neighborhoods_310,NA,NA,NA,NA,uncat,2016,vincent,NA,NA,NA
neighborhoods_311,NA,NA,NA,NA,agriculture,2016,walnut,NA,NA,NA
neighborhoods_311,2005848,23684078.0000,58390,6.5364,commercial,2016,walnut,NA,NA,NA
neighborhoods_311,105329,1163131.0000,5410,2.8101,condo,2016,walnut,NA,NA,NA
neighborhoods_311,1027169,masked,masked,masked,industrial,2016,walnut,NA,NA,masked
neighborhoods_311,568915,masked,masked,masked,institutional,2016,walnut,NA,NA,masked
neighborhoods_311,242662,766614.0000,7850,3.5123,multi_family,2016,walnut,NA,NA,NA
neighborhoods_311,46130,1330886.0000,7755,NA,other,2016,walnut,NA,NA,NA
neighborhoods_311,22014,masked,masked,masked,residential_other,2016,walnut,NA,NA,masked
neighborhoods_311,0,masked,masked,masked,residential_uncat,2016,walnut,NA,NA,masked
neighborhoods_311,18126827,66759462.5000,6937,3.3484,res_total,2016,walnut,NA,30096,2218.2171
neighborhoods_311,17756822,62369494.0000,6952.5,3.3511,single_family,2016,walnut,NA,NA,NA
neighborhoods_311,0,masked,masked,masked,uncat,2016,walnut,NA,NA,masked
neighborhoods_312,NA,NA,NA,NA,agriculture,2016,walnut park,NA,NA,NA
neighborhoods_312,546230,6112895.0000,25867,8.2749,commercial,2016,walnut park,NA,NA,NA
neighborhoods_312,1394,masked,masked,masked,condo,2016,walnut park,NA,NA,masked
neighborhoods_312,0,masked,masked,masked,industrial,2016,walnut park,NA,NA,masked
neighborhoods_312,14941,masked,masked,masked,institutional,2016,walnut park,NA,NA,masked
neighborhoods_312,1060461,4147547.0000,8048,3.8932,multi_family,2016,walnut park,NA,NA,NA
neighborhoods_312,4704,masked,masked,masked,other,2016,walnut park,NA,NA,masked
neighborhoods_312,1704,masked,masked,masked,residential_other,2016,walnut park,NA,NA,masked
neighborhoods_312,0,394412.0000,NA,NA,residential_uncat,2016,walnut park,NA,NA,NA
neighborhoods_312,3601208,15125964.0000,5620,4.0026,res_total,2016,walnut park,NA,15708,962.9465
neighborhoods_312,2537649,10578879.0000,5205.5,4.0314,single_family,2016,walnut park,NA,NA,NA
neighborhoods_312,0,masked,masked,masked,uncat,2016,walnut park,NA,NA,masked
neighborhoods_313,NA,NA,NA,NA,agriculture,2016,watts,NA,NA,NA
neighborhoods_313,396267,masked,masked,masked,commercial,2016,watts,NA,NA,masked
neighborhoods_313,NA,NA,NA,NA,condo,2016,watts,NA,NA,NA
neighborhoods_313,120950,masked,masked,masked,industrial,2016,watts,NA,NA,masked
neighborhoods_313,552566,12729937.5000,29093.8,4.0930,institutional,2016,watts,NA,NA,NA
neighborhoods_313,2771432,10500679.3000,7769.2,4.0455,multi_family,2016,watts,NA,NA,NA
neighborhoods_313,28136,masked,masked,masked,other,2016,watts,NA,NA,masked
neighborhoods_313,67592,masked,masked,masked,residential_other,2016,watts,NA,NA,masked
neighborhoods_313,0,masked,masked,masked,residential_uncat,2016,watts,NA,NA,masked
neighborhoods_313,7343730,36757997.9000,5059.9,4.0432,res_total,2016,watts,NA,41957,876.0874
neighborhoods_313,4504706,19547544.1000,4629,4.0492,single_family,2016,watts,NA,NA,NA
neighborhoods_313,0,masked,masked,masked,uncat,2016,watts,NA,NA,masked
neighborhoods_314,NA,NA,NA,NA,agriculture,2016,west adams,NA,NA,NA
neighborhoods_314,1197689,masked,masked,masked,commercial,2016,west adams,NA,NA,masked
neighborhoods_314,NA,NA,NA,NA,condo,2016,west adams,NA,NA,NA
neighborhoods_314,1466104,masked,masked,masked,industrial,2016,west adams,NA,NA,masked
neighborhoods_314,263271,masked,masked,masked,institutional,2016,west adams,NA,NA,masked
neighborhoods_314,3853413,13455789.4000,7615.4,3.3224,multi_family,2016,west adams,NA,NA,NA
neighborhoods_314,110830,masked,masked,masked,other,2016,west adams,NA,NA,masked
neighborhoods_314,11429,masked,masked,masked,residential_other,2016,west adams,NA,NA,masked
neighborhoods_314,0,masked,masked,masked,residential_uncat,2016,west adams,NA,NA,masked
neighborhoods_314,6695939,26091991.7000,5402.9,3.5421,res_total,2016,west adams,NA,22356,1167.1136
neighborhoods_314,2831097,11183593.9000,4476.4,3.7275,single_family,2016,west adams,NA,NA,NA
neighborhoods_314,0,masked,masked,masked,uncat,2016,west adams,NA,NA,masked
neighborhoods_315,4830,masked,masked,masked,agriculture,2016,west carson,NA,NA,masked
neighborhoods_315,1595265,22907159.0000,57021,10.3375,commercial,2016,west carson,NA,NA,NA
neighborhoods_315,93476,9759859.0000,51343,32.9662,condo,2016,west carson,NA,NA,NA
neighborhoods_315,1662449,masked,masked,masked,industrial,2016,west carson,NA,NA,masked
neighborhoods_315,292742,masked,masked,masked,institutional,2016,west carson,NA,NA,masked
neighborhoods_315,647587,3369468.0000,7673.5,3.8561,multi_family,2016,west carson,NA,NA,NA
neighborhoods_315,6743,masked,masked,masked,other,2016,west carson,NA,NA,masked
neighborhoods_315,201126,masked,masked,masked,residential_other,2016,west carson,NA,NA,masked
neighborhoods_315,0,masked,masked,masked,residential_uncat,2016,west carson,NA,NA,masked
neighborhoods_315,6204880,37833401.0000,5045,3.3416,res_total,2016,west carson,NA,20729,1825.1436
neighborhoods_315,5262691,18098770.0000,4847,3.2525,single_family,2016,west carson,NA,NA,NA
neighborhoods_315,0,masked,masked,masked,uncat,2016,west carson,NA,NA,masked
neighborhoods_316,NA,NA,NA,NA,agriculture,2016,westchester,NA,NA,NA
neighborhoods_316,19541761,201035993.6000,126677.35,11.1636,commercial,2016,westchester,NA,NA,NA
neighborhoods_316,26087,7336107.3000,143942.55,96.9252,condo,2016,westchester,NA,NA,NA
neighborhoods_316,5006096,masked,masked,masked,industrial,2016,westchester,NA,NA,masked
neighborhoods_316,688034,9150125.0000,71463.5,5.8249,institutional,2016,westchester,NA,NA,NA
neighborhoods_316,5410707,20880412.4000,8558.9,3.3923,multi_family,2016,westchester,NA,NA,NA
neighborhoods_316,1059020,218358064.8000,31345.2,17.0200,other,2016,westchester,NA,NA,NA
neighborhoods_316,19779,masked,masked,masked,residential_other,2016,westchester,NA,NA,masked
neighborhoods_316,0,masked,masked,masked,residential_uncat,2016,westchester,NA,NA,masked
neighborhoods_316,20554153,88958244.1000,5809.2,3.4240,res_total,2016,westchester,NA,41474,2144.9159
neighborhoods_316,15097580,55875630.1000,5601.7,3.4276,single_family,2016,westchester,NA,NA,NA
neighborhoods_316,0,masked,masked,masked,uncat,2016,westchester,NA,NA,masked
neighborhoods_317,NA,NA,NA,NA,agriculture,2016,west compton,NA,NA,NA
neighborhoods_317,551804,6029247.0000,32575,8.3799,commercial,2016,west compton,NA,NA,NA
neighborhoods_317,NA,NA,NA,NA,condo,2016,west compton,NA,NA,NA
neighborhoods_317,9071289,78078624.5000,55117,4.0176,industrial,2016,west compton,NA,NA,NA
neighborhoods_317,136847,masked,masked,masked,institutional,2016,west compton,NA,NA,masked
neighborhoods_317,130161,masked,masked,masked,multi_family,2016,west compton,NA,NA,masked
neighborhoods_317,307061,masked,masked,masked,other,2016,west compton,NA,NA,masked
neighborhoods_317,11646,masked,masked,masked,residential_other,2016,west compton,NA,NA,masked
neighborhoods_317,0,masked,masked,masked,residential_uncat,2016,west compton,NA,NA,masked
neighborhoods_317,1813373,8175663.2000,5271,4.0632,res_total,2016,west compton,NA,4792,1706.1067
neighborhoods_317,1671566,7213943.2000,5223,4.0632,single_family,2016,west compton,NA,NA,NA
neighborhoods_317,0,masked,masked,masked,uncat,2016,west compton,NA,NA,masked
neighborhoods_318,7138,masked,masked,masked,agriculture,2016,west covina,NA,NA,masked
neighborhoods_318,11526697,166051820.0000,93894.5,10.0917,commercial,2016,west covina,NA,NA,NA
neighborhoods_318,1865072,19949244.5000,5804.5,3.4973,condo,2016,west covina,NA,NA,NA
neighborhoods_318,176702,masked,masked,masked,industrial,2016,west covina,NA,NA,masked
neighborhoods_318,1947114,masked,masked,masked,institutional,2016,west covina,NA,NA,masked
neighborhoods_318,6960644,30889641.0000,20281,5.3301,multi_family,2016,west covina,NA,NA,NA
neighborhoods_318,31928,masked,masked,masked,other,2016,west covina,NA,NA,masked
neighborhoods_318,495533,6081709.5000,5728,4.1952,residential_other,2016,west covina,NA,NA,NA
neighborhoods_318,0,9261504.0000,NA,NA,residential_uncat,2016,west covina,NA,NA,NA
neighborhoods_318,44814489,233640938.0000,7359,4.5225,res_total,2016,west covina,NA,108466,2154.0477
neighborhoods_318,35493240,167458839.0000,7360,4.5441,single_family,2016,west covina,NA,NA,NA
neighborhoods_318,0,masked,masked,masked,uncat,2016,west covina,NA,NA,masked
neighborhoods_319,NA,NA,NA,NA,agriculture,2016,west hills,NA,NA,NA
neighborhoods_319,2608047,masked,masked,masked,commercial,2016,west hills,NA,NA,masked
neighborhoods_319,417782,5736824.9000,7885.35,4.5378,condo,2016,west hills,NA,NA,NA
neighborhoods_319,158502,masked,masked,masked,industrial,2016,west hills,NA,NA,masked
neighborhoods_319,1238034,masked,masked,masked,institutional,2016,west hills,NA,NA,masked
neighborhoods_319,163396,958899.1000,27222.5,5.6116,multi_family,2016,west hills,NA,NA,NA
neighborhoods_319,4635,masked,masked,masked,other,2016,west hills,NA,NA,masked
neighborhoods_319,110987,masked,masked,masked,residential_other,2016,west hills,NA,NA,masked
neighborhoods_319,0,masked,masked,masked,residential_uncat,2016,west hills,NA,NA,masked
neighborhoods_319,25914242,132836920.8000,8673.6,4.6646,res_total,2016,west hills,NA,39255,3383.9491
neighborhoods_319,25222077,123225347.7000,8682.7,4.6646,single_family,2016,west hills,NA,NA,NA
neighborhoods_319,0,masked,masked,masked,uncat,2016,west hills,NA,NA,masked
neighborhoods_320,NA,NA,NA,NA,agriculture,2016,west hollywood,NA,NA,NA
neighborhoods_320,7510329,163771696.7000,41427,9.6408,commercial,2016,west hollywood,NA,NA,NA
neighborhoods_320,304239,39604321.0000,81118,65.5878,condo,2016,west hollywood,NA,NA,NA
neighborhoods_320,237940,2927697.1000,36488,8.4507,industrial,2016,west hollywood,NA,NA,NA
neighborhoods_320,163676,masked,masked,masked,institutional,2016,west hollywood,NA,NA,masked
neighborhoods_320,15204683,67087503.0000,16569,3.5194,multi_family,2016,west hollywood,NA,NA,NA
neighborhoods_320,317855,masked,masked,masked,other,2016,west hollywood,NA,NA,masked
neighborhoods_320,318755,masked,masked,masked,residential_other,2016,west hollywood,NA,NA,masked
neighborhoods_320,0,masked,masked,masked,residential_uncat,2016,west hollywood,NA,NA,masked
neighborhoods_320,17316401,131561451.3000,11691,4.2480,res_total,2016,west hollywood,NA,34885,3771.2900
neighborhoods_320,1488724,10220943.3000,7559.5,5.6983,single_family,2016,west hollywood,NA,NA,NA
neighborhoods_320,0,1294534.0000,NA,NA,uncat,2016,west hollywood,NA,NA,NA
neighborhoods_321,13290,masked,masked,masked,agriculture,2016,westlake,NA,NA,masked
neighborhoods_321,17715504,194465203.6000,69944.1,7.2398,commercial,2016,westlake,NA,NA,NA
neighborhoods_321,26652,5933005.8000,154993.9,151.8787,condo,2016,westlake,NA,NA,NA
neighborhoods_321,688680,masked,masked,masked,industrial,2016,westlake,NA,NA,masked
neighborhoods_321,2999791,masked,masked,masked,institutional,2016,westlake,NA,NA,masked
neighborhoods_321,24953477,127360080.8000,18533,3.9576,multi_family,2016,westlake,NA,NA,NA
neighborhoods_321,228937,masked,masked,masked,other,2016,westlake,NA,NA,masked
neighborhoods_321,938259,8510351.7000,30732.1,5.4340,residential_other,2016,westlake,NA,NA,NA
neighborhoods_321,0,2365996.6000,NA,NA,residential_uncat,2016,westlake,NA,NA,NA
neighborhoods_321,27188120,149030486.7000,12656.8,3.9003,res_total,2016,westlake,NA,105542,1412.0491
neighborhoods_321,1269732,4861051.8000,5025.55,3.3854,single_family,2016,westlake,NA,NA,NA
neighborhoods_321,0,masked,masked,masked,uncat,2016,westlake,NA,NA,masked
neighborhoods_322,NA,NA,NA,NA,agriculture,2016,westlake village,NA,NA,NA
neighborhoods_322,5148670,masked,masked,masked,commercial,2016,westlake village,NA,NA,masked
neighborhoods_322,4540099,23800469.0000,9630,4.0735,condo,2016,westlake village,NA,NA,NA
neighborhoods_322,1656333,9625965.0000,113829.5,3.8931,industrial,2016,westlake village,NA,NA,NA
neighborhoods_322,906562,masked,masked,masked,institutional,2016,westlake village,NA,NA,masked
neighborhoods_322,NA,NA,NA,NA,multi_family,2016,westlake village,NA,NA,NA
neighborhoods_322,1341,masked,masked,masked,other,2016,westlake village,NA,NA,masked
neighborhoods_322,139077,masked,masked,masked,residential_other,2016,westlake village,NA,NA,masked
neighborhoods_322,0,8577753.0000,NA,NA,residential_uncat,2016,westlake village,NA,NA,NA
neighborhoods_322,4839180,34888295.0000,9724,4.0790,res_total,2016,westlake village,NA,8663,4027.2763
neighborhoods_322,160004,masked,masked,masked,single_family,2016,westlake village,NA,NA,masked
neighborhoods_322,0,masked,masked,masked,uncat,2016,westlake village,NA,NA,masked
neighborhoods_323,NA,NA,NA,NA,agriculture,2016,west los angeles,NA,NA,NA
neighborhoods_323,1751503,41110228.4000,57467.2,12.5035,commercial,2016,west los angeles,NA,NA,NA
neighborhoods_323,231068,12706235.4000,64525.35,45.0797,condo,2016,west los angeles,NA,NA,NA
neighborhoods_323,101116,masked,masked,masked,industrial,2016,west los angeles,NA,NA,masked
neighborhoods_323,82288,masked,masked,masked,institutional,2016,west los angeles,NA,NA,masked
neighborhoods_323,2989581,11616989.9000,22159.45,3.5793,multi_family,2016,west los angeles,NA,NA,NA
neighborhoods_323,1082,masked,masked,masked,other,2016,west los angeles,NA,NA,masked
neighborhoods_323,39740,masked,masked,masked,residential_other,2016,west los angeles,NA,NA,masked
neighborhoods_323,0,masked,masked,masked,residential_uncat,2016,west los angeles,NA,NA,masked
neighborhoods_323,7190132,42588426.1000,7809.9,3.8237,res_total,2016,west los angeles,NA,13037,3266.7351
neighborhoods_323,3929743,15680232.3000,6761.75,3.6960,single_family,2016,west los angeles,NA,NA,NA
neighborhoods_323,NA,NA,NA,NA,uncat,2016,west los angeles,NA,NA,NA
neighborhoods_324,2507,masked,masked,masked,agriculture,2016,westmont,NA,NA,masked
neighborhoods_324,543545,7044601.1000,14168,4.9360,commercial,2016,westmont,NA,NA,NA
neighborhoods_324,NA,NA,NA,NA,condo,2016,westmont,NA,NA,NA
neighborhoods_324,10372,masked,masked,masked,industrial,2016,westmont,NA,NA,masked
neighborhoods_324,411382,masked,masked,masked,institutional,2016,westmont,NA,NA,masked
neighborhoods_324,5568819,21370768.4000,8601.5,3.7307,multi_family,2016,westmont,NA,NA,NA
neighborhoods_324,0,masked,masked,masked,other,2016,westmont,NA,NA,masked
neighborhoods_324,61419,masked,masked,masked,residential_other,2016,westmont,NA,NA,masked
neighborhoods_324,0,masked,masked,masked,residential_uncat,2016,westmont,NA,NA,masked
neighborhoods_324,9264000,38804621.7000,5876,3.8159,res_total,2016,westmont,NA,30766,1261.2826
neighborhoods_324,3633762,15157141.3000,4796.5,3.8885,single_family,2016,westmont,NA,NA,NA
neighborhoods_324,0,masked,masked,masked,uncat,2016,westmont,NA,NA,masked
neighborhoods_325,NA,NA,NA,NA,agriculture,2016,west puente valley,NA,NA,NA
neighborhoods_325,43311,masked,masked,masked,commercial,2016,west puente valley,NA,NA,masked
neighborhoods_325,11301,masked,masked,masked,condo,2016,west puente valley,NA,NA,masked
neighborhoods_325,121973,masked,masked,masked,industrial,2016,west puente valley,NA,NA,masked
neighborhoods_325,176244,5320545.0000,216396,49.6302,institutional,2016,west puente valley,NA,NA,NA
neighborhoods_325,63694,masked,masked,masked,multi_family,2016,west puente valley,NA,NA,masked
neighborhoods_325,7709,masked,masked,masked,other,2016,west puente valley,NA,NA,masked
neighborhoods_325,5022,masked,masked,masked,residential_other,2016,west puente valley,NA,NA,masked
neighborhoods_325,0,masked,masked,masked,residential_uncat,2016,west puente valley,NA,NA,masked
neighborhoods_325,6326757,33813885.0000,6583.5,5.0360,res_total,2016,west puente valley,NA,23866,1416.8225
neighborhoods_325,6246740,32859155.0000,6572,5.0373,single_family,2016,west puente valley,NA,NA,NA
neighborhoods_325,0,masked,masked,masked,uncat,2016,west puente valley,NA,NA,masked
neighborhoods_326,NA,NA,NA,NA,agriculture,2016,west san dimas,NA,NA,NA
neighborhoods_326,838,masked,masked,masked,commercial,2016,west san dimas,NA,NA,masked
neighborhoods_326,NA,NA,NA,NA,condo,2016,west san dimas,NA,NA,NA
neighborhoods_326,NA,NA,NA,NA,industrial,2016,west san dimas,NA,NA,NA
neighborhoods_326,12036,masked,masked,masked,institutional,2016,west san dimas,NA,NA,masked
neighborhoods_326,NA,NA,NA,NA,multi_family,2016,west san dimas,NA,NA,NA
neighborhoods_326,NA,NA,NA,NA,other,2016,west san dimas,NA,NA,NA
neighborhoods_326,NA,NA,NA,NA,residential_other,2016,west san dimas,NA,NA,NA
neighborhoods_326,NA,NA,NA,NA,residential_uncat,2016,west san dimas,NA,NA,NA
neighborhoods_326,281825,1133092.0000,10528.5,3.8741,res_total,2016,west san dimas,NA,916,1237.0000
neighborhoods_326,281825,1133092.0000,10528.5,3.8741,single_family,2016,west san dimas,NA,NA,NA
neighborhoods_326,NA,NA,NA,NA,uncat,2016,west san dimas,NA,NA,NA
neighborhoods_327,512,masked,masked,masked,agriculture,2016,west whittier-los nietos,NA,NA,masked
neighborhoods_327,647399,9523878.0000,37691.5,9.1350,commercial,2016,west whittier-los nietos,NA,NA,NA
neighborhoods_327,9255,masked,masked,masked,condo,2016,west whittier-los nietos,NA,NA,masked
neighborhoods_327,279697,masked,masked,masked,industrial,2016,west whittier-los nietos,NA,NA,masked
neighborhoods_327,308895,3961278.0000,98013.5,9.7633,institutional,2016,west whittier-los nietos,NA,NA,NA
neighborhoods_327,810976,4034697.0000,10234,4.7879,multi_family,2016,west whittier-los nietos,NA,NA,NA
neighborhoods_327,14072,masked,masked,masked,other,2016,west whittier-los nietos,NA,NA,masked
neighborhoods_327,11914,masked,masked,masked,residential_other,2016,west whittier-los nietos,NA,NA,masked
neighborhoods_327,0,masked,masked,masked,residential_uncat,2016,west whittier-los nietos,NA,NA,masked
neighborhoods_327,7948310,42948387.0000,6211,4.8530,res_total,2016,west whittier-los nietos,NA,24715,1737.7458
neighborhoods_327,7116165,36223859.5000,6126,4.8528,single_family,2016,west whittier-los nietos,NA,NA,NA
neighborhoods_327,0,masked,masked,masked,uncat,2016,west whittier-los nietos,NA,NA,masked
neighborhoods_328,NA,NA,NA,NA,agriculture,2016,westwood,NA,NA,NA
neighborhoods_328,8302237,132272857.1000,115533.2,14.2714,commercial,2016,westwood,NA,NA,NA
neighborhoods_328,380509,77956496.0000,87724.2,62.4198,condo,2016,westwood,NA,NA,NA
neighborhoods_328,0,masked,masked,masked,industrial,2016,westwood,NA,NA,masked
neighborhoods_328,508639,masked,masked,masked,institutional,2016,westwood,NA,NA,masked
neighborhoods_328,10295684,52328011.0000,16310.2,3.1311,multi_family,2016,westwood,NA,NA,NA
neighborhoods_328,10398,masked,masked,masked,other,2016,westwood,NA,NA,masked
neighborhoods_328,574919,masked,masked,masked,residential_other,2016,westwood,NA,NA,masked
neighborhoods_328,0,masked,masked,masked,residential_uncat,2016,westwood,NA,NA,masked
neighborhoods_328,20427588,184618777.3000,12264.7,3.8905,res_total,2016,westwood,NA,53197,3470.4735
neighborhoods_328,9176476,42079878.3000,10558.4,3.9083,single_family,2016,westwood,NA,NA,NA
neighborhoods_328,0,masked,masked,masked,uncat,2016,westwood,NA,NA,masked
neighborhoods_329,830,masked,masked,masked,agriculture,2016,whittier,NA,NA,masked
neighborhoods_329,7483295,120756266.0000,26648,6.4740,commercial,2016,whittier,NA,NA,NA
neighborhoods_329,825177,7215663.0000,6716,3.5260,condo,2016,whittier,NA,NA,NA
neighborhoods_329,3576431,masked,masked,masked,industrial,2016,whittier,NA,NA,masked
neighborhoods_329,2847082,masked,masked,masked,institutional,2016,whittier,NA,NA,masked
neighborhoods_329,8345203,37051455.0000,8163,3.5704,multi_family,2016,whittier,NA,NA,NA
neighborhoods_329,83037,masked,masked,masked,other,2016,whittier,NA,NA,masked
neighborhoods_329,385974,7432085.0000,21908,10.0333,residential_other,2016,whittier,NA,NA,NA
neighborhoods_329,0,9808495.0000,NA,NA,residential_uncat,2016,whittier,NA,NA,NA
neighborhoods_329,37647036,188512556.3000,6945,4.2956,res_total,2016,whittier,NA,85754,2198.2946
neighborhoods_329,28090682,127004858.3000,6865.5,4.3899,single_family,2016,whittier,NA,NA,NA
neighborhoods_329,0,masked,masked,masked,uncat,2016,whittier,NA,NA,masked
neighborhoods_330,NA,NA,NA,NA,agriculture,2016,whittier narrows,NA,NA,NA
neighborhoods_330,0,masked,masked,masked,commercial,2016,whittier narrows,NA,NA,masked
neighborhoods_330,15576,masked,masked,masked,condo,2016,whittier narrows,NA,NA,masked
neighborhoods_330,469425,masked,masked,masked,industrial,2016,whittier narrows,NA,NA,masked
neighborhoods_330,12515,masked,masked,masked,institutional,2016,whittier narrows,NA,NA,masked
neighborhoods_330,NA,NA,NA,NA,multi_family,2016,whittier narrows,NA,NA,NA
neighborhoods_330,15034,masked,masked,masked,other,2016,whittier narrows,NA,NA,masked
neighborhoods_330,NA,NA,NA,NA,residential_other,2016,whittier narrows,NA,NA,NA
neighborhoods_330,0,masked,masked,masked,residential_uncat,2016,whittier narrows,NA,NA,masked
neighborhoods_330,15576,masked,masked,masked,res_total,2016,whittier narrows,NA,2487,masked
neighborhoods_330,NA,NA,NA,NA,single_family,2016,whittier narrows,NA,NA,NA
neighborhoods_330,NA,NA,NA,NA,uncat,2016,whittier narrows,NA,NA,NA
neighborhoods_331,NA,NA,NA,NA,agriculture,2016,willowbrook,NA,NA,NA
neighborhoods_331,790830,16211040.4000,45314,9.2172,commercial,2016,willowbrook,NA,NA,NA
neighborhoods_331,9290,masked,masked,masked,condo,2016,willowbrook,NA,NA,masked
neighborhoods_331,5273859,46886817.5000,39434,3.2113,industrial,2016,willowbrook,NA,NA,NA
neighborhoods_331,331504,masked,masked,masked,institutional,2016,willowbrook,NA,NA,masked
neighborhoods_331,2439048,10118123.5000,8547,4.1497,multi_family,2016,willowbrook,NA,NA,NA
neighborhoods_331,53269,masked,masked,masked,other,2016,willowbrook,NA,NA,masked
neighborhoods_331,93856,masked,masked,masked,residential_other,2016,willowbrook,NA,NA,masked
neighborhoods_331,0,1686551.0000,NA,NA,residential_uncat,2016,willowbrook,NA,NA,NA
neighborhoods_331,9164260,44461468.5000,5235,4.4011,res_total,2016,willowbrook,NA,36071,1232.6098
neighborhoods_331,6622066,31037173.0000,5019.5,4.4416,single_family,2016,willowbrook,NA,NA,NA
neighborhoods_331,0,masked,masked,masked,uncat,2016,willowbrook,NA,NA,masked
neighborhoods_332,NA,NA,NA,NA,agriculture,2016,wilmington,NA,NA,NA
neighborhoods_332,2975437,33813298.7000,16263,6.1532,commercial,2016,wilmington,NA,NA,NA
neighborhoods_332,19787,masked,masked,masked,condo,2016,wilmington,NA,NA,masked
neighborhoods_332,7316823,169564309.0000,12103,5.9071,industrial,2016,wilmington,NA,NA,NA
neighborhoods_332,917894,25612718.1000,14682.6,2.8712,institutional,2016,wilmington,NA,NA,NA
neighborhoods_332,5257234,21178067.6000,8552.2,3.8343,multi_family,2016,wilmington,NA,NA,NA
neighborhoods_332,126998,masked,masked,masked,other,2016,wilmington,NA,NA,masked
neighborhoods_332,163531,1658048.8000,18852.15,7.0185,residential_other,2016,wilmington,NA,NA,NA
neighborhoods_332,0,masked,masked,masked,residential_uncat,2016,wilmington,NA,NA,masked
neighborhoods_332,12297906,51632983.8000,5279.55,3.7729,res_total,2016,wilmington,NA,57226,902.2644
neighborhoods_332,6857354,27223225.3000,4635,3.7373,single_family,2016,wilmington,NA,NA,NA
neighborhoods_332,0,masked,masked,masked,uncat,2016,wilmington,NA,NA,masked
neighborhoods_333,NA,NA,NA,NA,agriculture,2016,windsor square,NA,NA,NA
neighborhoods_333,1004512,masked,masked,masked,commercial,2016,windsor square,NA,NA,masked
neighborhoods_333,13055,1028414.2000,70270.7,50.1483,condo,2016,windsor square,NA,NA,NA
neighborhoods_333,0,masked,masked,masked,industrial,2016,windsor square,NA,NA,masked
neighborhoods_333,51738,masked,masked,masked,institutional,2016,windsor square,NA,NA,masked
neighborhoods_333,991532,4234551.1000,14374.9,3.5406,multi_family,2016,windsor square,NA,NA,NA
neighborhoods_333,NA,NA,NA,NA,other,2016,windsor square,NA,NA,NA
neighborhoods_333,10325,masked,masked,masked,residential_other,2016,windsor square,NA,NA,masked
neighborhoods_333,0,masked,masked,masked,residential_uncat,2016,windsor square,NA,NA,masked
neighborhoods_333,4585319,21237786.3000,12020.95,3.9639,res_total,2016,windsor square,NA,6062,3503.4290
neighborhoods_333,3570407,15624813.9000,11686.75,4.0295,single_family,2016,windsor square,NA,NA,NA
neighborhoods_333,0,masked,masked,masked,uncat,2016,windsor square,NA,NA,masked
neighborhoods_334,NA,NA,NA,NA,agriculture,2016,winnetka,NA,NA,NA
neighborhoods_334,1466044,27422536.1000,78296.4,15.2679,commercial,2016,winnetka,NA,NA,NA
neighborhoods_334,56471,10753227.5000,236372.5,149.1970,condo,2016,winnetka,NA,NA,NA
neighborhoods_334,1588877,masked,masked,masked,industrial,2016,winnetka,NA,NA,masked
neighborhoods_334,402818,6534912.5000,70771,9.2080,institutional,2016,winnetka,NA,NA,NA
neighborhoods_334,3284092,19635700.8000,95509.95,5.5103,multi_family,2016,winnetka,NA,NA,NA
neighborhoods_334,54250,masked,masked,masked,other,2016,winnetka,NA,NA,masked
neighborhoods_334,20076,masked,masked,masked,residential_other,2016,winnetka,NA,NA,masked
neighborhoods_334,0,masked,masked,masked,residential_uncat,2016,winnetka,NA,NA,masked
neighborhoods_334,18554881,109616590.0000,7709.5,4.8551,res_total,2016,winnetka,NA,51358,2134.3625
neighborhoods_334,15194242,78721228.9000,7615.2,4.8171,single_family,2016,winnetka,NA,NA,NA
neighborhoods_334,0,masked,masked,masked,uncat,2016,winnetka,NA,NA,masked
neighborhoods_335,NA,NA,NA,NA,agriculture,2016,woodland hills,NA,NA,NA
neighborhoods_335,19502995,244428888.2000,111809.25,12.0894,commercial,2016,woodland hills,NA,NA,NA
neighborhoods_335,328161,26768719.6000,15797.4,5.5205,condo,2016,woodland hills,NA,NA,NA
neighborhoods_335,2528977,masked,masked,masked,industrial,2016,woodland hills,NA,NA,masked
neighborhoods_335,1246710,22027956.0000,63658.9,8.2839,institutional,2016,woodland hills,NA,NA,NA
neighborhoods_335,8508163,55258520.1000,13130.8,5.6797,multi_family,2016,woodland hills,NA,NA,NA
neighborhoods_335,29360,masked,masked,masked,other,2016,woodland hills,NA,NA,masked
neighborhoods_335,838920,4195822.4000,8294.6,4.0420,residential_other,2016,woodland hills,NA,NA,NA
neighborhoods_335,0,3422656.8000,NA,NA,residential_uncat,2016,woodland hills,NA,NA,NA
neighborhoods_335,45436848,273061025.0000,10094.7,4.8153,res_total,2016,woodland hills,NA,66155,4127.5947
neighborhoods_335,35761604,183415306.1000,10031.9,4.7974,single_family,2016,woodland hills,NA,NA,NA
neighborhoods_335,0,masked,masked,masked,uncat,2016,woodland hills,NA,NA,masked
neighborhoods_64,21120,masked,masked,masked,agriculture,2016,acton,NA,NA,masked
neighborhoods_64,610990,masked,masked,masked,commercial,2016,acton,NA,NA,masked
neighborhoods_64,NA,NA,NA,NA,condo,2016,acton,NA,NA,NA
neighborhoods_64,1260,masked,masked,masked,industrial,2016,acton,NA,NA,masked
neighborhoods_64,43940,masked,masked,masked,institutional,2016,acton,NA,NA,masked
neighborhoods_64,51000,masked,masked,masked,multi_family,2016,acton,NA,NA,masked
neighborhoods_64,66052,864528.0000,10081,10.3477,other,2016,acton,NA,NA,NA
neighborhoods_64,453548,2750836.5000,7948.5,4.6923,residential_other,2016,acton,NA,NA,NA
neighborhoods_64,0,masked,masked,masked,residential_uncat,2016,acton,NA,NA,masked
neighborhoods_64,4842951,26652610.5000,9642,4.3832,res_total,2016,acton,NA,6522,4086.5701
neighborhoods_64,4338403,21529806.5000,9853,4.3427,single_family,2016,acton,NA,NA,NA
neighborhoods_64,0,masked,masked,masked,uncat,2016,acton,NA,NA,masked
neighborhoods_65,NA,NA,NA,NA,agriculture,2016,adams-normandie,NA,NA,NA
neighborhoods_65,695541,10851626.5000,25018.1,6.5443,commercial,2016,adams-normandie,NA,NA,NA
neighborhoods_65,3748,masked,masked,masked,condo,2016,adams-normandie,NA,NA,masked
neighborhoods_65,57055,masked,masked,masked,industrial,2016,adams-normandie,NA,NA,masked
neighborhoods_65,125654,masked,masked,masked,institutional,2016,adams-normandie,NA,NA,masked
neighborhoods_65,3664219,12545316.8000,10207.65,3.2387,multi_family,2016,adams-normandie,NA,NA,NA
neighborhoods_65,18106,masked,masked,masked,other,2016,adams-normandie,NA,NA,masked
neighborhoods_65,59602,masked,masked,masked,residential_other,2016,adams-normandie,NA,NA,masked
neighborhoods_65,0,570439.5000,NA,NA,residential_uncat,2016,adams-normandie,NA,NA,NA
neighborhoods_65,5269134,18604412.9000,7360.5,3.1673,res_total,2016,adams-normandie,NA,18110,1027.3005
neighborhoods_65,1541565,5104509.7000,5512.1,3.0781,single_family,2016,adams-normandie,NA,NA,NA
neighborhoods_65,NA,NA,NA,NA,uncat,2016,adams-normandie,NA,NA,NA
neighborhoods_66,1253,masked,masked,masked,agriculture,2016,agoura hills,NA,NA,masked
neighborhoods_66,4802115,68437084.0000,121901,9.7676,commercial,2016,agoura hills,NA,NA,NA
neighborhoods_66,8919362,43761944.6000,9131,3.9839,condo,2016,agoura hills,NA,NA,NA
neighborhoods_66,734698,masked,masked,masked,industrial,2016,agoura hills,NA,NA,masked
neighborhoods_66,100192,masked,masked,masked,institutional,2016,agoura hills,NA,NA,masked
neighborhoods_66,742420,2010646.5000,70823,3.2102,multi_family,2016,agoura hills,NA,NA,NA
neighborhoods_66,4199,masked,masked,masked,other,2016,agoura hills,NA,NA,masked
neighborhoods_66,46700,masked,masked,masked,residential_other,2016,agoura hills,NA,NA,masked
neighborhoods_66,0,masked,masked,masked,residential_uncat,2016,agoura hills,NA,NA,masked
neighborhoods_66,14584442,69846447.1000,9362,4.0787,res_total,2016,agoura hills,NA,20410,3422.1679
neighborhoods_66,4875960,22083070.5000,9760,4.2578,single_family,2016,agoura hills,NA,NA,NA
neighborhoods_66,0,517720.0000,NA,NA,uncat,2016,agoura hills,NA,NA,NA
neighborhoods_67,10226,masked,masked,masked,agriculture,2016,agua dulce,NA,NA,masked
neighborhoods_67,94044,masked,masked,masked,commercial,2016,agua dulce,NA,NA,masked
neighborhoods_67,NA,NA,NA,NA,condo,2016,agua dulce,NA,NA,NA
neighborhoods_67,52592,masked,masked,masked,industrial,2016,agua dulce,NA,NA,masked
neighborhoods_67,20001,masked,masked,masked,institutional,2016,agua dulce,NA,NA,masked
neighborhoods_67,104588,masked,masked,masked,multi_family,2016,agua dulce,NA,NA,masked
neighborhoods_67,107530,793315.0000,15390.5,27.7222,other,2016,agua dulce,NA,NA,NA
neighborhoods_67,94899,masked,masked,masked,residential_other,2016,agua dulce,NA,NA,masked
neighborhoods_67,0,masked,masked,masked,residential_uncat,2016,agua dulce,NA,NA,masked
neighborhoods_67,2544847,15448257.0000,11677,4.9745,res_total,2016,agua dulce,NA,3912,3948.9410
neighborhoods_67,2345360,13190605.0000,11651.5,4.9016,single_family,2016,agua dulce,NA,NA,NA
neighborhoods_67,0,masked,masked,masked,uncat,2016,agua dulce,NA,NA,masked
neighborhoods_68,NA,NA,NA,NA,agriculture,2016,alhambra,NA,NA,NA
neighborhoods_68,7226661,110260382.2000,25156,6.9661,commercial,2016,alhambra,NA,NA,NA
neighborhoods_68,484430,22331144.0000,32037.5,24.6818,condo,2016,alhambra,NA,NA,NA
neighborhoods_68,2534457,masked,masked,masked,industrial,2016,alhambra,NA,NA,masked
neighborhoods_68,1560709,51938442.0000,41236,6.5803,institutional,2016,alhambra,NA,NA,NA
neighborhoods_68,14700325,53257355.6000,8099.5,3.0972,multi_family,2016,alhambra,NA,NA,NA
neighborhoods_68,172989,masked,masked,masked,other,2016,alhambra,NA,NA,masked
neighborhoods_68,499774,masked,masked,masked,residential_other,2016,alhambra,NA,NA,masked
neighborhoods_68,0,masked,masked,masked,residential_uncat,2016,alhambra,NA,NA,masked
neighborhoods_68,30276591,150866122.9000,5955,3.6055,res_total,2016,alhambra,NA,84271,1790.2496
neighborhoods_68,14592062,59077410.3000,5448,3.7208,single_family,2016,alhambra,NA,NA,NA
neighborhoods_68,0,masked,masked,masked,uncat,2016,alhambra,NA,NA,masked
neighborhoods_69,NA,NA,NA,NA,agriculture,2016,alondra park,NA,NA,NA
neighborhoods_69,258049,masked,masked,masked,commercial,2016,alondra park,NA,NA,masked
neighborhoods_69,6430,masked,masked,masked,condo,2016,alondra park,NA,NA,masked
neighborhoods_69,27187,masked,masked,masked,industrial,2016,alondra park,NA,NA,masked
neighborhoods_69,67034,masked,masked,masked,institutional,2016,alondra park,NA,NA,masked
neighborhoods_69,764675,3430158.5000,13652,4.0019,multi_family,2016,alondra park,NA,NA,NA
neighborhoods_69,NA,NA,NA,NA,other,2016,alondra park,NA,NA,NA
neighborhoods_69,1200,masked,masked,masked,residential_other,2016,alondra park,NA,NA,masked
neighborhoods_69,0,masked,masked,masked,residential_uncat,2016,alondra park,NA,NA,masked
neighborhoods_69,2791451,11983733.5000,4975,3.8096,res_total,2016,alondra park,NA,9355,1280.9977
neighborhoods_69,2019146,8119259.0000,4864,3.7772,single_family,2016,alondra park,NA,NA,NA
neighborhoods_69,0,masked,masked,masked,uncat,2016,alondra park,NA,NA,masked
neighborhoods_70,360,masked,masked,masked,agriculture,2016,altadena,NA,NA,masked
neighborhoods_70,1263723,masked,masked,masked,commercial,2016,altadena,NA,NA,masked
neighborhoods_70,272851,2436281.5000,11170,3.3561,condo,2016,altadena,NA,NA,NA
neighborhoods_70,136082,701787.0000,19917,3.7075,industrial,2016,altadena,NA,NA,NA
neighborhoods_70,616446,10506813.0000,39795.5,7.4104,institutional,2016,altadena,NA,NA,NA
neighborhoods_70,2667176,12191286.5000,10570,4.5248,multi_family,2016,altadena,NA,NA,NA
neighborhoods_70,14485,masked,masked,masked,other,2016,altadena,NA,NA,masked
neighborhoods_70,271073,3456028.0000,16916,6.5974,residential_other,2016,altadena,NA,NA,NA
neighborhoods_70,0,1635603.5000,NA,NA,residential_uncat,2016,altadena,NA,NA,NA
neighborhoods_70,22314897,110614130.0000,7207.5,4.4880,res_total,2016,altadena,NA,43504,2542.6198
neighborhoods_70,19103797,90894930.5000,6973,4.4886,single_family,2016,altadena,NA,NA,NA
neighborhoods_70,0,masked,masked,masked,uncat,2016,altadena,NA,NA,masked
neighborhoods_71,2581,masked,masked,masked,agriculture,2016,angeles crest,NA,NA,masked
neighborhoods_71,14173,masked,masked,masked,commercial,2016,angeles crest,NA,NA,masked
neighborhoods_71,600,masked,masked,masked,condo,2016,angeles crest,NA,NA,masked
neighborhoods_71,0,masked,masked,masked,industrial,2016,angeles crest,NA,NA,masked
neighborhoods_71,6432,masked,masked,masked,institutional,2016,angeles crest,NA,NA,masked
neighborhoods_71,4825,masked,masked,masked,multi_family,2016,angeles crest,NA,NA,masked
neighborhoods_71,13581,masked,masked,masked,other,2016,angeles crest,NA,NA,masked
neighborhoods_71,23532,masked,masked,masked,residential_other,2016,angeles crest,NA,NA,masked
neighborhoods_71,0,787737.0000,NA,NA,residential_uncat,2016,angeles crest,NA,NA,NA
neighborhoods_71,361842,2184770.0000,5690,3.3211,res_total,2016,angeles crest,NA,1549,1410.4390
neighborhoods_71,332885,1224182.0000,5545,3.1155,single_family,2016,angeles crest,NA,NA,NA
neighborhoods_71,0,masked,masked,masked,uncat,2016,angeles crest,NA,NA,masked
neighborhoods_72,865,masked,masked,masked,agriculture,2016,arcadia,NA,NA,masked
neighborhoods_72,7913150,143862772.0000,37313.5,7.5944,commercial,2016,arcadia,NA,NA,NA
neighborhoods_72,840709,23130163.5000,29767,16.8413,condo,2016,arcadia,NA,NA,NA
neighborhoods_72,1625915,masked,masked,masked,industrial,2016,arcadia,NA,NA,masked
neighborhoods_72,762811,masked,masked,masked,institutional,2016,arcadia,NA,NA,masked
neighborhoods_72,5280714,20812637.5000,12599,3.5960,multi_family,2016,arcadia,NA,NA,NA
neighborhoods_72,99344,masked,masked,masked,other,2016,arcadia,NA,NA,masked
neighborhoods_72,533484,2405501.0000,13128,5.3670,residential_other,2016,arcadia,NA,NA,NA
neighborhoods_72,0,7491460.0000,NA,NA,residential_uncat,2016,arcadia,NA,NA,NA
neighborhoods_72,34099720,149725767.7000,8459.5,3.5255,res_total,2016,arcadia,NA,59766,2505.1997
neighborhoods_72,27444813,95886005.7000,8131,3.4389,single_family,2016,arcadia,NA,NA,NA
neighborhoods_72,0,masked,masked,masked,uncat,2016,arcadia,NA,NA,masked
neighborhoods_73,NA,NA,NA,NA,agriculture,2016,arleta,NA,NA,NA
neighborhoods_73,728100,masked,masked,masked,commercial,2016,arleta,NA,NA,masked
neighborhoods_73,7007,1228684.3000,132234,131.1755,condo,2016,arleta,NA,NA,NA
neighborhoods_73,9975,masked,masked,masked,industrial,2016,arleta,NA,NA,masked
neighborhoods_73,175728,masked,masked,masked,institutional,2016,arleta,NA,NA,masked
neighborhoods_73,364707,2195824.0000,12057.7,5.4160,multi_family,2016,arleta,NA,NA,NA
neighborhoods_73,3441,masked,masked,masked,other,2016,arleta,NA,NA,masked
neighborhoods_73,89811,masked,masked,masked,residential_other,2016,arleta,NA,NA,masked
neighborhoods_73,0,masked,masked,masked,residential_uncat,2016,arleta,NA,NA,masked
neighborhoods_73,9719343,50871595.6000,6664.7,4.8549,res_total,2016,arleta,NA,34171,1488.7359
neighborhoods_73,9257818,47054767.3000,6643.6,4.8482,single_family,2016,arleta,NA,NA,NA
neighborhoods_73,NA,NA,NA,NA,uncat,2016,arleta,NA,NA,NA
neighborhoods_74,NA,NA,NA,NA,agriculture,2016,arlington heights,NA,NA,NA
neighborhoods_74,1329162,13809301.8000,31761.7,5.2592,commercial,2016,arlington heights,NA,NA,NA
neighborhoods_74,9619,masked,masked,masked,condo,2016,arlington heights,NA,NA,masked
neighborhoods_74,76246,534030.3000,28616.1,6.4691,industrial,2016,arlington heights,NA,NA,NA
neighborhoods_74,260218,masked,masked,masked,institutional,2016,arlington heights,NA,NA,masked
neighborhoods_74,5460464,18309914.8000,11691.1,3.1472,multi_family,2016,arlington heights,NA,NA,NA
neighborhoods_74,4439,masked,masked,masked,other,2016,arlington heights,NA,NA,masked
neighborhoods_74,42044,masked,masked,masked,residential_other,2016,arlington heights,NA,NA,masked
neighborhoods_74,0,1172094.8000,NA,NA,residential_uncat,2016,arlington heights,NA,NA,NA
neighborhoods_74,7392543,25580551.9000,8670.75,3.0201,res_total,2016,arlington heights,NA,21436,1193.3454
neighborhoods_74,1880416,5796263.9000,5843.15,2.8060,single_family,2016,arlington heights,NA,NA,NA
neighborhoods_74,NA,NA,NA,NA,uncat,2016,arlington heights,NA,NA,NA
neighborhoods_75,NA,NA,NA,NA,agriculture,2016,artesia,NA,NA,NA
neighborhoods_75,2108459,30719073.0000,35838,7.6592,commercial,2016,artesia,NA,NA,NA
neighborhoods_75,8345,984075.0000,104709,100.2960,condo,2016,artesia,NA,NA,NA
neighborhoods_75,587174,masked,masked,masked,industrial,2016,artesia,NA,NA,masked
neighborhoods_75,262571,masked,masked,masked,institutional,2016,artesia,NA,NA,masked
neighborhoods_75,1172711,4266605.0000,8064,2.8324,multi_family,2016,artesia,NA,NA,NA
neighborhoods_75,4416,masked,masked,masked,other,2016,artesia,NA,NA,masked
neighborhoods_75,262423,masked,masked,masked,residential_other,2016,artesia,NA,NA,masked
neighborhoods_75,0,masked,masked,masked,residential_uncat,2016,artesia,NA,NA,masked
neighborhoods_75,5836191,28200647.0000,5782,4.1037,res_total,2016,artesia,NA,16657,1693.0208
neighborhoods_75,4392712,18823789.0000,5643,4.2170,single_family,2016,artesia,NA,NA,NA
neighborhoods_75,0,masked,masked,masked,uncat,2016,artesia,NA,NA,masked
neighborhoods_76,NA,NA,NA,NA,agriculture,2016,athens,NA,NA,NA
neighborhoods_76,933443,masked,masked,masked,commercial,2016,athens,NA,NA,masked
neighborhoods_76,37017,masked,masked,masked,condo,2016,athens,NA,NA,masked
neighborhoods_76,107716,masked,masked,masked,industrial,2016,athens,NA,NA,masked
neighborhoods_76,96370,masked,masked,masked,institutional,2016,athens,NA,NA,masked
neighborhoods_76,765212,3363101.0000,11225,3.5741,multi_family,2016,athens,NA,NA,NA
neighborhoods_76,5578,masked,masked,masked,other,2016,athens,NA,NA,masked
neighborhoods_76,5118,masked,masked,masked,residential_other,2016,athens,NA,NA,masked
neighborhoods_76,0,499709.0000,NA,NA,residential_uncat,2016,athens,NA,NA,NA
neighborhoods_76,3049930,13808938.4000,5773,3.8178,res_total,2016,athens,NA,8794,1570.2682
neighborhoods_76,2242583,9327129.4000,5494.5,3.8315,single_family,2016,athens,NA,NA,NA
neighborhoods_76,0,masked,masked,masked,uncat,2016,athens,NA,NA,masked
neighborhoods_77,NA,NA,NA,NA,agriculture,2016,atwater village,NA,NA,NA
neighborhoods_77,1271506,masked,masked,masked,commercial,2016,atwater village,NA,NA,masked
neighborhoods_77,1736,masked,masked,masked,condo,2016,atwater village,NA,NA,masked
neighborhoods_77,2728358,masked,masked,masked,industrial,2016,atwater village,NA,NA,masked
neighborhoods_77,97165,masked,masked,masked,institutional,2016,atwater village,NA,NA,masked
neighborhoods_77,2729925,12249948.4000,8360,3.9942,multi_family,2016,atwater village,NA,NA,NA
neighborhoods_77,205170,masked,masked,masked,other,2016,atwater village,NA,NA,masked
neighborhoods_77,2247,masked,masked,masked,residential_other,2016,atwater village,NA,NA,masked
neighborhoods_77,0,1523537.8000,NA,NA,residential_uncat,2016,atwater village,NA,NA,NA
neighborhoods_77,5117751,25181973.0000,6277.1,4.2612,res_total,2016,atwater village,NA,15455,1629.3739
neighborhoods_77,2383843,11270897.6000,5451.6,4.4194,single_family,2016,atwater village,NA,NA,NA
neighborhoods_77,0,masked,masked,masked,uncat,2016,atwater village,NA,NA,masked
neighborhoods_78,NA,NA,NA,NA,agriculture,2016,avalon,NA,NA,NA
neighborhoods_78,610020,NA,NA,NA,commercial,2016,avalon,NA,NA,NA
neighborhoods_78,160482,NA,NA,NA,condo,2016,avalon,NA,NA,NA
neighborhoods_78,11444,NA,NA,NA,industrial,2016,avalon,NA,NA,NA
neighborhoods_78,36957,NA,NA,NA,institutional,2016,avalon,NA,NA,NA
neighborhoods_78,643484,NA,NA,NA,multi_family,2016,avalon,NA,NA,NA
neighborhoods_78,9133,NA,NA,NA,other,2016,avalon,NA,NA,NA
neighborhoods_78,39581,NA,NA,NA,residential_other,2016,avalon,NA,NA,NA
neighborhoods_78,0,NA,NA,NA,residential_uncat,2016,avalon,NA,NA,NA
neighborhoods_78,1252920,NA,NA,NA,res_total,2016,avalon,NA,3135,NA
neighborhoods_78,409373,NA,NA,NA,single_family,2016,avalon,NA,NA,NA
neighborhoods_78,0,NA,NA,NA,uncat,2016,avalon,NA,NA,NA
neighborhoods_79,NA,NA,NA,NA,agriculture,2016,avocado heights,NA,NA,NA
neighborhoods_79,1194184,8786763.0000,44940.5,8.0289,commercial,2016,avocado heights,NA,NA,NA
neighborhoods_79,217809,2559887.0000,7941,5.2557,condo,2016,avocado heights,NA,NA,NA
neighborhoods_79,2379348,31228044.0000,38973,3.2449,industrial,2016,avocado heights,NA,NA,NA
neighborhoods_79,150590,masked,masked,masked,institutional,2016,avocado heights,NA,NA,masked
neighborhoods_79,487967,2493587.0000,10335,5.0185,multi_family,2016,avocado heights,NA,NA,NA
neighborhoods_79,40138,664853.0000,8063,NA,other,2016,avocado heights,NA,NA,NA
neighborhoods_79,24733,masked,masked,masked,residential_other,2016,avocado heights,NA,NA,masked
neighborhoods_79,0,masked,masked,masked,residential_uncat,2016,avocado heights,NA,NA,masked
neighborhoods_79,5311401,28639184.0000,6886,4.6207,res_total,2016,avocado heights,NA,17415,1644.5124
neighborhoods_79,4580892,22453348.0000,6717,4.5499,single_family,2016,avocado heights,NA,NA,NA
neighborhoods_79,0,masked,masked,masked,uncat,2016,avocado heights,NA,NA,masked
neighborhoods_80,NA,NA,NA,NA,agriculture,2016,azusa,NA,NA,NA
neighborhoods_80,NA,NA,NA,NA,commercial,2016,azusa,NA,NA,NA
neighborhoods_80,NA,NA,NA,NA,condo,2016,azusa,NA,NA,NA
neighborhoods_80,NA,NA,NA,NA,industrial,2016,azusa,NA,NA,NA
neighborhoods_80,NA,NA,NA,NA,institutional,2016,azusa,NA,NA,NA
neighborhoods_80,NA,NA,NA,NA,multi_family,2016,azusa,NA,NA,NA
neighborhoods_80,NA,NA,NA,NA,other,2016,azusa,NA,NA,NA
neighborhoods_80,NA,NA,NA,NA,residential_other,2016,azusa,NA,NA,NA
neighborhoods_80,NA,NA,NA,NA,residential_uncat,2016,azusa,NA,NA,NA
neighborhoods_80,NA,NA,NA,NA,res_total,2016,azusa,NA,45422,NA
neighborhoods_80,NA,NA,NA,NA,single_family,2016,azusa,NA,NA,NA
neighborhoods_80,NA,NA,NA,NA,uncat,2016,azusa,NA,NA,NA
neighborhoods_81,NA,NA,NA,NA,agriculture,2016,baldwin hills/crenshaw,NA,NA,NA
neighborhoods_81,3589578,41381242.5000,153879.2,10.1558,commercial,2016,baldwin hills/crenshaw,NA,NA,NA
neighborhoods_81,37146,6620559.7000,91863.2,111.9546,condo,2016,baldwin hills/crenshaw,NA,NA,NA
neighborhoods_81,825985,masked,masked,masked,industrial,2016,baldwin hills/crenshaw,NA,NA,masked
neighborhoods_81,174109,5900711.4000,217310.6,82.4879,institutional,2016,baldwin hills/crenshaw,NA,NA,NA
neighborhoods_81,7979140,28031964.2000,28245.3,3.4838,multi_family,2016,baldwin hills/crenshaw,NA,NA,NA
neighborhoods_81,2532,masked,masked,masked,other,2016,baldwin hills/crenshaw,NA,NA,masked
neighborhoods_81,4744,masked,masked,masked,residential_other,2016,baldwin hills/crenshaw,NA,NA,masked
neighborhoods_81,0,masked,masked,masked,residential_uncat,2016,baldwin hills/crenshaw,NA,NA,masked
neighborhoods_81,13820941,58144152.7000,6454.85,3.2741,res_total,2016,baldwin hills/crenshaw,NA,29912,1943.8404
neighborhoods_81,5799911,19215702.7000,5637.7,3.1811,single_family,2016,baldwin hills/crenshaw,NA,NA,NA
neighborhoods_81,0,masked,masked,masked,uncat,2016,baldwin hills/crenshaw,NA,NA,masked
neighborhoods_82,21031,masked,masked,masked,agriculture,2016,baldwin park,NA,NA,masked
neighborhoods_82,2882580,58865411.0000,36960,11.3910,commercial,2016,baldwin park,NA,NA,NA
neighborhoods_82,1085554,13900881.5000,5850,3.8223,condo,2016,baldwin park,NA,NA,NA
neighborhoods_82,4398749,masked,masked,masked,industrial,2016,baldwin park,NA,NA,masked
neighborhoods_82,2135655,masked,masked,masked,institutional,2016,baldwin park,NA,NA,masked
neighborhoods_82,3897105,17549923.0000,8164.5,3.4944,multi_family,2016,baldwin park,NA,NA,NA
neighborhoods_82,26204,masked,masked,masked,other,2016,baldwin park,NA,NA,masked
neighborhoods_82,357430,2938693.0000,6421,4.2563,residential_other,2016,baldwin park,NA,NA,NA
neighborhoods_82,0,6761869.0000,NA,NA,residential_uncat,2016,baldwin park,NA,NA,NA
neighborhoods_82,18146338,109223710.3000,6215,4.7901,res_total,2016,baldwin park,NA,76375,1430.0977
neighborhoods_82,12806249,68072343.8000,6131.5,4.9433,single_family,2016,baldwin park,NA,NA,NA
neighborhoods_82,0,masked,masked,masked,uncat,2016,baldwin park,NA,NA,masked
neighborhoods_83,NA,NA,NA,NA,agriculture,2016,bel-air,NA,NA,NA
neighborhoods_83,260237,9916476.4000,54859.3,8.2579,commercial,2016,bel-air,NA,NA,NA
neighborhoods_83,9304,1172630.0000,157501.7,75.3195,condo,2016,bel-air,NA,NA,NA
neighborhoods_83,0,masked,masked,masked,industrial,2016,bel-air,NA,NA,masked
neighborhoods_83,405405,masked,masked,masked,institutional,2016,bel-air,NA,NA,masked
neighborhoods_83,241353,1054044.7000,18127.2,3.7595,multi_family,2016,bel-air,NA,NA,NA
neighborhoods_83,62738,masked,masked,masked,other,2016,bel-air,NA,NA,masked
neighborhoods_83,38449,masked,masked,masked,residential_other,2016,bel-air,NA,NA,masked
neighborhoods_83,0,masked,masked,masked,residential_uncat,2016,bel-air,NA,NA,masked
neighborhoods_83,12406202,76691731.1000,15409.9,4.4855,res_total,2016,bel-air,NA,7415,10342.7823
neighborhoods_83,12117096,70748539.8000,15338.2,4.4855,single_family,2016,bel-air,NA,NA,NA
neighborhoods_83,0,masked,masked,masked,uncat,2016,bel-air,NA,NA,masked
neighborhoods_84,NA,NA,NA,NA,agriculture,2016,bell,NA,NA,NA
neighborhoods_84,1715394,27329790.0000,21843.5,5.7923,commercial,2016,bell,NA,NA,NA
neighborhoods_84,24905,masked,masked,masked,condo,2016,bell,NA,NA,masked
neighborhoods_84,3221145,masked,masked,masked,industrial,2016,bell,NA,NA,masked
neighborhoods_84,142683,11987312.0000,20155,4.9638,institutional,2016,bell,NA,NA,NA
neighborhoods_84,4750674,19434374.0000,9711,4.1962,multi_family,2016,bell,NA,NA,NA
neighborhoods_84,8246,masked,masked,masked,other,2016,bell,NA,NA,masked
neighborhoods_84,36291,masked,masked,masked,residential_other,2016,bell,NA,NA,masked
neighborhoods_84,0,2943652.0000,NA,NA,residential_uncat,2016,bell,NA,NA,NA
neighborhoods_84,7138049,34674264.0000,6609,4.2827,res_total,2016,bell,NA,35027,989.9296
neighborhoods_84,2326179,10891574.0000,5108.5,4.3569,single_family,2016,bell,NA,NA,NA
neighborhoods_84,0,masked,masked,masked,uncat,2016,bell,NA,NA,masked
neighborhoods_85,NA,NA,NA,NA,agriculture,2016,bellflower,NA,NA,NA
neighborhoods_85,4462734,64152930.0000,15617,4.9696,commercial,2016,bellflower,NA,NA,NA
neighborhoods_85,299812,7612112.0000,24126,18.0669,condo,2016,bellflower,NA,NA,NA
neighborhoods_85,834883,masked,masked,masked,industrial,2016,bellflower,NA,NA,masked
neighborhoods_85,1824865,masked,masked,masked,institutional,2016,bellflower,NA,NA,masked
neighborhoods_85,10887151,41074855.0000,8143,2.7794,multi_family,2016,bellflower,NA,NA,NA
neighborhoods_85,12591,masked,masked,masked,other,2016,bellflower,NA,NA,masked
neighborhoods_85,275853,5946300.0000,72367,16.5928,residential_other,2016,bellflower,NA,NA,NA
neighborhoods_85,0,17636086.5000,NA,NA,residential_uncat,2016,bellflower,NA,NA,NA
neighborhoods_85,23192966,126278649.4000,6212,4.1949,res_total,2016,bellflower,NA,77541,1628.5404
neighborhoods_85,11730150,54009295.9000,5987,4.3878,single_family,2016,bellflower,NA,NA,NA
neighborhoods_85,0,1143374.0000,NA,NA,uncat,2016,bellflower,NA,NA,NA
neighborhoods_86,NA,NA,NA,NA,agriculture,2016,bell gardens,NA,NA,NA
neighborhoods_86,1434347,27118330.0000,18319.5,6.7356,commercial,2016,bell gardens,NA,NA,NA
neighborhoods_86,96955,1253379.0000,6100,3.5947,condo,2016,bell gardens,NA,NA,NA
neighborhoods_86,2036941,masked,masked,masked,industrial,2016,bell gardens,NA,NA,masked
neighborhoods_86,217759,masked,masked,masked,institutional,2016,bell gardens,NA,NA,masked
neighborhoods_86,6379384,19678858.0000,5690,2.3353,multi_family,2016,bell gardens,NA,NA,NA
neighborhoods_86,6302,masked,masked,masked,other,2016,bell gardens,NA,NA,masked
neighborhoods_86,127178,masked,masked,masked,residential_other,2016,bell gardens,NA,NA,masked
neighborhoods_86,0,masked,masked,masked,residential_uncat,2016,bell gardens,NA,NA,masked
neighborhoods_86,7856118,43665172.0000,5542.5,3.0775,res_total,2016,bell gardens,NA,42514,1027.0775
neighborhoods_86,1252601,6217866.5000,5217,4.6740,single_family,2016,bell gardens,NA,NA,NA
neighborhoods_86,0,masked,masked,masked,uncat,2016,bell gardens,NA,NA,masked
neighborhoods_87,NA,NA,NA,NA,agriculture,2016,beverly crest,NA,NA,NA
neighborhoods_87,57548,2395888.6000,6971.8,6.9734,commercial,2016,beverly crest,NA,NA,NA
neighborhoods_87,85789,5602923.4000,139374.9,48.9848,condo,2016,beverly crest,NA,NA,NA
neighborhoods_87,741,masked,masked,masked,industrial,2016,beverly crest,NA,NA,masked
neighborhoods_87,292144,masked,masked,masked,institutional,2016,beverly crest,NA,NA,masked
neighborhoods_87,28353,masked,masked,masked,multi_family,2016,beverly crest,NA,NA,masked
neighborhoods_87,18424,776059.6000,21597.3,NA,other,2016,beverly crest,NA,NA,NA
neighborhoods_87,84707,masked,masked,masked,residential_other,2016,beverly crest,NA,NA,masked
neighborhoods_87,0,2199177.9000,NA,NA,residential_uncat,2016,beverly crest,NA,NA,NA
neighborhoods_87,13652002,92566099.6000,13684.75,4.9215,res_total,2016,beverly crest,NA,10680,8667.2378
neighborhoods_87,13453153,81963863.5000,13604.2,4.8888,single_family,2016,beverly crest,NA,NA,NA
neighborhoods_87,0,masked,masked,masked,uncat,2016,beverly crest,NA,NA,masked
neighborhoods_88,4180,masked,masked,masked,agriculture,2016,beverly grove,NA,NA,masked
neighborhoods_88,9426948,143657902.9000,54222.1,10.6461,commercial,2016,beverly grove,NA,NA,NA
neighborhoods_88,106139,11036810.1000,81217.05,63.2752,condo,2016,beverly grove,NA,NA,NA
neighborhoods_88,30621,masked,masked,masked,industrial,2016,beverly grove,NA,NA,masked
neighborhoods_88,1855225,masked,masked,masked,institutional,2016,beverly grove,NA,NA,masked
neighborhoods_88,9207520,36542803.4000,14107.6,3.3593,multi_family,2016,beverly grove,NA,NA,NA
neighborhoods_88,37033,masked,masked,masked,other,2016,beverly grove,NA,NA,masked
neighborhoods_88,249233,masked,masked,masked,residential_other,2016,beverly grove,NA,NA,masked
neighborhoods_88,0,masked,masked,masked,residential_uncat,2016,beverly grove,NA,NA,masked
neighborhoods_88,13661173,78186727.0000,10568.05,3.8910,res_total,2016,beverly grove,NA,21575,3623.9503
neighborhoods_88,4098281,19608496.6000,8360.95,4.3314,single_family,2016,beverly grove,NA,NA,NA
neighborhoods_88,0,masked,masked,masked,uncat,2016,beverly grove,NA,NA,masked
neighborhoods_89,NA,NA,NA,NA,agriculture,2016,beverly hills,NA,NA,NA
neighborhoods_89,16945139,308285550.8000,135793,14.8079,commercial,2016,beverly hills,NA,NA,NA
neighborhoods_89,282011,24437204.4000,115024.5,59.2258,condo,2016,beverly hills,NA,NA,NA
neighborhoods_89,62069,masked,masked,masked,industrial,2016,beverly hills,NA,NA,masked
neighborhoods_89,895995,39522356.3000,163850,17.2777,institutional,2016,beverly hills,NA,NA,NA
neighborhoods_89,9041239,37599531.5000,20704,3.5975,multi_family,2016,beverly hills,NA,NA,NA
neighborhoods_89,64494,masked,masked,masked,other,2016,beverly hills,NA,NA,masked
neighborhoods_89,198119,masked,masked,masked,residential_other,2016,beverly hills,NA,NA,masked
neighborhoods_89,0,masked,masked,masked,residential_uncat,2016,beverly hills,NA,NA,masked
neighborhoods_89,34252946,190404093.8000,16422,4.0709,res_total,2016,beverly hills,NA,34677,5490.7891
neighborhoods_89,24731577,123977248.2000,14992,4.1435,single_family,2016,beverly hills,NA,NA,NA
neighborhoods_89,0,292872.0000,NA,NA,uncat,2016,beverly hills,NA,NA,NA
neighborhoods_90,NA,NA,NA,NA,agriculture,2016,beverlywood,NA,NA,NA
neighborhoods_90,87546,masked,masked,masked,commercial,2016,beverlywood,NA,NA,masked
neighborhoods_90,10681,masked,masked,masked,condo,2016,beverlywood,NA,NA,masked
neighborhoods_90,2970,masked,masked,masked,industrial,2016,beverlywood,NA,NA,masked
neighborhoods_90,4612,masked,masked,masked,institutional,2016,beverlywood,NA,NA,masked
neighborhoods_90,241255,masked,masked,masked,multi_family,2016,beverlywood,NA,NA,masked
neighborhoods_90,9408,masked,masked,masked,other,2016,beverlywood,NA,NA,masked
neighborhoods_90,NA,NA,NA,NA,residential_other,2016,beverlywood,NA,NA,NA
neighborhoods_90,0,masked,masked,masked,residential_uncat,2016,beverlywood,NA,NA,masked
neighborhoods_90,5241347,23090344.6000,8697.45,3.9080,res_total,2016,beverlywood,NA,6472,3567.7294
neighborhoods_90,4989411,21467915.3000,8648.8,3.9273,single_family,2016,beverlywood,NA,NA,NA
neighborhoods_90,NA,NA,NA,NA,uncat,2016,beverlywood,NA,NA,NA
neighborhoods_91,NA,NA,NA,NA,agriculture,2016,boyle heights,NA,NA,NA
neighborhoods_91,5030132,71004126.0000,25805.3,7.3493,commercial,2016,boyle heights,NA,NA,NA
neighborhoods_91,1095,masked,masked,masked,condo,2016,boyle heights,NA,NA,masked
neighborhoods_91,13123100,132454860.2000,35664.6,4.0860,industrial,2016,boyle heights,NA,NA,NA
neighborhoods_91,3017856,masked,masked,masked,institutional,2016,boyle heights,NA,NA,masked
neighborhoods_91,13459963,52165392.5000,8141.3,3.7886,multi_family,2016,boyle heights,NA,NA,NA
neighborhoods_91,62772,masked,masked,masked,other,2016,boyle heights,NA,NA,masked
neighborhoods_91,424583,masked,masked,masked,residential_other,2016,boyle heights,NA,NA,masked
neighborhoods_91,0,5109664.9000,NA,NA,residential_uncat,2016,boyle heights,NA,NA,NA
neighborhoods_91,18254321,84156623.0000,6091.1,3.8908,res_total,2016,boyle heights,NA,90404,930.8949
neighborhoods_91,4368680,20052096.6000,4436,4.1105,single_family,2016,boyle heights,NA,NA,NA
neighborhoods_91,0,masked,masked,masked,uncat,2016,boyle heights,NA,NA,masked
neighborhoods_92,NA,NA,NA,NA,agriculture,2016,bradbury,NA,NA,NA
neighborhoods_92,0,masked,masked,masked,commercial,2016,bradbury,NA,NA,masked
neighborhoods_92,NA,NA,NA,NA,condo,2016,bradbury,NA,NA,NA
neighborhoods_92,0,masked,masked,masked,industrial,2016,bradbury,NA,NA,masked
neighborhoods_92,97082,masked,masked,masked,institutional,2016,bradbury,NA,NA,masked
neighborhoods_92,47109,masked,masked,masked,multi_family,2016,bradbury,NA,NA,masked
neighborhoods_92,NA,NA,NA,NA,other,2016,bradbury,NA,NA,NA
neighborhoods_92,282370,masked,masked,masked,residential_other,2016,bradbury,NA,NA,masked
neighborhoods_92,0,masked,masked,masked,residential_uncat,2016,bradbury,NA,NA,masked
neighborhoods_92,1497620,8904055.0000,12649.5,3.9274,res_total,2016,bradbury,NA,1123,7928.8112
neighborhoods_92,1168141,5588423.0000,12642.5,3.9264,single_family,2016,bradbury,NA,NA,NA
neighborhoods_92,0,masked,masked,masked,uncat,2016,bradbury,NA,NA,masked
neighborhoods_93,NA,NA,NA,NA,agriculture,2016,brentwood,NA,NA,NA
neighborhoods_93,5664826,masked,masked,masked,commercial,2016,brentwood,NA,NA,masked
neighborhoods_93,416151,28306230.3000,73908.6,43.3117,condo,2016,brentwood,NA,NA,NA
neighborhoods_93,0,masked,masked,masked,industrial,2016,brentwood,NA,NA,masked
neighborhoods_93,1042158,15248009.6000,78275.45,10.6092,institutional,2016,brentwood,NA,NA,NA
neighborhoods_93,6420752,25847126.3000,26046.2,3.4093,multi_family,2016,brentwood,NA,NA,NA
neighborhoods_93,71255,masked,masked,masked,other,2016,brentwood,NA,NA,masked
neighborhoods_93,152777,masked,masked,masked,residential_other,2016,brentwood,NA,NA,masked
neighborhoods_93,0,masked,masked,masked,residential_uncat,2016,brentwood,NA,NA,masked
neighborhoods_93,29367902,178697990.4000,13611.55,4.2764,res_total,2016,brentwood,NA,32871,5436.3418
neighborhoods_93,22378222,114585036.1000,12612.7,4.3075,single_family,2016,brentwood,NA,NA,NA
neighborhoods_93,0,masked,masked,masked,uncat,2016,brentwood,NA,NA,masked
neighborhoods_94,NA,NA,NA,NA,agriculture,2016,broadway-manchester,NA,NA,NA
neighborhoods_94,848561,7525119.0000,11772.7,4.7659,commercial,2016,broadway-manchester,NA,NA,NA
neighborhoods_94,5739,masked,masked,masked,condo,2016,broadway-manchester,NA,NA,masked
neighborhoods_94,124999,masked,masked,masked,industrial,2016,broadway-manchester,NA,NA,masked
neighborhoods_94,375996,masked,masked,masked,institutional,2016,broadway-manchester,NA,NA,masked
neighborhoods_94,3782132,14897676.7000,7755,3.8201,multi_family,2016,broadway-manchester,NA,NA,NA
neighborhoods_94,9405,masked,masked,masked,other,2016,broadway-manchester,NA,NA,masked
neighborhoods_94,187037,masked,masked,masked,residential_other,2016,broadway-manchester,NA,NA,masked
neighborhoods_94,0,590086.3000,NA,NA,residential_uncat,2016,broadway-manchester,NA,NA,NA
neighborhoods_94,6404478,27223444.9000,5560.25,4.1006,res_total,2016,broadway-manchester,NA,26562,1024.9019
neighborhoods_94,2429570,11481759.2000,4585.5,4.4097,single_family,2016,broadway-manchester,NA,NA,NA
neighborhoods_94,0,masked,masked,masked,uncat,2016,broadway-manchester,NA,NA,masked
neighborhoods_95,NA,NA,NA,NA,agriculture,2016,burbank,NA,NA,NA
neighborhoods_95,NA,NA,NA,NA,commercial,2016,burbank,NA,NA,NA
neighborhoods_95,NA,NA,NA,NA,condo,2016,burbank,NA,NA,NA
neighborhoods_95,NA,NA,NA,NA,industrial,2016,burbank,NA,NA,NA
neighborhoods_95,NA,NA,NA,NA,institutional,2016,burbank,NA,NA,NA
neighborhoods_95,NA,NA,NA,NA,multi_family,2016,burbank,NA,NA,NA
neighborhoods_95,NA,NA,NA,NA,other,2016,burbank,NA,NA,NA
neighborhoods_95,NA,NA,NA,NA,residential_other,2016,burbank,NA,NA,NA
neighborhoods_95,NA,NA,NA,NA,residential_uncat,2016,burbank,NA,NA,NA
neighborhoods_95,NA,NA,NA,NA,res_total,2016,burbank,NA,104565,NA
neighborhoods_95,NA,NA,NA,NA,single_family,2016,burbank,NA,NA,NA
neighborhoods_95,NA,NA,NA,NA,uncat,2016,burbank,NA,NA,NA
neighborhoods_96,NA,NA,NA,NA,agriculture,2016,calabasas,NA,NA,NA
neighborhoods_96,5694732,89207756.0000,216254,11.2932,commercial,2016,calabasas,NA,NA,NA
neighborhoods_96,9620033,58405676.6000,12914,4.2171,condo,2016,calabasas,NA,NA,NA
neighborhoods_96,897779,masked,masked,masked,industrial,2016,calabasas,NA,NA,masked
neighborhoods_96,73103,masked,masked,masked,institutional,2016,calabasas,NA,NA,masked
neighborhoods_96,1187323,3581393.0000,162265,2.5516,multi_family,2016,calabasas,NA,NA,NA
neighborhoods_96,25812,masked,masked,masked,other,2016,calabasas,NA,NA,masked
neighborhoods_96,166646,4217338.0000,25054,13.6557,residential_other,2016,calabasas,NA,NA,NA
neighborhoods_96,0,6965408.9545,NA,NA,residential_uncat,2016,calabasas,NA,NA,NA
neighborhoods_96,19870779,115164926.5545,12163,4.3209,res_total,2016,calabasas,NA,25656,4488.8107
neighborhoods_96,8896777,41995110.0000,11484,4.3944,single_family,2016,calabasas,NA,NA,NA
neighborhoods_96,0,301665.0000,NA,NA,uncat,2016,calabasas,NA,NA,NA
neighborhoods_97,NA,NA,NA,NA,agriculture,2016,canoga park,NA,NA,NA
neighborhoods_97,7078847,102945560.0000,41895.2,8.0623,commercial,2016,canoga park,NA,NA,NA
neighborhoods_97,89813,14445089.9000,141396.1,115.3879,condo,2016,canoga park,NA,NA,NA
neighborhoods_97,6951210,45371628.6000,46417.6,4.7822,industrial,2016,canoga park,NA,NA,NA
neighborhoods_97,553225,masked,masked,masked,institutional,2016,canoga park,NA,NA,masked
neighborhoods_97,10839583,65125339.4000,60412.8,5.8311,multi_family,2016,canoga park,NA,NA,NA
neighborhoods_97,12630,masked,masked,masked,other,2016,canoga park,NA,NA,masked
neighborhoods_97,136070,masked,masked,masked,residential_other,2016,canoga park,NA,NA,masked
neighborhoods_97,0,masked,masked,masked,residential_uncat,2016,canoga park,NA,NA,masked
neighborhoods_97,17862378,120979878.1000,7950.5,5.2910,res_total,2016,canoga park,NA,61801,1957.5715
neighborhoods_97,6796912,37357631.7000,7442.4,5.1359,single_family,2016,canoga park,NA,NA,NA
neighborhoods_97,NA,NA,NA,NA,uncat,2016,canoga park,NA,NA,NA
neighborhoods_98,90,masked,masked,masked,agriculture,2016,carson,NA,NA,masked
neighborhoods_98,10104483,125158081.0000,92528,11.2118,commercial,2016,carson,NA,NA,NA
neighborhoods_98,1321314,17307344.0000,6596,3.2035,condo,2016,carson,NA,NA,NA
neighborhoods_98,46177680,735959098.8000,98511.5,3.7283,industrial,2016,carson,NA,NA,NA
neighborhoods_98,528471,masked,masked,masked,institutional,2016,carson,NA,NA,masked
neighborhoods_98,2601870,10681457.0000,8763.5,4.0139,multi_family,2016,carson,NA,NA,NA
neighborhoods_98,250146,masked,masked,masked,other,2016,carson,NA,NA,masked
neighborhoods_98,479648,8598051.0000,45244,12.4779,residential_other,2016,carson,NA,NA,NA
neighborhoods_98,0,3259245.0000,NA,NA,residential_uncat,2016,carson,NA,NA,NA
neighborhoods_98,30531500,142698991.6000,5643,3.7424,res_total,2016,carson,NA,92200,1547.7114
neighborhoods_98,26128668,102852894.6000,5541,3.7457,single_family,2016,carson,NA,NA,NA
neighborhoods_98,0,masked,masked,masked,uncat,2016,carson,NA,NA,masked
neighborhoods_99,NA,NA,NA,NA,agriculture,2016,carthay,NA,NA,NA
neighborhoods_99,2351735,masked,masked,masked,commercial,2016,carthay,NA,NA,masked
neighborhoods_99,NA,NA,NA,NA,condo,2016,carthay,NA,NA,NA
neighborhoods_99,0,masked,masked,masked,industrial,2016,carthay,NA,NA,masked
neighborhoods_99,24586,masked,masked,masked,institutional,2016,carthay,NA,NA,masked
neighborhoods_99,1876565,5754626.4000,11137.7,2.9145,multi_family,2016,carthay,NA,NA,NA
neighborhoods_99,2489,masked,masked,masked,other,2016,carthay,NA,NA,masked
neighborhoods_99,30060,masked,masked,masked,residential_other,2016,carthay,NA,NA,masked
neighborhoods_99,0,masked,masked,masked,residential_uncat,2016,carthay,NA,NA,masked
neighborhoods_99,3432343,12882566.3000,9324.95,3.4193,res_total,2016,carthay,NA,5201,2476.9403
neighborhoods_99,1525718,6386896.4000,8047.3,3.8443,single_family,2016,carthay,NA,NA,NA
neighborhoods_99,NA,NA,NA,NA,uncat,2016,carthay,NA,NA,NA
